artist,timestamp,monthly_listeners,change_since_yesterday,change_past_2_days,change_past_3_days,pct_since_yesterday,pct_past_2_days,pct_past_3_days,listeners_3days_ago,listeners_2days_ago,listeners_1day_ago,change_day1_to_day2,pct_day1_to_day2,change_day2_to_day3,pct_day2_to_day3,date
Girl Scout,2026-04-01 11:01 UTC,353473,,,,,,,,,,,,,,
King Kylie,2026-04-01 11:01 UTC,1976192,,,,,,,,,,,,,,
Andre Troutman,2026-04-01 11:01 UTC,3216647,,,,,,,,,,,,,,
Ye,2026-04-01 11:01 UTC,6912567,,,,,,,,,,,,,,
STEREO,2026-04-01 11:01 UTC,1182495,,,,,,,,,,,,,,
Canyon,2026-04-01 11:01 UTC,36957,,,,,,,,,,,,,,
Lightris,2026-04-01 11:01 UTC,585235,,,,,,,,,,,,,,
Leni Woess,2026-04-01 11:01 UTC,737218,,,,,,,,,,,,,,
Vaibhav Gupta,2026-04-01 11:01 UTC,1817445,,,,,,,,,,,,,,
Banjaare,2026-04-01 11:01 UTC,11226420,,,,,,,,,,,,,,
Corridos del Rey,2026-04-01 11:01 UTC,577978,,,,,,,,,,,,,,
YBRE,2026-04-01 11:01 UTC,837692,,,,,,,,,,,,,,
Temper City,2026-04-01 11:01 UTC,4539174,,,,,,,,,,,,,,
Bausa,2026-04-01 11:01 UTC,3419318,,,,,,,,,,,,,,
Sons of Yusuf,2026-04-01 11:01 UTC,1024017,,,,,,,,,,,,,,
Bryan Countach,2026-04-01 11:01 UTC,140348,,,,,,,,,,,,,,
Harrd Luck,2026-04-01 11:01 UTC,88522,,,,,,,,,,,,,,
Aiyana-Lee,2026-04-01 11:01 UTC,1215364,,,,,,,,,,,,,,
Stopthis,2026-04-01 11:01 UTC,47447,,,,,,,,,,,,,,
$t3PPA,2026-04-01 11:01 UTC,43187,,,,,,,,,,,,,,
girlsweetvoiced,2026-04-01 11:01 UTC,308282,,,,,,,,,,,,,,
Slayr,2026-04-01 11:01 UTC,1069813,,,,,,,,,,,,,,
twentythree,2026-04-01 11:01 UTC,1094009,,,,,,,,,,,,,,
Will Sass,2026-04-01 11:01 UTC,578838,,,,,,,,,,,,,,
FIFA Sound,2026-04-01 11:01 UTC,1622107,,,,,,,,,,,,,,
Joy Rhodes,2026-04-01 11:01 UTC,309668,,,,,,,,,,,,,,
Yonusa,2026-04-01 11:01 UTC,184389,,,,,,,,,,,,,,
Duygu Edis,2026-04-01 11:01 UTC,1267224,,,,,,,,,,,,,,
13dge,2026-04-01 11:01 UTC,3028,,,,,,,,,,,,,,
girl_irl,2026-04-01 11:01 UTC,108342,,,,,,,,,,,,,,
Indigo De Souza,2026-04-01 11:01 UTC,1411405,,,,,,,,,,,,,,
Lamb,2026-04-01 11:01 UTC,309536,,,,,,,,,,,,,,
Dean Turnley,2026-04-01 11:01 UTC,896855,,,,,,,,,,,,,,
M!LK,2026-04-01 11:01 UTC,2566083,,,,,,,,,,,,,,
gnawvs,2026-04-01 11:01 UTC,1103,,,,,,,,,,,,,,
Tom Did It,2026-04-01 11:01 UTC,783340,,,,,,,,,,,,,,
Daniel Žižka,2026-04-01 11:01 UTC,145765,,,,,,,,,,,,,,
Crystalo,2026-04-01 11:01 UTC,337697,,,,,,,,,,,,,,
F3miii,2026-04-01 11:01 UTC,1226646,,,,,,,,,,,,,,
TXKUMOON,2026-04-01 11:01 UTC,356325,,,,,,,,,,,,,,
North West,2026-04-01 11:01 UTC,592871,,,,,,,,,,,,,,
Maphra,2026-04-01 11:01 UTC,1095111,,,,,,,,,,,,,,
Nickatnite,2026-04-01 11:01 UTC,1338,,,,,,,,,,,,,,
Warren Roob,2026-04-01 11:01 UTC,408897,,,,,,,,,,,,,,
Angine de Poitrine,2026-04-01 11:01 UTC,939937,,,,,,,,,,,,,,
Valter Nilsson,2026-04-01 11:01 UTC,197044,,,,,,,,,,,,,,
Delara,2026-04-01 11:01 UTC,767345,,,,,,,,,,,,,,
Fcukers,2026-04-01 11:01 UTC,2010923,,,,,,,,,,,,,,
M4IA,2026-04-01 11:01 UTC,86375,,,,,,,,,,,,,,
MAGIC SOUND WOLF,2026-04-01 11:01 UTC,268884,,,,,,,,,,,,,,
dunderjeppe,2026-04-01 11:01 UTC,17511,,,,,,,,,,,,,,
Girl Scout,2026-04-01 18:58 UTC,355604,,,,,,,,,,,,,,
King Kylie,2026-04-01 18:58 UTC,2063580,,,,,,,,,,,,,,
Andre Troutman,2026-04-01 18:58 UTC,3777307,,,,,,,,,,,,,,
Ye,2026-04-01 18:58 UTC,7928195,,,,,,,,,,,,,,
STEREO,2026-04-01 18:58 UTC,1232519,,,,,,,,,,,,,,
Canyon,2026-04-01 18:58 UTC,38587,,,,,,,,,,,,,,
Lightris,2026-04-01 18:58 UTC,603216,,,,,,,,,,,,,,
Leni Woess,2026-04-01 18:58 UTC,762344,,,,,,,,,,,,,,
Vaibhav Gupta,2026-04-01 18:58 UTC,1907553,,,,,,,,,,,,,,
Banjaare,2026-04-01 18:58 UTC,11633151,,,,,,,,,,,,,,
Corridos del Rey,2026-04-01 18:58 UTC,617698,,,,,,,,,,,,,,
YBRE,2026-04-01 18:58 UTC,861173,,,,,,,,,,,,,,
Temper City,2026-04-01 18:58 UTC,4656380,,,,,,,,,,,,,,
Bausa,2026-04-01 18:58 UTC,3474642,,,,,,,,,,,,,,
Sons of Yusuf,2026-04-01 18:58 UTC,1097513,,,,,,,,,,,,,,
Bryan Countach,2026-04-01 18:58 UTC,153849,,,,,,,,,,,,,,
Harrd Luck,2026-04-01 18:58 UTC,102657,,,,,,,,,,,,,,
Aiyana-Lee,2026-04-01 18:58 UTC,1230513,,,,,,,,,,,,,,
Stopthis,2026-04-01 18:58 UTC,48370,,,,,,,,,,,,,,
$t3PPA,2026-04-01 18:58 UTC,51701,,,,,,,,,,,,,,
girlsweetvoiced,2026-04-01 18:58 UTC,341492,,,,,,,,,,,,,,
Slayr,2026-04-01 18:58 UTC,1085312,,,,,,,,,,,,,,
twentythree,2026-04-01 18:58 UTC,1121124,,,,,,,,,,,,,,
Will Sass,2026-04-01 18:58 UTC,604311,,,,,,,,,,,,,,
FIFA Sound,2026-04-01 18:58 UTC,1714251,,,,,,,,,,,,,,
Joy Rhodes,2026-04-01 18:58 UTC,324877,,,,,,,,,,,,,,
Yonusa,2026-04-01 18:58 UTC,197802,,,,,,,,,,,,,,
Duygu Edis,2026-04-01 18:58 UTC,1462545,,,,,,,,,,,,,,
13dge,2026-04-01 18:58 UTC,3149,,,,,,,,,,,,,,
girl_irl,2026-04-01 18:58 UTC,112905,,,,,,,,,,,,,,
Indigo De Souza,2026-04-01 18:58 UTC,1447200,,,,,,,,,,,,,,
Lamb,2026-04-01 18:58 UTC,328580,,,,,,,,,,,,,,
Dean Turnley,2026-04-01 18:58 UTC,942797,,,,,,,,,,,,,,
M!LK,2026-04-01 18:58 UTC,2571337,,,,,,,,,,,,,,
gnawvs,2026-04-01 18:58 UTC,1158,,,,,,,,,,,,,,
Tom Did It,2026-04-01 18:58 UTC,817010,,,,,,,,,,,,,,
Daniel Žižka,2026-04-01 18:58 UTC,148194,,,,,,,,,,,,,,
Crystalo,2026-04-01 18:58 UTC,361868,,,,,,,,,,,,,,
F3miii,2026-04-01 18:58 UTC,1286468,,,,,,,,,,,,,,
TXKUMOON,2026-04-01 18:58 UTC,368358,,,,,,,,,,,,,,
North West,2026-04-01 18:58 UTC,590734,,,,,,,,,,,,,,
Maphra,2026-04-01 18:58 UTC,1119782,,,,,,,,,,,,,,
Nickatnite,2026-04-01 18:58 UTC,1685,,,,,,,,,,,,,,
Warren Roob,2026-04-01 18:58 UTC,440425,,,,,,,,,,,,,,
Angine de Poitrine,2026-04-01 18:58 UTC,973803,,,,,,,,,,,,,,
Valter Nilsson,2026-04-01 18:58 UTC,197560,,,,,,,,,,,,,,
Delara,2026-04-01 18:58 UTC,769722,,,,,,,,,,,,,,
Fcukers,2026-04-01 18:58 UTC,2065547,,,,,,,,,,,,,,
M4IA,2026-04-01 18:58 UTC,103824,,,,,,,,,,,,,,
MAGIC SOUND WOLF,2026-04-01 18:58 UTC,279635,,,,,,,,,,,,,,
dunderjeppe,2026-04-01 18:58 UTC,19070,,,,,,,,,,,,,,
Girl Scout,2026-04-01 23:52 UTC,355604,,,,,,,,,,,,,,
King Kylie,2026-04-01 23:52 UTC,2063580,,,,,,,,,,,,,,
Andre Troutman,2026-04-01 23:52 UTC,3777307,,,,,,,,,,,,,,
Ye,2026-04-01 23:52 UTC,7928195,,,,,,,,,,,,,,
STEREO,2026-04-01 23:52 UTC,1232519,,,,,,,,,,,,,,
Canyon,2026-04-01 23:52 UTC,38587,,,,,,,,,,,,,,
Lightris,2026-04-01 23:52 UTC,603216,,,,,,,,,,,,,,
Leni Woess,2026-04-01 23:52 UTC,762344,,,,,,,,,,,,,,
Vaibhav Gupta,2026-04-01 23:52 UTC,1907553,,,,,,,,,,,,,,
Banjaare,2026-04-01 23:52 UTC,11633151,,,,,,,,,,,,,,
Corridos del Rey,2026-04-01 23:52 UTC,617698,,,,,,,,,,,,,,
YBRE,2026-04-01 23:52 UTC,861173,,,,,,,,,,,,,,
Temper City,2026-04-01 23:52 UTC,4656380,,,,,,,,,,,,,,
Bausa,2026-04-01 23:52 UTC,3474642,,,,,,,,,,,,,,
Sons of Yusuf,2026-04-01 23:52 UTC,1097513,,,,,,,,,,,,,,
Bryan Countach,2026-04-01 23:52 UTC,153849,,,,,,,,,,,,,,
Harrd Luck,2026-04-01 23:52 UTC,102657,,,,,,,,,,,,,,
Aiyana-Lee,2026-04-01 23:52 UTC,1230513,,,,,,,,,,,,,,
Stopthis,2026-04-01 23:52 UTC,48370,,,,,,,,,,,,,,
$t3PPA,2026-04-01 23:52 UTC,51701,,,,,,,,,,,,,,
girlsweetvoiced,2026-04-01 23:52 UTC,341492,,,,,,,,,,,,,,
Slayr,2026-04-01 23:52 UTC,1085312,,,,,,,,,,,,,,
twentythree,2026-04-01 23:52 UTC,1121124,,,,,,,,,,,,,,
Will Sass,2026-04-01 23:52 UTC,604311,,,,,,,,,,,,,,
FIFA Sound,2026-04-01 23:52 UTC,1714251,,,,,,,,,,,,,,
Joy Rhodes,2026-04-01 23:52 UTC,324877,,,,,,,,,,,,,,
Yonusa,2026-04-01 23:52 UTC,197802,,,,,,,,,,,,,,
Duygu Edis,2026-04-01 23:52 UTC,1462545,,,,,,,,,,,,,,
13dge,2026-04-01 23:52 UTC,3149,,,,,,,,,,,,,,
girl_irl,2026-04-01 23:52 UTC,112905,,,,,,,,,,,,,,
Indigo De Souza,2026-04-01 23:52 UTC,1447200,,,,,,,,,,,,,,
Lamb,2026-04-01 23:52 UTC,328580,,,,,,,,,,,,,,
Dean Turnley,2026-04-01 23:52 UTC,942797,,,,,,,,,,,,,,
M!LK,2026-04-01 23:52 UTC,2571337,,,,,,,,,,,,,,
gnawvs,2026-04-01 23:52 UTC,1158,,,,,,,,,,,,,,
Tom Did It,2026-04-01 23:52 UTC,817010,,,,,,,,,,,,,,
Daniel Žižka,2026-04-01 23:52 UTC,148194,,,,,,,,,,,,,,
Crystalo,2026-04-01 23:52 UTC,361868,,,,,,,,,,,,,,
F3miii,2026-04-01 23:52 UTC,1286468,,,,,,,,,,,,,,
TXKUMOON,2026-04-01 23:52 UTC,368358,,,,,,,,,,,,,,
North West,2026-04-01 23:52 UTC,590734,,,,,,,,,,,,,,
Maphra,2026-04-01 23:52 UTC,1119782,,,,,,,,,,,,,,
Nickatnite,2026-04-01 23:52 UTC,1685,,,,,,,,,,,,,,
Warren Roob,2026-04-01 23:52 UTC,440425,,,,,,,,,,,,,,
Angine de Poitrine,2026-04-01 23:52 UTC,973803,,,,,,,,,,,,,,
Valter Nilsson,2026-04-01 23:52 UTC,197560,,,,,,,,,,,,,,
Delara,2026-04-01 23:52 UTC,769722,,,,,,,,,,,,,,
Fcukers,2026-04-01 23:52 UTC,2065547,,,,,,,,,,,,,,
M4IA,2026-04-01 23:52 UTC,103824,,,,,,,,,,,,,,
MAGIC SOUND WOLF,2026-04-01 23:52 UTC,279635,,,,,,,,,,,,,,
dunderjeppe,2026-04-01 23:52 UTC,19070,,,,,,,,,,,,,,
Girl Scout,2026-04-02 04:46 UTC,355604,,,,,,,,,,,,,,
King Kylie,2026-04-02 04:46 UTC,2063580,,,,,,,,,,,,,,
Andre Troutman,2026-04-02 04:46 UTC,3777307,,,,,,,,,,,,,,
Ye,2026-04-02 04:46 UTC,7928195,,,,,,,,,,,,,,
STEREO,2026-04-02 04:46 UTC,1232519,,,,,,,,,,,,,,
Canyon,2026-04-02 04:46 UTC,38587,,,,,,,,,,,,,,
Lightris,2026-04-02 04:46 UTC,603216,,,,,,,,,,,,,,
Leni Woess,2026-04-02 04:46 UTC,762344,,,,,,,,,,,,,,
Vaibhav Gupta,2026-04-02 04:46 UTC,1907553,,,,,,,,,,,,,,
Banjaare,2026-04-02 04:46 UTC,11633151,,,,,,,,,,,,,,
Corridos del Rey,2026-04-02 04:46 UTC,617698,,,,,,,,,,,,,,
YBRE,2026-04-02 04:46 UTC,861173,,,,,,,,,,,,,,
Temper City,2026-04-02 04:46 UTC,4656380,,,,,,,,,,,,,,
Bausa,2026-04-02 04:46 UTC,3474642,,,,,,,,,,,,,,
Sons of Yusuf,2026-04-02 04:46 UTC,1097513,,,,,,,,,,,,,,
Bryan Countach,2026-04-02 04:46 UTC,153849,,,,,,,,,,,,,,
Harrd Luck,2026-04-02 04:46 UTC,102657,,,,,,,,,,,,,,
Aiyana-Lee,2026-04-02 04:46 UTC,1230513,,,,,,,,,,,,,,
Stopthis,2026-04-02 04:46 UTC,48370,,,,,,,,,,,,,,
$t3PPA,2026-04-02 04:46 UTC,51701,,,,,,,,,,,,,,
girlsweetvoiced,2026-04-02 04:46 UTC,341492,,,,,,,,,,,,,,
Slayr,2026-04-02 04:46 UTC,1085312,,,,,,,,,,,,,,
twentythree,2026-04-02 04:46 UTC,1121124,,,,,,,,,,,,,,
Will Sass,2026-04-02 04:46 UTC,604311,,,,,,,,,,,,,,
FIFA Sound,2026-04-02 04:46 UTC,1714251,,,,,,,,,,,,,,
Joy Rhodes,2026-04-02 04:46 UTC,324877,,,,,,,,,,,,,,
Yonusa,2026-04-02 04:46 UTC,197802,,,,,,,,,,,,,,
Duygu Edis,2026-04-02 04:46 UTC,1462545,,,,,,,,,,,,,,
13dge,2026-04-02 04:46 UTC,3149,,,,,,,,,,,,,,
girl_irl,2026-04-02 04:46 UTC,112905,,,,,,,,,,,,,,
Indigo De Souza,2026-04-02 04:46 UTC,1447200,,,,,,,,,,,,,,
Lamb,2026-04-02 04:46 UTC,328580,,,,,,,,,,,,,,
Dean Turnley,2026-04-02 04:46 UTC,942797,,,,,,,,,,,,,,
M!LK,2026-04-02 04:46 UTC,2571337,,,,,,,,,,,,,,
gnawvs,2026-04-02 04:46 UTC,1158,,,,,,,,,,,,,,
Tom Did It,2026-04-02 04:46 UTC,817010,,,,,,,,,,,,,,
Daniel Žižka,2026-04-02 04:46 UTC,148194,,,,,,,,,,,,,,
Crystalo,2026-04-02 04:46 UTC,361868,,,,,,,,,,,,,,
F3miii,2026-04-02 04:46 UTC,1286468,,,,,,,,,,,,,,
TXKUMOON,2026-04-02 04:46 UTC,368358,,,,,,,,,,,,,,
North West,2026-04-02 04:46 UTC,590734,,,,,,,,,,,,,,
Maphra,2026-04-02 04:46 UTC,1119782,,,,,,,,,,,,,,
Tom Right,2026-04-02 04:46 UTC,570863,,,,,,,,,,,,,,
Nickatnite,2026-04-02 04:46 UTC,1685,,,,,,,,,,,,,,
Warren Roob,2026-04-02 04:46 UTC,440425,,,,,,,,,,,,,,
Angine de Poitrine,2026-04-02 04:46 UTC,973803,,,,,,,,,,,,,,
Valter Nilsson,2026-04-02 04:46 UTC,197560,,,,,,,,,,,,,,
Delara,2026-04-02 04:46 UTC,769722,,,,,,,,,,,,,,
Fcukers,2026-04-02 04:46 UTC,2065547,,,,,,,,,,,,,,
M4IA,2026-04-02 04:46 UTC,103824,,,,,,,,,,,,,,
MAGIC SOUND WOLF,2026-04-02 04:46 UTC,279635,,,,,,,,,,,,,,
marquitos,2026-04-02 04:46 UTC,608315,,,,,,,,,,,,,,
dunderjeppe,2026-04-02 04:46 UTC,19070,,,,,,,,,,,,,,
Girl Scout,2026-04-02 17:56 UTC,357550,,,,,,,,,,,,,,
King Kylie,2026-04-02 17:56 UTC,2131332,,,,,,,,,,,,,,
Andre Troutman,2026-04-02 17:56 UTC,4369452,,,,,,,,,,,,,,
Ye,2026-04-02 17:56 UTC,9050728,,,,,,,,,,,,,,
STEREO,2026-04-02 17:56 UTC,1274329,,,,,,,,,,,,,,
Canyon,2026-04-02 17:56 UTC,40204,,,,,,,,,,,,,,
Lightris,2026-04-02 17:56 UTC,620993,,,,,,,,,,,,,,
Leni Woess,2026-04-02 17:56 UTC,784712,,,,,,,,,,,,,,
Vaibhav Gupta,2026-04-02 17:56 UTC,1991660,,,,,,,,,,,,,,
Banjaare,2026-04-02 17:56 UTC,12076488,,,,,,,,,,,,,,
Corridos del Rey,2026-04-02 17:56 UTC,659168,,,,,,,,,,,,,,
YBRE,2026-04-02 17:56 UTC,888766,,,,,,,,,,,,,,
Temper City,2026-04-02 17:56 UTC,4768987,,,,,,,,,,,,,,
Bausa,2026-04-02 17:56 UTC,3525672,,,,,,,,,,,,,,
Sons of Yusuf,2026-04-02 17:56 UTC,1175588,,,,,,,,,,,,,,
Bryan Countach,2026-04-02 17:56 UTC,168881,,,,,,,,,,,,,,
Harrd Luck,2026-04-02 17:56 UTC,115591,,,,,,,,,,,,,,
Aiyana-Lee,2026-04-02 17:56 UTC,1250039,,,,,,,,,,,,,,
Stopthis,2026-04-02 17:56 UTC,49374,,,,,,,,,,,,,,
$t3PPA,2026-04-02 17:56 UTC,58948,,,,,,,,,,,,,,
girlsweetvoiced,2026-04-02 17:56 UTC,390661,,,,,,,,,,,,,,
Slayr,2026-04-02 17:56 UTC,1097964,,,,,,,,,,,,,,
twentythree,2026-04-02 17:56 UTC,1147491,,,,,,,,,,,,,,
Will Sass,2026-04-02 17:56 UTC,620470,,,,,,,,,,,,,,
FIFA Sound,2026-04-02 17:56 UTC,1799888,,,,,,,,,,,,,,
Joy Rhodes,2026-04-02 17:56 UTC,335056,,,,,,,,,,,,,,
Yonusa,2026-04-02 17:56 UTC,211339,,,,,,,,,,,,,,
Duygu Edis,2026-04-02 17:56 UTC,1634673,,,,,,,,,,,,,,
13dge,2026-04-02 17:56 UTC,3381,,,,,,,,,,,,,,
girl_irl,2026-04-02 17:56 UTC,115798,,,,,,,,,,,,,,
Indigo De Souza,2026-04-02 17:56 UTC,1485437,,,,,,,,,,,,,,
Lamb,2026-04-02 17:56 UTC,344220,,,,,,,,,,,,,,
Dean Turnley,2026-04-02 17:56 UTC,983396,,,,,,,,,,,,,,
M!LK,2026-04-02 17:56 UTC,2580506,,,,,,,,,,,,,,
gnawvs,2026-04-02 17:56 UTC,1226,,,,,,,,,,,,,,
Tom Did It,2026-04-02 17:56 UTC,846019,,,,,,,,,,,,,,
Daniel Žižka,2026-04-02 17:56 UTC,150583,,,,,,,,,,,,,,
Crystalo,2026-04-02 17:56 UTC,366634,,,,,,,,,,,,,,
F3miii,2026-04-02 17:56 UTC,1340871,,,,,,,,,,,,,,
TXKUMOON,2026-04-02 17:56 UTC,383102,,,,,,,,,,,,,,
North West,2026-04-02 17:56 UTC,590811,,,,,,,,,,,,,,
Maphra,2026-04-02 17:56 UTC,1151121,,,,,,,,,,,,,,
Tom Right,2026-04-02 17:56 UTC,607707,,,,,,,,,,,,,,
Nickatnite,2026-04-02 17:56 UTC,1999,,,,,,,,,,,,,,
Warren Roob,2026-04-02 17:56 UTC,478688,,,,,,,,,,,,,,
Angine de Poitrine,2026-04-02 17:56 UTC,1011103,,,,,,,,,,,,,,
Valter Nilsson,2026-04-02 17:56 UTC,197985,,,,,,,,,,,,,,
Delara,2026-04-02 17:56 UTC,773707,,,,,,,,,,,,,,
Fcukers,2026-04-02 17:56 UTC,2106628,,,,,,,,,,,,,,
M4IA,2026-04-02 17:56 UTC,123170,,,,,,,,,,,,,,
MAGIC SOUND WOLF,2026-04-02 17:56 UTC,290912,,,,,,,,,,,,,,
marquitos,2026-04-02 17:56 UTC,633585,,,,,,,,,,,,,,
dunderjeppe,2026-04-02 17:56 UTC,19958,,,,,,,,,,,,,,
Girl Scout,2026-04-02 23:04 UTC,357550,,,,,,,,,,,,,,
King Kylie,2026-04-02 23:04 UTC,2131332,,,,,,,,,,,,,,
Andre Troutman,2026-04-02 23:04 UTC,4369452,,,,,,,,,,,,,,
Ye,2026-04-02 23:04 UTC,9050728,,,,,,,,,,,,,,
STEREO,2026-04-02 23:04 UTC,1274329,,,,,,,,,,,,,,
Canyon,2026-04-02 23:04 UTC,40204,,,,,,,,,,,,,,
Lightris,2026-04-02 23:04 UTC,620993,,,,,,,,,,,,,,
Leni Woess,2026-04-02 23:04 UTC,784712,,,,,,,,,,,,,,
Vaibhav Gupta,2026-04-02 23:04 UTC,1991660,,,,,,,,,,,,,,
Banjaare,2026-04-02 23:04 UTC,12076488,,,,,,,,,,,,,,
Corridos del Rey,2026-04-02 23:04 UTC,659168,,,,,,,,,,,,,,
YBRE,2026-04-02 23:04 UTC,888766,,,,,,,,,,,,,,
Temper City,2026-04-02 23:04 UTC,4768987,,,,,,,,,,,,,,
Bausa,2026-04-02 23:04 UTC,3525672,,,,,,,,,,,,,,
Sons of Yusuf,2026-04-02 23:04 UTC,1175588,,,,,,,,,,,,,,
Bryan Countach,2026-04-02 23:04 UTC,168881,,,,,,,,,,,,,,
Harrd Luck,2026-04-02 23:04 UTC,115591,,,,,,,,,,,,,,
Aiyana-Lee,2026-04-02 23:04 UTC,1250039,,,,,,,,,,,,,,
Stopthis,2026-04-02 23:04 UTC,49374,,,,,,,,,,,,,,
$t3PPA,2026-04-02 23:04 UTC,58948,,,,,,,,,,,,,,
girlsweetvoiced,2026-04-02 23:04 UTC,390661,,,,,,,,,,,,,,
Slayr,2026-04-02 23:04 UTC,1097964,,,,,,,,,,,,,,
twentythree,2026-04-02 23:04 UTC,1147491,,,,,,,,,,,,,,
Will Sass,2026-04-02 23:04 UTC,620470,,,,,,,,,,,,,,
FIFA Sound,2026-04-02 23:04 UTC,1799888,,,,,,,,,,,,,,
Joy Rhodes,2026-04-02 23:04 UTC,335056,,,,,,,,,,,,,,
Yonusa,2026-04-02 23:04 UTC,211339,,,,,,,,,,,,,,
Duygu Edis,2026-04-02 23:04 UTC,1634673,,,,,,,,,,,,,,
13dge,2026-04-02 23:04 UTC,3381,,,,,,,,,,,,,,
girl_irl,2026-04-02 23:04 UTC,115798,,,,,,,,,,,,,,
Indigo De Souza,2026-04-02 23:04 UTC,1485437,,,,,,,,,,,,,,
Lamb,2026-04-02 23:04 UTC,344220,,,,,,,,,,,,,,
Dean Turnley,2026-04-02 23:04 UTC,983396,,,,,,,,,,,,,,
M!LK,2026-04-02 23:04 UTC,2580506,,,,,,,,,,,,,,
gnawvs,2026-04-02 23:04 UTC,1226,,,,,,,,,,,,,,
Tom Did It,2026-04-02 23:04 UTC,846019,,,,,,,,,,,,,,
Daniel Žižka,2026-04-02 23:04 UTC,150583,,,,,,,,,,,,,,
Crystalo,2026-04-02 23:04 UTC,366634,,,,,,,,,,,,,,
F3miii,2026-04-02 23:04 UTC,1340871,,,,,,,,,,,,,,
TXKUMOON,2026-04-02 23:04 UTC,383102,,,,,,,,,,,,,,
North West,2026-04-02 23:04 UTC,590811,,,,,,,,,,,,,,
Maphra,2026-04-02 23:04 UTC,1151121,,,,,,,,,,,,,,
Tom Right,2026-04-02 23:04 UTC,607707,,,,,,,,,,,,,,
Nickatnite,2026-04-02 23:04 UTC,1999,,,,,,,,,,,,,,
Warren Roob,2026-04-02 23:04 UTC,478688,,,,,,,,,,,,,,
Angine de Poitrine,2026-04-02 23:04 UTC,1011103,,,,,,,,,,,,,,
Valter Nilsson,2026-04-02 23:04 UTC,197985,,,,,,,,,,,,,,
Delara,2026-04-02 23:04 UTC,773707,,,,,,,,,,,,,,
Fcukers,2026-04-02 23:04 UTC,2106628,,,,,,,,,,,,,,
M4IA,2026-04-02 23:04 UTC,123170,,,,,,,,,,,,,,
MAGIC SOUND WOLF,2026-04-02 23:04 UTC,290912,,,,,,,,,,,,,,
marquitos,2026-04-02 23:04 UTC,633585,,,,,,,,,,,,,,
dunderjeppe,2026-04-02 23:04 UTC,19958,,,,,,,,,,,,,,
Khan Saab,2026-04-02 23:04 UTC,8352399,,,,,,,,,,,,,,
Girl Scout,2026-04-03 17:22 UTC,360121,,,,,,,,,,,,,,
King Kylie,2026-04-03 17:22 UTC,2192425,,,,,,,,,,,,,,
Andre Troutman,2026-04-03 17:22 UTC,4932431,,,,,,,,,,,,,,
Ye,2026-04-03 17:22 UTC,10176307,,,,,,,,,,,,,,
STEREO,2026-04-03 17:22 UTC,1318818,,,,,,,,,,,,,,
Canyon,2026-04-03 17:22 UTC,41108,,,,,,,,,,,,,,
Lightris,2026-04-03 17:22 UTC,638688,,,,,,,,,,,,,,
Leni Woess,2026-04-03 17:22 UTC,806417,,,,,,,,,,,,,,
Vaibhav Gupta,2026-04-03 17:22 UTC,2068876,,,,,,,,,,,,,,
Banjaare,2026-04-03 17:22 UTC,12491334,,,,,,,,,,,,,,
Corridos del Rey,2026-04-03 17:22 UTC,709727,,,,,,,,,,,,,,
YBRE,2026-04-03 17:22 UTC,913877,,,,,,,,,,,,,,
Temper City,2026-04-03 17:22 UTC,4882599,,,,,,,,,,,,,,
Bausa,2026-04-03 17:22 UTC,3581421,,,,,,,,,,,,,,
Sons of Yusuf,2026-04-03 17:22 UTC,1248662,,,,,,,,,,,,,,
Bryan Countach,2026-04-03 17:22 UTC,179250,,,,,,,,,,,,,,
Harrd Luck,2026-04-03 17:22 UTC,127242,,,,,,,,,,,,,,
Aiyana-Lee,2026-04-03 17:22 UTC,1266131,,,,,,,,,,,,,,
Stopthis,2026-04-03 17:22 UTC,50271,,,,,,,,,,,,,,
$t3PPA,2026-04-03 17:22 UTC,65632,,,,,,,,,,,,,,
girlsweetvoiced,2026-04-03 17:22 UTC,434011,,,,,,,,,,,,,,
Slayr,2026-04-03 17:22 UTC,1108540,,,,,,,,,,,,,,
twentythree,2026-04-03 17:22 UTC,1173030,,,,,,,,,,,,,,
Will Sass,2026-04-03 17:22 UTC,637394,,,,,,,,,,,,,,
FIFA Sound,2026-04-03 17:22 UTC,1884331,,,,,,,,,,,,,,
Joy Rhodes,2026-04-03 17:22 UTC,342451,,,,,,,,,,,,,,
Yonusa,2026-04-03 17:22 UTC,223799,,,,,,,,,,,,,,
Duygu Edis,2026-04-03 17:22 UTC,1793563,,,,,,,,,,,,,,
13dge,2026-04-03 17:22 UTC,3605,,,,,,,,,,,,,,
girl_irl,2026-04-03 17:22 UTC,118981,,,,,,,,,,,,,,
Indigo De Souza,2026-04-03 17:22 UTC,1521791,,,,,,,,,,,,,,
Lamb,2026-04-03 17:22 UTC,358814,,,,,,,,,,,,,,
Dean Turnley,2026-04-03 17:22 UTC,1032947,,,,,,,,,,,,,,
M!LK,2026-04-03 17:22 UTC,2588293,,,,,,,,,,,,,,
gnawvs,2026-04-03 17:22 UTC,1287,,,,,,,,,,,,,,
Tom Did It,2026-04-03 17:22 UTC,878275,,,,,,,,,,,,,,
Daniel Žižka,2026-04-03 17:22 UTC,153444,,,,,,,,,,,,,,
Crystalo,2026-04-03 17:22 UTC,371763,,,,,,,,,,,,,,
F3miii,2026-04-03 17:22 UTC,1398583,,,,,,,,,,,,,,
TXKUMOON,2026-04-03 17:22 UTC,400241,,,,,,,,,,,,,,
North West,2026-04-03 17:22 UTC,594161,,,,,,,,,,,,,,
Maphra,2026-04-03 17:22 UTC,1191946,,,,,,,,,,,,,,
Tom Right,2026-04-03 17:22 UTC,635759,,,,,,,,,,,,,,
Nickatnite,2026-04-03 17:22 UTC,2180,,,,,,,,,,,,,,
Warren Roob,2026-04-03 17:22 UTC,533173,,,,,,,,,,,,,,
Angine de Poitrine,2026-04-03 17:22 UTC,1059547,,,,,,,,,,,,,,
Valter Nilsson,2026-04-03 17:22 UTC,202268,,,,,,,,,,,,,,
Delara,2026-04-03 17:22 UTC,779212,,,,,,,,,,,,,,
Fcukers,2026-04-03 17:22 UTC,2148114,,,,,,,,,,,,,,
M4IA,2026-04-03 17:22 UTC,140481,,,,,,,,,,,,,,
MAGIC SOUND WOLF,2026-04-03 17:22 UTC,303471,,,,,,,,,,,,,,
marquitos,2026-04-03 17:22 UTC,655387,,,,,,,,,,,,,,
dunderjeppe,2026-04-03 17:22 UTC,21293,,,,,,,,,,,,,,
Khan Saab,2026-04-03 17:22 UTC,8758789,,,,,,,,,,,,,,
Girl Scout,2026-04-03 23:05 UTC,360121,,,,,,,,,,,,,,
King Kylie,2026-04-03 23:05 UTC,2192425,,,,,,,,,,,,,,
Andre Troutman,2026-04-03 23:05 UTC,4932431,,,,,,,,,,,,,,
Ye,2026-04-03 23:05 UTC,10176307,,,,,,,,,,,,,,
STEREO,2026-04-03 23:05 UTC,1318818,,,,,,,,,,,,,,
Canyon,2026-04-03 23:05 UTC,41108,,,,,,,,,,,,,,
Lightris,2026-04-03 23:05 UTC,638688,,,,,,,,,,,,,,
Leni Woess,2026-04-03 23:05 UTC,806417,,,,,,,,,,,,,,
Vaibhav Gupta,2026-04-03 23:05 UTC,2068876,,,,,,,,,,,,,,
Banjaare,2026-04-03 23:05 UTC,12491334,,,,,,,,,,,,,,
Corridos del Rey,2026-04-03 23:05 UTC,709727,,,,,,,,,,,,,,
YBRE,2026-04-03 23:05 UTC,913877,,,,,,,,,,,,,,
Temper City,2026-04-03 23:05 UTC,4882599,,,,,,,,,,,,,,
Bausa,2026-04-03 23:05 UTC,3581421,,,,,,,,,,,,,,
Sons of Yusuf,2026-04-03 23:05 UTC,1248662,,,,,,,,,,,,,,
Bryan Countach,2026-04-03 23:05 UTC,179250,,,,,,,,,,,,,,
Harrd Luck,2026-04-03 23:05 UTC,127242,,,,,,,,,,,,,,
Aiyana-Lee,2026-04-03 23:05 UTC,1266131,,,,,,,,,,,,,,
Stopthis,2026-04-03 23:05 UTC,50271,,,,,,,,,,,,,,
$t3PPA,2026-04-03 23:05 UTC,65632,,,,,,,,,,,,,,
girlsweetvoiced,2026-04-03 23:05 UTC,434011,,,,,,,,,,,,,,
Slayr,2026-04-03 23:05 UTC,1108540,,,,,,,,,,,,,,
twentythree,2026-04-03 23:05 UTC,1173030,,,,,,,,,,,,,,
Will Sass,2026-04-03 23:05 UTC,637394,,,,,,,,,,,,,,
FIFA Sound,2026-04-03 23:05 UTC,1884331,,,,,,,,,,,,,,
Joy Rhodes,2026-04-03 23:05 UTC,342451,,,,,,,,,,,,,,
Yonusa,2026-04-03 23:05 UTC,223799,,,,,,,,,,,,,,
Duygu Edis,2026-04-03 23:05 UTC,1793563,,,,,,,,,,,,,,
13dge,2026-04-03 23:05 UTC,3605,,,,,,,,,,,,,,
girl_irl,2026-04-03 23:05 UTC,118981,,,,,,,,,,,,,,
Indigo De Souza,2026-04-03 23:05 UTC,1521791,,,,,,,,,,,,,,
Lamb,2026-04-03 23:05 UTC,358814,,,,,,,,,,,,,,
Dean Turnley,2026-04-03 23:05 UTC,1032947,,,,,,,,,,,,,,
M!LK,2026-04-03 23:05 UTC,2588293,,,,,,,,,,,,,,
gnawvs,2026-04-03 23:05 UTC,1287,,,,,,,,,,,,,,
Tom Did It,2026-04-03 23:05 UTC,878275,,,,,,,,,,,,,,
Daniel Žižka,2026-04-03 23:05 UTC,153444,,,,,,,,,,,,,,
Crystalo,2026-04-03 23:05 UTC,371763,,,,,,,,,,,,,,
F3miii,2026-04-03 23:05 UTC,1398583,,,,,,,,,,,,,,
TXKUMOON,2026-04-03 23:05 UTC,400241,,,,,,,,,,,,,,
North West,2026-04-03 23:05 UTC,594161,,,,,,,,,,,,,,
Maphra,2026-04-03 23:05 UTC,1191946,,,,,,,,,,,,,,
Tom Right,2026-04-03 23:05 UTC,635759,,,,,,,,,,,,,,
Nickatnite,2026-04-03 23:05 UTC,2180,,,,,,,,,,,,,,
Warren Roob,2026-04-03 23:05 UTC,533173,,,,,,,,,,,,,,
Angine de Poitrine,2026-04-03 23:05 UTC,1059547,,,,,,,,,,,,,,
Valter Nilsson,2026-04-03 23:05 UTC,202268,,,,,,,,,,,,,,
Delara,2026-04-03 23:05 UTC,779212,,,,,,,,,,,,,,
Fcukers,2026-04-03 23:05 UTC,2148114,,,,,,,,,,,,,,
M4IA,2026-04-03 23:05 UTC,140481,,,,,,,,,,,,,,
MAGIC SOUND WOLF,2026-04-03 23:05 UTC,303471,,,,,,,,,,,,,,
marquitos,2026-04-03 23:05 UTC,655387,,,,,,,,,,,,,,
Sreemani,2026-04-03 23:05 UTC,1233128,,,,,,,,,,,,,,
dunderjeppe,2026-04-03 23:05 UTC,21293,,,,,,,,,,,,,,
Khan Saab,2026-04-03 23:05 UTC,8758789,,,,,,,,,,,,,,
Girl Scout,2026-04-04 13:19 UTC,360121,,,,,,,,,,,,,,
King Kylie,2026-04-04 13:19 UTC,2192425,,,,,,,,,,,,,,
Andre Troutman,2026-04-04 13:19 UTC,4932431,,,,,,,,,,,,,,
Ye,2026-04-04 13:19 UTC,10176307,,,,,,,,,,,,,,
STEREO,2026-04-04 13:19 UTC,1318818,,,,,,,,,,,,,,
Canyon,2026-04-04 13:19 UTC,41108,,,,,,,,,,,,,,
Lightris,2026-04-04 13:19 UTC,638688,,,,,,,,,,,,,,
Leni Woess,2026-04-04 13:19 UTC,806417,,,,,,,,,,,,,,
Vaibhav Gupta,2026-04-04 13:19 UTC,2068876,,,,,,,,,,,,,,
Banjaare,2026-04-04 13:19 UTC,12491334,,,,,,,,,,,,,,
Corridos del Rey,2026-04-04 13:19 UTC,709727,,,,,,,,,,,,,,
YBRE,2026-04-04 13:19 UTC,913877,,,,,,,,,,,,,,
Temper City,2026-04-04 13:19 UTC,4882599,,,,,,,,,,,,,,
Bausa,2026-04-04 13:19 UTC,3581421,,,,,,,,,,,,,,
Sons of Yusuf,2026-04-04 13:19 UTC,1248662,,,,,,,,,,,,,,
Bryan Countach,2026-04-04 13:19 UTC,179250,,,,,,,,,,,,,,
Harrd Luck,2026-04-04 13:19 UTC,127242,,,,,,,,,,,,,,
Aiyana-Lee,2026-04-04 13:19 UTC,1266131,,,,,,,,,,,,,,
Stopthis,2026-04-04 13:19 UTC,50271,,,,,,,,,,,,,,
$t3PPA,2026-04-04 13:19 UTC,65632,,,,,,,,,,,,,,
girlsweetvoiced,2026-04-04 13:19 UTC,434011,,,,,,,,,,,,,,
Slayr,2026-04-04 13:19 UTC,1108540,,,,,,,,,,,,,,
twentythree,2026-04-04 13:19 UTC,1173030,,,,,,,,,,,,,,
Will Sass,2026-04-04 13:19 UTC,637394,,,,,,,,,,,,,,
FIFA Sound,2026-04-04 13:19 UTC,1884331,,,,,,,,,,,,,,
Joy Rhodes,2026-04-04 13:19 UTC,342451,,,,,,,,,,,,,,
Yonusa,2026-04-04 13:19 UTC,223799,,,,,,,,,,,,,,
Duygu Edis,2026-04-04 13:19 UTC,1793563,,,,,,,,,,,,,,
13dge,2026-04-04 13:19 UTC,3605,,,,,,,,,,,,,,
girl_irl,2026-04-04 13:19 UTC,118981,,,,,,,,,,,,,,
Indigo De Souza,2026-04-04 13:19 UTC,1521791,,,,,,,,,,,,,,
Lamb,2026-04-04 13:19 UTC,358814,,,,,,,,,,,,,,
Dean Turnley,2026-04-04 13:19 UTC,1032947,,,,,,,,,,,,,,
M!LK,2026-04-04 13:19 UTC,2588293,,,,,,,,,,,,,,
gnawvs,2026-04-04 13:19 UTC,1287,,,,,,,,,,,,,,
Tom Did It,2026-04-04 13:19 UTC,878275,,,,,,,,,,,,,,
Daniel Žižka,2026-04-04 13:19 UTC,153444,,,,,,,,,,,,,,
Crystalo,2026-04-04 13:19 UTC,371763,,,,,,,,,,,,,,
F3miii,2026-04-04 13:19 UTC,1398583,,,,,,,,,,,,,,
TXKUMOON,2026-04-04 13:19 UTC,400241,,,,,,,,,,,,,,
North West,2026-04-04 13:19 UTC,594161,,,,,,,,,,,,,,
Maphra,2026-04-04 13:19 UTC,1191946,,,,,,,,,,,,,,
Tom Right,2026-04-04 13:19 UTC,635759,,,,,,,,,,,,,,
Nickatnite,2026-04-04 13:19 UTC,2180,,,,,,,,,,,,,,
Warren Roob,2026-04-04 13:19 UTC,533173,,,,,,,,,,,,,,
Angine de Poitrine,2026-04-04 13:19 UTC,1059547,,,,,,,,,,,,,,
Valter Nilsson,2026-04-04 13:19 UTC,202268,,,,,,,,,,,,,,
Delara,2026-04-04 13:19 UTC,779212,,,,,,,,,,,,,,
Fcukers,2026-04-04 13:19 UTC,2148114,,,,,,,,,,,,,,
M4IA,2026-04-04 13:19 UTC,140481,,,,,,,,,,,,,,
MAGIC SOUND WOLF,2026-04-04 13:19 UTC,303471,,,,,,,,,,,,,,
marquitos,2026-04-04 13:19 UTC,655387,,,,,,,,,,,,,,
Sreemani,2026-04-04 13:19 UTC,1233128,,,,,,,,,,,,,,
dunderjeppe,2026-04-04 13:19 UTC,21293,,,,,,,,,,,,,,
Khan Saab,2026-04-04 13:19 UTC,8758789,,,,,,,,,,,,,,
YUNA,2026-04-04 13:19 UTC,670616,,,,,,,,,,,,,,
Ullah,2026-04-04 13:19 UTC,64295,,,,,,,,,,,,,,
AQUAFINNA,2026-04-04 13:19 UTC,11428,,,,,,,,,,,,,,
Reble,2026-04-04 13:19 UTC,10705599,,,,,,,,,,,,,,
Nine Vicious,2026-04-04 13:19 UTC,959455,,,,,,,,,,,,,,
Duskydemise archive,2026-04-04 13:19 UTC,174469,,,,,,,,,,,,,,
A2ANTI,2026-04-04 13:19 UTC,1285231,,,,,,,,,,,,,,
Swizz Beatz,2026-04-04 13:19 UTC,1001241,,,,,,,,,,,,,,
Slim Jxmmy,2026-04-04 13:19 UTC,37905,,,,,,,,,,,,,,
Tiffany Day,2026-04-04 13:19 UTC,761640,,,,,,,,,,,,,,
MIKE,2026-04-04 13:19 UTC,824243,,,,,,,,,,,,,,
SURF GANG,2026-04-04 13:19 UTC,558197,,,,,,,,,,,,,,
EMJIE,2026-04-04 13:19 UTC,110091,,,,,,,,,,,,,,
Dale Move,2026-04-04 13:19 UTC,141393,,,,,,,,,,,,,,
The Long Faces,2026-04-04 13:19 UTC,2433675,,,,,,,,,,,,,,
Dante,2026-04-04 13:19 UTC,152749,,,,,,,,,,,,,,
Bolaget,2026-04-04 13:19 UTC,1081071,,,,,,,,,,,,,,
JULIETT,2026-04-04 13:19 UTC,510441,,,,,,,,,,,,,,
Dubioza Kolektive,2026-04-04 13:19 UTC,339384,,,,,,,,,,,,,,
Mr Dutt,2026-04-04 13:19 UTC,944868,,,,,,,,,,,,,,
Zycan,2026-04-04 13:19 UTC,826360,,,,,,,,,,,,,,
Maya Engen,2026-04-04 13:19 UTC,75147,,,,,,,,,,,,,,
Girl Scout,2026-04-04 13:39 UTC,360121,,,,,,,,,,,,,,
King Kylie,2026-04-04 13:39 UTC,2192425,,,,,,,,,,,,,,
Andre Troutman,2026-04-04 13:39 UTC,4932431,,,,,,,,,,,,,,
Ye,2026-04-04 13:39 UTC,10176307,,,,,,,,,,,,,,
STEREO,2026-04-04 13:39 UTC,1318818,,,,,,,,,,,,,,
Canyon,2026-04-04 13:39 UTC,41108,,,,,,,,,,,,,,
Lightris,2026-04-04 13:39 UTC,638688,,,,,,,,,,,,,,
Leni Woess,2026-04-04 13:39 UTC,806417,,,,,,,,,,,,,,
Vaibhav Gupta,2026-04-04 13:39 UTC,2068876,,,,,,,,,,,,,,
Banjaare,2026-04-04 13:39 UTC,12491334,,,,,,,,,,,,,,
Corridos del Rey,2026-04-04 13:39 UTC,709727,,,,,,,,,,,,,,
YBRE,2026-04-04 13:39 UTC,913877,,,,,,,,,,,,,,
Temper City,2026-04-04 13:39 UTC,4882599,,,,,,,,,,,,,,
Bausa,2026-04-04 13:39 UTC,3581421,,,,,,,,,,,,,,
Sons of Yusuf,2026-04-04 13:39 UTC,1248662,,,,,,,,,,,,,,
Bryan Countach,2026-04-04 13:39 UTC,179250,,,,,,,,,,,,,,
Harrd Luck,2026-04-04 13:39 UTC,127242,,,,,,,,,,,,,,
Aiyana-Lee,2026-04-04 13:39 UTC,1266131,,,,,,,,,,,,,,
Stopthis,2026-04-04 13:39 UTC,50271,,,,,,,,,,,,,,
$t3PPA,2026-04-04 13:39 UTC,65632,,,,,,,,,,,,,,
girlsweetvoiced,2026-04-04 13:39 UTC,434011,,,,,,,,,,,,,,
Slayr,2026-04-04 13:39 UTC,1108540,,,,,,,,,,,,,,
twentythree,2026-04-04 13:39 UTC,1173030,,,,,,,,,,,,,,
Will Sass,2026-04-04 13:39 UTC,637394,,,,,,,,,,,,,,
FIFA Sound,2026-04-04 13:39 UTC,1884331,,,,,,,,,,,,,,
Joy Rhodes,2026-04-04 13:39 UTC,342451,,,,,,,,,,,,,,
Yonusa,2026-04-04 13:39 UTC,223799,,,,,,,,,,,,,,
Duygu Edis,2026-04-04 13:39 UTC,1793563,,,,,,,,,,,,,,
13dge,2026-04-04 13:39 UTC,3605,,,,,,,,,,,,,,
girl_irl,2026-04-04 13:39 UTC,118981,,,,,,,,,,,,,,
Indigo De Souza,2026-04-04 13:39 UTC,1521791,,,,,,,,,,,,,,
Lamb,2026-04-04 13:39 UTC,358814,,,,,,,,,,,,,,
Dean Turnley,2026-04-04 13:39 UTC,1032947,,,,,,,,,,,,,,
M!LK,2026-04-04 13:39 UTC,2588293,,,,,,,,,,,,,,
gnawvs,2026-04-04 13:39 UTC,1362,,,,,,,,,,,,,,
Tom Did It,2026-04-04 13:39 UTC,918274,,,,,,,,,,,,,,
Daniel Žižka,2026-04-04 13:39 UTC,153444,,,,,,,,,,,,,,
Crystalo,2026-04-04 13:39 UTC,371763,,,,,,,,,,,,,,
F3miii,2026-04-04 13:39 UTC,1455852,,,,,,,,,,,,,,
TXKUMOON,2026-04-04 13:39 UTC,400241,,,,,,,,,,,,,,
North West,2026-04-04 13:39 UTC,594161,,,,,,,,,,,,,,
Maphra,2026-04-04 13:39 UTC,1191946,,,,,,,,,,,,,,
Tom Right,2026-04-04 13:39 UTC,635759,,,,,,,,,,,,,,
Nickatnite,2026-04-04 13:39 UTC,2374,,,,,,,,,,,,,,
Warren Roob,2026-04-04 13:39 UTC,559911,,,,,,,,,,,,,,
Angine de Poitrine,2026-04-04 13:39 UTC,1151812,,,,,,,,,,,,,,
Valter Nilsson,2026-04-04 13:39 UTC,205714,,,,,,,,,,,,,,
Delara,2026-04-04 13:39 UTC,778219,,,,,,,,,,,,,,
Fcukers,2026-04-04 13:39 UTC,2109280,,,,,,,,,,,,,,
M4IA,2026-04-04 13:39 UTC,159198,,,,,,,,,,,,,,
MAGIC SOUND WOLF,2026-04-04 13:39 UTC,303471,,,,,,,,,,,,,,
marquitos,2026-04-04 13:39 UTC,655387,,,,,,,,,,,,,,
Sreemani,2026-04-04 13:39 UTC,1233128,,,,,,,,,,,,,,
dunderjeppe,2026-04-04 13:39 UTC,21293,,,,,,,,,,,,,,
Khan Saab,2026-04-04 13:39 UTC,9173806,,,,,,,,,,,,,,
YUNA,2026-04-04 13:39 UTC,723821,,,,,,,,,,,,,,
Ullah,2026-04-04 13:39 UTC,66364,,,,,,,,,,,,,,
AQUAFINNA,2026-04-04 13:39 UTC,11428,,,,,,,,,,,,,,
Reble,2026-04-04 13:39 UTC,11046196,,,,,,,,,,,,,,
Nine Vicious,2026-04-04 13:39 UTC,995711,,,,,,,,,,,,,,
Duskydemise archive,2026-04-04 13:39 UTC,190377,,,,,,,,,,,,,,
A2ANTI,2026-04-04 13:39 UTC,1332655,,,,,,,,,,,,,,
Swizz Beatz,2026-04-04 13:39 UTC,1001241,,,,,,,,,,,,,,
Slim Jxmmy,2026-04-04 13:39 UTC,37905,,,,,,,,,,,,,,
Tiffany Day,2026-04-04 13:39 UTC,786653,,,,,,,,,,,,,,
MIKE,2026-04-04 13:39 UTC,850387,,,,,,,,,,,,,,
SURF GANG,2026-04-04 13:39 UTC,611000,,,,,,,,,,,,,,
EMJIE,2026-04-04 13:39 UTC,119548,,,,,,,,,,,,,,
Dale Move,2026-04-04 13:39 UTC,152629,,,,,,,,,,,,,,
The Long Faces,2026-04-04 13:39 UTC,2572616,,,,,,,,,,,,,,
Dante,2026-04-04 13:39 UTC,226090,,,,,,,,,,,,,,
Bolaget,2026-04-04 13:39 UTC,1107532,,,,,,,,,,,,,,
JULIETT,2026-04-04 13:39 UTC,498453,,,,,,,,,,,,,,
Dubioza Kolektive,2026-04-04 13:39 UTC,368713,,,,,,,,,,,,,,
Mr Dutt,2026-04-04 13:39 UTC,1018920,,,,,,,,,,,,,,
Zycan,2026-04-04 13:39 UTC,944903,,,,,,,,,,,,,,
Maya Engen,2026-04-04 13:39 UTC,75114,,,,,,,,,,,,,,
Maviler,2026-04-04 13:39 UTC,754767,,,,,,,,,,,,,,
Donda,2026-04-04 13:39 UTC,1697465,,,,,,,,,,,,,,
STELLA LEFTY,2026-04-04 13:39 UTC,2694142,,,,,,,,,,,,,,
Girl Scout,2026-04-04 14:07 UTC,344902,,,,,,,,,,,,,,
King Kylie,2026-04-04 14:07 UTC,2234836,,,,,,,,,,,,,,
Andre Troutman,2026-04-04 14:07 UTC,5780845,,,,,,,,,,,,,,
Ye,2026-04-04 14:07 UTC,11646305,,,,,,,,,,,,,,
STEREO,2026-04-04 14:07 UTC,1362664,,,,,,,,,,,,,,
Canyon,2026-04-04 14:07 UTC,42052,,,,,,,,,,,,,,
Lightris,2026-04-04 14:07 UTC,653961,,,,,,,,,,,,,,
Leni Woess,2026-04-04 14:07 UTC,823420,,,,,,,,,,,,,,
Vaibhav Gupta,2026-04-04 14:07 UTC,2146247,,,,,,,,,,,,,,
Banjaare,2026-04-04 14:07 UTC,12903823,,,,,,,,,,,,,,
Corridos del Rey,2026-04-04 14:07 UTC,744281,,,,,,,,,,,,,,
YBRE,2026-04-04 14:07 UTC,935234,,,,,,,,,,,,,,
Temper City,2026-04-04 14:07 UTC,5026194,,,,,,,,,,,,,,
Bausa,2026-04-04 14:07 UTC,3619544,,,,,,,,,,,,,,
Sons of Yusuf,2026-04-04 14:07 UTC,1335319,,,,,,,,,,,,,,
Bryan Countach,2026-04-04 14:07 UTC,188806,,,,,,,,,,,,,,
Harrd Luck,2026-04-04 14:07 UTC,136005,,,,,,,,,,,,,,
Aiyana-Lee,2026-04-04 14:07 UTC,1283306,,,,,,,,,,,,,,
Stopthis,2026-04-04 14:07 UTC,51133,,,,,,,,,,,,,,
$t3PPA,2026-04-04 14:07 UTC,71984,,,,,,,,,,,,,,
girlsweetvoiced,2026-04-04 14:07 UTC,484065,,,,,,,,,,,,,,
Slayr,2026-04-04 14:07 UTC,1123208,,,,,,,,,,,,,,
twentythree,2026-04-04 14:07 UTC,1199095,,,,,,,,,,,,,,
Will Sass,2026-04-04 14:07 UTC,656357,,,,,,,,,,,,,,
FIFA Sound,2026-04-04 14:07 UTC,1996095,,,,,,,,,,,,,,
Joy Rhodes,2026-04-04 14:07 UTC,348663,,,,,,,,,,,,,,
Yonusa,2026-04-04 14:07 UTC,235201,,,,,,,,,,,,,,
Duygu Edis,2026-04-04 14:07 UTC,1921531,,,,,,,,,,,,,,
13dge,2026-04-04 14:07 UTC,3731,,,,,,,,,,,,,,
girl_irl,2026-04-04 14:07 UTC,121942,,,,,,,,,,,,,,
Indigo De Souza,2026-04-04 14:07 UTC,1548052,,,,,,,,,,,,,,
Lamb,2026-04-04 14:07 UTC,368585,,,,,,,,,,,,,,
Dean Turnley,2026-04-04 14:07 UTC,1095794,,,,,,,,,,,,,,
M!LK,2026-04-04 14:07 UTC,2596446,,,,,,,,,,,,,,
gnawvs,2026-04-04 14:07 UTC,1362,,,,,,,,,,,,,,
Tom Did It,2026-04-04 14:07 UTC,918274,,,,,,,,,,,,,,
Daniel Žižka,2026-04-04 14:07 UTC,157139,,,,,,,,,,,,,,
Crystalo,2026-04-04 14:07 UTC,388128,,,,,,,,,,,,,,
F3miii,2026-04-04 14:07 UTC,1455852,,,,,,,,,,,,,,
TXKUMOON,2026-04-04 14:07 UTC,416640,,,,,,,,,,,,,,
North West,2026-04-04 14:07 UTC,587599,,,,,,,,,,,,,,
Maphra,2026-04-04 14:07 UTC,1200863,,,,,,,,,,,,,,
Tom Right,2026-04-04 14:07 UTC,660291,,,,,,,,,,,,,,
Nickatnite,2026-04-04 14:07 UTC,2374,,,,,,,,,,,,,,
Warren Roob,2026-04-04 14:07 UTC,559911,,,,,,,,,,,,,,
Angine de Poitrine,2026-04-04 14:07 UTC,1151812,,,,,,,,,,,,,,
Valter Nilsson,2026-04-04 14:07 UTC,205714,,,,,,,,,,,,,,
Delara,2026-04-04 14:07 UTC,778219,,,,,,,,,,,,,,
Fcukers,2026-04-04 14:07 UTC,2109280,,,,,,,,,,,,,,
M4IA,2026-04-04 14:07 UTC,159198,,,,,,,,,,,,,,
MAGIC SOUND WOLF,2026-04-04 14:07 UTC,313909,,,,,,,,,,,,,,
marquitos,2026-04-04 14:07 UTC,679533,,,,,,,,,,,,,,
Sreemani,2026-04-04 14:07 UTC,1313975,,,,,,,,,,,,,,
dunderjeppe,2026-04-04 14:07 UTC,22572,,,,,,,,,,,,,,
Khan Saab,2026-04-04 14:07 UTC,9173806,,,,,,,,,,,,,,
YUNA,2026-04-04 14:07 UTC,723821,,,,,,,,,,,,,,
Ullah,2026-04-04 14:07 UTC,66364,,,,,,,,,,,,,,
AQUAFINNA,2026-04-04 14:07 UTC,12336,,,,,,,,,,,,,,
Reble,2026-04-04 14:07 UTC,11046196,,,,,,,,,,,,,,
Nine Vicious,2026-04-04 14:07 UTC,995711,,,,,,,,,,,,,,
Duskydemise archive,2026-04-04 14:07 UTC,190377,,,,,,,,,,,,,,
A2ANTI,2026-04-04 14:07 UTC,1332655,,,,,,,,,,,,,,
Swizz Beatz,2026-04-04 14:07 UTC,1040448,,,,,,,,,,,,,,
Slim Jxmmy,2026-04-04 14:07 UTC,38003,,,,,,,,,,,,,,
Tiffany Day,2026-04-04 14:07 UTC,786653,,,,,,,,,,,,,,
MIKE,2026-04-04 14:07 UTC,850387,,,,,,,,,,,,,,
SURF GANG,2026-04-04 14:07 UTC,611000,,,,,,,,,,,,,,
EMJIE,2026-04-04 14:07 UTC,119548,,,,,,,,,,,,,,
Dale Move,2026-04-04 14:07 UTC,152629,,,,,,,,,,,,,,
The Long Faces,2026-04-04 14:07 UTC,2572616,,,,,,,,,,,,,,
Dante,2026-04-04 14:07 UTC,226090,,,,,,,,,,,,,,
Bolaget,2026-04-04 14:07 UTC,1107532,,,,,,,,,,,,,,
JULIETT,2026-04-04 14:07 UTC,498453,,,,,,,,,,,,,,
Dubioza Kolektive,2026-04-04 14:07 UTC,368713,,,,,,,,,,,,,,
Mr Dutt,2026-04-04 14:07 UTC,1018920,,,,,,,,,,,,,,
Zycan,2026-04-04 14:07 UTC,944903,,,,,,,,,,,,,,
Maya Engen,2026-04-04 14:07 UTC,75114,,,,,,,,,,,,,,
Maviler,2026-04-04 14:07 UTC,754767,,,,,,,,,,,,,,
Donda,2026-04-04 14:07 UTC,1697465,,,,,,,,,,,,,,
STELLA LEFTY,2026-04-04 14:07 UTC,2694142,,,,,,,,,,,,,,
Girl Scout,2026-04-04 23:02 UTC,344902,,,,,,,,,,,,,,
King Kylie,2026-04-04 23:02 UTC,2234836,,,,,,,,,,,,,,
Andre Troutman,2026-04-04 23:02 UTC,5780845,,,,,,,,,,,,,,
Ye,2026-04-04 23:02 UTC,11646305,,,,,,,,,,,,,,
STEREO,2026-04-04 23:02 UTC,1362664,,,,,,,,,,,,,,
Canyon,2026-04-04 23:02 UTC,42052,,,,,,,,,,,,,,
Lightris,2026-04-04 23:02 UTC,653961,,,,,,,,,,,,,,
Leni Woess,2026-04-04 23:02 UTC,823420,,,,,,,,,,,,,,
Vaibhav Gupta,2026-04-04 23:02 UTC,2146247,,,,,,,,,,,,,,
Banjaare,2026-04-04 23:02 UTC,12903823,,,,,,,,,,,,,,
Corridos del Rey,2026-04-04 23:02 UTC,744281,,,,,,,,,,,,,,
YBRE,2026-04-04 23:02 UTC,935234,,,,,,,,,,,,,,
Temper City,2026-04-04 23:02 UTC,5026194,,,,,,,,,,,,,,
Bausa,2026-04-04 23:02 UTC,3619544,,,,,,,,,,,,,,
Sons of Yusuf,2026-04-04 23:02 UTC,1335319,,,,,,,,,,,,,,
Bryan Countach,2026-04-04 23:02 UTC,188806,,,,,,,,,,,,,,
Harrd Luck,2026-04-04 23:02 UTC,136005,,,,,,,,,,,,,,
Aiyana-Lee,2026-04-04 23:02 UTC,1283306,,,,,,,,,,,,,,
Stopthis,2026-04-04 23:02 UTC,51133,,,,,,,,,,,,,,
$t3PPA,2026-04-04 23:02 UTC,71984,,,,,,,,,,,,,,
girlsweetvoiced,2026-04-04 23:02 UTC,484065,,,,,,,,,,,,,,
Slayr,2026-04-04 23:02 UTC,1123208,,,,,,,,,,,,,,
twentythree,2026-04-04 23:02 UTC,1199095,,,,,,,,,,,,,,
Will Sass,2026-04-04 23:02 UTC,656357,,,,,,,,,,,,,,
FIFA Sound,2026-04-04 23:02 UTC,1996095,,,,,,,,,,,,,,
Joy Rhodes,2026-04-04 23:02 UTC,348663,,,,,,,,,,,,,,
Yonusa,2026-04-04 23:02 UTC,235201,,,,,,,,,,,,,,
Duygu Edis,2026-04-04 23:02 UTC,1921531,,,,,,,,,,,,,,
13dge,2026-04-04 23:02 UTC,3731,,,,,,,,,,,,,,
girl_irl,2026-04-04 23:02 UTC,121942,,,,,,,,,,,,,,
Indigo De Souza,2026-04-04 23:02 UTC,1548052,,,,,,,,,,,,,,
Lamb,2026-04-04 23:02 UTC,368585,,,,,,,,,,,,,,
Dean Turnley,2026-04-04 23:02 UTC,1095794,,,,,,,,,,,,,,
M!LK,2026-04-04 23:02 UTC,2596446,,,,,,,,,,,,,,
gnawvs,2026-04-04 23:02 UTC,1362,,,,,,,,,,,,,,
Tom Did It,2026-04-04 23:02 UTC,918274,,,,,,,,,,,,,,
Daniel Žižka,2026-04-04 23:02 UTC,157139,,,,,,,,,,,,,,
Crystalo,2026-04-04 23:02 UTC,388128,,,,,,,,,,,,,,
F3miii,2026-04-04 23:02 UTC,1455852,,,,,,,,,,,,,,
TXKUMOON,2026-04-04 23:02 UTC,416640,,,,,,,,,,,,,,
North West,2026-04-04 23:02 UTC,587599,,,,,,,,,,,,,,
Maphra,2026-04-04 23:02 UTC,1200863,,,,,,,,,,,,,,
Tom Right,2026-04-04 23:02 UTC,660291,,,,,,,,,,,,,,
Nickatnite,2026-04-04 23:02 UTC,2374,,,,,,,,,,,,,,
Warren Roob,2026-04-04 23:02 UTC,559911,,,,,,,,,,,,,,
Angine de Poitrine,2026-04-04 23:02 UTC,1151812,,,,,,,,,,,,,,
Valter Nilsson,2026-04-04 23:02 UTC,205714,,,,,,,,,,,,,,
Delara,2026-04-04 23:02 UTC,778219,,,,,,,,,,,,,,
Fcukers,2026-04-04 23:02 UTC,2109280,,,,,,,,,,,,,,
M4IA,2026-04-04 23:02 UTC,159198,,,,,,,,,,,,,,
MAGIC SOUND WOLF,2026-04-04 23:02 UTC,313909,,,,,,,,,,,,,,
marquitos,2026-04-04 23:02 UTC,679533,,,,,,,,,,,,,,
Sreemani,2026-04-04 23:02 UTC,1313975,,,,,,,,,,,,,,
dunderjeppe,2026-04-04 23:02 UTC,22572,,,,,,,,,,,,,,
Khan Saab,2026-04-04 23:02 UTC,9173806,,,,,,,,,,,,,,
YUNA,2026-04-04 23:02 UTC,723821,,,,,,,,,,,,,,
Ullah,2026-04-04 23:02 UTC,66364,,,,,,,,,,,,,,
AQUAFINNA,2026-04-04 23:02 UTC,12336,,,,,,,,,,,,,,
Reble,2026-04-04 23:02 UTC,11046196,,,,,,,,,,,,,,
Nine Vicious,2026-04-04 23:02 UTC,995711,,,,,,,,,,,,,,
Duskydemise archive,2026-04-04 23:02 UTC,190377,,,,,,,,,,,,,,
A2ANTI,2026-04-04 23:02 UTC,1332655,,,,,,,,,,,,,,
Swizz Beatz,2026-04-04 23:02 UTC,1040448,,,,,,,,,,,,,,
Slim Jxmmy,2026-04-04 23:02 UTC,38003,,,,,,,,,,,,,,
Tiffany Day,2026-04-04 23:02 UTC,786653,,,,,,,,,,,,,,
MIKE,2026-04-04 23:02 UTC,850387,,,,,,,,,,,,,,
SURF GANG,2026-04-04 23:02 UTC,611000,,,,,,,,,,,,,,
EMJIE,2026-04-04 23:02 UTC,119548,,,,,,,,,,,,,,
Dale Move,2026-04-04 23:02 UTC,152629,,,,,,,,,,,,,,
The Long Faces,2026-04-04 23:02 UTC,2572616,,,,,,,,,,,,,,
Dante,2026-04-04 23:02 UTC,226090,,,,,,,,,,,,,,
Bolaget,2026-04-04 23:02 UTC,1107532,,,,,,,,,,,,,,
JULIETT,2026-04-04 23:02 UTC,498453,,,,,,,,,,,,,,
Dubioza Kolektive,2026-04-04 23:02 UTC,368713,,,,,,,,,,,,,,
Mr Dutt,2026-04-04 23:02 UTC,1018920,,,,,,,,,,,,,,
Zycan,2026-04-04 23:02 UTC,944903,,,,,,,,,,,,,,
Maya Engen,2026-04-04 23:02 UTC,75114,,,,,,,,,,,,,,
Maviler,2026-04-04 23:02 UTC,754767,,,,,,,,,,,,,,
Donda,2026-04-04 23:02 UTC,1697465,,,,,,,,,,,,,,
STELLA LEFTY,2026-04-04 23:02 UTC,2694142,,,,,,,,,,,,,,
Girl Scout,2026-04-05 05:07 UTC,344902,,,,,,,,,,,,,,
King Kylie,2026-04-05 05:07 UTC,2234836,,,,,,,,,,,,,,
Andre Troutman,2026-04-05 05:07 UTC,5780845,,,,,,,,,,,,,,
Ye,2026-04-05 05:07 UTC,11646305,,,,,,,,,,,,,,
STEREO,2026-04-05 05:07 UTC,1362664,,,,,,,,,,,,,,
Canyon,2026-04-05 05:07 UTC,42052,,,,,,,,,,,,,,
Lightris,2026-04-05 05:07 UTC,653961,,,,,,,,,,,,,,
Leni Woess,2026-04-05 05:07 UTC,823420,,,,,,,,,,,,,,
Vaibhav Gupta,2026-04-05 05:07 UTC,2146247,,,,,,,,,,,,,,
Banjaare,2026-04-05 05:07 UTC,12903823,,,,,,,,,,,,,,
Corridos del Rey,2026-04-05 05:07 UTC,744281,,,,,,,,,,,,,,
YBRE,2026-04-05 05:07 UTC,935234,,,,,,,,,,,,,,
Temper City,2026-04-05 05:07 UTC,5026194,,,,,,,,,,,,,,
Bausa,2026-04-05 05:07 UTC,3619544,,,,,,,,,,,,,,
Sons of Yusuf,2026-04-05 05:07 UTC,1335319,,,,,,,,,,,,,,
Bryan Countach,2026-04-05 05:07 UTC,188806,,,,,,,,,,,,,,
Harrd Luck,2026-04-05 05:07 UTC,136005,,,,,,,,,,,,,,
Aiyana-Lee,2026-04-05 05:07 UTC,1283306,,,,,,,,,,,,,,
Stopthis,2026-04-05 05:07 UTC,51133,,,,,,,,,,,,,,
$t3PPA,2026-04-05 05:07 UTC,71984,,,,,,,,,,,,,,
girlsweetvoiced,2026-04-05 05:07 UTC,484065,,,,,,,,,,,,,,
Slayr,2026-04-05 05:07 UTC,1123208,,,,,,,,,,,,,,
twentythree,2026-04-05 05:07 UTC,1199095,,,,,,,,,,,,,,
Will Sass,2026-04-05 05:07 UTC,656357,,,,,,,,,,,,,,
FIFA Sound,2026-04-05 05:07 UTC,1996095,,,,,,,,,,,,,,
Joy Rhodes,2026-04-05 05:07 UTC,348663,,,,,,,,,,,,,,
Yonusa,2026-04-05 05:07 UTC,235201,,,,,,,,,,,,,,
Duygu Edis,2026-04-05 05:07 UTC,1921531,,,,,,,,,,,,,,
13dge,2026-04-05 05:07 UTC,3731,,,,,,,,,,,,,,
girl_irl,2026-04-05 05:07 UTC,121942,,,,,,,,,,,,,,
Indigo De Souza,2026-04-05 05:07 UTC,1548052,,,,,,,,,,,,,,
Lamb,2026-04-05 05:07 UTC,368585,,,,,,,,,,,,,,
Dean Turnley,2026-04-05 05:07 UTC,1095794,,,,,,,,,,,,,,
M!LK,2026-04-05 05:07 UTC,2596446,,,,,,,,,,,,,,
gnawvs,2026-04-05 05:07 UTC,1362,,,,,,,,,,,,,,
Tom Did It,2026-04-05 05:07 UTC,918274,,,,,,,,,,,,,,
Daniel Žižka,2026-04-05 05:07 UTC,157139,,,,,,,,,,,,,,
Crystalo,2026-04-05 05:07 UTC,388128,,,,,,,,,,,,,,
F3miii,2026-04-05 05:07 UTC,1455852,,,,,,,,,,,,,,
TXKUMOON,2026-04-05 05:07 UTC,416640,,,,,,,,,,,,,,
North West,2026-04-05 05:07 UTC,587599,,,,,,,,,,,,,,
Maphra,2026-04-05 05:07 UTC,1200863,,,,,,,,,,,,,,
Tom Right,2026-04-05 05:07 UTC,660291,,,,,,,,,,,,,,
Nickatnite,2026-04-05 05:07 UTC,2374,,,,,,,,,,,,,,
Warren Roob,2026-04-05 05:07 UTC,559911,,,,,,,,,,,,,,
Angine de Poitrine,2026-04-05 05:07 UTC,1151812,,,,,,,,,,,,,,
Valter Nilsson,2026-04-05 05:07 UTC,205714,,,,,,,,,,,,,,
Delara,2026-04-05 05:07 UTC,778219,,,,,,,,,,,,,,
Fcukers,2026-04-05 05:07 UTC,2109280,,,,,,,,,,,,,,
M4IA,2026-04-05 05:07 UTC,159198,,,,,,,,,,,,,,
MAGIC SOUND WOLF,2026-04-05 05:07 UTC,313909,,,,,,,,,,,,,,
marquitos,2026-04-05 05:07 UTC,679533,,,,,,,,,,,,,,
Sreemani,2026-04-05 05:07 UTC,1313975,,,,,,,,,,,,,,
dunderjeppe,2026-04-05 05:07 UTC,22572,,,,,,,,,,,,,,
Khan Saab,2026-04-05 05:07 UTC,9173806,,,,,,,,,,,,,,
YUNA,2026-04-05 05:07 UTC,723821,,,,,,,,,,,,,,
Ullah,2026-04-05 05:07 UTC,66364,,,,,,,,,,,,,,
AQUAFINNA,2026-04-05 05:07 UTC,12336,,,,,,,,,,,,,,
Reble,2026-04-05 05:07 UTC,11046196,,,,,,,,,,,,,,
Nine Vicious,2026-04-05 05:07 UTC,995711,,,,,,,,,,,,,,
Duskydemise archive,2026-04-05 05:07 UTC,190377,,,,,,,,,,,,,,
A2ANTI,2026-04-05 05:07 UTC,1332655,,,,,,,,,,,,,,
Swizz Beatz,2026-04-05 05:07 UTC,1040448,,,,,,,,,,,,,,
Slim Jxmmy,2026-04-05 05:07 UTC,38003,,,,,,,,,,,,,,
Tiffany Day,2026-04-05 05:07 UTC,786653,,,,,,,,,,,,,,
MIKE,2026-04-05 05:07 UTC,850387,,,,,,,,,,,,,,
SURF GANG,2026-04-05 05:07 UTC,611000,,,,,,,,,,,,,,
EMJIE,2026-04-05 05:07 UTC,119548,,,,,,,,,,,,,,
Dale Move,2026-04-05 05:07 UTC,152629,,,,,,,,,,,,,,
The Long Faces,2026-04-05 05:07 UTC,2572616,,,,,,,,,,,,,,
Dante,2026-04-05 05:07 UTC,226090,,,,,,,,,,,,,,
Bolaget,2026-04-05 05:07 UTC,1107532,,,,,,,,,,,,,,
JULIETT,2026-04-05 05:07 UTC,498453,,,,,,,,,,,,,,
Dubioza Kolektive,2026-04-05 05:07 UTC,368713,,,,,,,,,,,,,,
Mr Dutt,2026-04-05 05:07 UTC,1018920,,,,,,,,,,,,,,
Zycan,2026-04-05 05:07 UTC,944903,,,,,,,,,,,,,,
Maya Engen,2026-04-05 05:07 UTC,75114,,,,,,,,,,,,,,
Maviler,2026-04-05 05:07 UTC,754767,,,,,,,,,,,,,,
Donda,2026-04-05 05:07 UTC,1697465,,,,,,,,,,,,,,
STELLA LEFTY,2026-04-05 05:07 UTC,2694142,,,,,,,,,,,,,,
Girl Scout,2026-04-05 15:38 UTC,340128,,,,,,,,,,,,,,
King Kylie,2026-04-05 15:38 UTC,2267841,,,,,,,,,,,,,,
Andre Troutman,2026-04-05 15:38 UTC,6243004,,,,,,,,,,,,,,
Ye,2026-04-05 15:38 UTC,12521371,,,,,,,,,,,,,,
STEREO,2026-04-05 15:38 UTC,1404100,,,,,,,,,,,,,,
Canyon,2026-04-05 15:38 UTC,43306,,,,,,,,,,,,,,
Lightris,2026-04-05 15:38 UTC,669862,,,,,,,,,,,,,,
Leni Woess,2026-04-05 15:38 UTC,839252,,,,,,,,,,,,,,
Vaibhav Gupta,2026-04-05 15:38 UTC,2220586,,,,,,,,,,,,,,
Banjaare,2026-04-05 15:38 UTC,13292531,,,,,,,,,,,,,,
Corridos del Rey,2026-04-05 15:38 UTC,781616,,,,,,,,,,,,,,
YBRE,2026-04-05 15:38 UTC,961399,,,,,,,,,,,,,,
Temper City,2026-04-05 15:38 UTC,5192699,,,,,,,,,,,,,,
Bausa,2026-04-05 15:38 UTC,3647059,,,,,,,,,,,,,,
Sons of Yusuf,2026-04-05 15:38 UTC,1404226,,,,,,,,,,,,,,
Bryan Countach,2026-04-05 15:38 UTC,197470,,,,,,,,,,,,,,
Harrd Luck,2026-04-05 15:38 UTC,142863,,,,,,,,,,,,,,
Aiyana-Lee,2026-04-05 15:38 UTC,1300088,,,,,,,,,,,,,,
Stopthis,2026-04-05 15:38 UTC,52023,,,,,,,,,,,,,,
$t3PPA,2026-04-05 15:38 UTC,77364,,,,,,,,,,,,,,
girlsweetvoiced,2026-04-05 15:38 UTC,516139,,,,,,,,,,,,,,
Slayr,2026-04-05 15:38 UTC,1137332,,,,,,,,,,,,,,
twentythree,2026-04-05 15:38 UTC,1224095,,,,,,,,,,,,,,
Will Sass,2026-04-05 15:38 UTC,670777,,,,,,,,,,,,,,
FIFA Sound,2026-04-05 15:38 UTC,2083997,,,,,,,,,,,,,,
Joy Rhodes,2026-04-05 15:38 UTC,354403,,,,,,,,,,,,,,
Yonusa,2026-04-05 15:38 UTC,245159,,,,,,,,,,,,,,
Duygu Edis,2026-04-05 15:38 UTC,2036419,,,,,,,,,,,,,,
13dge,2026-04-05 15:38 UTC,3790,,,,,,,,,,,,,,
girl_irl,2026-04-05 15:38 UTC,123700,,,,,,,,,,,,,,
Indigo De Souza,2026-04-05 15:38 UTC,1573941,,,,,,,,,,,,,,
Lamb,2026-04-05 15:38 UTC,374910,,,,,,,,,,,,,,
Dean Turnley,2026-04-05 15:38 UTC,1139477,,,,,,,,,,,,,,
M!LK,2026-04-05 15:38 UTC,2604903,,,,,,,,,,,,,,
gnawvs,2026-04-05 15:38 UTC,1430,,,,,,,,,,,,,,
Tom Did It,2026-04-05 15:38 UTC,948717,,,,,,,,,,,,,,
Daniel Žižka,2026-04-05 15:38 UTC,160363,,,,,,,,,,,,,,
Crystalo,2026-04-05 15:38 UTC,407905,,,,,,,,,,,,,,
F3miii,2026-04-05 15:38 UTC,1513285,,,,,,,,,,,,,,
TXKUMOON,2026-04-05 15:38 UTC,434261,,,,,,,,,,,,,,
North West,2026-04-05 15:38 UTC,588054,,,,,,,,,,,,,,
Maphra,2026-04-05 15:38 UTC,1220516,,,,,,,,,,,,,,
Tom Right,2026-04-05 15:38 UTC,682310,,,,,,,,,,,,,,
Nickatnite,2026-04-05 15:38 UTC,2465,,,,,,,,,,,,,,
Warren Roob,2026-04-05 15:38 UTC,591535,,,,,,,,,,,,,,
Angine de Poitrine,2026-04-05 15:38 UTC,1230622,,,,,,,,,,,,,,
Valter Nilsson,2026-04-05 15:38 UTC,208451,,,,,,,,,,,,,,
Delara,2026-04-05 15:38 UTC,779046,,,,,,,,,,,,,,
Fcukers,2026-04-05 15:38 UTC,2103248,,,,,,,,,,,,,,
M4IA,2026-04-05 15:38 UTC,176095,,,,,,,,,,,,,,
MAGIC SOUND WOLF,2026-04-05 15:38 UTC,324993,,,,,,,,,,,,,,
marquitos,2026-04-05 15:38 UTC,696601,,,,,,,,,,,,,,
Sreemani,2026-04-05 15:38 UTC,1385106,,,,,,,,,,,,,,
dunderjeppe,2026-04-05 15:38 UTC,23566,,,,,,,,,,,,,,
Khan Saab,2026-04-05 15:38 UTC,9571646,,,,,,,,,,,,,,
YUNA,2026-04-05 15:38 UTC,769489,,,,,,,,,,,,,,
Ullah,2026-04-05 15:38 UTC,67455,,,,,,,,,,,,,,
AQUAFINNA,2026-04-05 15:38 UTC,13069,,,,,,,,,,,,,,
Reble,2026-04-05 15:38 UTC,11349021,,,,,,,,,,,,,,
Nine Vicious,2026-04-05 15:38 UTC,1015382,,,,,,,,,,,,,,
Duskydemise archive,2026-04-05 15:38 UTC,206671,,,,,,,,,,,,,,
A2ANTI,2026-04-05 15:38 UTC,1360798,,,,,,,,,,,,,,
Swizz Beatz,2026-04-05 15:38 UTC,1082383,,,,,,,,,,,,,,
Slim Jxmmy,2026-04-05 15:38 UTC,37835,,,,,,,,,,,,,,
Tiffany Day,2026-04-05 15:38 UTC,812903,,,,,,,,,,,,,,
MIKE,2026-04-05 15:38 UTC,865759,,,,,,,,,,,,,,
SURF GANG,2026-04-05 15:38 UTC,640883,,,,,,,,,,,,,,
EMJIE,2026-04-05 15:38 UTC,125365,,,,,,,,,,,,,,
Dale Move,2026-04-05 15:38 UTC,163139,,,,,,,,,,,,,,
The Long Faces,2026-04-05 15:38 UTC,2675115,,,,,,,,,,,,,,
Dante,2026-04-05 15:38 UTC,254962,,,,,,,,,,,,,,
Bolaget,2026-04-05 15:38 UTC,1120145,,,,,,,,,,,,,,
JULIETT,2026-04-05 15:38 UTC,469284,,,,,,,,,,,,,,
Dubioza Kolektive,2026-04-05 15:38 UTC,396044,,,,,,,,,,,,,,
Mr Dutt,2026-04-05 15:38 UTC,1092865,,,,,,,,,,,,,,
Zycan,2026-04-05 15:38 UTC,1071440,,,,,,,,,,,,,,
Maya Engen,2026-04-05 15:38 UTC,75719,,,,,,,,,,,,,,
Maviler,2026-04-05 15:38 UTC,791969,,,,,,,,,,,,,,
Donda,2026-04-05 15:38 UTC,1775206,,,,,,,,,,,,,,
STELLA LEFTY,2026-04-05 15:38 UTC,2803968,,,,,,,,,,,,,,
Girl Scout,2026-04-05 23:04 UTC,340128,,,,,,,,,,,,,,
King Kylie,2026-04-05 23:04 UTC,2267841,,,,,,,,,,,,,,
Andre Troutman,2026-04-05 23:04 UTC,6243004,,,,,,,,,,,,,,
Ye,2026-04-05 23:04 UTC,12521371,,,,,,,,,,,,,,
STEREO,2026-04-05 23:04 UTC,1404100,,,,,,,,,,,,,,
Canyon,2026-04-05 23:04 UTC,43306,,,,,,,,,,,,,,
Lightris,2026-04-05 23:04 UTC,669862,,,,,,,,,,,,,,
Leni Woess,2026-04-05 23:04 UTC,839252,,,,,,,,,,,,,,
Vaibhav Gupta,2026-04-05 23:04 UTC,2220586,,,,,,,,,,,,,,
Banjaare,2026-04-05 23:04 UTC,13292531,,,,,,,,,,,,,,
Corridos del Rey,2026-04-05 23:04 UTC,781616,,,,,,,,,,,,,,
YBRE,2026-04-05 23:04 UTC,961399,,,,,,,,,,,,,,
Temper City,2026-04-05 23:04 UTC,5192699,,,,,,,,,,,,,,
Bausa,2026-04-05 23:04 UTC,3647059,,,,,,,,,,,,,,
Sons of Yusuf,2026-04-05 23:04 UTC,1404226,,,,,,,,,,,,,,
Bryan Countach,2026-04-05 23:04 UTC,197470,,,,,,,,,,,,,,
Harrd Luck,2026-04-05 23:04 UTC,142863,,,,,,,,,,,,,,
Aiyana-Lee,2026-04-05 23:04 UTC,1300088,,,,,,,,,,,,,,
Stopthis,2026-04-05 23:04 UTC,52023,,,,,,,,,,,,,,
$t3PPA,2026-04-05 23:04 UTC,77364,,,,,,,,,,,,,,
girlsweetvoiced,2026-04-05 23:04 UTC,516139,,,,,,,,,,,,,,
Slayr,2026-04-05 23:04 UTC,1137332,,,,,,,,,,,,,,
twentythree,2026-04-05 23:04 UTC,1224095,,,,,,,,,,,,,,
Will Sass,2026-04-05 23:04 UTC,670777,,,,,,,,,,,,,,
FIFA Sound,2026-04-05 23:04 UTC,2083997,,,,,,,,,,,,,,
Joy Rhodes,2026-04-05 23:04 UTC,354403,,,,,,,,,,,,,,
Yonusa,2026-04-05 23:04 UTC,245159,,,,,,,,,,,,,,
Duygu Edis,2026-04-05 23:04 UTC,2036419,,,,,,,,,,,,,,
13dge,2026-04-05 23:04 UTC,3790,,,,,,,,,,,,,,
girl_irl,2026-04-05 23:04 UTC,123700,,,,,,,,,,,,,,
Indigo De Souza,2026-04-05 23:04 UTC,1573941,,,,,,,,,,,,,,
Lamb,2026-04-05 23:04 UTC,374910,,,,,,,,,,,,,,
Dean Turnley,2026-04-05 23:04 UTC,1139477,,,,,,,,,,,,,,
M!LK,2026-04-05 23:04 UTC,2604903,,,,,,,,,,,,,,
gnawvs,2026-04-05 23:04 UTC,1430,,,,,,,,,,,,,,
Tom Did It,2026-04-05 23:04 UTC,948717,,,,,,,,,,,,,,
Daniel Žižka,2026-04-05 23:04 UTC,160363,,,,,,,,,,,,,,
Crystalo,2026-04-05 23:04 UTC,407905,,,,,,,,,,,,,,
F3miii,2026-04-05 23:04 UTC,1513285,,,,,,,,,,,,,,
TXKUMOON,2026-04-05 23:04 UTC,434261,,,,,,,,,,,,,,
North West,2026-04-05 23:04 UTC,588054,,,,,,,,,,,,,,
Maphra,2026-04-05 23:04 UTC,1220516,,,,,,,,,,,,,,
Tom Right,2026-04-05 23:04 UTC,682310,,,,,,,,,,,,,,
Nickatnite,2026-04-05 23:04 UTC,2465,,,,,,,,,,,,,,
Warren Roob,2026-04-05 23:04 UTC,591535,,,,,,,,,,,,,,
Angine de Poitrine,2026-04-05 23:04 UTC,1230622,,,,,,,,,,,,,,
Valter Nilsson,2026-04-05 23:04 UTC,208451,,,,,,,,,,,,,,
Delara,2026-04-05 23:04 UTC,779046,,,,,,,,,,,,,,
Fcukers,2026-04-05 23:04 UTC,2103248,,,,,,,,,,,,,,
M4IA,2026-04-05 23:04 UTC,176095,,,,,,,,,,,,,,
MAGIC SOUND WOLF,2026-04-05 23:04 UTC,324993,,,,,,,,,,,,,,
marquitos,2026-04-05 23:04 UTC,696601,,,,,,,,,,,,,,
Sreemani,2026-04-05 23:04 UTC,1385106,,,,,,,,,,,,,,
dunderjeppe,2026-04-05 23:04 UTC,23566,,,,,,,,,,,,,,
Khan Saab,2026-04-05 23:04 UTC,9571646,,,,,,,,,,,,,,
YUNA,2026-04-05 23:04 UTC,769489,,,,,,,,,,,,,,
Ullah,2026-04-05 23:04 UTC,67455,,,,,,,,,,,,,,
AQUAFINNA,2026-04-05 23:04 UTC,13069,,,,,,,,,,,,,,
Reble,2026-04-05 23:04 UTC,11349021,,,,,,,,,,,,,,
Nine Vicious,2026-04-05 23:04 UTC,1015382,,,,,,,,,,,,,,
Duskydemise archive,2026-04-05 23:04 UTC,206671,,,,,,,,,,,,,,
A2ANTI,2026-04-05 23:04 UTC,1360798,,,,,,,,,,,,,,
Swizz Beatz,2026-04-05 23:04 UTC,1082383,,,,,,,,,,,,,,
Slim Jxmmy,2026-04-05 23:04 UTC,37835,,,,,,,,,,,,,,
Tiffany Day,2026-04-05 23:04 UTC,812903,,,,,,,,,,,,,,
MIKE,2026-04-05 23:04 UTC,865759,,,,,,,,,,,,,,
SURF GANG,2026-04-05 23:04 UTC,640883,,,,,,,,,,,,,,
EMJIE,2026-04-05 23:04 UTC,125365,,,,,,,,,,,,,,
Dale Move,2026-04-05 23:04 UTC,163139,,,,,,,,,,,,,,
The Long Faces,2026-04-05 23:04 UTC,2675115,,,,,,,,,,,,,,
Dante,2026-04-05 23:04 UTC,254962,,,,,,,,,,,,,,
Bolaget,2026-04-05 23:04 UTC,1120145,,,,,,,,,,,,,,
JULIETT,2026-04-05 23:04 UTC,469284,,,,,,,,,,,,,,
Dubioza Kolektive,2026-04-05 23:04 UTC,396044,,,,,,,,,,,,,,
Mr Dutt,2026-04-05 23:04 UTC,1092865,,,,,,,,,,,,,,
Zycan,2026-04-05 23:04 UTC,1071440,,,,,,,,,,,,,,
Maya Engen,2026-04-05 23:04 UTC,75719,,,,,,,,,,,,,,
Maviler,2026-04-05 23:04 UTC,791969,,,,,,,,,,,,,,
Donda,2026-04-05 23:04 UTC,1775206,,,,,,,,,,,,,,
STELLA LEFTY,2026-04-05 23:04 UTC,2803968,,,,,,,,,,,,,,
Girl Scout,2026-04-06 01:11 UTC,340128,,,,,,,,,,,,,,
King Kylie,2026-04-06 01:11 UTC,2267841,,,,,,,,,,,,,,
Andre Troutman,2026-04-06 01:11 UTC,6243004,,,,,,,,,,,,,,
Ye,2026-04-06 01:11 UTC,12521371,,,,,,,,,,,,,,
STEREO,2026-04-06 01:11 UTC,1404100,,,,,,,,,,,,,,
Canyon,2026-04-06 01:11 UTC,43306,,,,,,,,,,,,,,
Lightris,2026-04-06 01:11 UTC,669862,,,,,,,,,,,,,,
Leni Woess,2026-04-06 01:11 UTC,839252,,,,,,,,,,,,,,
Vaibhav Gupta,2026-04-06 01:11 UTC,2220586,,,,,,,,,,,,,,
Banjaare,2026-04-06 01:11 UTC,13292531,,,,,,,,,,,,,,
Corridos del Rey,2026-04-06 01:11 UTC,781616,,,,,,,,,,,,,,
YBRE,2026-04-06 01:11 UTC,961399,,,,,,,,,,,,,,
Temper City,2026-04-06 01:11 UTC,5192699,,,,,,,,,,,,,,
Bausa,2026-04-06 01:11 UTC,3647059,,,,,,,,,,,,,,
Sons of Yusuf,2026-04-06 01:11 UTC,1404226,,,,,,,,,,,,,,
Bryan Countach,2026-04-06 01:11 UTC,197470,,,,,,,,,,,,,,
Harrd Luck,2026-04-06 01:11 UTC,142863,,,,,,,,,,,,,,
Aiyana-Lee,2026-04-06 01:11 UTC,1300088,,,,,,,,,,,,,,
Stopthis,2026-04-06 01:11 UTC,52023,,,,,,,,,,,,,,
$t3PPA,2026-04-06 01:11 UTC,77364,,,,,,,,,,,,,,
girlsweetvoiced,2026-04-06 01:11 UTC,516139,,,,,,,,,,,,,,
Slayr,2026-04-06 01:11 UTC,1137332,,,,,,,,,,,,,,
twentythree,2026-04-06 01:11 UTC,1224095,,,,,,,,,,,,,,
Will Sass,2026-04-06 01:11 UTC,670777,,,,,,,,,,,,,,
FIFA Sound,2026-04-06 01:11 UTC,2083997,,,,,,,,,,,,,,
Joy Rhodes,2026-04-06 01:11 UTC,354403,,,,,,,,,,,,,,
Yonusa,2026-04-06 01:11 UTC,245159,,,,,,,,,,,,,,
Duygu Edis,2026-04-06 01:11 UTC,2036419,,,,,,,,,,,,,,
13dge,2026-04-06 01:11 UTC,3790,,,,,,,,,,,,,,
girl_irl,2026-04-06 01:11 UTC,123700,,,,,,,,,,,,,,
Indigo De Souza,2026-04-06 01:11 UTC,1573941,,,,,,,,,,,,,,
Lamb,2026-04-06 01:11 UTC,374910,,,,,,,,,,,,,,
Dean Turnley,2026-04-06 01:11 UTC,1139477,,,,,,,,,,,,,,
M!LK,2026-04-06 01:11 UTC,2604903,,,,,,,,,,,,,,
gnawvs,2026-04-06 01:11 UTC,1430,,,,,,,,,,,,,,
Tom Did It,2026-04-06 01:11 UTC,948717,,,,,,,,,,,,,,
Daniel Žižka,2026-04-06 01:11 UTC,160363,,,,,,,,,,,,,,
Crystalo,2026-04-06 01:11 UTC,407905,,,,,,,,,,,,,,
F3miii,2026-04-06 01:11 UTC,1513285,,,,,,,,,,,,,,
TXKUMOON,2026-04-06 01:11 UTC,434261,,,,,,,,,,,,,,
North West,2026-04-06 01:11 UTC,588054,,,,,,,,,,,,,,
Maphra,2026-04-06 01:11 UTC,1220516,,,,,,,,,,,,,,
Tom Right,2026-04-06 01:11 UTC,682310,,,,,,,,,,,,,,
Nickatnite,2026-04-06 01:11 UTC,2465,,,,,,,,,,,,,,
Warren Roob,2026-04-06 01:11 UTC,591535,,,,,,,,,,,,,,
Angine de Poitrine,2026-04-06 01:11 UTC,1230622,,,,,,,,,,,,,,
Valter Nilsson,2026-04-06 01:11 UTC,208451,,,,,,,,,,,,,,
Delara,2026-04-06 01:11 UTC,779046,,,,,,,,,,,,,,
Fcukers,2026-04-06 01:11 UTC,2103248,,,,,,,,,,,,,,
M4IA,2026-04-06 01:11 UTC,176095,,,,,,,,,,,,,,
MAGIC SOUND WOLF,2026-04-06 01:11 UTC,324993,,,,,,,,,,,,,,
marquitos,2026-04-06 01:11 UTC,696601,,,,,,,,,,,,,,
Sreemani,2026-04-06 01:11 UTC,1385106,,,,,,,,,,,,,,
dunderjeppe,2026-04-06 01:11 UTC,23566,,,,,,,,,,,,,,
Khan Saab,2026-04-06 01:11 UTC,9571646,,,,,,,,,,,,,,
YUNA,2026-04-06 01:11 UTC,769489,,,,,,,,,,,,,,
Ullah,2026-04-06 01:11 UTC,67455,,,,,,,,,,,,,,
AQUAFINNA,2026-04-06 01:11 UTC,13069,,,,,,,,,,,,,,
Reble,2026-04-06 01:11 UTC,11349021,,,,,,,,,,,,,,
Nine Vicious,2026-04-06 01:11 UTC,1015382,,,,,,,,,,,,,,
Duskydemise archive,2026-04-06 01:11 UTC,206671,,,,,,,,,,,,,,
A2ANTI,2026-04-06 01:11 UTC,1360798,,,,,,,,,,,,,,
Swizz Beatz,2026-04-06 01:11 UTC,1082383,,,,,,,,,,,,,,
Slim Jxmmy,2026-04-06 01:11 UTC,37835,,,,,,,,,,,,,,
Tiffany Day,2026-04-06 01:11 UTC,812903,,,,,,,,,,,,,,
MIKE,2026-04-06 01:11 UTC,865759,,,,,,,,,,,,,,
SURF GANG,2026-04-06 01:11 UTC,640883,,,,,,,,,,,,,,
EMJIE,2026-04-06 01:11 UTC,125365,,,,,,,,,,,,,,
Dale Move,2026-04-06 01:11 UTC,163139,,,,,,,,,,,,,,
The Long Faces,2026-04-06 01:11 UTC,2675115,,,,,,,,,,,,,,
Dante,2026-04-06 01:11 UTC,254962,,,,,,,,,,,,,,
Bolaget,2026-04-06 01:11 UTC,1120145,,,,,,,,,,,,,,
JULIETT,2026-04-06 01:11 UTC,469284,,,,,,,,,,,,,,
Dubioza Kolektive,2026-04-06 01:11 UTC,396044,,,,,,,,,,,,,,
Mr Dutt,2026-04-06 01:11 UTC,1092865,,,,,,,,,,,,,,
Zycan,2026-04-06 01:11 UTC,1071440,,,,,,,,,,,,,,
Maya Engen,2026-04-06 01:11 UTC,75719,,,,,,,,,,,,,,
Maviler,2026-04-06 01:11 UTC,791969,,,,,,,,,,,,,,
Donda,2026-04-06 01:11 UTC,1775206,,,,,,,,,,,,,,
STELLA LEFTY,2026-04-06 01:11 UTC,2803968,,,,,,,,,,,,,,
Girl Scout,2026-04-06 08:24 UTC,340128,,,,,,,,,,,,,,2026-04-06
King Kylie,2026-04-06 08:24 UTC,2267841,,,,,,,,,,,,,,2026-04-06
Andre Troutman,2026-04-06 08:24 UTC,6243004,,,,,,,,,,,,,,2026-04-06
Ye,2026-04-06 08:24 UTC,12521371,,,,,,,,,,,,,,2026-04-06
STEREO,2026-04-06 08:24 UTC,1404100,,,,,,,,,,,,,,2026-04-06
Canyon,2026-04-06 08:24 UTC,43306,,,,,,,,,,,,,,2026-04-06
Lightris,2026-04-06 08:24 UTC,669862,,,,,,,,,,,,,,2026-04-06
Leni Woess,2026-04-06 08:24 UTC,839252,,,,,,,,,,,,,,2026-04-06
Vaibhav Gupta,2026-04-06 08:24 UTC,2220586,,,,,,,,,,,,,,2026-04-06
Banjaare,2026-04-06 08:24 UTC,13292531,,,,,,,,,,,,,,2026-04-06
Corridos del Rey,2026-04-06 08:24 UTC,781616,,,,,,,,,,,,,,2026-04-06
YBRE,2026-04-06 08:24 UTC,961399,,,,,,,,,,,,,,2026-04-06
Temper City,2026-04-06 08:24 UTC,5192699,,,,,,,,,,,,,,2026-04-06
Bausa,2026-04-06 08:24 UTC,3647059,,,,,,,,,,,,,,2026-04-06
Sons of Yusuf,2026-04-06 08:24 UTC,1404226,,,,,,,,,,,,,,2026-04-06
Bryan Countach,2026-04-06 08:24 UTC,197470,,,,,,,,,,,,,,2026-04-06
Harrd Luck,2026-04-06 08:24 UTC,142863,,,,,,,,,,,,,,2026-04-06
Aiyana-Lee,2026-04-06 08:24 UTC,1300088,,,,,,,,,,,,,,2026-04-06
Stopthis,2026-04-06 08:24 UTC,52023,,,,,,,,,,,,,,2026-04-06
$t3PPA,2026-04-06 08:24 UTC,77364,,,,,,,,,,,,,,2026-04-06
girlsweetvoiced,2026-04-06 08:24 UTC,516139,,,,,,,,,,,,,,2026-04-06
Slayr,2026-04-06 08:24 UTC,1137332,,,,,,,,,,,,,,2026-04-06
twentythree,2026-04-06 08:24 UTC,1224095,,,,,,,,,,,,,,2026-04-06
Will Sass,2026-04-06 08:24 UTC,670777,,,,,,,,,,,,,,2026-04-06
FIFA Sound,2026-04-06 08:24 UTC,2083997,,,,,,,,,,,,,,2026-04-06
Joy Rhodes,2026-04-06 08:24 UTC,354403,,,,,,,,,,,,,,2026-04-06
Yonusa,2026-04-06 08:24 UTC,245159,,,,,,,,,,,,,,2026-04-06
Duygu Edis,2026-04-06 08:24 UTC,2036419,,,,,,,,,,,,,,2026-04-06
13dge,2026-04-06 08:24 UTC,3790,,,,,,,,,,,,,,2026-04-06
girl_irl,2026-04-06 08:24 UTC,123700,,,,,,,,,,,,,,2026-04-06
Indigo De Souza,2026-04-06 08:24 UTC,1573941,,,,,,,,,,,,,,2026-04-06
Lamb,2026-04-06 08:24 UTC,374910,,,,,,,,,,,,,,2026-04-06
Dean Turnley,2026-04-06 08:24 UTC,1139477,,,,,,,,,,,,,,2026-04-06
M!LK,2026-04-06 08:24 UTC,2604903,,,,,,,,,,,,,,2026-04-06
gnawvs,2026-04-06 08:24 UTC,1430,,,,,,,,,,,,,,2026-04-06
Tom Did It,2026-04-06 08:24 UTC,948717,,,,,,,,,,,,,,2026-04-06
Daniel Žižka,2026-04-06 08:24 UTC,160363,,,,,,,,,,,,,,2026-04-06
Crystalo,2026-04-06 08:24 UTC,407905,,,,,,,,,,,,,,2026-04-06
F3miii,2026-04-06 08:24 UTC,1513285,,,,,,,,,,,,,,2026-04-06
TXKUMOON,2026-04-06 08:24 UTC,434261,,,,,,,,,,,,,,2026-04-06
North West,2026-04-06 08:24 UTC,588054,,,,,,,,,,,,,,2026-04-06
Maphra,2026-04-06 08:24 UTC,1220516,,,,,,,,,,,,,,2026-04-06
Tom Right,2026-04-06 08:24 UTC,682310,,,,,,,,,,,,,,2026-04-06
Nickatnite,2026-04-06 08:24 UTC,2465,,,,,,,,,,,,,,2026-04-06
Warren Roob,2026-04-06 08:24 UTC,591535,,,,,,,,,,,,,,2026-04-06
Angine de Poitrine,2026-04-06 08:24 UTC,1230622,,,,,,,,,,,,,,2026-04-06
Valter Nilsson,2026-04-06 08:24 UTC,208451,,,,,,,,,,,,,,2026-04-06
Delara,2026-04-06 08:24 UTC,779046,,,,,,,,,,,,,,2026-04-06
Fcukers,2026-04-06 08:24 UTC,2103248,,,,,,,,,,,,,,2026-04-06
M4IA,2026-04-06 08:24 UTC,176095,,,,,,,,,,,,,,2026-04-06
MAGIC SOUND WOLF,2026-04-06 08:24 UTC,324993,,,,,,,,,,,,,,2026-04-06
marquitos,2026-04-06 08:24 UTC,696601,,,,,,,,,,,,,,2026-04-06
Sreemani,2026-04-06 08:24 UTC,1385106,,,,,,,,,,,,,,2026-04-06
dunderjeppe,2026-04-06 08:24 UTC,23566,,,,,,,,,,,,,,2026-04-06
Khan Saab,2026-04-06 08:24 UTC,9571646,,,,,,,,,,,,,,2026-04-06
YUNA,2026-04-06 08:24 UTC,769489,,,,,,,,,,,,,,2026-04-06
Ullah,2026-04-06 08:24 UTC,67455,,,,,,,,,,,,,,2026-04-06
AQUAFINNA,2026-04-06 08:24 UTC,13069,,,,,,,,,,,,,,2026-04-06
Reble,2026-04-06 08:24 UTC,11349021,,,,,,,,,,,,,,2026-04-06
Nine Vicious,2026-04-06 08:24 UTC,1015382,,,,,,,,,,,,,,2026-04-06
Duskydemise archive,2026-04-06 08:24 UTC,206671,,,,,,,,,,,,,,2026-04-06
A2ANTI,2026-04-06 08:24 UTC,1360798,,,,,,,,,,,,,,2026-04-06
Swizz Beatz,2026-04-06 08:24 UTC,1082383,,,,,,,,,,,,,,2026-04-06
Slim Jxmmy,2026-04-06 08:24 UTC,37835,,,,,,,,,,,,,,2026-04-06
Tiffany Day,2026-04-06 08:24 UTC,812903,,,,,,,,,,,,,,2026-04-06
MIKE,2026-04-06 08:24 UTC,865759,,,,,,,,,,,,,,2026-04-06
SURF GANG,2026-04-06 08:24 UTC,640883,,,,,,,,,,,,,,2026-04-06
EMJIE,2026-04-06 08:24 UTC,125365,,,,,,,,,,,,,,2026-04-06
Dale Move,2026-04-06 08:24 UTC,163139,,,,,,,,,,,,,,2026-04-06
The Long Faces,2026-04-06 08:24 UTC,2675115,,,,,,,,,,,,,,2026-04-06
Dante,2026-04-06 08:24 UTC,254962,,,,,,,,,,,,,,2026-04-06
Bolaget,2026-04-06 08:24 UTC,1120145,,,,,,,,,,,,,,2026-04-06
JULIETT,2026-04-06 08:24 UTC,469284,,,,,,,,,,,,,,2026-04-06
Dubioza Kolektive,2026-04-06 08:24 UTC,396044,,,,,,,,,,,,,,2026-04-06
Mr Dutt,2026-04-06 08:24 UTC,1092865,,,,,,,,,,,,,,2026-04-06
Zycan,2026-04-06 08:24 UTC,1071440,,,,,,,,,,,,,,2026-04-06
Maya Engen,2026-04-06 08:24 UTC,75719,,,,,,,,,,,,,,2026-04-06
Maviler,2026-04-06 08:24 UTC,791969,,,,,,,,,,,,,,2026-04-06
Donda,2026-04-06 08:24 UTC,1775206,,,,,,,,,,,,,,2026-04-06
STELLA LEFTY,2026-04-06 08:24 UTC,2803968,,,,,,,,,,,,,,2026-04-06
nocashfromparents,2026-04-06 08:24 UTC,599781,,,,,,,,,,,,,,2026-04-06
00pium!*,2026-04-06 08:24 UTC,163,,,,,,,,,,,,,,2026-04-06
dyingoutlay,2026-04-06 08:24 UTC,162,,,,,,,,,,,,,,2026-04-06
Girl Scout,2026-04-06 23:53 UTC,336201,,,,,,,,,,,,,,
King Kylie,2026-04-06 23:53 UTC,2291799,,,,,,,,,,,,,,
Andre Troutman,2026-04-06 23:53 UTC,6623029,,,,,,,,,,,,,,
Ye,2026-04-06 23:53 UTC,13214166,,,,,,,,,,,,,,
STEREO,2026-04-06 23:53 UTC,1439468,,,,,,,,,,,,,,
Canyon,2026-04-06 23:53 UTC,44283,,,,,,,,,,,,,,
Lightris,2026-04-06 23:53 UTC,685052,,,,,,,,,,,,,,
Leni Woess,2026-04-06 23:53 UTC,854895,,,,,,,,,,,,,,
Vaibhav Gupta,2026-04-06 23:53 UTC,2287155,,,,,,,,,,,,,,
Banjaare,2026-04-06 23:53 UTC,13652604,,,,,,,,,,,,,,
Corridos del Rey,2026-04-06 23:53 UTC,813744,,,,,,,,,,,,,,
YBRE,2026-04-06 23:53 UTC,973931,,,,,,,,,,,,,,
Temper City,2026-04-06 23:53 UTC,5320233,,,,,,,,,,,,,,
Bausa,2026-04-06 23:53 UTC,3679900,,,,,,,,,,,,,,
Sons of Yusuf,2026-04-06 23:53 UTC,1466935,,,,,,,,,,,,,,
Bryan Countach,2026-04-06 23:53 UTC,204343,,,,,,,,,,,,,,
Harrd Luck,2026-04-06 23:53 UTC,148544,,,,,,,,,,,,,,
Aiyana-Lee,2026-04-06 23:53 UTC,1317871,,,,,,,,,,,,,,
Stopthis,2026-04-06 23:53 UTC,52918,,,,,,,,,,,,,,
$t3PPA,2026-04-06 23:53 UTC,80926,,,,,,,,,,,,,,
girlsweetvoiced,2026-04-06 23:53 UTC,543621,,,,,,,,,,,,,,
Slayr,2026-04-06 23:53 UTC,1149591,,,,,,,,,,,,,,
twentythree,2026-04-06 23:53 UTC,1251553,,,,,,,,,,,,,,
Will Sass,2026-04-06 23:53 UTC,682399,,,,,,,,,,,,,,
FIFA Sound,2026-04-06 23:53 UTC,2156975,,,,,,,,,,,,,,
Joy Rhodes,2026-04-06 23:53 UTC,359690,,,,,,,,,,,,,,
Yonusa,2026-04-06 23:53 UTC,254071,,,,,,,,,,,,,,
Duygu Edis,2026-04-06 23:53 UTC,2157375,,,,,,,,,,,,,,
13dge,2026-04-06 23:53 UTC,3801,,,,,,,,,,,,,,
girl_irl,2026-04-06 23:53 UTC,125089,,,,,,,,,,,,,,
Indigo De Souza,2026-04-06 23:53 UTC,1601888,,,,,,,,,,,,,,
Lamb,2026-04-06 23:53 UTC,379503,,,,,,,,,,,,,,
Dean Turnley,2026-04-06 23:53 UTC,1171712,,,,,,,,,,,,,,
M!LK,2026-04-06 23:53 UTC,2610366,,,,,,,,,,,,,,
gnawvs,2026-04-06 23:53 UTC,1475,,,,,,,,,,,,,,
Tom Did It,2026-04-06 23:53 UTC,975393,,,,,,,,,,,,,,
Daniel Žižka,2026-04-06 23:53 UTC,162920,,,,,,,,,,,,,,
Crystalo,2026-04-06 23:53 UTC,421984,,,,,,,,,,,,,,
F3miii,2026-04-06 23:53 UTC,1574245,,,,,,,,,,,,,,
TXKUMOON,2026-04-06 23:53 UTC,452879,,,,,,,,,,,,,,
North West,2026-04-06 23:53 UTC,589702,,,,,,,,,,,,,,
Maphra,2026-04-06 23:53 UTC,1240739,,,,,,,,,,,,,,
Tom Right,2026-04-06 23:53 UTC,700444,,,,,,,,,,,,,,
Nickatnite,2026-04-06 23:53 UTC,3467,,,,,,,,,,,,,,
Warren Roob,2026-04-06 23:53 UTC,609508,,,,,,,,,,,,,,
Angine de Poitrine,2026-04-06 23:53 UTC,1293572,,,,,,,,,,,,,,
Valter Nilsson,2026-04-06 23:53 UTC,209687,,,,,,,,,,,,,,
Delara,2026-04-06 23:53 UTC,780740,,,,,,,,,,,,,,
Fcukers,2026-04-06 23:53 UTC,2102105,,,,,,,,,,,,,,
M4IA,2026-04-06 23:53 UTC,189657,,,,,,,,,,,,,,
MAGIC SOUND WOLF,2026-04-06 23:53 UTC,334942,,,,,,,,,,,,,,
marquitos,2026-04-06 23:53 UTC,710720,,,,,,,,,,,,,,
Sreemani,2026-04-06 23:53 UTC,1450932,,,,,,,,,,,,,,
dunderjeppe,2026-04-06 23:53 UTC,24306,,,,,,,,,,,,,,
Khan Saab,2026-04-06 23:53 UTC,9938298,,,,,,,,,,,,,,
YUNA,2026-04-06 23:53 UTC,818026,,,,,,,,,,,,,,
Ullah,2026-04-06 23:53 UTC,68622,,,,,,,,,,,,,,
AQUAFINNA,2026-04-06 23:53 UTC,13699,,,,,,,,,,,,,,
Reble,2026-04-06 23:53 UTC,11629578,,,,,,,,,,,,,,
Nine Vicious,2026-04-06 23:53 UTC,1035144,,,,,,,,,,,,,,
Duskydemise archive,2026-04-06 23:53 UTC,216918,,,,,,,,,,,,,,
A2ANTI,2026-04-06 23:53 UTC,1387025,,,,,,,,,,,,,,
Swizz Beatz,2026-04-06 23:53 UTC,1118769,,,,,,,,,,,,,,
Slim Jxmmy,2026-04-06 23:53 UTC,37630,,,,,,,,,,,,,,
Tiffany Day,2026-04-06 23:53 UTC,849913,,,,,,,,,,,,,,
MIKE,2026-04-06 23:53 UTC,878594,,,,,,,,,,,,,,
SURF GANG,2026-04-06 23:53 UTC,665802,,,,,,,,,,,,,,
EMJIE,2026-04-06 23:53 UTC,129654,,,,,,,,,,,,,,
Dale Move,2026-04-06 23:53 UTC,170591,,,,,,,,,,,,,,
The Long Faces,2026-04-06 23:53 UTC,2753110,,,,,,,,,,,,,,
Dante,2026-04-06 23:53 UTC,279700,,,,,,,,,,,,,,
Bolaget,2026-04-06 23:53 UTC,1130381,,,,,,,,,,,,,,
JULIETT,2026-04-06 23:53 UTC,450089,,,,,,,,,,,,,,
Dubioza Kolektive,2026-04-06 23:53 UTC,422044,,,,,,,,,,,,,,
Mr Dutt,2026-04-06 23:53 UTC,1164005,,,,,,,,,,,,,,
Zycan,2026-04-06 23:53 UTC,1195798,,,,,,,,,,,,,,
Maya Engen,2026-04-06 23:53 UTC,76485,,,,,,,,,,,,,,
Maviler,2026-04-06 23:53 UTC,824534,,,,,,,,,,,,,,
Donda,2026-04-06 23:53 UTC,1829841,,,,,,,,,,,,,,
STELLA LEFTY,2026-04-06 23:53 UTC,2924621,,,,,,,,,,,,,,
nocashfromparents,2026-04-06 23:53 UTC,628012,,,,,,,,,,,,,,
00pium!*,2026-04-06 23:53 UTC,165,,,,,,,,,,,,,,
dyingoutlay,2026-04-06 23:53 UTC,164,,,,,,,,,,,,,,
Girl Scout,2026-04-07 23:56 UTC,331414,,,,,,,,,,,,,,
King Kylie,2026-04-07 23:56 UTC,2312795,,,,,,,,,,,,,,
Andre Troutman,2026-04-07 23:56 UTC,7008249,,,,,,,,,,,,,,
Ye,2026-04-07 23:56 UTC,13895144,,,,,,,,,,,,,,
STEREO,2026-04-07 23:56 UTC,1477583,,,,,,,,,,,,,,
Canyon,2026-04-07 23:56 UTC,44978,,,,,,,,,,,,,,
Lightris,2026-04-07 23:56 UTC,699442,,,,,,,,,,,,,,
Leni Woess,2026-04-07 23:56 UTC,867828,,,,,,,,,,,,,,
Vaibhav Gupta,2026-04-07 23:56 UTC,2355051,,,,,,,,,,,,,,
Banjaare,2026-04-07 23:56 UTC,13970769,,,,,,,,,,,,,,
Corridos del Rey,2026-04-07 23:56 UTC,848467,,,,,,,,,,,,,,
YBRE,2026-04-07 23:56 UTC,986647,,,,,,,,,,,,,,
Temper City,2026-04-07 23:56 UTC,5448465,,,,,,,,,,,,,,
Bausa,2026-04-07 23:56 UTC,3715924,,,,,,,,,,,,,,
Sons of Yusuf,2026-04-07 23:56 UTC,1525104,,,,,,,,,,,,,,
Bryan Countach,2026-04-07 23:56 UTC,211275,,,,,,,,,,,,,,
Harrd Luck,2026-04-07 23:56 UTC,153922,,,,,,,,,,,,,,
Aiyana-Lee,2026-04-07 23:56 UTC,1332309,,,,,,,,,,,,,,
Stopthis,2026-04-07 23:56 UTC,53552,,,,,,,,,,,,,,
$t3PPA,2026-04-07 23:56 UTC,83891,,,,,,,,,,,,,,
girlsweetvoiced,2026-04-07 23:56 UTC,577743,,,,,,,,,,,,,,
Slayr,2026-04-07 23:56 UTC,1164789,,,,,,,,,,,,,,
twentythree,2026-04-07 23:56 UTC,1278322,,,,,,,,,,,,,,
Will Sass,2026-04-07 23:56 UTC,696896,,,,,,,,,,,,,,
FIFA Sound,2026-04-07 23:56 UTC,2219978,,,,,,,,,,,,,,
Joy Rhodes,2026-04-07 23:56 UTC,366341,,,,,,,,,,,,,,
Yonusa,2026-04-07 23:56 UTC,263601,,,,,,,,,,,,,,
Duygu Edis,2026-04-07 23:56 UTC,2232787,,,,,,,,,,,,,,
13dge,2026-04-07 23:56 UTC,3838,,,,,,,,,,,,,,
girl_irl,2026-04-07 23:56 UTC,126874,,,,,,,,,,,,,,
Indigo De Souza,2026-04-07 23:56 UTC,1631747,,,,,,,,,,,,,,
Lamb,2026-04-07 23:56 UTC,380064,,,,,,,,,,,,,,
Dean Turnley,2026-04-07 23:56 UTC,1207170,,,,,,,,,,,,,,
M!LK,2026-04-07 23:56 UTC,2617059,,,,,,,,,,,,,,
gnawvs,2026-04-07 23:56 UTC,1573,,,,,,,,,,,,,,
Tom Did It,2026-04-07 23:56 UTC,1001892,,,,,,,,,,,,,,
Daniel Žižka,2026-04-07 23:56 UTC,165033,,,,,,,,,,,,,,
Crystalo,2026-04-07 23:56 UTC,434752,,,,,,,,,,,,,,
F3miii,2026-04-07 23:56 UTC,1638613,,,,,,,,,,,,,,
TXKUMOON,2026-04-07 23:56 UTC,472713,,,,,,,,,,,,,,
North West,2026-04-07 23:56 UTC,591216,,,,,,,,,,,,,,
Maphra,2026-04-07 23:56 UTC,1266769,,,,,,,,,,,,,,
Tom Right,2026-04-07 23:56 UTC,718917,,,,,,,,,,,,,,
Nickatnite,2026-04-07 23:56 UTC,6175,,,,,,,,,,,,,,
Warren Roob,2026-04-07 23:56 UTC,621408,,,,,,,,,,,,,,
Angine de Poitrine,2026-04-07 23:56 UTC,1358612,,,,,,,,,,,,,,
Valter Nilsson,2026-04-07 23:56 UTC,209936,,,,,,,,,,,,,,
Delara,2026-04-07 23:56 UTC,783190,,,,,,,,,,,,,,
Fcukers,2026-04-07 23:56 UTC,2103775,,,,,,,,,,,,,,
M4IA,2026-04-07 23:56 UTC,202025,,,,,,,,,,,,,,
MAGIC SOUND WOLF,2026-04-07 23:56 UTC,344233,,,,,,,,,,,,,,
marquitos,2026-04-07 23:56 UTC,730977,,,,,,,,,,,,,,
Sreemani,2026-04-07 23:56 UTC,1512474,,,,,,,,,,,,,,
dunderjeppe,2026-04-07 23:56 UTC,24843,,,,,,,,,,,,,,
Khan Saab,2026-04-07 23:56 UTC,10277339,,,,,,,,,,,,,,
YUNA,2026-04-07 23:56 UTC,877375,,,,,,,,,,,,,,
Ullah,2026-04-07 23:56 UTC,70344,,,,,,,,,,,,,,
AQUAFINNA,2026-04-07 23:56 UTC,14432,,,,,,,,,,,,,,
Reble,2026-04-07 23:56 UTC,11894307,,,,,,,,,,,,,,
Nine Vicious,2026-04-07 23:56 UTC,1052582,,,,,,,,,,,,,,
Duskydemise archive,2026-04-07 23:56 UTC,226519,,,,,,,,,,,,,,
A2ANTI,2026-04-07 23:56 UTC,1412400,,,,,,,,,,,,,,
Swizz Beatz,2026-04-07 23:56 UTC,1139482,,,,,,,,,,,,,,
Slim Jxmmy,2026-04-07 23:56 UTC,37604,,,,,,,,,,,,,,
Tiffany Day,2026-04-07 23:56 UTC,888964,,,,,,,,,,,,,,
MIKE,2026-04-07 23:56 UTC,890327,,,,,,,,,,,,,,
SURF GANG,2026-04-07 23:56 UTC,690917,,,,,,,,,,,,,,
EMJIE,2026-04-07 23:56 UTC,135660,,,,,,,,,,,,,,
Dale Move,2026-04-07 23:56 UTC,177065,,,,,,,,,,,,,,
The Long Faces,2026-04-07 23:56 UTC,2829608,,,,,,,,,,,,,,
Dante,2026-04-07 23:56 UTC,307321,,,,,,,,,,,,,,
Bolaget,2026-04-07 23:56 UTC,1140500,,,,,,,,,,,,,,
JULIETT,2026-04-07 23:56 UTC,441319,,,,,,,,,,,,,,
Dubioza Kolektive,2026-04-07 23:56 UTC,442967,,,,,,,,,,,,,,
Mr Dutt,2026-04-07 23:56 UTC,1235790,,,,,,,,,,,,,,
Zycan,2026-04-07 23:56 UTC,1326733,,,,,,,,,,,,,,
Maya Engen,2026-04-07 23:56 UTC,77151,,,,,,,,,,,,,,
Maviler,2026-04-07 23:56 UTC,850884,,,,,,,,,,,,,,
Donda,2026-04-07 23:56 UTC,1884721,,,,,,,,,,,,,,
STELLA LEFTY,2026-04-07 23:56 UTC,3044421,,,,,,,,,,,,,,
nocashfromparents,2026-04-07 23:56 UTC,651904,,,,,,,,,,,,,,
00pium!*,2026-04-07 23:56 UTC,168,,,,,,,,,,,,,,
dyingoutlay,2026-04-07 23:56 UTC,167,,,,,,,,,,,,,,
Girl Scout,2026-04-08 23:55 UTC,326762,,,,,,,,,,,,,,
King Kylie,2026-04-08 23:55 UTC,2332265,,,,,,,,,,,,,,
Andre Troutman,2026-04-08 23:55 UTC,7360472,,,,,,,,,,,,,,
Ye,2026-04-08 23:55 UTC,14553086,,,,,,,,,,,,,,
STEREO,2026-04-08 23:55 UTC,1516326,,,,,,,,,,,,,,
Canyon,2026-04-08 23:55 UTC,46211,,,,,,,,,,,,,,
Lightris,2026-04-08 23:55 UTC,715875,,,,,,,,,,,,,,
Leni Woess,2026-04-08 23:55 UTC,880243,,,,,,,,,,,,,,
Vaibhav Gupta,2026-04-08 23:55 UTC,2418783,,,,,,,,,,,,,,
Banjaare,2026-04-08 23:55 UTC,14287801,,,,,,,,,,,,,,
Corridos del Rey,2026-04-08 23:55 UTC,888911,,,,,,,,,,,,,,
YBRE,2026-04-08 23:55 UTC,1000892,,,,,,,,,,,,,,
Temper City,2026-04-08 23:55 UTC,5581169,,,,,,,,,,,,,,
Bausa,2026-04-08 23:55 UTC,3745075,,,,,,,,,,,,,,
Sons of Yusuf,2026-04-08 23:55 UTC,1579806,,,,,,,,,,,,,,
Bryan Countach,2026-04-08 23:55 UTC,217605,,,,,,,,,,,,,,
Harrd Luck,2026-04-08 23:55 UTC,159130,,,,,,,,,,,,,,
Aiyana-Lee,2026-04-08 23:55 UTC,1337657,,,,,,,,,,,,,,
Stopthis,2026-04-08 23:55 UTC,54305,,,,,,,,,,,,,,
$t3PPA,2026-04-08 23:55 UTC,86875,,,,,,,,,,,,,,
girlsweetvoiced,2026-04-08 23:55 UTC,613271,,,,,,,,,,,,,,
Slayr,2026-04-08 23:55 UTC,1171916,,,,,,,,,,,,,,
twentythree,2026-04-08 23:55 UTC,1303842,,,,,,,,,,,,,,
Will Sass,2026-04-08 23:55 UTC,711187,,,,,,,,,,,,,,
FIFA Sound,2026-04-08 23:55 UTC,2276945,,,,,,,,,,,,,,
Joy Rhodes,2026-04-08 23:55 UTC,374411,,,,,,,,,,,,,,
Yonusa,2026-04-08 23:55 UTC,272934,,,,,,,,,,,,,,
Duygu Edis,2026-04-08 23:55 UTC,2312446,,,,,,,,,,,,,,
13dge,2026-04-08 23:55 UTC,3936,,,,,,,,,,,,,,
girl_irl,2026-04-08 23:55 UTC,128973,,,,,,,,,,,,,,
Indigo De Souza,2026-04-08 23:55 UTC,1659184,,,,,,,,,,,,,,
Lamb,2026-04-08 23:55 UTC,384638,,,,,,,,,,,,,,
Dean Turnley,2026-04-08 23:55 UTC,1243408,,,,,,,,,,,,,,
M!LK,2026-04-08 23:55 UTC,2618786,,,,,,,,,,,,,,
gnawvs,2026-04-08 23:55 UTC,1642,,,,,,,,,,,,,,
Tom Did It,2026-04-08 23:55 UTC,1027185,,,,,,,,,,,,,,
Daniel Žižka,2026-04-08 23:55 UTC,167045,,,,,,,,,,,,,,
Crystalo,2026-04-08 23:55 UTC,446485,,,,,,,,,,,,,,
F3miii,2026-04-08 23:55 UTC,1702171,,,,,,,,,,,,,,
TXKUMOON,2026-04-08 23:55 UTC,491480,,,,,,,,,,,,,,
North West,2026-04-08 23:55 UTC,591360,,,,,,,,,,,,,,
Maphra,2026-04-08 23:55 UTC,1299339,,,,,,,,,,,,,,
Tom Right,2026-04-08 23:55 UTC,742619,,,,,,,,,,,,,,
Nickatnite,2026-04-08 23:55 UTC,7516,,,,,,,,,,,,,,
Warren Roob,2026-04-08 23:55 UTC,626782,,,,,,,,,,,,,,
Angine de Poitrine,2026-04-08 23:55 UTC,1440331,,,,,,,,,,,,,,
Valter Nilsson,2026-04-08 23:55 UTC,209770,,,,,,,,,,,,,,
Delara,2026-04-08 23:55 UTC,785954,,,,,,,,,,,,,,
Fcukers,2026-04-08 23:55 UTC,2104343,,,,,,,,,,,,,,
M4IA,2026-04-08 23:55 UTC,213092,,,,,,,,,,,,,,
MAGIC SOUND WOLF,2026-04-08 23:55 UTC,353709,,,,,,,,,,,,,,
marquitos,2026-04-08 23:55 UTC,753191,,,,,,,,,,,,,,
Sreemani,2026-04-08 23:55 UTC,1575761,,,,,,,,,,,,,,
dunderjeppe,2026-04-08 23:55 UTC,25518,,,,,,,,,,,,,,
Khan Saab,2026-04-08 23:55 UTC,10605515,,,,,,,,,,,,,,
YUNA,2026-04-08 23:55 UTC,921507,,,,,,,,,,,,,,
Ullah,2026-04-08 23:55 UTC,72415,,,,,,,,,,,,,,
AQUAFINNA,2026-04-08 23:55 UTC,15123,,,,,,,,,,,,,,
Reble,2026-04-08 23:55 UTC,12143921,,,,,,,,,,,,,,
Nine Vicious,2026-04-08 23:55 UTC,1069536,,,,,,,,,,,,,,
Duskydemise archive,2026-04-08 23:55 UTC,235995,,,,,,,,,,,,,,
A2ANTI,2026-04-08 23:55 UTC,1439801,,,,,,,,,,,,,,
Swizz Beatz,2026-04-08 23:55 UTC,1155062,,,,,,,,,,,,,,
Slim Jxmmy,2026-04-08 23:55 UTC,37445,,,,,,,,,,,,,,
Tiffany Day,2026-04-08 23:55 UTC,928440,,,,,,,,,,,,,,
MIKE,2026-04-08 23:55 UTC,898203,,,,,,,,,,,,,,
SURF GANG,2026-04-08 23:55 UTC,709378,,,,,,,,,,,,,,
EMJIE,2026-04-08 23:55 UTC,144430,,,,,,,,,,,,,,
Dale Move,2026-04-08 23:55 UTC,184875,,,,,,,,,,,,,,
The Long Faces,2026-04-08 23:55 UTC,2913513,,,,,,,,,,,,,,
Dante,2026-04-08 23:55 UTC,334753,,,,,,,,,,,,,,
Bolaget,2026-04-08 23:55 UTC,1149788,,,,,,,,,,,,,,
JULIETT,2026-04-08 23:55 UTC,432426,,,,,,,,,,,,,,
Dubioza Kolektive,2026-04-08 23:55 UTC,460103,,,,,,,,,,,,,,
Mr Dutt,2026-04-08 23:55 UTC,1327793,,,,,,,,,,,,,,
Zycan,2026-04-08 23:55 UTC,1446815,,,,,,,,,,,,,,
Maya Engen,2026-04-08 23:55 UTC,77510,,,,,,,,,,,,,,
Maviler,2026-04-08 23:55 UTC,876969,,,,,,,,,,,,,,
Donda,2026-04-08 23:55 UTC,1937310,,,,,,,,,,,,,,
STELLA LEFTY,2026-04-08 23:55 UTC,3153626,,,,,,,,,,,,,,
nocashfromparents,2026-04-08 23:55 UTC,680596,,,,,,,,,,,,,,
00pium!*,2026-04-08 23:55 UTC,172,,,,,,,,,,,,,,
dyingoutlay,2026-04-08 23:55 UTC,171,,,,,,,,,,,,,,
Girl Scout,2026-04-10 00:02 UTC,322009,,,,,,,,,,,,,,
King Kylie,2026-04-10 00:02 UTC,2351336,,,,,,,,,,,,,,
Andre Troutman,2026-04-10 00:02 UTC,7642040,,,,,,,,,,,,,,
Ye,2026-04-10 00:02 UTC,15138324,,,,,,,,,,,,,,
STEREO,2026-04-10 00:02 UTC,1556675,,,,,,,,,,,,,,
Canyon,2026-04-10 00:02 UTC,47288,,,,,,,,,,,,,,
Lightris,2026-04-10 00:02 UTC,727669,,,,,,,,,,,,,,
Leni Woess,2026-04-10 00:02 UTC,890746,,,,,,,,,,,,,,
Vaibhav Gupta,2026-04-10 00:02 UTC,2478340,,,,,,,,,,,,,,
Banjaare,2026-04-10 00:02 UTC,14625280,,,,,,,,,,,,,,
Corridos del Rey,2026-04-10 00:02 UTC,928922,,,,,,,,,,,,,,
YBRE,2026-04-10 00:02 UTC,1015711,,,,,,,,,,,,,,
Temper City,2026-04-10 00:02 UTC,5747974,,,,,,,,,,,,,,
Bausa,2026-04-10 00:02 UTC,3770498,,,,,,,,,,,,,,
Sons of Yusuf,2026-04-10 00:02 UTC,1630687,,,,,,,,,,,,,,
Bryan Countach,2026-04-10 00:02 UTC,223182,,,,,,,,,,,,,,
Harrd Luck,2026-04-10 00:02 UTC,163852,,,,,,,,,,,,,,
Aiyana-Lee,2026-04-10 00:02 UTC,1328095,,,,,,,,,,,,,,
Stopthis,2026-04-10 00:02 UTC,54499,,,,,,,,,,,,,,
$t3PPA,2026-04-10 00:02 UTC,89723,,,,,,,,,,,,,,
girlsweetvoiced,2026-04-10 00:02 UTC,649054,,,,,,,,,,,,,,
Slayr,2026-04-10 00:02 UTC,1176475,,,,,,,,,,,,,,
twentythree,2026-04-10 00:02 UTC,1323055,,,,,,,,,,,,,,
Will Sass,2026-04-10 00:02 UTC,725470,,,,,,,,,,,,,,
FIFA Sound,2026-04-10 00:02 UTC,2333929,,,,,,,,,,,,,,
Joy Rhodes,2026-04-10 00:02 UTC,382462,,,,,,,,,,,,,,
Yonusa,2026-04-10 00:02 UTC,281810,,,,,,,,,,,,,,
Duygu Edis,2026-04-10 00:02 UTC,2388722,,,,,,,,,,,,,,
13dge,2026-04-10 00:02 UTC,3969,,,,,,,,,,,,,,
girl_irl,2026-04-10 00:02 UTC,130634,,,,,,,,,,,,,,
Indigo De Souza,2026-04-10 00:02 UTC,1685766,,,,,,,,,,,,,,
Lamb,2026-04-10 00:02 UTC,390147,,,,,,,,,,,,,,
Dean Turnley,2026-04-10 00:02 UTC,1282451,,,,,,,,,,,,,,
M!LK,2026-04-10 00:02 UTC,2620745,,,,,,,,,,,,,,
gnawvs,2026-04-10 00:02 UTC,1672,,,,,,,,,,,,,,
Tom Did It,2026-04-10 00:02 UTC,1054788,,,,,,,,,,,,,,
Daniel Žižka,2026-04-10 00:02 UTC,163793,,,,,,,,,,,,,,
Crystalo,2026-04-10 00:02 UTC,457572,,,,,,,,,,,,,,
F3miii,2026-04-10 00:02 UTC,1793608,,,,,,,,,,,,,,
TXKUMOON,2026-04-10 00:02 UTC,511155,,,,,,,,,,,,,,
North West,2026-04-10 00:02 UTC,593866,,,,,,,,,,,,,,
Maphra,2026-04-10 00:02 UTC,1322468,,,,,,,,,,,,,,
Tom Right,2026-04-10 00:02 UTC,761002,,,,,,,,,,,,,,
Nickatnite,2026-04-10 00:02 UTC,8179,,,,,,,,,,,,,,
Warren Roob,2026-04-10 00:02 UTC,633729,,,,,,,,,,,,,,
Angine de Poitrine,2026-04-10 00:02 UTC,1523985,,,,,,,,,,,,,,
Valter Nilsson,2026-04-10 00:02 UTC,210873,,,,,,,,,,,,,,
Delara,2026-04-10 00:02 UTC,788961,,,,,,,,,,,,,,
Fcukers,2026-04-10 00:02 UTC,2113859,,,,,,,,,,,,,,
M4IA,2026-04-10 00:02 UTC,223408,,,,,,,,,,,,,,
MAGIC SOUND WOLF,2026-04-10 00:02 UTC,371523,,,,,,,,,,,,,,
marquitos,2026-04-10 00:02 UTC,773215,,,,,,,,,,,,,,
Sreemani,2026-04-10 00:02 UTC,1636484,,,,,,,,,,,,,,
dunderjeppe,2026-04-10 00:02 UTC,26205,,,,,,,,,,,,,,
Khan Saab,2026-04-10 00:02 UTC,10924575,,,,,,,,,,,,,,
YUNA,2026-04-10 00:02 UTC,963544,,,,,,,,,,,,,,
Ullah,2026-04-10 00:02 UTC,74348,,,,,,,,,,,,,,
AQUAFINNA,2026-04-10 00:02 UTC,15604,,,,,,,,,,,,,,
Reble,2026-04-10 00:02 UTC,12374379,,,,,,,,,,,,,,
Nine Vicious,2026-04-10 00:02 UTC,1092016,,,,,,,,,,,,,,
Duskydemise archive,2026-04-10 00:02 UTC,248403,,,,,,,,,,,,,,
A2ANTI,2026-04-10 00:02 UTC,1471016,,,,,,,,,,,,,,
Swizz Beatz,2026-04-10 00:02 UTC,1167845,,,,,,,,,,,,,,
Slim Jxmmy,2026-04-10 00:02 UTC,37144,,,,,,,,,,,,,,
Tiffany Day,2026-04-10 00:02 UTC,978364,,,,,,,,,,,,,,
MIKE,2026-04-10 00:02 UTC,908376,,,,,,,,,,,,,,
SURF GANG,2026-04-10 00:02 UTC,727795,,,,,,,,,,,,,,
EMJIE,2026-04-10 00:02 UTC,152665,,,,,,,,,,,,,,
Dale Move,2026-04-10 00:02 UTC,192073,,,,,,,,,,,,,,
The Long Faces,2026-04-10 00:02 UTC,2979363,,,,,,,,,,,,,,
Dante,2026-04-10 00:02 UTC,360268,,,,,,,,,,,,,,
Bolaget,2026-04-10 00:02 UTC,1160773,,,,,,,,,,,,,,
JULIETT,2026-04-10 00:02 UTC,425246,,,,,,,,,,,,,,
Dubioza Kolektive,2026-04-10 00:02 UTC,474626,,,,,,,,,,,,,,
Mr Dutt,2026-04-10 00:02 UTC,1419271,,,,,,,,,,,,,,
Zycan,2026-04-10 00:02 UTC,1539842,,,,,,,,,,,,,,
Maya Engen,2026-04-10 00:02 UTC,77720,,,,,,,,,,,,,,
Maviler,2026-04-10 00:02 UTC,904611,,,,,,,,,,,,,,
Donda,2026-04-10 00:02 UTC,1989419,,,,,,,,,,,,,,
STELLA LEFTY,2026-04-10 00:02 UTC,3292477,,,,,,,,,,,,,,
nocashfromparents,2026-04-10 00:02 UTC,704389,,,,,,,,,,,,,,
00pium!*,2026-04-10 00:02 UTC,173,,,,,,,,,,,,,,
dyingoutlay,2026-04-10 00:02 UTC,172,,,,,,,,,,,,,,
Girl Scout,2026-04-10 23:54 UTC,317769,,,,,,,,,,,,,,
King Kylie,2026-04-10 23:54 UTC,2370710,,,,,,,,,,,,,,
Andre Troutman,2026-04-10 23:54 UTC,7915624,,,,,,,,,,,,,,
Ye,2026-04-10 23:54 UTC,15669208,,,,,,,,,,,,,,
STEREO,2026-04-10 23:54 UTC,1593609,,,,,,,,,,,,,,
Canyon,2026-04-10 23:54 UTC,47805,,,,,,,,,,,,,,
Lightris,2026-04-10 23:54 UTC,739595,,,,,,,,,,,,,,
Leni Woess,2026-04-10 23:54 UTC,895869,,,,,,,,,,,,,,
Vaibhav Gupta,2026-04-10 23:54 UTC,2534329,,,,,,,,,,,,,,
Banjaare,2026-04-10 23:54 UTC,14948154,,,,,,,,,,,,,,
Corridos del Rey,2026-04-10 23:54 UTC,969443,,,,,,,,,,,,,,
YBRE,2026-04-10 23:54 UTC,1027687,,,,,,,,,,,,,,
Temper City,2026-04-10 23:54 UTC,5929670,,,,,,,,,,,,,,
Bausa,2026-04-10 23:54 UTC,3793475,,,,,,,,,,,,,,
Sons of Yusuf,2026-04-10 23:54 UTC,1680006,,,,,,,,,,,,,,
Bryan Countach,2026-04-10 23:54 UTC,228002,,,,,,,,,,,,,,
Harrd Luck,2026-04-10 23:54 UTC,168152,,,,,,,,,,,,,,
Aiyana-Lee,2026-04-10 23:54 UTC,1298737,,,,,,,,,,,,,,
Stopthis,2026-04-10 23:54 UTC,54897,,,,,,,,,,,,,,
$t3PPA,2026-04-10 23:54 UTC,92121,,,,,,,,,,,,,,
girlsweetvoiced,2026-04-10 23:54 UTC,690053,,,,,,,,,,,,,,
Slayr,2026-04-10 23:54 UTC,1180759,,,,,,,,,,,,,,
twentythree,2026-04-10 23:54 UTC,1343868,,,,,,,,,,,,,,
Will Sass,2026-04-10 23:54 UTC,744806,,,,,,,,,,,,,,
FIFA Sound,2026-04-10 23:54 UTC,2387843,,,,,,,,,,,,,,
Joy Rhodes,2026-04-10 23:54 UTC,389194,,,,,,,,,,,,,,
Yonusa,2026-04-10 23:54 UTC,290310,,,,,,,,,,,,,,
Duygu Edis,2026-04-10 23:54 UTC,2457036,,,,,,,,,,,,,,
13dge,2026-04-10 23:54 UTC,3984,,,,,,,,,,,,,,
girl_irl,2026-04-10 23:54 UTC,132513,,,,,,,,,,,,,,
Indigo De Souza,2026-04-10 23:54 UTC,1688798,,,,,,,,,,,,,,
Lamb,2026-04-10 23:54 UTC,393713,,,,,,,,,,,,,,
Dean Turnley,2026-04-10 23:54 UTC,1321084,,,,,,,,,,,,,,
M!LK,2026-04-10 23:54 UTC,2624735,,,,,,,,,,,,,,
gnawvs,2026-04-10 23:54 UTC,1697,,,,,,,,,,,,,,
Tom Did It,2026-04-10 23:54 UTC,1080326,,,,,,,,,,,,,,
Daniel Žižka,2026-04-10 23:54 UTC,160570,,,,,,,,,,,,,,
Crystalo,2026-04-10 23:54 UTC,468142,,,,,,,,,,,,,,
F3miii,2026-04-10 23:54 UTC,1888660,,,,,,,,,,,,,,
TXKUMOON,2026-04-10 23:54 UTC,531370,,,,,,,,,,,,,,
North West,2026-04-10 23:54 UTC,591102,,,,,,,,,,,,,,
Maphra,2026-04-10 23:54 UTC,1337726,,,,,,,,,,,,,,
Tom Right,2026-04-10 23:54 UTC,784544,,,,,,,,,,,,,,
Nickatnite,2026-04-10 23:54 UTC,8960,,,,,,,,,,,,,,
Warren Roob,2026-04-10 23:54 UTC,670745,,,,,,,,,,,,,,
Angine de Poitrine,2026-04-10 23:54 UTC,1610382,,,,,,,,,,,,,,
Valter Nilsson,2026-04-10 23:54 UTC,212723,,,,,,,,,,,,,,
Delara,2026-04-10 23:54 UTC,791698,,,,,,,,,,,,,,
Fcukers,2026-04-10 23:54 UTC,2120759,,,,,,,,,,,,,,
M4IA,2026-04-10 23:54 UTC,231357,,,,,,,,,,,,,,
MAGIC SOUND WOLF,2026-04-10 23:54 UTC,389132,,,,,,,,,,,,,,
marquitos,2026-04-10 23:54 UTC,794299,,,,,,,,,,,,,,
Sreemani,2026-04-10 23:54 UTC,1694256,,,,,,,,,,,,,,
dunderjeppe,2026-04-10 23:54 UTC,27049,,,,,,,,,,,,,,
Khan Saab,2026-04-10 23:54 UTC,11199236,,,,,,,,,,,,,,
YUNA,2026-04-10 23:54 UTC,1001513,,,,,,,,,,,,,,
Ullah,2026-04-10 23:54 UTC,75696,,,,,,,,,,,,,,
AQUAFINNA,2026-04-10 23:54 UTC,16268,,,,,,,,,,,,,,
Reble,2026-04-10 23:54 UTC,12564859,,,,,,,,,,,,,,
Nine Vicious,2026-04-10 23:54 UTC,1118506,,,,,,,,,,,,,,
Duskydemise archive,2026-04-10 23:54 UTC,260695,,,,,,,,,,,,,,
A2ANTI,2026-04-10 23:54 UTC,1499050,,,,,,,,,,,,,,
Swizz Beatz,2026-04-10 23:54 UTC,1181422,,,,,,,,,,,,,,
Slim Jxmmy,2026-04-10 23:54 UTC,37056,,,,,,,,,,,,,,
Tiffany Day,2026-04-10 23:54 UTC,1019488,,,,,,,,,,,,,,
MIKE,2026-04-10 23:54 UTC,914634,,,,,,,,,,,,,,
SURF GANG,2026-04-10 23:54 UTC,741331,,,,,,,,,,,,,,
EMJIE,2026-04-10 23:54 UTC,159479,,,,,,,,,,,,,,
Dale Move,2026-04-10 23:54 UTC,199231,,,,,,,,,,,,,,
The Long Faces,2026-04-10 23:54 UTC,3045455,,,,,,,,,,,,,,
Dante,2026-04-10 23:54 UTC,382440,,,,,,,,,,,,,,
Bolaget,2026-04-10 23:54 UTC,1171072,,,,,,,,,,,,,,
JULIETT,2026-04-10 23:54 UTC,418338,,,,,,,,,,,,,,
Dubioza Kolektive,2026-04-10 23:54 UTC,486648,,,,,,,,,,,,,,
Mr Dutt,2026-04-10 23:54 UTC,1514985,,,,,,,,,,,,,,
Zycan,2026-04-10 23:54 UTC,1649868,,,,,,,,,,,,,,
Maya Engen,2026-04-10 23:54 UTC,77199,,,,,,,,,,,,,,
Maviler,2026-04-10 23:54 UTC,932726,,,,,,,,,,,,,,
Donda,2026-04-10 23:54 UTC,2042232,,,,,,,,,,,,,,
STELLA LEFTY,2026-04-10 23:54 UTC,3460384,,,,,,,,,,,,,,
nocashfromparents,2026-04-10 23:54 UTC,729124,,,,,,,,,,,,,,
00pium!*,2026-04-10 23:54 UTC,169,,,,,,,,,,,,,,
dyingoutlay,2026-04-10 23:54 UTC,168,,,,,,,,,,,,,,
Girl Scout,2026-04-11 13:05 UTC,317769,,,,,,,,,,,,,,
King Kylie,2026-04-11 13:05 UTC,2370710,,,,,,,,,,,,,,
Andre Troutman,2026-04-11 13:05 UTC,7915624,,,,,,,,,,,,,,
Ye,2026-04-11 13:05 UTC,15669208,,,,,,,,,,,,,,
STEREO,2026-04-11 13:05 UTC,1593609,,,,,,,,,,,,,,
Canyon,2026-04-11 13:05 UTC,47805,,,,,,,,,,,,,,
Lightris,2026-04-11 13:05 UTC,739595,,,,,,,,,,,,,,
Leni Woess,2026-04-11 13:05 UTC,895869,,,,,,,,,,,,,,
Vaibhav Gupta,2026-04-11 13:05 UTC,2534329,,,,,,,,,,,,,,
Banjaare,2026-04-11 13:05 UTC,14948154,,,,,,,,,,,,,,
Corridos del Rey,2026-04-11 13:05 UTC,969443,,,,,,,,,,,,,,
YBRE,2026-04-11 13:05 UTC,1027687,,,,,,,,,,,,,,
Temper City,2026-04-11 13:05 UTC,5929670,,,,,,,,,,,,,,
Bausa,2026-04-11 13:05 UTC,3793475,,,,,,,,,,,,,,
Sons of Yusuf,2026-04-11 13:05 UTC,1680006,,,,,,,,,,,,,,
Bryan Countach,2026-04-11 13:05 UTC,228002,,,,,,,,,,,,,,
Harrd Luck,2026-04-11 13:05 UTC,168152,,,,,,,,,,,,,,
Aiyana-Lee,2026-04-11 13:05 UTC,1298737,,,,,,,,,,,,,,
Stopthis,2026-04-11 13:05 UTC,54897,,,,,,,,,,,,,,
$t3PPA,2026-04-11 13:05 UTC,92121,,,,,,,,,,,,,,
girlsweetvoiced,2026-04-11 13:05 UTC,690053,,,,,,,,,,,,,,
Slayr,2026-04-11 13:05 UTC,1180759,,,,,,,,,,,,,,
twentythree,2026-04-11 13:05 UTC,1343868,,,,,,,,,,,,,,
Will Sass,2026-04-11 13:05 UTC,744806,,,,,,,,,,,,,,
FIFA Sound,2026-04-11 13:05 UTC,2387843,,,,,,,,,,,,,,
Joy Rhodes,2026-04-11 13:05 UTC,389194,,,,,,,,,,,,,,
Yonusa,2026-04-11 13:05 UTC,290310,,,,,,,,,,,,,,
Duygu Edis,2026-04-11 13:05 UTC,2457036,,,,,,,,,,,,,,
13dge,2026-04-11 13:05 UTC,3984,,,,,,,,,,,,,,
girl_irl,2026-04-11 13:05 UTC,132513,,,,,,,,,,,,,,
Indigo De Souza,2026-04-11 13:05 UTC,1688798,,,,,,,,,,,,,,
Lamb,2026-04-11 13:05 UTC,393713,,,,,,,,,,,,,,
Dean Turnley,2026-04-11 13:05 UTC,1321084,,,,,,,,,,,,,,
M!LK,2026-04-11 13:05 UTC,2624735,,,,,,,,,,,,,,
gnawvs,2026-04-11 13:05 UTC,1697,,,,,,,,,,,,,,
Tom Did It,2026-04-11 13:05 UTC,1080326,,,,,,,,,,,,,,
Daniel Žižka,2026-04-11 13:05 UTC,160570,,,,,,,,,,,,,,
Crystalo,2026-04-11 13:05 UTC,468142,,,,,,,,,,,,,,
F3miii,2026-04-11 13:05 UTC,1888660,,,,,,,,,,,,,,
TXKUMOON,2026-04-11 13:05 UTC,531370,,,,,,,,,,,,,,
North West,2026-04-11 13:05 UTC,591102,,,,,,,,,,,,,,
Maphra,2026-04-11 13:05 UTC,1337726,,,,,,,,,,,,,,
Tom Right,2026-04-11 13:05 UTC,784544,,,,,,,,,,,,,,
Nickatnite,2026-04-11 13:05 UTC,8960,,,,,,,,,,,,,,
Warren Roob,2026-04-11 13:05 UTC,670745,,,,,,,,,,,,,,
Angine de Poitrine,2026-04-11 13:05 UTC,1610382,,,,,,,,,,,,,,
Valter Nilsson,2026-04-11 13:05 UTC,212723,,,,,,,,,,,,,,
Delara,2026-04-11 13:05 UTC,791698,,,,,,,,,,,,,,
Fcukers,2026-04-11 13:05 UTC,2120759,,,,,,,,,,,,,,
M4IA,2026-04-11 13:05 UTC,231357,,,,,,,,,,,,,,
MAGIC SOUND WOLF,2026-04-11 13:05 UTC,389132,,,,,,,,,,,,,,
marquitos,2026-04-11 13:05 UTC,794299,,,,,,,,,,,,,,
Sreemani,2026-04-11 13:05 UTC,1694256,,,,,,,,,,,,,,
dunderjeppe,2026-04-11 13:05 UTC,27049,,,,,,,,,,,,,,
Khan Saab,2026-04-11 13:05 UTC,11199236,,,,,,,,,,,,,,
YUNA,2026-04-11 13:05 UTC,1001513,,,,,,,,,,,,,,
Ullah,2026-04-11 13:05 UTC,75696,,,,,,,,,,,,,,
AQUAFINNA,2026-04-11 13:05 UTC,16268,,,,,,,,,,,,,,
Reble,2026-04-11 13:05 UTC,12564859,,,,,,,,,,,,,,
Nine Vicious,2026-04-11 13:05 UTC,1118506,,,,,,,,,,,,,,
Duskydemise archive,2026-04-11 13:05 UTC,260695,,,,,,,,,,,,,,
A2ANTI,2026-04-11 13:05 UTC,1499050,,,,,,,,,,,,,,
Swizz Beatz,2026-04-11 13:05 UTC,1181422,,,,,,,,,,,,,,
Slim Jxmmy,2026-04-11 13:05 UTC,37056,,,,,,,,,,,,,,
Tiffany Day,2026-04-11 13:05 UTC,1019488,,,,,,,,,,,,,,
MIKE,2026-04-11 13:05 UTC,914634,,,,,,,,,,,,,,
SURF GANG,2026-04-11 13:05 UTC,741331,,,,,,,,,,,,,,
EMJIE,2026-04-11 13:05 UTC,159479,,,,,,,,,,,,,,
Dale Move,2026-04-11 13:05 UTC,199231,,,,,,,,,,,,,,
The Long Faces,2026-04-11 13:05 UTC,3045455,,,,,,,,,,,,,,
Dante,2026-04-11 13:05 UTC,382440,,,,,,,,,,,,,,
Bolaget,2026-04-11 13:05 UTC,1171072,,,,,,,,,,,,,,
JULIETT,2026-04-11 13:05 UTC,418338,,,,,,,,,,,,,,
Dubioza Kolektive,2026-04-11 13:05 UTC,486648,,,,,,,,,,,,,,
Mr Dutt,2026-04-11 13:05 UTC,1514985,,,,,,,,,,,,,,
Zycan,2026-04-11 13:05 UTC,1649868,,,,,,,,,,,,,,
Maya Engen,2026-04-11 13:05 UTC,77199,,,,,,,,,,,,,,
Maviler,2026-04-11 13:05 UTC,932726,,,,,,,,,,,,,,
Donda,2026-04-11 13:05 UTC,2042232,,,,,,,,,,,,,,
STELLA LEFTY,2026-04-11 13:05 UTC,3460384,,,,,,,,,,,,,,
nocashfromparents,2026-04-11 13:05 UTC,729124,,,,,,,,,,,,,,
00pium!*,2026-04-11 13:05 UTC,169,,,,,,,,,,,,,,
dyingoutlay,2026-04-11 13:05 UTC,168,,,,,,,,,,,,,,
Girl Scout,2026-04-11 15:44 UTC,312590,,,,,,,,,,,,,,
King Kylie,2026-04-11 15:44 UTC,2390344,,,,,,,,,,,,,,
Andre Troutman,2026-04-11 15:44 UTC,8173548,,,,,,,,,,,,,,
Ye,2026-04-11 15:44 UTC,16167251,,,,,,,,,,,,,,
STEREO,2026-04-11 15:44 UTC,1627184,,,,,,,,,,,,,,
Canyon,2026-04-11 15:44 UTC,48136,,,,,,,,,,,,,,
Lightris,2026-04-11 15:44 UTC,751181,,,,,,,,,,,,,,
Leni Woess,2026-04-11 15:44 UTC,898772,,,,,,,,,,,,,,
Vaibhav Gupta,2026-04-11 15:44 UTC,2592171,,,,,,,,,,,,,,
Banjaare,2026-04-11 15:44 UTC,15300818,,,,,,,,,,,,,,
Corridos del Rey,2026-04-11 15:44 UTC,1010893,,,,,,,,,,,,,,
YBRE,2026-04-11 15:44 UTC,1039529,,,,,,,,,,,,,,
Temper City,2026-04-11 15:44 UTC,6116110,,,,,,,,,,,,,,
Bausa,2026-04-11 15:44 UTC,3794528,,,,,,,,,,,,,,
Sons of Yusuf,2026-04-11 15:44 UTC,1728505,,,,,,,,,,,,,,
Bryan Countach,2026-04-11 15:44 UTC,232791,,,,,,,,,,,,,,
Harrd Luck,2026-04-11 15:44 UTC,172885,,,,,,,,,,,,,,
Aiyana-Lee,2026-04-11 15:44 UTC,1235633,,,,,,,,,,,,,,
Stopthis,2026-04-11 15:44 UTC,55383,,,,,,,,,,,,,,
$t3PPA,2026-04-11 15:44 UTC,94624,,,,,,,,,,,,,,
girlsweetvoiced,2026-04-11 15:44 UTC,730025,,,,,,,,,,,,,,
Slayr,2026-04-11 15:44 UTC,1180773,,,,,,,,,,,,,,
twentythree,2026-04-11 15:44 UTC,1350108,,,,,,,,,,,,,,
Will Sass,2026-04-11 15:44 UTC,763248,,,,,,,,,,,,,,
FIFA Sound,2026-04-11 15:44 UTC,2453328,,,,,,,,,,,,,,
Joy Rhodes,2026-04-11 15:44 UTC,396024,,,,,,,,,,,,,,
Yonusa,2026-04-11 15:44 UTC,299136,,,,,,,,,,,,,,
Duygu Edis,2026-04-11 15:44 UTC,2518114,,,,,,,,,,,,,,
13dge,2026-04-11 15:44 UTC,3999,,,,,,,,,,,,,,
girl_irl,2026-04-11 15:44 UTC,143171,,,,,,,,,,,,,,
Indigo De Souza,2026-04-11 15:44 UTC,1689358,,,,,,,,,,,,,,
Lamb,2026-04-11 15:44 UTC,394151,,,,,,,,,,,,,,
Dean Turnley,2026-04-11 15:44 UTC,1371888,,,,,,,,,,,,,,
M!LK,2026-04-11 15:44 UTC,2625685,,,,,,,,,,,,,,
gnawvs,2026-04-11 15:44 UTC,1732,,,,,,,,,,,,,,
Tom Did It,2026-04-11 15:44 UTC,1110603,,,,,,,,,,,,,,
Daniel Žižka,2026-04-11 15:44 UTC,155439,,,,,,,,,,,,,,
Crystalo,2026-04-11 15:44 UTC,477979,,,,,,,,,,,,,,
F3miii,2026-04-11 15:44 UTC,1978814,,,,,,,,,,,,,,
TXKUMOON,2026-04-11 15:44 UTC,554317,,,,,,,,,,,,,,
North West,2026-04-11 15:44 UTC,590355,,,,,,,,,,,,,,
Maphra,2026-04-11 15:44 UTC,1360242,,,,,,,,,,,,,,
Tom Right,2026-04-11 15:44 UTC,818942,,,,,,,,,,,,,,
Nickatnite,2026-04-11 15:44 UTC,9761,,,,,,,,,,,,,,
Warren Roob,2026-04-11 15:44 UTC,698075,,,,,,,,,,,,,,
Angine de Poitrine,2026-04-11 15:44 UTC,1727000,,,,,,,,,,,,,,
Valter Nilsson,2026-04-11 15:44 UTC,214140,,,,,,,,,,,,,,
Delara,2026-04-11 15:44 UTC,796600,,,,,,,,,,,,,,
Fcukers,2026-04-11 15:44 UTC,2131243,,,,,,,,,,,,,,
M4IA,2026-04-11 15:44 UTC,232342,,,,,,,,,,,,,,
MAGIC SOUND WOLF,2026-04-11 15:44 UTC,409456,,,,,,,,,,,,,,
marquitos,2026-04-11 15:44 UTC,819172,,,,,,,,,,,,,,
Sreemani,2026-04-11 15:44 UTC,1748041,,,,,,,,,,,,,,
dunderjeppe,2026-04-11 15:44 UTC,27786,,,,,,,,,,,,,,
Khan Saab,2026-04-11 15:44 UTC,11459086,,,,,,,,,,,,,,
YUNA,2026-04-11 15:44 UTC,1045345,,,,,,,,,,,,,,
Ullah,2026-04-11 15:44 UTC,77845,,,,,,,,,,,,,,
AQUAFINNA,2026-04-11 15:44 UTC,17183,,,,,,,,,,,,,,
Reble,2026-04-11 15:44 UTC,12740500,,,,,,,,,,,,,,
Nine Vicious,2026-04-11 15:44 UTC,1133901,,,,,,,,,,,,,,
Duskydemise archive,2026-04-11 15:44 UTC,271719,,,,,,,,,,,,,,
A2ANTI,2026-04-11 15:44 UTC,1525123,,,,,,,,,,,,,,
Swizz Beatz,2026-04-11 15:44 UTC,1190850,,,,,,,,,,,,,,
Slim Jxmmy,2026-04-11 15:44 UTC,37021,,,,,,,,,,,,,,
Tiffany Day,2026-04-11 15:44 UTC,1044425,,,,,,,,,,,,,,
MIKE,2026-04-11 15:44 UTC,906446,,,,,,,,,,,,,,
SURF GANG,2026-04-11 15:44 UTC,733888,,,,,,,,,,,,,,
EMJIE,2026-04-11 15:44 UTC,171316,,,,,,,,,,,,,,
Dale Move,2026-04-11 15:44 UTC,205876,,,,,,,,,,,,,,
The Long Faces,2026-04-11 15:44 UTC,3123727,,,,,,,,,,,,,,
Dante,2026-04-11 15:44 UTC,410308,,,,,,,,,,,,,,
Bolaget,2026-04-11 15:44 UTC,1184425,,,,,,,,,,,,,,
JULIETT,2026-04-11 15:44 UTC,408546,,,,,,,,,,,,,,
Dubioza Kolektive,2026-04-11 15:44 UTC,497645,,,,,,,,,,,,,,
Mr Dutt,2026-04-11 15:44 UTC,1612513,,,,,,,,,,,,,,
Zycan,2026-04-11 15:44 UTC,1749144,,,,,,,,,,,,,,
Maya Engen,2026-04-11 15:44 UTC,76689,,,,,,,,,,,,,,
Maviler,2026-04-11 15:44 UTC,956828,,,,,,,,,,,,,,
Donda,2026-04-11 15:44 UTC,2076155,,,,,,,,,,,,,,
STELLA LEFTY,2026-04-11 15:44 UTC,3664514,,,,,,,,,,,,,,
nocashfromparents,2026-04-11 15:44 UTC,746340,,,,,,,,,,,,,,
00pium!*,2026-04-11 15:44 UTC,166,,,,,,,,,,,,,,
dyingoutlay,2026-04-11 15:44 UTC,165,,,,,,,,,,,,,,
Girl Scout,2026-04-11 23:05 UTC,312590,,,,,,,,,,,,,,
King Kylie,2026-04-11 23:05 UTC,2390344,,,,,,,,,,,,,,
Andre Troutman,2026-04-11 23:05 UTC,8173548,,,,,,,,,,,,,,
Ye,2026-04-11 23:05 UTC,16167251,,,,,,,,,,,,,,
STEREO,2026-04-11 23:05 UTC,1627184,,,,,,,,,,,,,,
Canyon,2026-04-11 23:05 UTC,48136,,,,,,,,,,,,,,
Lightris,2026-04-11 23:05 UTC,751181,,,,,,,,,,,,,,
Leni Woess,2026-04-11 23:05 UTC,898772,,,,,,,,,,,,,,
Vaibhav Gupta,2026-04-11 23:05 UTC,2592171,,,,,,,,,,,,,,
Banjaare,2026-04-11 23:05 UTC,15300818,,,,,,,,,,,,,,
Corridos del Rey,2026-04-11 23:05 UTC,1010893,,,,,,,,,,,,,,
YBRE,2026-04-11 23:05 UTC,1039529,,,,,,,,,,,,,,
Temper City,2026-04-11 23:05 UTC,6116110,,,,,,,,,,,,,,
Bausa,2026-04-11 23:05 UTC,3794528,,,,,,,,,,,,,,
Sons of Yusuf,2026-04-11 23:05 UTC,1728505,,,,,,,,,,,,,,
Bryan Countach,2026-04-11 23:05 UTC,232791,,,,,,,,,,,,,,
Harrd Luck,2026-04-11 23:05 UTC,172885,,,,,,,,,,,,,,
Aiyana-Lee,2026-04-11 23:05 UTC,1235633,,,,,,,,,,,,,,
Stopthis,2026-04-11 23:05 UTC,55383,,,,,,,,,,,,,,
$t3PPA,2026-04-11 23:05 UTC,94624,,,,,,,,,,,,,,
girlsweetvoiced,2026-04-11 23:05 UTC,730025,,,,,,,,,,,,,,
Slayr,2026-04-11 23:05 UTC,1180773,,,,,,,,,,,,,,
twentythree,2026-04-11 23:05 UTC,1350108,,,,,,,,,,,,,,
Will Sass,2026-04-11 23:05 UTC,763248,,,,,,,,,,,,,,
FIFA Sound,2026-04-11 23:05 UTC,2453328,,,,,,,,,,,,,,
Joy Rhodes,2026-04-11 23:05 UTC,396024,,,,,,,,,,,,,,
Yonusa,2026-04-11 23:05 UTC,299136,,,,,,,,,,,,,,
Duygu Edis,2026-04-11 23:05 UTC,2518114,,,,,,,,,,,,,,
13dge,2026-04-11 23:05 UTC,3999,,,,,,,,,,,,,,
girl_irl,2026-04-11 23:05 UTC,143171,,,,,,,,,,,,,,
Indigo De Souza,2026-04-11 23:05 UTC,1689358,,,,,,,,,,,,,,
Lamb,2026-04-11 23:05 UTC,394151,,,,,,,,,,,,,,
Dean Turnley,2026-04-11 23:05 UTC,1371888,,,,,,,,,,,,,,
M!LK,2026-04-11 23:05 UTC,2625685,,,,,,,,,,,,,,
gnawvs,2026-04-11 23:05 UTC,1732,,,,,,,,,,,,,,
Tom Did It,2026-04-11 23:05 UTC,1110603,,,,,,,,,,,,,,
Daniel Žižka,2026-04-11 23:05 UTC,155439,,,,,,,,,,,,,,
Crystalo,2026-04-11 23:05 UTC,477979,,,,,,,,,,,,,,
F3miii,2026-04-11 23:05 UTC,1978814,,,,,,,,,,,,,,
TXKUMOON,2026-04-11 23:05 UTC,554317,,,,,,,,,,,,,,
North West,2026-04-11 23:05 UTC,590355,,,,,,,,,,,,,,
Maphra,2026-04-11 23:05 UTC,1360242,,,,,,,,,,,,,,
Tom Right,2026-04-11 23:05 UTC,818942,,,,,,,,,,,,,,
Nickatnite,2026-04-11 23:05 UTC,9761,,,,,,,,,,,,,,
Warren Roob,2026-04-11 23:05 UTC,698075,,,,,,,,,,,,,,
Angine de Poitrine,2026-04-11 23:05 UTC,1727000,,,,,,,,,,,,,,
Valter Nilsson,2026-04-11 23:05 UTC,214140,,,,,,,,,,,,,,
Delara,2026-04-11 23:05 UTC,796600,,,,,,,,,,,,,,
Fcukers,2026-04-11 23:05 UTC,2131243,,,,,,,,,,,,,,
M4IA,2026-04-11 23:05 UTC,232342,,,,,,,,,,,,,,
MAGIC SOUND WOLF,2026-04-11 23:05 UTC,409456,,,,,,,,,,,,,,
marquitos,2026-04-11 23:05 UTC,819172,,,,,,,,,,,,,,
Sreemani,2026-04-11 23:05 UTC,1748041,,,,,,,,,,,,,,
dunderjeppe,2026-04-11 23:05 UTC,27786,,,,,,,,,,,,,,
Khan Saab,2026-04-11 23:05 UTC,11459086,,,,,,,,,,,,,,
YUNA,2026-04-11 23:05 UTC,1045345,,,,,,,,,,,,,,
Ullah,2026-04-11 23:05 UTC,77845,,,,,,,,,,,,,,
AQUAFINNA,2026-04-11 23:05 UTC,17183,,,,,,,,,,,,,,
Reble,2026-04-11 23:05 UTC,12740500,,,,,,,,,,,,,,
Nine Vicious,2026-04-11 23:05 UTC,1133901,,,,,,,,,,,,,,
Duskydemise archive,2026-04-11 23:05 UTC,271719,,,,,,,,,,,,,,
A2ANTI,2026-04-11 23:05 UTC,1525123,,,,,,,,,,,,,,
Swizz Beatz,2026-04-11 23:05 UTC,1190850,,,,,,,,,,,,,,
Slim Jxmmy,2026-04-11 23:05 UTC,37021,,,,,,,,,,,,,,
Tiffany Day,2026-04-11 23:05 UTC,1044425,,,,,,,,,,,,,,
MIKE,2026-04-11 23:05 UTC,906446,,,,,,,,,,,,,,
SURF GANG,2026-04-11 23:05 UTC,733888,,,,,,,,,,,,,,
EMJIE,2026-04-11 23:05 UTC,171316,,,,,,,,,,,,,,
Dale Move,2026-04-11 23:05 UTC,205876,,,,,,,,,,,,,,
The Long Faces,2026-04-11 23:05 UTC,3123727,,,,,,,,,,,,,,
Dante,2026-04-11 23:05 UTC,410308,,,,,,,,,,,,,,
Bolaget,2026-04-11 23:05 UTC,1184425,,,,,,,,,,,,,,
JULIETT,2026-04-11 23:05 UTC,408546,,,,,,,,,,,,,,
Dubioza Kolektive,2026-04-11 23:05 UTC,497645,,,,,,,,,,,,,,
Mr Dutt,2026-04-11 23:05 UTC,1612513,,,,,,,,,,,,,,
Zycan,2026-04-11 23:05 UTC,1749144,,,,,,,,,,,,,,
Maya Engen,2026-04-11 23:05 UTC,76689,,,,,,,,,,,,,,
Maviler,2026-04-11 23:05 UTC,956828,,,,,,,,,,,,,,
Donda,2026-04-11 23:05 UTC,2076155,,,,,,,,,,,,,,
STELLA LEFTY,2026-04-11 23:05 UTC,3664514,,,,,,,,,,,,,,
nocashfromparents,2026-04-11 23:05 UTC,746340,,,,,,,,,,,,,,
00pium!*,2026-04-11 23:05 UTC,166,,,,,,,,,,,,,,
dyingoutlay,2026-04-11 23:05 UTC,165,,,,,,,,,,,,,,
$t3PPA,2026-04-12 03:07 UTC,94624,,,,,,,,,,,,,,
00pium!*,2026-04-12 03:07 UTC,166,,,,,,,,,,,,,,
13dge,2026-04-12 03:07 UTC,3999,,,,,,,,,,,,,,
A2ANTI,2026-04-12 03:07 UTC,1525123,,,,,,,,,,,,,,
Addison Dean,2026-04-12 03:07 UTC,2861,,,,,,,,,,,,,,
Aiyana-Lee,2026-04-12 03:07 UTC,1235633,,,,,,,,,,,,,,
Andre Troutman,2026-04-12 03:07 UTC,8173548,,,,,,,,,,,,,,
Angine de Poitrine,2026-04-12 03:07 UTC,1727000,,,,,,,,,,,,,,
Anysia Kim,2026-04-12 03:07 UTC,159722,,,,,,,,,,,,,,
AQUAFINNA,2026-04-12 03:07 UTC,17183,,,,,,,,,,,,,,
Avery Cochrane,2026-04-12 03:07 UTC,536540,,,,,,,,,,,,,,
Banjaare,2026-04-12 03:07 UTC,15300818,,,,,,,,,,,,,,
Bausa,2026-04-12 03:07 UTC,3794528,,,,,,,,,,,,,,
billi0n,2026-04-12 03:07 UTC,44352,,,,,,,,,,,,,,
Billy Fuller,2026-04-12 03:07 UTC,17267,,,,,,,,,,,,,,
Bolaget,2026-04-12 03:07 UTC,1184425,,,,,,,,,,,,,,
Bryan Countach,2026-04-12 03:07 UTC,232791,,,,,,,,,,,,,,
campthehills,2026-04-12 03:07 UTC,318991,,,,,,,,,,,,,,
Canyon,2026-04-12 03:07 UTC,48136,,,,,,,,,,,,,,
Carter Faith,2026-04-12 03:07 UTC,1002484,,,,,,,,,,,,,,
Che,2026-04-12 03:07 UTC,1246436,,,,,,,,,,,,,,
Corridos del Rey,2026-04-12 03:07 UTC,1010893,,,,,,,,,,,,,,
Crystalo,2026-04-12 03:07 UTC,477979,,,,,,,,,,,,,,
Da Future,2026-04-12 03:07 UTC,4292011,,,,,,,,,,,,,,
Dale Move,2026-04-12 03:07 UTC,205876,,,,,,,,,,,,,,
Daniel Žižka,2026-04-12 03:07 UTC,155439,,,,,,,,,,,,,,
Dante,2026-04-12 03:07 UTC,410308,,,,,,,,,,,,,,
Dean Turnley,2026-04-12 03:07 UTC,1371888,,,,,,,,,,,,,,
Delara,2026-04-12 03:07 UTC,796600,,,,,,,,,,,,,,
Delta Ash,2026-04-12 03:07 UTC,409628,,,,,,,,,,,,,,
Dexter and The Moonrocks,2026-04-12 03:07 UTC,3287665,,,,,,,,,,,,,,
DJ Unzensiert,2026-04-12 03:07 UTC,1442624,,,,,,,,,,,,,,
Donda,2026-04-12 03:07 UTC,2076155,,,,,,,,,,,,,,
Dubioza Kolektive,2026-04-12 03:07 UTC,497645,,,,,,,,,,,,,,
dunderjeppe,2026-04-12 03:07 UTC,27786,,,,,,,,,,,,,,
Duskydemise archive,2026-04-12 03:07 UTC,271719,,,,,,,,,,,,,,
Duygu Edis,2026-04-12 03:07 UTC,2518114,,,,,,,,,,,,,,
dyingoutlay,2026-04-12 03:07 UTC,165,,,,,,,,,,,,,,
earfzilla,2026-04-12 03:07 UTC,8880,,,,,,,,,,,,,,
EMEI,2026-04-12 03:07 UTC,1661020,,,,,,,,,,,,,,
Emelie Trahan,2026-04-12 03:07 UTC,82927,,,,,,,,,,,,,,
EMJIE,2026-04-12 03:07 UTC,171316,,,,,,,,,,,,,,
F3miii,2026-04-12 03:07 UTC,1978814,,,,,,,,,,,,,,
Fcukers,2026-04-12 03:07 UTC,2131243,,,,,,,,,,,,,,
FIFA Sound,2026-04-12 03:07 UTC,2453328,,,,,,,,,,,,,,
FLO,2026-04-12 03:07 UTC,3597216,,,,,,,,,,,,,,
Franky Rizardo,2026-04-12 03:07 UTC,2641108,,,,,,,,,,,,,,
Girl Scout,2026-04-12 03:07 UTC,312590,,,,,,,,,,,,,,
girl_irl,2026-04-12 03:07 UTC,143171,,,,,,,,,,,,,,
girlsweetvoiced,2026-04-12 03:07 UTC,730025,,,,,,,,,,,,,,
gnawvs,2026-04-12 03:07 UTC,1732,,,,,,,,,,,,,,
Godtripper,2026-04-12 03:07 UTC,117378,,,,,,,,,,,,,,
Grupo Primer Grado,2026-04-12 03:07 UTC,2391913,,,,,,,,,,,,,,
Harrd Luck,2026-04-12 03:07 UTC,172885,,,,,,,,,,,,,,
Indeevar,2026-04-12 03:07 UTC,2301354,,,,,,,,,,,,,,
Indigo De Souza,2026-04-12 03:07 UTC,1689358,,,,,,,,,,,,,,
Infinity Song,2026-04-12 03:07 UTC,560653,,,,,,,,,,,,,,
isa in eutopia,2026-04-12 03:07 UTC,23340,,,,,,,,,,,,,,
Jackson Dean,2026-04-12 03:07 UTC,2053135,,,,,,,,,,,,,,
Jadasea,2026-04-12 03:07 UTC,148802,,,,,,,,,,,,,,
Jenny Baker,2026-04-12 03:07 UTC,114875,,,,,,,,,,,,,,
Joey Cash,2026-04-12 03:07 UTC,386019,,,,,,,,,,,,,,
Joy Rhodes,2026-04-12 03:07 UTC,396024,,,,,,,,,,,,,,
Julie Williams,2026-04-12 03:07 UTC,33806,,,,,,,,,,,,,,
JULIETT,2026-04-12 03:07 UTC,408546,,,,,,,,,,,,,,
Khaled,2026-04-12 03:07 UTC,2309399,,,,,,,,,,,,,,
Khan Saab,2026-04-12 03:07 UTC,11459086,,,,,,,,,,,,,,
King Kylie,2026-04-12 03:07 UTC,2390344,,,,,,,,,,,,,,
Koilwood,2026-04-12 03:07 UTC,19543,,,,,,,,,,,,,,
KUČKA,2026-04-12 03:07 UTC,969406,,,,,,,,,,,,,,
Kurdi Klymax,2026-04-12 03:07 UTC,13981,,,,,,,,,,,,,,
Lamb,2026-04-12 03:07 UTC,394151,,,,,,,,,,,,,,
ledysek,2026-04-12 03:07 UTC,15200,,,,,,,,,,,,,,
Leni Woess,2026-04-12 03:07 UTC,898772,,,,,,,,,,,,,,
Lerado Khalil,2026-04-12 03:07 UTC,88548,,,,,,,,,,,,,,
Lightris,2026-04-12 03:07 UTC,751181,,,,,,,,,,,,,,
M!LK,2026-04-12 03:07 UTC,2625685,,,,,,,,,,,,,,
M4IA,2026-04-12 03:07 UTC,232342,,,,,,,,,,,,,,
MAGIC SOUND WOLF,2026-04-12 03:07 UTC,409456,,,,,,,,,,,,,,
Malcolm Todd,2026-04-12 03:07 UTC,19231442,,,,,,,,,,,,,,
Maphra,2026-04-12 03:07 UTC,1360242,,,,,,,,,,,,,,
marquitos,2026-04-12 03:07 UTC,819172,,,,,,,,,,,,,,
Maviler,2026-04-12 03:07 UTC,956828,,,,,,,,,,,,,,
Maya Engen,2026-04-12 03:07 UTC,76689,,,,,,,,,,,,,,
Mietze Conte,2026-04-12 03:07 UTC,424746,,,,,,,,,,,,,,
Mijabella Marie,2026-04-12 03:07 UTC,9047,,,,,,,,,,,,,,
MIKE,2026-04-12 03:07 UTC,906446,,,,,,,,,,,,,,
Momo Boyd,2026-04-12 03:07 UTC,3309072,,,,,,,,,,,,,,
Mr Dutt,2026-04-12 03:07 UTC,1612513,,,,,,,,,,,,,,
Nickatnite,2026-04-12 03:07 UTC,9761,,,,,,,,,,,,,,
Nine Vicious,2026-04-12 03:07 UTC,1133901,,,,,,,,,,,,,,
nocashfromparents,2026-04-12 03:07 UTC,746340,,,,,,,,,,,,,,
North West,2026-04-12 03:07 UTC,590355,,,,,,,,,,,,,,
NPD,2026-04-12 03:07 UTC,1255020,,,,,,,,,,,,,,
OK Alva,2026-04-12 03:07 UTC,5432,,,,,,,,,,,,,,
osa,2026-04-12 03:07 UTC,60581,,,,,,,,,,,,,,
Pz',2026-04-12 03:07 UTC,310188,,,,,,,,,,,,,,
Reble,2026-04-12 03:07 UTC,12740500,,,,,,,,,,,,,,
Rocket Reese,2026-04-12 03:07 UTC,115919,,,,,,,,,,,,,,
S1RENA,2026-04-12 03:07 UTC,160358,,,,,,,,,,,,,,
Sara Landry,2026-04-12 03:07 UTC,1206914,,,,,,,,,,,,,,
Selim61,2026-04-12 03:07 UTC,1056862,,,,,,,,,,,,,,
Sematary,2026-04-12 03:07 UTC,800835,,,,,,,,,,,,,,
Slayr,2026-04-12 03:07 UTC,1180773,,,,,,,,,,,,,,
Slim Jxmmy,2026-04-12 03:07 UTC,37021,,,,,,,,,,,,,,
Sons of Yusuf,2026-04-12 03:07 UTC,1728505,,,,,,,,,,,,,,
Sreemani,2026-04-12 03:07 UTC,1748041,,,,,,,,,,,,,,
STELLA LEFTY,2026-04-12 03:07 UTC,3664514,,,,,,,,,,,,,,
STEREO,2026-04-12 03:07 UTC,1627184,,,,,,,,,,,,,,
Stopthis,2026-04-12 03:07 UTC,55383,,,,,,,,,,,,,,
Summrs,2026-04-12 03:07 UTC,1372396,,,,,,,,,,,,,,
SURF GANG,2026-04-12 03:07 UTC,733888,,,,,,,,,,,,,,
Sven Yamaha,2026-04-12 03:07 UTC,12459,,,,,,,,,,,,,,
Swizz Beatz,2026-04-12 03:07 UTC,1190850,,,,,,,,,,,,,,
T.O.P,2026-04-12 03:07 UTC,946744,,,,,,,,,,,,,,
Tabi Gervis,2026-04-12 03:07 UTC,19703,,,,,,,,,,,,,,
Temper City,2026-04-12 03:07 UTC,6116110,,,,,,,,,,,,,,
The Long Faces,2026-04-12 03:07 UTC,3123727,,,,,,,,,,,,,,
The Twins,2026-04-12 03:07 UTC,75112,,,,,,,,,,,,,,
Tiffany Day,2026-04-12 03:07 UTC,1044425,,,,,,,,,,,,,,
Tiffany Hudson,2026-04-12 03:07 UTC,1715875,,,,,,,,,,,,,,
Tom Did It,2026-04-12 03:07 UTC,1110603,,,,,,,,,,,,,,
Tom Right,2026-04-12 03:07 UTC,818942,,,,,,,,,,,,,,
Trim,2026-04-12 03:07 UTC,1978522,,,,,,,,,,,,,,
Tsatsamis,2026-04-12 03:07 UTC,203012,,,,,,,,,,,,,,
twentythree,2026-04-12 03:07 UTC,1350108,,,,,,,,,,,,,,
TXKUMOON,2026-04-12 03:07 UTC,554317,,,,,,,,,,,,,,
Ullah,2026-04-12 03:07 UTC,77845,,,,,,,,,,,,,,
untiljapan,2026-04-12 03:07 UTC,236243,,,,,,,,,,,,,,
Vaibhav Gupta,2026-04-12 03:07 UTC,2592171,,,,,,,,,,,,,,
Valter Nilsson,2026-04-12 03:07 UTC,214140,,,,,,,,,,,,,,
Warren Roob,2026-04-12 03:07 UTC,698075,,,,,,,,,,,,,,
Will Sass,2026-04-12 03:07 UTC,763248,,,,,,,,,,,,,,
xo,2026-04-12 03:07 UTC,37193,,,,,,,,,,,,,,
YBRE,2026-04-12 03:07 UTC,1039529,,,,,,,,,,,,,,
Ye,2026-04-12 03:07 UTC,16167251,,,,,,,,,,,,,,
Yonusa,2026-04-12 03:07 UTC,299136,,,,,,,,,,,,,,
YUNA,2026-04-12 03:07 UTC,1045345,,,,,,,,,,,,,,
Zycan,2026-04-12 03:07 UTC,1749144,,,,,,,,,,,,,,
$t3PPA,2026-04-12 14:29 UTC,98066,,,,,,,,,,,,,,
00pium!*,2026-04-12 14:29 UTC,166,,,,,,,,,,,,,,
13dge,2026-04-12 14:29 UTC,4024,,,,,,,,,,,,,,
A2ANTI,2026-04-12 14:29 UTC,1548834,,,,,,,,,,,,,,
Addison Dean,2026-04-12 14:29 UTC,3102,,,,,,,,,,,,,,
Aiyana-Lee,2026-04-12 14:29 UTC,1199770,,,,,,,,,,,,,,
Andre Troutman,2026-04-12 14:29 UTC,8373359,,,,,,,,,,,,,,
Angine de Poitrine,2026-04-12 14:29 UTC,1810949,,,,,,,,,,,,,,
Anysia Kim,2026-04-12 14:29 UTC,164077,,,,,,,,,,,,,,
AQUAFINNA,2026-04-12 14:29 UTC,17813,,,,,,,,,,,,,,
Avery Cochrane,2026-04-12 14:29 UTC,539803,,,,,,,,,,,,,,
Banjaare,2026-04-12 14:29 UTC,15607861,,,,,,,,,,,,,,
Bausa,2026-04-12 14:29 UTC,3811563,,,,,,,,,,,,,,
billi0n,2026-04-12 14:29 UTC,45340,,,,,,,,,,,,,,
Billy Fuller,2026-04-12 14:29 UTC,18005,,,,,,,,,,,,,,
Bolaget,2026-04-12 14:29 UTC,1195597,,,,,,,,,,,,,,
Bryan Countach,2026-04-12 14:29 UTC,236686,,,,,,,,,,,,,,
campthehills,2026-04-12 14:29 UTC,321299,,,,,,,,,,,,,,
Canyon,2026-04-12 14:29 UTC,48401,,,,,,,,,,,,,,
Carter Faith,2026-04-12 14:29 UTC,1151017,,,,,,,,,,,,,,
Che,2026-04-12 14:29 UTC,1245916,,,,,,,,,,,,,,
Corridos del Rey,2026-04-12 14:29 UTC,1050047,,,,,,,,,,,,,,
Crystalo,2026-04-12 14:29 UTC,489000,,,,,,,,,,,,,,
Da Future,2026-04-12 14:29 UTC,4385289,,,,,,,,,,,,,,
Dale Move,2026-04-12 14:29 UTC,210322,,,,,,,,,,,,,,
Daniel Žižka,2026-04-12 14:29 UTC,151503,,,,,,,,,,,,,,
Dante,2026-04-12 14:29 UTC,432822,,,,,,,,,,,,,,
Dean Turnley,2026-04-12 14:29 UTC,1414673,,,,,,,,,,,,,,
Delara,2026-04-12 14:29 UTC,799451,,,,,,,,,,,,,,
Delta Ash,2026-04-12 14:29 UTC,422757,,,,,,,,,,,,,,
Dexter and The Moonrocks,2026-04-12 14:29 UTC,3455205,,,,,,,,,,,,,,
DJ Unzensiert,2026-04-12 14:29 UTC,1476149,,,,,,,,,,,,,,
Donda,2026-04-12 14:29 UTC,2099421,,,,,,,,,,,,,,
Dubioza Kolektive,2026-04-12 14:29 UTC,509297,,,,,,,,,,,,,,
dunderjeppe,2026-04-12 14:29 UTC,28287,,,,,,,,,,,,,,
Duskydemise archive,2026-04-12 14:29 UTC,282521,,,,,,,,,,,,,,
Duygu Edis,2026-04-12 14:29 UTC,2576657,,,,,,,,,,,,,,
dyingoutlay,2026-04-12 14:29 UTC,165,,,,,,,,,,,,,,
earfzilla,2026-04-12 14:29 UTC,8726,,,,,,,,,,,,,,
EMEI,2026-04-12 14:29 UTC,1689047,,,,,,,,,,,,,,
Emelie Trahan,2026-04-12 14:29 UTC,85130,,,,,,,,,,,,,,
EMJIE,2026-04-12 14:29 UTC,178791,,,,,,,,,,,,,,
F3miii,2026-04-12 14:29 UTC,2078550,,,,,,,,,,,,,,
Fcukers,2026-04-12 14:29 UTC,2140821,,,,,,,,,,,,,,
FIFA Sound,2026-04-12 14:29 UTC,2510747,,,,,,,,,,,,,,
FLO,2026-04-12 14:29 UTC,3648349,,,,,,,,,,,,,,
Franky Rizardo,2026-04-12 14:29 UTC,2677788,,,,,,,,,,,,,,
Girl Scout,2026-04-12 14:29 UTC,308832,,,,,,,,,,,,,,
girl_irl,2026-04-12 14:29 UTC,147352,,,,,,,,,,,,,,
girlsweetvoiced,2026-04-12 14:29 UTC,753060,,,,,,,,,,,,,,
gnawvs,2026-04-12 14:29 UTC,1793,,,,,,,,,,,,,,
Godtripper,2026-04-12 14:29 UTC,151195,,,,,,,,,,,,,,
Grupo Primer Grado,2026-04-12 14:29 UTC,2481922,,,,,,,,,,,,,,
Harrd Luck,2026-04-12 14:29 UTC,176383,,,,,,,,,,,,,,
Indeevar,2026-04-12 14:29 UTC,2393654,,,,,,,,,,,,,,
Indigo De Souza,2026-04-12 14:29 UTC,1691156,,,,,,,,,,,,,,
Infinity Song,2026-04-12 14:29 UTC,599056,,,,,,,,,,,,,,
isa in eutopia,2026-04-12 14:29 UTC,24762,,,,,,,,,,,,,,
Jackson Dean,2026-04-12 14:29 UTC,2052569,,,,,,,,,,,,,,
Jadasea,2026-04-12 14:29 UTC,153255,,,,,,,,,,,,,,
Jenny Baker,2026-04-12 14:29 UTC,115696,,,,,,,,,,,,,,
Joey Cash,2026-04-12 14:29 UTC,385957,,,,,,,,,,,,,,
Joy Rhodes,2026-04-12 14:29 UTC,403136,,,,,,,,,,,,,,
Julie Williams,2026-04-12 14:29 UTC,46613,,,,,,,,,,,,,,
JULIETT,2026-04-12 14:29 UTC,395033,,,,,,,,,,,,,,
Khaled,2026-04-12 14:29 UTC,2361651,,,,,,,,,,,,,,
Khan Saab,2026-04-12 14:29 UTC,11721153,,,,,,,,,,,,,,
King Kylie,2026-04-12 14:29 UTC,2404026,,,,,,,,,,,,,,
Koilwood,2026-04-12 14:29 UTC,26191,,,,,,,,,,,,,,
KUČKA,2026-04-12 14:29 UTC,995310,,,,,,,,,,,,,,
Kurdi Klymax,2026-04-12 14:29 UTC,14147,,,,,,,,,,,,,,
Lamb,2026-04-12 14:29 UTC,394722,,,,,,,,,,,,,,
ledysek,2026-04-12 14:29 UTC,15504,,,,,,,,,,,,,,
Leni Woess,2026-04-12 14:29 UTC,902172,,,,,,,,,,,,,,
Lerado Khalil,2026-04-12 14:29 UTC,89974,,,,,,,,,,,,,,
Lightris,2026-04-12 14:29 UTC,762623,,,,,,,,,,,,,,
M!LK,2026-04-12 14:29 UTC,2628971,,,,,,,,,,,,,,
M4IA,2026-04-12 14:29 UTC,233160,,,,,,,,,,,,,,
MAGIC SOUND WOLF,2026-04-12 14:29 UTC,428253,,,,,,,,,,,,,,
Malcolm Todd,2026-04-12 14:29 UTC,19390952,,,,,,,,,,,,,,
Maphra,2026-04-12 14:29 UTC,1377537,,,,,,,,,,,,,,
marquitos,2026-04-12 14:29 UTC,840845,,,,,,,,,,,,,,
Maviler,2026-04-12 14:29 UTC,991525,,,,,,,,,,,,,,
Maya Engen,2026-04-12 14:29 UTC,76128,,,,,,,,,,,,,,
Mietze Conte,2026-04-12 14:29 UTC,423222,,,,,,,,,,,,,,
Mijabella Marie,2026-04-12 14:29 UTC,12957,,,,,,,,,,,,,,
MIKE,2026-04-12 14:29 UTC,902025,,,,,,,,,,,,,,
Momo Boyd,2026-04-12 14:29 UTC,3259497,,,,,,,,,,,,,,
Mr Dutt,2026-04-12 14:29 UTC,1709917,,,,,,,,,,,,,,
Nickatnite,2026-04-12 14:29 UTC,10404,,,,,,,,,,,,,,
Nine Vicious,2026-04-12 14:29 UTC,1146732,,,,,,,,,,,,,,
nocashfromparents,2026-04-12 14:29 UTC,761174,,,,,,,,,,,,,,
North West,2026-04-12 14:29 UTC,590161,,,,,,,,,,,,,,
NPD,2026-04-12 14:29 UTC,1296505,,,,,,,,,,,,,,
OK Alva,2026-04-12 14:29 UTC,5612,,,,,,,,,,,,,,
osa,2026-04-12 14:29 UTC,63753,,,,,,,,,,,,,,
Pz',2026-04-12 14:29 UTC,312277,,,,,,,,,,,,,,
Reble,2026-04-12 14:29 UTC,12923644,,,,,,,,,,,,,,
Rocket Reese,2026-04-12 14:29 UTC,116919,,,,,,,,,,,,,,
S1RENA,2026-04-12 14:29 UTC,164640,,,,,,,,,,,,,,
Sara Landry,2026-04-12 14:29 UTC,1227736,,,,,,,,,,,,,,
Selim61,2026-04-12 14:29 UTC,1072525,,,,,,,,,,,,,,
Sematary,2026-04-12 14:29 UTC,807619,,,,,,,,,,,,,,
Slayr,2026-04-12 14:29 UTC,1183339,,,,,,,,,,,,,,
Slim Jxmmy,2026-04-12 14:29 UTC,37066,,,,,,,,,,,,,,
Sons of Yusuf,2026-04-12 14:29 UTC,1781776,,,,,,,,,,,,,,
Sreemani,2026-04-12 14:29 UTC,1802003,,,,,,,,,,,,,,
STELLA LEFTY,2026-04-12 14:29 UTC,3836626,,,,,,,,,,,,,,
STEREO,2026-04-12 14:29 UTC,1656125,,,,,,,,,,,,,,
Stopthis,2026-04-12 14:29 UTC,55946,,,,,,,,,,,,,,
Summrs,2026-04-12 14:29 UTC,1370871,,,,,,,,,,,,,,
SURF GANG,2026-04-12 14:29 UTC,734306,,,,,,,,,,,,,,
Sven Yamaha,2026-04-12 14:29 UTC,12239,,,,,,,,,,,,,,
Swizz Beatz,2026-04-12 14:29 UTC,1199334,,,,,,,,,,,,,,
T.O.P,2026-04-12 14:29 UTC,1054305,,,,,,,,,,,,,,
Tabi Gervis,2026-04-12 14:29 UTC,19441,,,,,,,,,,,,,,
Temper City,2026-04-12 14:29 UTC,6272911,,,,,,,,,,,,,,
The Long Faces,2026-04-12 14:29 UTC,3209523,,,,,,,,,,,,,,
The Twins,2026-04-12 14:29 UTC,74557,,,,,,,,,,,,,,
Tiffany Day,2026-04-12 14:29 UTC,1068312,,,,,,,,,,,,,,
Tiffany Hudson,2026-04-12 14:29 UTC,1722726,,,,,,,,,,,,,,
Tom Did It,2026-04-12 14:29 UTC,1144955,,,,,,,,,,,,,,
Tom Right,2026-04-12 14:29 UTC,839339,,,,,,,,,,,,,,
Trim,2026-04-12 14:29 UTC,2007532,,,,,,,,,,,,,,
Tsatsamis,2026-04-12 14:29 UTC,204107,,,,,,,,,,,,,,
twentythree,2026-04-12 14:29 UTC,1360980,,,,,,,,,,,,,,
TXKUMOON,2026-04-12 14:29 UTC,582387,,,,,,,,,,,,,,
Ullah,2026-04-12 14:29 UTC,78852,,,,,,,,,,,,,,
untiljapan,2026-04-12 14:29 UTC,235612,,,,,,,,,,,,,,
Vaibhav Gupta,2026-04-12 14:29 UTC,2651794,,,,,,,,,,,,,,
Valter Nilsson,2026-04-12 14:29 UTC,218593,,,,,,,,,,,,,,
Warren Roob,2026-04-12 14:29 UTC,742464,,,,,,,,,,,,,,
Will Sass,2026-04-12 14:29 UTC,778304,,,,,,,,,,,,,,
xo,2026-04-12 14:29 UTC,36987,,,,,,,,,,,,,,
YBRE,2026-04-12 14:29 UTC,1053546,,,,,,,,,,,,,,
Ye,2026-04-12 14:29 UTC,16562673,,,,,,,,,,,,,,
Yonusa,2026-04-12 14:29 UTC,301777,,,,,,,,,,,,,,
YUNA,2026-04-12 14:29 UTC,1085596,,,,,,,,,,,,,,
Zycan,2026-04-12 14:29 UTC,1858808,,,,,,,,,,,,,,
Canada Soccer,2026-04-12 14:29 UTC,176432,,,,,,,,,,,,,,
H. Hawkline,2026-04-12 14:29 UTC,79418,,,,,,,,,,,,,,
$t3PPA,2026-04-12 23:53 UTC,98066,,,,,,,,,,,,,,
00pium!*,2026-04-12 23:53 UTC,166,,,,,,,,,,,,,,
13dge,2026-04-12 23:53 UTC,4024,,,,,,,,,,,,,,
A2ANTI,2026-04-12 23:53 UTC,1548834,,,,,,,,,,,,,,
Addison Dean,2026-04-12 23:53 UTC,3102,,,,,,,,,,,,,,
Aiyana-Lee,2026-04-12 23:53 UTC,1199770,,,,,,,,,,,,,,
Andre Troutman,2026-04-12 23:53 UTC,8373359,,,,,,,,,,,,,,
Angine de Poitrine,2026-04-12 23:53 UTC,1810949,,,,,,,,,,,,,,
Anysia Kim,2026-04-12 23:53 UTC,164077,,,,,,,,,,,,,,
AQUAFINNA,2026-04-12 23:53 UTC,17813,,,,,,,,,,,,,,
Avery Cochrane,2026-04-12 23:53 UTC,539803,,,,,,,,,,,,,,
Banjaare,2026-04-12 23:53 UTC,15607861,,,,,,,,,,,,,,
Bausa,2026-04-12 23:53 UTC,3811563,,,,,,,,,,,,,,
billi0n,2026-04-12 23:53 UTC,45340,,,,,,,,,,,,,,
Billy Fuller,2026-04-12 23:53 UTC,18005,,,,,,,,,,,,,,
Bolaget,2026-04-12 23:53 UTC,1195597,,,,,,,,,,,,,,
Bryan Countach,2026-04-12 23:53 UTC,236686,,,,,,,,,,,,,,
campthehills,2026-04-12 23:53 UTC,321299,,,,,,,,,,,,,,
Canyon,2026-04-12 23:53 UTC,48401,,,,,,,,,,,,,,
Carter Faith,2026-04-12 23:53 UTC,1151017,,,,,,,,,,,,,,
Che,2026-04-12 23:53 UTC,1245916,,,,,,,,,,,,,,
Corridos del Rey,2026-04-12 23:53 UTC,1050047,,,,,,,,,,,,,,
Crystalo,2026-04-12 23:53 UTC,489000,,,,,,,,,,,,,,
Da Future,2026-04-12 23:53 UTC,4385289,,,,,,,,,,,,,,
Dale Move,2026-04-12 23:53 UTC,210322,,,,,,,,,,,,,,
Daniel Žižka,2026-04-12 23:53 UTC,151503,,,,,,,,,,,,,,
Dante,2026-04-12 23:53 UTC,432822,,,,,,,,,,,,,,
Dean Turnley,2026-04-12 23:53 UTC,1414673,,,,,,,,,,,,,,
Delara,2026-04-12 23:53 UTC,799451,,,,,,,,,,,,,,
Delta Ash,2026-04-12 23:53 UTC,422757,,,,,,,,,,,,,,
Dexter and The Moonrocks,2026-04-12 23:53 UTC,3455205,,,,,,,,,,,,,,
DJ Unzensiert,2026-04-12 23:53 UTC,1476149,,,,,,,,,,,,,,
Donda,2026-04-12 23:53 UTC,2099421,,,,,,,,,,,,,,
Dubioza Kolektive,2026-04-12 23:53 UTC,509297,,,,,,,,,,,,,,
dunderjeppe,2026-04-12 23:53 UTC,28287,,,,,,,,,,,,,,
Duskydemise archive,2026-04-12 23:53 UTC,282521,,,,,,,,,,,,,,
Duygu Edis,2026-04-12 23:53 UTC,2576657,,,,,,,,,,,,,,
dyingoutlay,2026-04-12 23:53 UTC,165,,,,,,,,,,,,,,
earfzilla,2026-04-12 23:53 UTC,8726,,,,,,,,,,,,,,
EMEI,2026-04-12 23:53 UTC,1689047,,,,,,,,,,,,,,
Emelie Trahan,2026-04-12 23:53 UTC,85130,,,,,,,,,,,,,,
EMJIE,2026-04-12 23:53 UTC,178791,,,,,,,,,,,,,,
F3miii,2026-04-12 23:53 UTC,2078550,,,,,,,,,,,,,,
Fcukers,2026-04-12 23:53 UTC,2140821,,,,,,,,,,,,,,
FIFA Sound,2026-04-12 23:53 UTC,2510747,,,,,,,,,,,,,,
FLO,2026-04-12 23:53 UTC,3648349,,,,,,,,,,,,,,
Franky Rizardo,2026-04-12 23:53 UTC,2677788,,,,,,,,,,,,,,
Girl Scout,2026-04-12 23:53 UTC,308832,,,,,,,,,,,,,,
girl_irl,2026-04-12 23:53 UTC,147352,,,,,,,,,,,,,,
girlsweetvoiced,2026-04-12 23:53 UTC,753060,,,,,,,,,,,,,,
gnawvs,2026-04-12 23:53 UTC,1793,,,,,,,,,,,,,,
Godtripper,2026-04-12 23:53 UTC,151195,,,,,,,,,,,,,,
Grupo Primer Grado,2026-04-12 23:53 UTC,2481922,,,,,,,,,,,,,,
Harrd Luck,2026-04-12 23:53 UTC,176383,,,,,,,,,,,,,,
Indeevar,2026-04-12 23:53 UTC,2393654,,,,,,,,,,,,,,
Indigo De Souza,2026-04-12 23:53 UTC,1691156,,,,,,,,,,,,,,
Infinity Song,2026-04-12 23:53 UTC,599056,,,,,,,,,,,,,,
isa in eutopia,2026-04-12 23:53 UTC,24762,,,,,,,,,,,,,,
Jackson Dean,2026-04-12 23:53 UTC,2052569,,,,,,,,,,,,,,
Jadasea,2026-04-12 23:53 UTC,153255,,,,,,,,,,,,,,
Jenny Baker,2026-04-12 23:53 UTC,115696,,,,,,,,,,,,,,
Joey Cash,2026-04-12 23:53 UTC,385957,,,,,,,,,,,,,,
Joy Rhodes,2026-04-12 23:53 UTC,403136,,,,,,,,,,,,,,
Julie Williams,2026-04-12 23:53 UTC,46613,,,,,,,,,,,,,,
JULIETT,2026-04-12 23:53 UTC,395033,,,,,,,,,,,,,,
Khaled,2026-04-12 23:53 UTC,2361651,,,,,,,,,,,,,,
Khan Saab,2026-04-12 23:53 UTC,11721153,,,,,,,,,,,,,,
King Kylie,2026-04-12 23:53 UTC,2404026,,,,,,,,,,,,,,
Koilwood,2026-04-12 23:53 UTC,26191,,,,,,,,,,,,,,
KUČKA,2026-04-12 23:53 UTC,995310,,,,,,,,,,,,,,
Kurdi Klymax,2026-04-12 23:53 UTC,14147,,,,,,,,,,,,,,
Lamb,2026-04-12 23:53 UTC,394722,,,,,,,,,,,,,,
ledysek,2026-04-12 23:53 UTC,15504,,,,,,,,,,,,,,
Leni Woess,2026-04-12 23:53 UTC,902172,,,,,,,,,,,,,,
Lerado Khalil,2026-04-12 23:53 UTC,89974,,,,,,,,,,,,,,
Lightris,2026-04-12 23:53 UTC,762623,,,,,,,,,,,,,,
M!LK,2026-04-12 23:53 UTC,2628971,,,,,,,,,,,,,,
M4IA,2026-04-12 23:53 UTC,233160,,,,,,,,,,,,,,
MAGIC SOUND WOLF,2026-04-12 23:53 UTC,428253,,,,,,,,,,,,,,
Malcolm Todd,2026-04-12 23:53 UTC,19390952,,,,,,,,,,,,,,
Maphra,2026-04-12 23:53 UTC,1377537,,,,,,,,,,,,,,
marquitos,2026-04-12 23:53 UTC,840845,,,,,,,,,,,,,,
Maviler,2026-04-12 23:53 UTC,991525,,,,,,,,,,,,,,
Maya Engen,2026-04-12 23:53 UTC,76128,,,,,,,,,,,,,,
Mietze Conte,2026-04-12 23:53 UTC,423222,,,,,,,,,,,,,,
Mijabella Marie,2026-04-12 23:53 UTC,12957,,,,,,,,,,,,,,
MIKE,2026-04-12 23:53 UTC,902025,,,,,,,,,,,,,,
Momo Boyd,2026-04-12 23:53 UTC,3259497,,,,,,,,,,,,,,
Mr Dutt,2026-04-12 23:53 UTC,1709917,,,,,,,,,,,,,,
Nickatnite,2026-04-12 23:53 UTC,10404,,,,,,,,,,,,,,
Nine Vicious,2026-04-12 23:53 UTC,1146732,,,,,,,,,,,,,,
nocashfromparents,2026-04-12 23:53 UTC,761174,,,,,,,,,,,,,,
North West,2026-04-12 23:53 UTC,590161,,,,,,,,,,,,,,
NPD,2026-04-12 23:53 UTC,1296505,,,,,,,,,,,,,,
OK Alva,2026-04-12 23:53 UTC,5612,,,,,,,,,,,,,,
osa,2026-04-12 23:53 UTC,63753,,,,,,,,,,,,,,
Pz',2026-04-12 23:53 UTC,312277,,,,,,,,,,,,,,
Reble,2026-04-12 23:53 UTC,12923644,,,,,,,,,,,,,,
Rocket Reese,2026-04-12 23:53 UTC,116919,,,,,,,,,,,,,,
S1RENA,2026-04-12 23:53 UTC,164640,,,,,,,,,,,,,,
Sara Landry,2026-04-12 23:53 UTC,1227736,,,,,,,,,,,,,,
Selim61,2026-04-12 23:53 UTC,1072525,,,,,,,,,,,,,,
Sematary,2026-04-12 23:53 UTC,807619,,,,,,,,,,,,,,
Slayr,2026-04-12 23:53 UTC,1183339,,,,,,,,,,,,,,
Slim Jxmmy,2026-04-12 23:53 UTC,37066,,,,,,,,,,,,,,
Sons of Yusuf,2026-04-12 23:53 UTC,1781776,,,,,,,,,,,,,,
Sreemani,2026-04-12 23:53 UTC,1802003,,,,,,,,,,,,,,
STELLA LEFTY,2026-04-12 23:53 UTC,3836626,,,,,,,,,,,,,,
STEREO,2026-04-12 23:53 UTC,1656125,,,,,,,,,,,,,,
Stopthis,2026-04-12 23:53 UTC,55946,,,,,,,,,,,,,,
Summrs,2026-04-12 23:53 UTC,1370871,,,,,,,,,,,,,,
SURF GANG,2026-04-12 23:53 UTC,734306,,,,,,,,,,,,,,
Sven Yamaha,2026-04-12 23:53 UTC,12239,,,,,,,,,,,,,,
Swizz Beatz,2026-04-12 23:53 UTC,1199334,,,,,,,,,,,,,,
T.O.P,2026-04-12 23:53 UTC,1054305,,,,,,,,,,,,,,
Tabi Gervis,2026-04-12 23:53 UTC,19441,,,,,,,,,,,,,,
Temper City,2026-04-12 23:53 UTC,6272911,,,,,,,,,,,,,,
The Long Faces,2026-04-12 23:53 UTC,3209523,,,,,,,,,,,,,,
The Twins,2026-04-12 23:53 UTC,74557,,,,,,,,,,,,,,
Tiffany Day,2026-04-12 23:53 UTC,1068312,,,,,,,,,,,,,,
Tiffany Hudson,2026-04-12 23:53 UTC,1722726,,,,,,,,,,,,,,
Tom Did It,2026-04-12 23:53 UTC,1144955,,,,,,,,,,,,,,
Tom Right,2026-04-12 23:53 UTC,839339,,,,,,,,,,,,,,
Trim,2026-04-12 23:53 UTC,2007532,,,,,,,,,,,,,,
Tsatsamis,2026-04-12 23:53 UTC,204107,,,,,,,,,,,,,,
twentythree,2026-04-12 23:53 UTC,1360980,,,,,,,,,,,,,,
TXKUMOON,2026-04-12 23:53 UTC,582387,,,,,,,,,,,,,,
Ullah,2026-04-12 23:53 UTC,78852,,,,,,,,,,,,,,
untiljapan,2026-04-12 23:53 UTC,235612,,,,,,,,,,,,,,
Vaibhav Gupta,2026-04-12 23:53 UTC,2651794,,,,,,,,,,,,,,
Valter Nilsson,2026-04-12 23:53 UTC,218593,,,,,,,,,,,,,,
Warren Roob,2026-04-12 23:53 UTC,742464,,,,,,,,,,,,,,
Will Sass,2026-04-12 23:53 UTC,778304,,,,,,,,,,,,,,
xo,2026-04-12 23:53 UTC,36987,,,,,,,,,,,,,,
YBRE,2026-04-12 23:53 UTC,1053546,,,,,,,,,,,,,,
Ye,2026-04-12 23:53 UTC,16562673,,,,,,,,,,,,,,
Yonusa,2026-04-12 23:53 UTC,301777,,,,,,,,,,,,,,
YUNA,2026-04-12 23:53 UTC,1085596,,,,,,,,,,,,,,
Zycan,2026-04-12 23:53 UTC,1858808,,,,,,,,,,,,,,
Canada Soccer,2026-04-12 23:53 UTC,176432,,,,,,,,,,,,,,
H. Hawkline,2026-04-12 23:53 UTC,79418,,,,,,,,,,,,,,
$t3PPA,2026-04-13 03:31 UTC,98066,,,,,,,,,,,,,,
00pium!*,2026-04-13 03:31 UTC,166,,,,,,,,,,,,,,
13dge,2026-04-13 03:31 UTC,4024,,,,,,,,,,,,,,
A2ANTI,2026-04-13 03:31 UTC,1548834,,,,,,,,,,,,,,
Addison Dean,2026-04-13 03:31 UTC,3102,,,,,,,,,,,,,,
Aiyana-Lee,2026-04-13 03:31 UTC,1199770,,,,,,,,,,,,,,
Andre Troutman,2026-04-13 03:31 UTC,8373359,,,,,,,,,,,,,,
Angine de Poitrine,2026-04-13 03:31 UTC,1810949,,,,,,,,,,,,,,
Anysia Kim,2026-04-13 03:31 UTC,164077,,,,,,,,,,,,,,
AQUAFINNA,2026-04-13 03:31 UTC,17813,,,,,,,,,,,,,,
Avery Cochrane,2026-04-13 03:31 UTC,539803,,,,,,,,,,,,,,
Banjaare,2026-04-13 03:31 UTC,15607861,,,,,,,,,,,,,,
Bausa,2026-04-13 03:31 UTC,3811563,,,,,,,,,,,,,,
billi0n,2026-04-13 03:31 UTC,45340,,,,,,,,,,,,,,
Billy Fuller,2026-04-13 03:31 UTC,18005,,,,,,,,,,,,,,
Bolaget,2026-04-13 03:31 UTC,1195597,,,,,,,,,,,,,,
Bryan Countach,2026-04-13 03:31 UTC,236686,,,,,,,,,,,,,,
campthehills,2026-04-13 03:31 UTC,321299,,,,,,,,,,,,,,
Canyon,2026-04-13 03:31 UTC,48401,,,,,,,,,,,,,,
Carter Faith,2026-04-13 03:31 UTC,1151017,,,,,,,,,,,,,,
Che,2026-04-13 03:31 UTC,1245916,,,,,,,,,,,,,,
Corridos del Rey,2026-04-13 03:31 UTC,1050047,,,,,,,,,,,,,,
Crystalo,2026-04-13 03:31 UTC,489000,,,,,,,,,,,,,,
Da Future,2026-04-13 03:31 UTC,4385289,,,,,,,,,,,,,,
Dale Move,2026-04-13 03:31 UTC,210322,,,,,,,,,,,,,,
Daniel Žižka,2026-04-13 03:31 UTC,151503,,,,,,,,,,,,,,
Dante,2026-04-13 03:31 UTC,432822,,,,,,,,,,,,,,
Dean Turnley,2026-04-13 03:31 UTC,1414673,,,,,,,,,,,,,,
Delara,2026-04-13 03:31 UTC,799451,,,,,,,,,,,,,,
Delta Ash,2026-04-13 03:31 UTC,422757,,,,,,,,,,,,,,
Dexter and The Moonrocks,2026-04-13 03:31 UTC,3455205,,,,,,,,,,,,,,
DJ Unzensiert,2026-04-13 03:31 UTC,1476149,,,,,,,,,,,,,,
Donda,2026-04-13 03:31 UTC,2099421,,,,,,,,,,,,,,
Dubioza Kolektive,2026-04-13 03:31 UTC,509297,,,,,,,,,,,,,,
dunderjeppe,2026-04-13 03:31 UTC,28287,,,,,,,,,,,,,,
Duskydemise archive,2026-04-13 03:31 UTC,282521,,,,,,,,,,,,,,
Duygu Edis,2026-04-13 03:31 UTC,2576657,,,,,,,,,,,,,,
dyingoutlay,2026-04-13 03:31 UTC,165,,,,,,,,,,,,,,
earfzilla,2026-04-13 03:31 UTC,8726,,,,,,,,,,,,,,
EMEI,2026-04-13 03:31 UTC,1689047,,,,,,,,,,,,,,
Emelie Trahan,2026-04-13 03:31 UTC,85130,,,,,,,,,,,,,,
EMJIE,2026-04-13 03:31 UTC,178791,,,,,,,,,,,,,,
F3miii,2026-04-13 03:31 UTC,2078550,,,,,,,,,,,,,,
Fcukers,2026-04-13 03:31 UTC,2140821,,,,,,,,,,,,,,
FIFA Sound,2026-04-13 03:31 UTC,2510747,,,,,,,,,,,,,,
FLO,2026-04-13 03:31 UTC,3648349,,,,,,,,,,,,,,
Franky Rizardo,2026-04-13 03:31 UTC,2677788,,,,,,,,,,,,,,
Girl Scout,2026-04-13 03:31 UTC,308832,,,,,,,,,,,,,,
girl_irl,2026-04-13 03:31 UTC,147352,,,,,,,,,,,,,,
girlsweetvoiced,2026-04-13 03:31 UTC,753060,,,,,,,,,,,,,,
gnawvs,2026-04-13 03:31 UTC,1793,,,,,,,,,,,,,,
Godtripper,2026-04-13 03:31 UTC,151195,,,,,,,,,,,,,,
Grupo Primer Grado,2026-04-13 03:31 UTC,2481922,,,,,,,,,,,,,,
Harrd Luck,2026-04-13 03:31 UTC,176383,,,,,,,,,,,,,,
Indeevar,2026-04-13 03:31 UTC,2393654,,,,,,,,,,,,,,
Indigo De Souza,2026-04-13 03:31 UTC,1691156,,,,,,,,,,,,,,
Infinity Song,2026-04-13 03:31 UTC,599056,,,,,,,,,,,,,,
isa in eutopia,2026-04-13 03:31 UTC,24762,,,,,,,,,,,,,,
Jackson Dean,2026-04-13 03:31 UTC,2052569,,,,,,,,,,,,,,
Jadasea,2026-04-13 03:31 UTC,153255,,,,,,,,,,,,,,
Jenny Baker,2026-04-13 03:31 UTC,115696,,,,,,,,,,,,,,
Joey Cash,2026-04-13 03:31 UTC,385957,,,,,,,,,,,,,,
Joy Rhodes,2026-04-13 03:31 UTC,403136,,,,,,,,,,,,,,
Julie Williams,2026-04-13 03:31 UTC,46613,,,,,,,,,,,,,,
JULIETT,2026-04-13 03:31 UTC,395033,,,,,,,,,,,,,,
Khaled,2026-04-13 03:31 UTC,2361651,,,,,,,,,,,,,,
Khan Saab,2026-04-13 03:31 UTC,11721153,,,,,,,,,,,,,,
King Kylie,2026-04-13 03:31 UTC,2404026,,,,,,,,,,,,,,
Koilwood,2026-04-13 03:31 UTC,26191,,,,,,,,,,,,,,
KUČKA,2026-04-13 03:31 UTC,995310,,,,,,,,,,,,,,
Kurdi Klymax,2026-04-13 03:31 UTC,14147,,,,,,,,,,,,,,
Lamb,2026-04-13 03:31 UTC,394722,,,,,,,,,,,,,,
ledysek,2026-04-13 03:31 UTC,15504,,,,,,,,,,,,,,
Leni Woess,2026-04-13 03:31 UTC,902172,,,,,,,,,,,,,,
Lerado Khalil,2026-04-13 03:31 UTC,89974,,,,,,,,,,,,,,
Lightris,2026-04-13 03:31 UTC,762623,,,,,,,,,,,,,,
M!LK,2026-04-13 03:31 UTC,2628971,,,,,,,,,,,,,,
M4IA,2026-04-13 03:31 UTC,233160,,,,,,,,,,,,,,
MAGIC SOUND WOLF,2026-04-13 03:31 UTC,428253,,,,,,,,,,,,,,
Malcolm Todd,2026-04-13 03:31 UTC,19390952,,,,,,,,,,,,,,
Maphra,2026-04-13 03:31 UTC,1377537,,,,,,,,,,,,,,
marquitos,2026-04-13 03:31 UTC,840845,,,,,,,,,,,,,,
Maviler,2026-04-13 03:31 UTC,991525,,,,,,,,,,,,,,
Maya Engen,2026-04-13 03:31 UTC,76128,,,,,,,,,,,,,,
Mietze Conte,2026-04-13 03:31 UTC,423222,,,,,,,,,,,,,,
Mijabella Marie,2026-04-13 03:31 UTC,12957,,,,,,,,,,,,,,
MIKE,2026-04-13 03:31 UTC,902025,,,,,,,,,,,,,,
Momo Boyd,2026-04-13 03:31 UTC,3259497,,,,,,,,,,,,,,
Mr Dutt,2026-04-13 03:31 UTC,1709917,,,,,,,,,,,,,,
Nickatnite,2026-04-13 03:31 UTC,10404,,,,,,,,,,,,,,
Nine Vicious,2026-04-13 03:31 UTC,1146732,,,,,,,,,,,,,,
nocashfromparents,2026-04-13 03:31 UTC,761174,,,,,,,,,,,,,,
North West,2026-04-13 03:31 UTC,590161,,,,,,,,,,,,,,
NPD,2026-04-13 03:31 UTC,1296505,,,,,,,,,,,,,,
OK Alva,2026-04-13 03:31 UTC,5612,,,,,,,,,,,,,,
osa,2026-04-13 03:31 UTC,63753,,,,,,,,,,,,,,
Pz',2026-04-13 03:31 UTC,312277,,,,,,,,,,,,,,
Reble,2026-04-13 03:31 UTC,12923644,,,,,,,,,,,,,,
Rocket Reese,2026-04-13 03:31 UTC,116919,,,,,,,,,,,,,,
S1RENA,2026-04-13 03:31 UTC,164640,,,,,,,,,,,,,,
Sara Landry,2026-04-13 03:31 UTC,1227736,,,,,,,,,,,,,,
Selim61,2026-04-13 03:31 UTC,1072525,,,,,,,,,,,,,,
Sematary,2026-04-13 03:31 UTC,807619,,,,,,,,,,,,,,
Slayr,2026-04-13 03:31 UTC,1183339,,,,,,,,,,,,,,
Slim Jxmmy,2026-04-13 03:31 UTC,37066,,,,,,,,,,,,,,
Sons of Yusuf,2026-04-13 03:31 UTC,1781776,,,,,,,,,,,,,,
Sreemani,2026-04-13 03:31 UTC,1802003,,,,,,,,,,,,,,
STELLA LEFTY,2026-04-13 03:31 UTC,3836626,,,,,,,,,,,,,,
STEREO,2026-04-13 03:31 UTC,1656125,,,,,,,,,,,,,,
Stopthis,2026-04-13 03:31 UTC,55946,,,,,,,,,,,,,,
Summrs,2026-04-13 03:31 UTC,1370871,,,,,,,,,,,,,,
SURF GANG,2026-04-13 03:31 UTC,734306,,,,,,,,,,,,,,
Sven Yamaha,2026-04-13 03:31 UTC,12239,,,,,,,,,,,,,,
Swizz Beatz,2026-04-13 03:31 UTC,1199334,,,,,,,,,,,,,,
T.O.P,2026-04-13 03:31 UTC,1054305,,,,,,,,,,,,,,
Tabi Gervis,2026-04-13 03:31 UTC,19441,,,,,,,,,,,,,,
Temper City,2026-04-13 03:31 UTC,6272911,,,,,,,,,,,,,,
The Long Faces,2026-04-13 03:31 UTC,3209523,,,,,,,,,,,,,,
The Twins,2026-04-13 03:31 UTC,74557,,,,,,,,,,,,,,
Tiffany Day,2026-04-13 03:31 UTC,1068312,,,,,,,,,,,,,,
Tiffany Hudson,2026-04-13 03:31 UTC,1722726,,,,,,,,,,,,,,
Tom Did It,2026-04-13 03:31 UTC,1144955,,,,,,,,,,,,,,
Tom Right,2026-04-13 03:31 UTC,839339,,,,,,,,,,,,,,
Trim,2026-04-13 03:31 UTC,2007532,,,,,,,,,,,,,,
Tsatsamis,2026-04-13 03:31 UTC,204107,,,,,,,,,,,,,,
twentythree,2026-04-13 03:31 UTC,1360980,,,,,,,,,,,,,,
TXKUMOON,2026-04-13 03:31 UTC,582387,,,,,,,,,,,,,,
Ullah,2026-04-13 03:31 UTC,78852,,,,,,,,,,,,,,
untiljapan,2026-04-13 03:31 UTC,235612,,,,,,,,,,,,,,
Vaibhav Gupta,2026-04-13 03:31 UTC,2651794,,,,,,,,,,,,,,
Valter Nilsson,2026-04-13 03:31 UTC,218593,,,,,,,,,,,,,,
Warren Roob,2026-04-13 03:31 UTC,742464,,,,,,,,,,,,,,
Will Sass,2026-04-13 03:31 UTC,778304,,,,,,,,,,,,,,
xo,2026-04-13 03:31 UTC,36987,,,,,,,,,,,,,,
YBRE,2026-04-13 03:31 UTC,1053546,,,,,,,,,,,,,,
Ye,2026-04-13 03:31 UTC,16562673,,,,,,,,,,,,,,
Yonusa,2026-04-13 03:31 UTC,301777,,,,,,,,,,,,,,
YUNA,2026-04-13 03:31 UTC,1085596,,,,,,,,,,,,,,
Zycan,2026-04-13 03:31 UTC,1858808,,,,,,,,,,,,,,
Canada Soccer,2026-04-13 03:31 UTC,176432,,,,,,,,,,,,,,
H. Hawkline,2026-04-13 03:31 UTC,79418,,,,,,,,,,,,,,
Rian Brazil,2026-04-13 03:31 UTC,31973,,,,,,,,,,,,,,
My New Band Believe,2026-04-13 03:31 UTC,150138,,,,,,,,,,,,,,
Baby Crash,2026-04-13 03:31 UTC,0,,,,,,,,,,,,,,
Street Fever,2026-04-13 03:31 UTC,104570,,,,,,,,,,,,,,
Lori Perri,2026-04-13 03:31 UTC,332,,,,,,,,,,,,,,
DJ B7 o Piranhão,2026-04-13 03:31 UTC,871755,,,,,,,,,,,,,,
shonci,2026-04-13 03:31 UTC,2817201,,,,,,,,,,,,,,
OKI,2026-04-13 03:31 UTC,2189621,,,,,,,,,,,,,,
Juju,2026-04-13 03:31 UTC,2352446,,,,,,,,,,,,,,
Diana Pilquist,2026-04-13 03:31 UTC,1153,,,,,,,,,,,,,,
$t3PPA,2026-04-13 14:56 UTC,102777,,,,,,,,,,,,,,
00pium!*,2026-04-13 14:56 UTC,166,,,,,,,,,,,,,,
13dge,2026-04-13 14:56 UTC,4026,,,,,,,,,,,,,,
A2ANTI,2026-04-13 14:56 UTC,1570339,,,,,,,,,,,,,,
Addison Dean,2026-04-13 14:56 UTC,3427,,,,,,,,,,,,,,
Aiyana-Lee,2026-04-13 14:56 UTC,1179687,,,,,,,,,,,,,,
Andre Troutman,2026-04-13 14:56 UTC,8539168,,,,,,,,,,,,,,
Angine de Poitrine,2026-04-13 14:56 UTC,1883458,,,,,,,,,,,,,,
Anysia Kim,2026-04-13 14:56 UTC,167667,,,,,,,,,,,,,,
AQUAFINNA,2026-04-13 14:56 UTC,18211,,,,,,,,,,,,,,
Avery Cochrane,2026-04-13 14:56 UTC,542907,,,,,,,,,,,,,,
Banjaare,2026-04-13 14:56 UTC,15885232,,,,,,,,,,,,,,
Bausa,2026-04-13 14:56 UTC,3812270,,,,,,,,,,,,,,
billi0n,2026-04-13 14:56 UTC,45306,,,,,,,,,,,,,,
Billy Fuller,2026-04-13 14:56 UTC,18264,,,,,,,,,,,,,,
Bolaget,2026-04-13 14:56 UTC,1199243,,,,,,,,,,,,,,
Bryan Countach,2026-04-13 14:56 UTC,239898,,,,,,,,,,,,,,
campthehills,2026-04-13 14:56 UTC,324886,,,,,,,,,,,,,,
Canyon,2026-04-13 14:56 UTC,48862,,,,,,,,,,,,,,
Carter Faith,2026-04-13 14:56 UTC,1264960,,,,,,,,,,,,,,
Che,2026-04-13 14:56 UTC,1245493,,,,,,,,,,,,,,
Corridos del Rey,2026-04-13 14:56 UTC,1083408,,,,,,,,,,,,,,
Crystalo,2026-04-13 14:56 UTC,496851,,,,,,,,,,,,,,
Da Future,2026-04-13 14:56 UTC,4459646,,,,,,,,,,,,,,
Dale Move,2026-04-13 14:56 UTC,215412,,,,,,,,,,,,,,
Daniel Žižka,2026-04-13 14:56 UTC,148564,,,,,,,,,,,,,,
Dante,2026-04-13 14:56 UTC,444307,,,,,,,,,,,,,,
Dean Turnley,2026-04-13 14:56 UTC,1445432,,,,,,,,,,,,,,
Delara,2026-04-13 14:56 UTC,802760,,,,,,,,,,,,,,
Delta Ash,2026-04-13 14:56 UTC,434486,,,,,,,,,,,,,,
Dexter and The Moonrocks,2026-04-13 14:56 UTC,3598443,,,,,,,,,,,,,,
DJ Unzensiert,2026-04-13 14:56 UTC,1494421,,,,,,,,,,,,,,
Donda,2026-04-13 14:56 UTC,2126504,,,,,,,,,,,,,,
Dubioza Kolektive,2026-04-13 14:56 UTC,516857,,,,,,,,,,,,,,
dunderjeppe,2026-04-13 14:56 UTC,28555,,,,,,,,,,,,,,
Duskydemise archive,2026-04-13 14:56 UTC,291438,,,,,,,,,,,,,,
Duygu Edis,2026-04-13 14:56 UTC,2634013,,,,,,,,,,,,,,
dyingoutlay,2026-04-13 14:56 UTC,165,,,,,,,,,,,,,,
earfzilla,2026-04-13 14:56 UTC,8490,,,,,,,,,,,,,,
EMEI,2026-04-13 14:56 UTC,1710502,,,,,,,,,,,,,,
Emelie Trahan,2026-04-13 14:56 UTC,87616,,,,,,,,,,,,,,
EMJIE,2026-04-13 14:56 UTC,184280,,,,,,,,,,,,,,
F3miii,2026-04-13 14:56 UTC,2170383,,,,,,,,,,,,,,
Fcukers,2026-04-13 14:56 UTC,2148086,,,,,,,,,,,,,,
FIFA Sound,2026-04-13 14:56 UTC,2556246,,,,,,,,,,,,,,
FLO,2026-04-13 14:56 UTC,3693353,,,,,,,,,,,,,,
Franky Rizardo,2026-04-13 14:56 UTC,2702343,,,,,,,,,,,,,,
Girl Scout,2026-04-13 14:56 UTC,305909,,,,,,,,,,,,,,
girl_irl,2026-04-13 14:56 UTC,150226,,,,,,,,,,,,,,
girlsweetvoiced,2026-04-13 14:56 UTC,771726,,,,,,,,,,,,,,
gnawvs,2026-04-13 14:56 UTC,1834,,,,,,,,,,,,,,
Godtripper,2026-04-13 14:56 UTC,171553,,,,,,,,,,,,,,
Grupo Primer Grado,2026-04-13 14:56 UTC,2545235,,,,,,,,,,,,,,
Harrd Luck,2026-04-13 14:56 UTC,179011,,,,,,,,,,,,,,
Indeevar,2026-04-13 14:56 UTC,2486555,,,,,,,,,,,,,,
Indigo De Souza,2026-04-13 14:56 UTC,1695078,,,,,,,,,,,,,,
Infinity Song,2026-04-13 14:56 UTC,619312,,,,,,,,,,,,,,
isa in eutopia,2026-04-13 14:56 UTC,25621,,,,,,,,,,,,,,
Jackson Dean,2026-04-13 14:56 UTC,2051523,,,,,,,,,,,,,,
Jadasea,2026-04-13 14:56 UTC,156635,,,,,,,,,,,,,,
Jenny Baker,2026-04-13 14:56 UTC,115959,,,,,,,,,,,,,,
Joey Cash,2026-04-13 14:56 UTC,384948,,,,,,,,,,,,,,
Joy Rhodes,2026-04-13 14:56 UTC,410438,,,,,,,,,,,,,,
Julie Williams,2026-04-13 14:56 UTC,54477,,,,,,,,,,,,,,
JULIETT,2026-04-13 14:56 UTC,385411,,,,,,,,,,,,,,
Khaled,2026-04-13 14:56 UTC,2411326,,,,,,,,,,,,,,
Khan Saab,2026-04-13 14:56 UTC,11977863,,,,,,,,,,,,,,
King Kylie,2026-04-13 14:56 UTC,2416980,,,,,,,,,,,,,,
Koilwood,2026-04-13 14:56 UTC,29667,,,,,,,,,,,,,,
KUČKA,2026-04-13 14:56 UTC,1011587,,,,,,,,,,,,,,
Kurdi Klymax,2026-04-13 14:56 UTC,14348,,,,,,,,,,,,,,
Lamb,2026-04-13 14:56 UTC,395139,,,,,,,,,,,,,,
ledysek,2026-04-13 14:56 UTC,15792,,,,,,,,,,,,,,
Leni Woess,2026-04-13 14:56 UTC,905755,,,,,,,,,,,,,,
Lerado Khalil,2026-04-13 14:56 UTC,91274,,,,,,,,,,,,,,
Lightris,2026-04-13 14:56 UTC,772771,,,,,,,,,,,,,,
M!LK,2026-04-13 14:56 UTC,2634569,,,,,,,,,,,,,,
M4IA,2026-04-13 14:56 UTC,233787,,,,,,,,,,,,,,
MAGIC SOUND WOLF,2026-04-13 14:56 UTC,444497,,,,,,,,,,,,,,
Malcolm Todd,2026-04-13 14:56 UTC,19524269,,,,,,,,,,,,,,
Maphra,2026-04-13 14:56 UTC,1377450,,,,,,,,,,,,,,
marquitos,2026-04-13 14:56 UTC,858870,,,,,,,,,,,,,,
Maviler,2026-04-13 14:56 UTC,1024956,,,,,,,,,,,,,,
Maya Engen,2026-04-13 14:56 UTC,75861,,,,,,,,,,,,,,
Mietze Conte,2026-04-13 14:56 UTC,421656,,,,,,,,,,,,,,
Mijabella Marie,2026-04-13 14:56 UTC,15868,,,,,,,,,,,,,,
MIKE,2026-04-13 14:56 UTC,900897,,,,,,,,,,,,,,
Momo Boyd,2026-04-13 14:56 UTC,3198044,,,,,,,,,,,,,,
Mr Dutt,2026-04-13 14:56 UTC,1800679,,,,,,,,,,,,,,
Nickatnite,2026-04-13 14:56 UTC,11100,,,,,,,,,,,,,,
Nine Vicious,2026-04-13 14:56 UTC,1156178,,,,,,,,,,,,,,
nocashfromparents,2026-04-13 14:56 UTC,771862,,,,,,,,,,,,,,
North West,2026-04-13 14:56 UTC,592400,,,,,,,,,,,,,,
NPD,2026-04-13 14:56 UTC,1339973,,,,,,,,,,,,,,
OK Alva,2026-04-13 14:56 UTC,5791,,,,,,,,,,,,,,
osa,2026-04-13 14:56 UTC,66674,,,,,,,,,,,,,,
Pz',2026-04-13 14:56 UTC,312352,,,,,,,,,,,,,,
Reble,2026-04-13 14:56 UTC,13111901,,,,,,,,,,,,,,
Rocket Reese,2026-04-13 14:56 UTC,117382,,,,,,,,,,,,,,
S1RENA,2026-04-13 14:56 UTC,168393,,,,,,,,,,,,,,
Sara Landry,2026-04-13 14:56 UTC,1238590,,,,,,,,,,,,,,
Selim61,2026-04-13 14:56 UTC,1082639,,,,,,,,,,,,,,
Sematary,2026-04-13 14:56 UTC,813758,,,,,,,,,,,,,,
Slayr,2026-04-13 14:56 UTC,1185806,,,,,,,,,,,,,,
Slim Jxmmy,2026-04-13 14:56 UTC,37017,,,,,,,,,,,,,,
Sons of Yusuf,2026-04-13 14:56 UTC,1833693,,,,,,,,,,,,,,
Sreemani,2026-04-13 14:56 UTC,1851987,,,,,,,,,,,,,,
STELLA LEFTY,2026-04-13 14:56 UTC,4003488,,,,,,,,,,,,,,
STEREO,2026-04-13 14:56 UTC,1683049,,,,,,,,,,,,,,
Stopthis,2026-04-13 14:56 UTC,56378,,,,,,,,,,,,,,
Summrs,2026-04-13 14:56 UTC,1368633,,,,,,,,,,,,,,
SURF GANG,2026-04-13 14:56 UTC,736339,,,,,,,,,,,,,,
Sven Yamaha,2026-04-13 14:56 UTC,12118,,,,,,,,,,,,,,
Swizz Beatz,2026-04-13 14:56 UTC,1206040,,,,,,,,,,,,,,
T.O.P,2026-04-13 14:56 UTC,1130893,,,,,,,,,,,,,,
Tabi Gervis,2026-04-13 14:56 UTC,19376,,,,,,,,,,,,,,
Temper City,2026-04-13 14:56 UTC,6417104,,,,,,,,,,,,,,
The Long Faces,2026-04-13 14:56 UTC,3294339,,,,,,,,,,,,,,
The Twins,2026-04-13 14:56 UTC,74009,,,,,,,,,,,,,,
Tiffany Day,2026-04-13 14:56 UTC,1090039,,,,,,,,,,,,,,
Tiffany Hudson,2026-04-13 14:56 UTC,1730374,,,,,,,,,,,,,,
Tom Did It,2026-04-13 14:56 UTC,1168800,,,,,,,,,,,,,,
Tom Right,2026-04-13 14:56 UTC,854382,,,,,,,,,,,,,,
Trim,2026-04-13 14:56 UTC,2032058,,,,,,,,,,,,,,
Tsatsamis,2026-04-13 14:56 UTC,205087,,,,,,,,,,,,,,
twentythree,2026-04-13 14:56 UTC,1365769,,,,,,,,,,,,,,
TXKUMOON,2026-04-13 14:56 UTC,607003,,,,,,,,,,,,,,
Ullah,2026-04-13 14:56 UTC,79980,,,,,,,,,,,,,,
untiljapan,2026-04-13 14:56 UTC,235025,,,,,,,,,,,,,,
Vaibhav Gupta,2026-04-13 14:56 UTC,2709079,,,,,,,,,,,,,,
Valter Nilsson,2026-04-13 14:56 UTC,219771,,,,,,,,,,,,,,
Warren Roob,2026-04-13 14:56 UTC,786128,,,,,,,,,,,,,,
Will Sass,2026-04-13 14:56 UTC,790267,,,,,,,,,,,,,,
xo,2026-04-13 14:56 UTC,36618,,,,,,,,,,,,,,
YBRE,2026-04-13 14:56 UTC,1060461,,,,,,,,,,,,,,
Ye,2026-04-13 14:56 UTC,16879610,,,,,,,,,,,,,,
Yonusa,2026-04-13 14:56 UTC,296880,,,,,,,,,,,,,,
YUNA,2026-04-13 14:56 UTC,1121281,,,,,,,,,,,,,,
Zycan,2026-04-13 14:56 UTC,1973923,,,,,,,,,,,,,,
Canada Soccer,2026-04-13 14:56 UTC,199217,,,,,,,,,,,,,,
H. Hawkline,2026-04-13 14:56 UTC,91133,,,,,,,,,,,,,,
Rian Brazil,2026-04-13 14:56 UTC,33252,,,,,,,,,,,,,,
My New Band Believe,2026-04-13 14:56 UTC,162566,,,,,,,,,,,,,,
Baby Crash,2026-04-13 14:56 UTC,0,,,,,,,,,,,,,,
Street Fever,2026-04-13 14:56 UTC,113331,,,,,,,,,,,,,,
Lori Perri,2026-04-13 14:56 UTC,333,,,,,,,,,,,,,,
DJ B7 o Piranhão,2026-04-13 14:56 UTC,962919,,,,,,,,,,,,,,
shonci,2026-04-13 14:56 UTC,2909317,,,,,,,,,,,,,,
OKI,2026-04-13 14:56 UTC,2224472,,,,,,,,,,,,,,
Juju,2026-04-13 14:56 UTC,2390353,,,,,,,,,,,,,,
Diana Pilquist,2026-04-13 14:56 UTC,1145,,,,,,,,,,,,,,
$t3PPA,2026-04-14 00:05 UTC,102777,,,,,,,,,,,,,,
00pium!*,2026-04-14 00:05 UTC,166,,,,,,,,,,,,,,
13dge,2026-04-14 00:05 UTC,4026,,,,,,,,,,,,,,
A2ANTI,2026-04-14 00:05 UTC,1570339,,,,,,,,,,,,,,
Addison Dean,2026-04-14 00:05 UTC,3427,,,,,,,,,,,,,,
Aiyana-Lee,2026-04-14 00:05 UTC,1179687,,,,,,,,,,,,,,
Andre Troutman,2026-04-14 00:05 UTC,8539168,,,,,,,,,,,,,,
Angine de Poitrine,2026-04-14 00:05 UTC,1883458,,,,,,,,,,,,,,
Anysia Kim,2026-04-14 00:05 UTC,167667,,,,,,,,,,,,,,
AQUAFINNA,2026-04-14 00:05 UTC,18211,,,,,,,,,,,,,,
Avery Cochrane,2026-04-14 00:05 UTC,542907,,,,,,,,,,,,,,
Banjaare,2026-04-14 00:05 UTC,15885232,,,,,,,,,,,,,,
Bausa,2026-04-14 00:05 UTC,3812270,,,,,,,,,,,,,,
billi0n,2026-04-14 00:05 UTC,45306,,,,,,,,,,,,,,
Billy Fuller,2026-04-14 00:05 UTC,18264,,,,,,,,,,,,,,
Bolaget,2026-04-14 00:05 UTC,1199243,,,,,,,,,,,,,,
Bryan Countach,2026-04-14 00:05 UTC,239898,,,,,,,,,,,,,,
campthehills,2026-04-14 00:05 UTC,324886,,,,,,,,,,,,,,
Canyon,2026-04-14 00:05 UTC,48862,,,,,,,,,,,,,,
Carter Faith,2026-04-14 00:05 UTC,1264960,,,,,,,,,,,,,,
Che,2026-04-14 00:05 UTC,1245493,,,,,,,,,,,,,,
Corridos del Rey,2026-04-14 00:05 UTC,1083408,,,,,,,,,,,,,,
Crystalo,2026-04-14 00:05 UTC,496851,,,,,,,,,,,,,,
Da Future,2026-04-14 00:05 UTC,4459646,,,,,,,,,,,,,,
Dale Move,2026-04-14 00:05 UTC,215412,,,,,,,,,,,,,,
Daniel Žižka,2026-04-14 00:05 UTC,148564,,,,,,,,,,,,,,
Dante,2026-04-14 00:05 UTC,444307,,,,,,,,,,,,,,
Dean Turnley,2026-04-14 00:05 UTC,1445432,,,,,,,,,,,,,,
Delara,2026-04-14 00:05 UTC,802760,,,,,,,,,,,,,,
Delta Ash,2026-04-14 00:05 UTC,434486,,,,,,,,,,,,,,
Dexter and The Moonrocks,2026-04-14 00:05 UTC,3598443,,,,,,,,,,,,,,
DJ Unzensiert,2026-04-14 00:05 UTC,1494421,,,,,,,,,,,,,,
Donda,2026-04-14 00:05 UTC,2126504,,,,,,,,,,,,,,
Dubioza Kolektive,2026-04-14 00:05 UTC,516857,,,,,,,,,,,,,,
dunderjeppe,2026-04-14 00:05 UTC,28555,,,,,,,,,,,,,,
Duskydemise archive,2026-04-14 00:05 UTC,291438,,,,,,,,,,,,,,
Duygu Edis,2026-04-14 00:05 UTC,2634013,,,,,,,,,,,,,,
dyingoutlay,2026-04-14 00:05 UTC,165,,,,,,,,,,,,,,
earfzilla,2026-04-14 00:05 UTC,8490,,,,,,,,,,,,,,
EMEI,2026-04-14 00:05 UTC,1710502,,,,,,,,,,,,,,
Emelie Trahan,2026-04-14 00:05 UTC,87616,,,,,,,,,,,,,,
EMJIE,2026-04-14 00:05 UTC,184280,,,,,,,,,,,,,,
F3miii,2026-04-14 00:05 UTC,2170383,,,,,,,,,,,,,,
Fcukers,2026-04-14 00:05 UTC,2148086,,,,,,,,,,,,,,
FIFA Sound,2026-04-14 00:05 UTC,2556246,,,,,,,,,,,,,,
FLO,2026-04-14 00:05 UTC,3693353,,,,,,,,,,,,,,
Franky Rizardo,2026-04-14 00:05 UTC,2702343,,,,,,,,,,,,,,
Girl Scout,2026-04-14 00:05 UTC,305909,,,,,,,,,,,,,,
girl_irl,2026-04-14 00:05 UTC,150226,,,,,,,,,,,,,,
girlsweetvoiced,2026-04-14 00:05 UTC,771726,,,,,,,,,,,,,,
gnawvs,2026-04-14 00:05 UTC,1834,,,,,,,,,,,,,,
Godtripper,2026-04-14 00:05 UTC,171553,,,,,,,,,,,,,,
Grupo Primer Grado,2026-04-14 00:05 UTC,2545235,,,,,,,,,,,,,,
Harrd Luck,2026-04-14 00:05 UTC,179011,,,,,,,,,,,,,,
Indeevar,2026-04-14 00:05 UTC,2486555,,,,,,,,,,,,,,
Indigo De Souza,2026-04-14 00:05 UTC,1695078,,,,,,,,,,,,,,
Infinity Song,2026-04-14 00:05 UTC,619312,,,,,,,,,,,,,,
isa in eutopia,2026-04-14 00:05 UTC,25621,,,,,,,,,,,,,,
Jackson Dean,2026-04-14 00:05 UTC,2051523,,,,,,,,,,,,,,
Jadasea,2026-04-14 00:05 UTC,156635,,,,,,,,,,,,,,
Jenny Baker,2026-04-14 00:05 UTC,115959,,,,,,,,,,,,,,
Joey Cash,2026-04-14 00:05 UTC,384948,,,,,,,,,,,,,,
Joy Rhodes,2026-04-14 00:05 UTC,410438,,,,,,,,,,,,,,
Julie Williams,2026-04-14 00:05 UTC,54477,,,,,,,,,,,,,,
JULIETT,2026-04-14 00:05 UTC,385411,,,,,,,,,,,,,,
Khaled,2026-04-14 00:05 UTC,2411326,,,,,,,,,,,,,,
Khan Saab,2026-04-14 00:05 UTC,11977863,,,,,,,,,,,,,,
King Kylie,2026-04-14 00:05 UTC,2416980,,,,,,,,,,,,,,
Koilwood,2026-04-14 00:05 UTC,29667,,,,,,,,,,,,,,
KUČKA,2026-04-14 00:05 UTC,1011587,,,,,,,,,,,,,,
Kurdi Klymax,2026-04-14 00:05 UTC,14348,,,,,,,,,,,,,,
Lamb,2026-04-14 00:05 UTC,395139,,,,,,,,,,,,,,
ledysek,2026-04-14 00:05 UTC,15792,,,,,,,,,,,,,,
Leni Woess,2026-04-14 00:05 UTC,905755,,,,,,,,,,,,,,
Lerado Khalil,2026-04-14 00:05 UTC,91274,,,,,,,,,,,,,,
Lightris,2026-04-14 00:05 UTC,772771,,,,,,,,,,,,,,
M!LK,2026-04-14 00:05 UTC,2634569,,,,,,,,,,,,,,
M4IA,2026-04-14 00:05 UTC,233787,,,,,,,,,,,,,,
MAGIC SOUND WOLF,2026-04-14 00:05 UTC,444497,,,,,,,,,,,,,,
Malcolm Todd,2026-04-14 00:05 UTC,19524269,,,,,,,,,,,,,,
Maphra,2026-04-14 00:05 UTC,1377450,,,,,,,,,,,,,,
marquitos,2026-04-14 00:05 UTC,858870,,,,,,,,,,,,,,
Maviler,2026-04-14 00:05 UTC,1024956,,,,,,,,,,,,,,
Maya Engen,2026-04-14 00:05 UTC,75861,,,,,,,,,,,,,,
Mietze Conte,2026-04-14 00:05 UTC,421656,,,,,,,,,,,,,,
Mijabella Marie,2026-04-14 00:05 UTC,15868,,,,,,,,,,,,,,
MIKE,2026-04-14 00:05 UTC,900897,,,,,,,,,,,,,,
Momo Boyd,2026-04-14 00:05 UTC,3198044,,,,,,,,,,,,,,
Mr Dutt,2026-04-14 00:05 UTC,1800679,,,,,,,,,,,,,,
Nickatnite,2026-04-14 00:05 UTC,11100,,,,,,,,,,,,,,
Nine Vicious,2026-04-14 00:05 UTC,1156178,,,,,,,,,,,,,,
nocashfromparents,2026-04-14 00:05 UTC,771862,,,,,,,,,,,,,,
North West,2026-04-14 00:05 UTC,592400,,,,,,,,,,,,,,
NPD,2026-04-14 00:05 UTC,1339973,,,,,,,,,,,,,,
OK Alva,2026-04-14 00:05 UTC,5791,,,,,,,,,,,,,,
osa,2026-04-14 00:05 UTC,66674,,,,,,,,,,,,,,
Pz',2026-04-14 00:05 UTC,312352,,,,,,,,,,,,,,
Reble,2026-04-14 00:05 UTC,13111901,,,,,,,,,,,,,,
Rocket Reese,2026-04-14 00:05 UTC,117382,,,,,,,,,,,,,,
S1RENA,2026-04-14 00:05 UTC,168393,,,,,,,,,,,,,,
Sara Landry,2026-04-14 00:05 UTC,1238590,,,,,,,,,,,,,,
Selim61,2026-04-14 00:05 UTC,1082639,,,,,,,,,,,,,,
Sematary,2026-04-14 00:05 UTC,813758,,,,,,,,,,,,,,
Slayr,2026-04-14 00:05 UTC,1185806,,,,,,,,,,,,,,
Slim Jxmmy,2026-04-14 00:05 UTC,37017,,,,,,,,,,,,,,
Sons of Yusuf,2026-04-14 00:05 UTC,1833693,,,,,,,,,,,,,,
Sreemani,2026-04-14 00:05 UTC,1851987,,,,,,,,,,,,,,
STELLA LEFTY,2026-04-14 00:05 UTC,4003488,,,,,,,,,,,,,,
STEREO,2026-04-14 00:05 UTC,1683049,,,,,,,,,,,,,,
Stopthis,2026-04-14 00:05 UTC,56378,,,,,,,,,,,,,,
Summrs,2026-04-14 00:05 UTC,1368633,,,,,,,,,,,,,,
SURF GANG,2026-04-14 00:05 UTC,736339,,,,,,,,,,,,,,
Sven Yamaha,2026-04-14 00:05 UTC,12118,,,,,,,,,,,,,,
Swizz Beatz,2026-04-14 00:05 UTC,1206040,,,,,,,,,,,,,,
T.O.P,2026-04-14 00:05 UTC,1130893,,,,,,,,,,,,,,
Tabi Gervis,2026-04-14 00:05 UTC,19376,,,,,,,,,,,,,,
Temper City,2026-04-14 00:05 UTC,6417104,,,,,,,,,,,,,,
The Long Faces,2026-04-14 00:05 UTC,3294339,,,,,,,,,,,,,,
The Twins,2026-04-14 00:05 UTC,74009,,,,,,,,,,,,,,
Tiffany Day,2026-04-14 00:05 UTC,1090039,,,,,,,,,,,,,,
Tiffany Hudson,2026-04-14 00:05 UTC,1730374,,,,,,,,,,,,,,
Tom Did It,2026-04-14 00:05 UTC,1168800,,,,,,,,,,,,,,
Tom Right,2026-04-14 00:05 UTC,854382,,,,,,,,,,,,,,
Trim,2026-04-14 00:05 UTC,2032058,,,,,,,,,,,,,,
Tsatsamis,2026-04-14 00:05 UTC,205087,,,,,,,,,,,,,,
twentythree,2026-04-14 00:05 UTC,1365769,,,,,,,,,,,,,,
TXKUMOON,2026-04-14 00:05 UTC,607003,,,,,,,,,,,,,,
Ullah,2026-04-14 00:05 UTC,79980,,,,,,,,,,,,,,
untiljapan,2026-04-14 00:05 UTC,235025,,,,,,,,,,,,,,
Vaibhav Gupta,2026-04-14 00:05 UTC,2709079,,,,,,,,,,,,,,
Valter Nilsson,2026-04-14 00:05 UTC,219771,,,,,,,,,,,,,,
Warren Roob,2026-04-14 00:05 UTC,786128,,,,,,,,,,,,,,
Will Sass,2026-04-14 00:05 UTC,790267,,,,,,,,,,,,,,
xo,2026-04-14 00:05 UTC,36618,,,,,,,,,,,,,,
YBRE,2026-04-14 00:05 UTC,1060461,,,,,,,,,,,,,,
Ye,2026-04-14 00:05 UTC,16879610,,,,,,,,,,,,,,
Yonusa,2026-04-14 00:05 UTC,296880,,,,,,,,,,,,,,
YUNA,2026-04-14 00:05 UTC,1121281,,,,,,,,,,,,,,
Zycan,2026-04-14 00:05 UTC,1973923,,,,,,,,,,,,,,
Canada Soccer,2026-04-14 00:05 UTC,199217,,,,,,,,,,,,,,
H. Hawkline,2026-04-14 00:05 UTC,91133,,,,,,,,,,,,,,
Rian Brazil,2026-04-14 00:05 UTC,33252,,,,,,,,,,,,,,
My New Band Believe,2026-04-14 00:05 UTC,162566,,,,,,,,,,,,,,
Baby Crash,2026-04-14 00:05 UTC,0,,,,,,,,,,,,,,
Street Fever,2026-04-14 00:05 UTC,113331,,,,,,,,,,,,,,
Lori Perri,2026-04-14 00:05 UTC,333,,,,,,,,,,,,,,
DJ B7 o Piranhão,2026-04-14 00:05 UTC,962919,,,,,,,,,,,,,,
shonci,2026-04-14 00:05 UTC,2909317,,,,,,,,,,,,,,
OKI,2026-04-14 00:05 UTC,2224472,,,,,,,,,,,,,,
Juju,2026-04-14 00:05 UTC,2390353,,,,,,,,,,,,,,
Diana Pilquist,2026-04-14 00:05 UTC,1145,,,,,,,,,,,,,,
$t3PPA,2026-04-14 15:15 UTC,106969,,,,,,,,,,,,,,
00pium!*,2026-04-14 15:15 UTC,164,,,,,,,,,,,,,,
13dge,2026-04-14 15:15 UTC,4026,,,,,,,,,,,,,,
A2ANTI,2026-04-14 15:15 UTC,1594596,,,,,,,,,,,,,,
Addison Dean,2026-04-14 15:15 UTC,3935,,,,,,,,,,,,,,
Aiyana-Lee,2026-04-14 15:15 UTC,1167003,,,,,,,,,,,,,,
Andre Troutman,2026-04-14 15:15 UTC,8704217,,,,,,,,,,,,,,
Angine de Poitrine,2026-04-14 15:15 UTC,1964926,,,,,,,,,,,,,,
Anysia Kim,2026-04-14 15:15 UTC,171454,,,,,,,,,,,,,,
AQUAFINNA,2026-04-14 15:15 UTC,18717,,,,,,,,,,,,,,
Avery Cochrane,2026-04-14 15:15 UTC,546979,,,,,,,,,,,,,,
Banjaare,2026-04-14 15:15 UTC,16093437,,,,,,,,,,,,,,
Bausa,2026-04-14 15:15 UTC,3810368,,,,,,,,,,,,,,
billi0n,2026-04-14 15:15 UTC,45685,,,,,,,,,,,,,,
Billy Fuller,2026-04-14 15:15 UTC,18342,,,,,,,,,,,,,,
Bolaget,2026-04-14 15:15 UTC,1204850,,,,,,,,,,,,,,
Bryan Countach,2026-04-14 15:15 UTC,243680,,,,,,,,,,,,,,
campthehills,2026-04-14 15:15 UTC,327785,,,,,,,,,,,,,,
Canyon,2026-04-14 15:15 UTC,48857,,,,,,,,,,,,,,
Carter Faith,2026-04-14 15:15 UTC,1410346,,,,,,,,,,,,,,
Che,2026-04-14 15:15 UTC,1243983,,,,,,,,,,,,,,
Corridos del Rey,2026-04-14 15:15 UTC,1113500,,,,,,,,,,,,,,
Crystalo,2026-04-14 15:15 UTC,503928,,,,,,,,,,,,,,
Da Future,2026-04-14 15:15 UTC,4520087,,,,,,,,,,,,,,
Dale Move,2026-04-14 15:15 UTC,220165,,,,,,,,,,,,,,
Daniel Žižka,2026-04-14 15:15 UTC,146383,,,,,,,,,,,,,,
Dante,2026-04-14 15:15 UTC,455467,,,,,,,,,,,,,,
Dean Turnley,2026-04-14 15:15 UTC,1477850,,,,,,,,,,,,,,
Delara,2026-04-14 15:15 UTC,806383,,,,,,,,,,,,,,
Delta Ash,2026-04-14 15:15 UTC,448655,,,,,,,,,,,,,,
Dexter and The Moonrocks,2026-04-14 15:15 UTC,3759828,,,,,,,,,,,,,,
DJ Unzensiert,2026-04-14 15:15 UTC,1520048,,,,,,,,,,,,,,
Donda,2026-04-14 15:15 UTC,2147584,,,,,,,,,,,,,,
Dubioza Kolektive,2026-04-14 15:15 UTC,524310,,,,,,,,,,,,,,
dunderjeppe,2026-04-14 15:15 UTC,29817,,,,,,,,,,,,,,
Duskydemise archive,2026-04-14 15:15 UTC,302920,,,,,,,,,,,,,,
Duygu Edis,2026-04-14 15:15 UTC,2681504,,,,,,,,,,,,,,
dyingoutlay,2026-04-14 15:15 UTC,163,,,,,,,,,,,,,,
earfzilla,2026-04-14 15:15 UTC,9078,,,,,,,,,,,,,,
EMEI,2026-04-14 15:15 UTC,1738057,,,,,,,,,,,,,,
Emelie Trahan,2026-04-14 15:15 UTC,90429,,,,,,,,,,,,,,
EMJIE,2026-04-14 15:15 UTC,190764,,,,,,,,,,,,,,
F3miii,2026-04-14 15:15 UTC,2265248,,,,,,,,,,,,,,
Fcukers,2026-04-14 15:15 UTC,2161540,,,,,,,,,,,,,,
FIFA Sound,2026-04-14 15:15 UTC,2594611,,,,,,,,,,,,,,
FLO,2026-04-14 15:15 UTC,3730217,,,,,,,,,,,,,,
Franky Rizardo,2026-04-14 15:15 UTC,2729550,,,,,,,,,,,,,,
Girl Scout,2026-04-14 15:15 UTC,303171,,,,,,,,,,,,,,
girl_irl,2026-04-14 15:15 UTC,153424,,,,,,,,,,,,,,
girlsweetvoiced,2026-04-14 15:15 UTC,789810,,,,,,,,,,,,,,
gnawvs,2026-04-14 15:15 UTC,1893,,,,,,,,,,,,,,
Godtripper,2026-04-14 15:15 UTC,192690,,,,,,,,,,,,,,
Grupo Primer Grado,2026-04-14 15:15 UTC,2612476,,,,,,,,,,,,,,
Harrd Luck,2026-04-14 15:15 UTC,181787,,,,,,,,,,,,,,
Indeevar,2026-04-14 15:15 UTC,2566855,,,,,,,,,,,,,,
Indigo De Souza,2026-04-14 15:15 UTC,1688039,,,,,,,,,,,,,,
Infinity Song,2026-04-14 15:15 UTC,638382,,,,,,,,,,,,,,
isa in eutopia,2026-04-14 15:15 UTC,26284,,,,,,,,,,,,,,
Jackson Dean,2026-04-14 15:15 UTC,2054603,,,,,,,,,,,,,,
Jadasea,2026-04-14 15:15 UTC,160143,,,,,,,,,,,,,,
Jenny Baker,2026-04-14 15:15 UTC,115526,,,,,,,,,,,,,,
Joey Cash,2026-04-14 15:15 UTC,384169,,,,,,,,,,,,,,
Joy Rhodes,2026-04-14 15:15 UTC,415385,,,,,,,,,,,,,,
Julie Williams,2026-04-14 15:15 UTC,62760,,,,,,,,,,,,,,
JULIETT,2026-04-14 15:15 UTC,378864,,,,,,,,,,,,,,
Khaled,2026-04-14 15:15 UTC,2453798,,,,,,,,,,,,,,
Khan Saab,2026-04-14 15:15 UTC,12265734,,,,,,,,,,,,,,
King Kylie,2026-04-14 15:15 UTC,2432851,,,,,,,,,,,,,,
Koilwood,2026-04-14 15:15 UTC,33462,,,,,,,,,,,,,,
KUČKA,2026-04-14 15:15 UTC,1026708,,,,,,,,,,,,,,
Kurdi Klymax,2026-04-14 15:15 UTC,14704,,,,,,,,,,,,,,
Lamb,2026-04-14 15:15 UTC,395200,,,,,,,,,,,,,,
ledysek,2026-04-14 15:15 UTC,16111,,,,,,,,,,,,,,
Leni Woess,2026-04-14 15:15 UTC,908074,,,,,,,,,,,,,,
Lerado Khalil,2026-04-14 15:15 UTC,93152,,,,,,,,,,,,,,
Lightris,2026-04-14 15:15 UTC,781573,,,,,,,,,,,,,,
M!LK,2026-04-14 15:15 UTC,2630038,,,,,,,,,,,,,,
M4IA,2026-04-14 15:15 UTC,234237,,,,,,,,,,,,,,
MAGIC SOUND WOLF,2026-04-14 15:15 UTC,458032,,,,,,,,,,,,,,
Malcolm Todd,2026-04-14 15:15 UTC,19635425,,,,,,,,,,,,,,
Maphra,2026-04-14 15:15 UTC,1363086,,,,,,,,,,,,,,
marquitos,2026-04-14 15:15 UTC,874769,,,,,,,,,,,,,,
Maviler,2026-04-14 15:15 UTC,1055099,,,,,,,,,,,,,,
Maya Engen,2026-04-14 15:15 UTC,75624,,,,,,,,,,,,,,
Mietze Conte,2026-04-14 15:15 UTC,421969,,,,,,,,,,,,,,
Mijabella Marie,2026-04-14 15:15 UTC,18013,,,,,,,,,,,,,,
MIKE,2026-04-14 15:15 UTC,899640,,,,,,,,,,,,,,
Momo Boyd,2026-04-14 15:15 UTC,3123061,,,,,,,,,,,,,,
Mr Dutt,2026-04-14 15:15 UTC,1886603,,,,,,,,,,,,,,
Nickatnite,2026-04-14 15:15 UTC,11818,,,,,,,,,,,,,,
Nine Vicious,2026-04-14 15:15 UTC,1166584,,,,,,,,,,,,,,
nocashfromparents,2026-04-14 15:15 UTC,783401,,,,,,,,,,,,,,
North West,2026-04-14 15:15 UTC,596385,,,,,,,,,,,,,,
NPD,2026-04-14 15:15 UTC,1371574,,,,,,,,,,,,,,
OK Alva,2026-04-14 15:15 UTC,5956,,,,,,,,,,,,,,
osa,2026-04-14 15:15 UTC,70000,,,,,,,,,,,,,,
Pz',2026-04-14 15:15 UTC,310864,,,,,,,,,,,,,,
Reble,2026-04-14 15:15 UTC,13251332,,,,,,,,,,,,,,
Rocket Reese,2026-04-14 15:15 UTC,118607,,,,,,,,,,,,,,
S1RENA,2026-04-14 15:15 UTC,171945,,,,,,,,,,,,,,
Sara Landry,2026-04-14 15:15 UTC,1248983,,,,,,,,,,,,,,
Selim61,2026-04-14 15:15 UTC,1092423,,,,,,,,,,,,,,
Sematary,2026-04-14 15:15 UTC,819042,,,,,,,,,,,,,,
Slayr,2026-04-14 15:15 UTC,1189542,,,,,,,,,,,,,,
Slim Jxmmy,2026-04-14 15:15 UTC,37015,,,,,,,,,,,,,,
Sons of Yusuf,2026-04-14 15:15 UTC,1875332,,,,,,,,,,,,,,
Sreemani,2026-04-14 15:15 UTC,1898338,,,,,,,,,,,,,,
STELLA LEFTY,2026-04-14 15:15 UTC,4178337,,,,,,,,,,,,,,
STEREO,2026-04-14 15:15 UTC,1707277,,,,,,,,,,,,,,
Stopthis,2026-04-14 15:15 UTC,56780,,,,,,,,,,,,,,
Summrs,2026-04-14 15:15 UTC,1362940,,,,,,,,,,,,,,
SURF GANG,2026-04-14 15:15 UTC,737592,,,,,,,,,,,,,,
Sven Yamaha,2026-04-14 15:15 UTC,12035,,,,,,,,,,,,,,
Swizz Beatz,2026-04-14 15:15 UTC,1214179,,,,,,,,,,,,,,
T.O.P,2026-04-14 15:15 UTC,1202925,,,,,,,,,,,,,,
Tabi Gervis,2026-04-14 15:15 UTC,20152,,,,,,,,,,,,,,
Temper City,2026-04-14 15:15 UTC,6569847,,,,,,,,,,,,,,
The Long Faces,2026-04-14 15:15 UTC,3365631,,,,,,,,,,,,,,
The Twins,2026-04-14 15:15 UTC,73280,,,,,,,,,,,,,,
Tiffany Day,2026-04-14 15:15 UTC,1107340,,,,,,,,,,,,,,
Tiffany Hudson,2026-04-14 15:15 UTC,1736114,,,,,,,,,,,,,,
Tom Did It,2026-04-14 15:15 UTC,1193825,,,,,,,,,,,,,,
Tom Right,2026-04-14 15:15 UTC,885629,,,,,,,,,,,,,,
Trim,2026-04-14 15:15 UTC,2057491,,,,,,,,,,,,,,
Tsatsamis,2026-04-14 15:15 UTC,205868,,,,,,,,,,,,,,
twentythree,2026-04-14 15:15 UTC,1369418,,,,,,,,,,,,,,
TXKUMOON,2026-04-14 15:15 UTC,631562,,,,,,,,,,,,,,
Ullah,2026-04-14 15:15 UTC,81870,,,,,,,,,,,,,,
untiljapan,2026-04-14 15:15 UTC,234689,,,,,,,,,,,,,,
Vaibhav Gupta,2026-04-14 15:15 UTC,2761433,,,,,,,,,,,,,,
Valter Nilsson,2026-04-14 15:15 UTC,221154,,,,,,,,,,,,,,
Warren Roob,2026-04-14 15:15 UTC,792485,,,,,,,,,,,,,,
Will Sass,2026-04-14 15:15 UTC,803137,,,,,,,,,,,,,,
xo,2026-04-14 15:15 UTC,36099,,,,,,,,,,,,,,
YBRE,2026-04-14 15:15 UTC,1069275,,,,,,,,,,,,,,
Ye,2026-04-14 15:15 UTC,17183079,,,,,,,,,,,,,,
Yonusa,2026-04-14 15:15 UTC,290254,,,,,,,,,,,,,,
YUNA,2026-04-14 15:15 UTC,1154026,,,,,,,,,,,,,,
Zycan,2026-04-14 15:15 UTC,2065450,,,,,,,,,,,,,,
Canada Soccer,2026-04-14 15:15 UTC,223538,,,,,,,,,,,,,,
H. Hawkline,2026-04-14 15:15 UTC,103957,,,,,,,,,,,,,,
Rian Brazil,2026-04-14 15:15 UTC,34820,,,,,,,,,,,,,,
My New Band Believe,2026-04-14 15:15 UTC,176237,,,,,,,,,,,,,,
Baby Crash,2026-04-14 15:15 UTC,0,,,,,,,,,,,,,,
Street Fever,2026-04-14 15:15 UTC,123442,,,,,,,,,,,,,,
Lori Perri,2026-04-14 15:15 UTC,334,,,,,,,,,,,,,,
DJ B7 o Piranhão,2026-04-14 15:15 UTC,1056491,,,,,,,,,,,,,,
shonci,2026-04-14 15:15 UTC,2991240,,,,,,,,,,,,,,
OKI,2026-04-14 15:15 UTC,2256760,,,,,,,,,,,,,,
Juju,2026-04-14 15:15 UTC,2439257,,,,,,,,,,,,,,
Diana Pilquist,2026-04-14 15:15 UTC,1133,,,,,,,,,,,,,,
$t3PPA,2026-04-14 21:19 UTC,106969,,,,,,,,,,,,,,
00pium!*,2026-04-14 21:19 UTC,164,,,,,,,,,,,,,,
13dge,2026-04-14 21:19 UTC,4026,,,,,,,,,,,,,,
A2ANTI,2026-04-14 21:19 UTC,1594596,,,,,,,,,,,,,,
Addison Dean,2026-04-14 21:19 UTC,3935,,,,,,,,,,,,,,
Aiyana-Lee,2026-04-14 21:19 UTC,1167003,,,,,,,,,,,,,,
Andre Troutman,2026-04-14 21:19 UTC,8704217,,,,,,,,,,,,,,
Angine de Poitrine,2026-04-14 21:19 UTC,1964926,,,,,,,,,,,,,,
Anysia Kim,2026-04-14 21:19 UTC,171454,,,,,,,,,,,,,,
AQUAFINNA,2026-04-14 21:19 UTC,18717,,,,,,,,,,,,,,
Avery Cochrane,2026-04-14 21:19 UTC,546979,,,,,,,,,,,,,,
Banjaare,2026-04-14 21:19 UTC,16093437,,,,,,,,,,,,,,
Bausa,2026-04-14 21:19 UTC,3810368,,,,,,,,,,,,,,
billi0n,2026-04-14 21:19 UTC,45685,,,,,,,,,,,,,,
Billy Fuller,2026-04-14 21:19 UTC,18342,,,,,,,,,,,,,,
Bolaget,2026-04-14 21:19 UTC,1204850,,,,,,,,,,,,,,
Bryan Countach,2026-04-14 21:19 UTC,243680,,,,,,,,,,,,,,
campthehills,2026-04-14 21:19 UTC,327785,,,,,,,,,,,,,,
Canyon,2026-04-14 21:19 UTC,48857,,,,,,,,,,,,,,
Carter Faith,2026-04-14 21:19 UTC,1410346,,,,,,,,,,,,,,
Che,2026-04-14 21:19 UTC,1243983,,,,,,,,,,,,,,
Corridos del Rey,2026-04-14 21:19 UTC,1113500,,,,,,,,,,,,,,
Crystalo,2026-04-14 21:19 UTC,503928,,,,,,,,,,,,,,
Da Future,2026-04-14 21:19 UTC,4520087,,,,,,,,,,,,,,
Dale Move,2026-04-14 21:19 UTC,220165,,,,,,,,,,,,,,
Daniel Žižka,2026-04-14 21:19 UTC,146383,,,,,,,,,,,,,,
Dante,2026-04-14 21:19 UTC,455467,,,,,,,,,,,,,,
Dean Turnley,2026-04-14 21:19 UTC,1477850,,,,,,,,,,,,,,
Delara,2026-04-14 21:19 UTC,806383,,,,,,,,,,,,,,
Delta Ash,2026-04-14 21:19 UTC,448655,,,,,,,,,,,,,,
Dexter and The Moonrocks,2026-04-14 21:19 UTC,3759828,,,,,,,,,,,,,,
DJ Unzensiert,2026-04-14 21:19 UTC,1520048,,,,,,,,,,,,,,
Donda,2026-04-14 21:19 UTC,2147584,,,,,,,,,,,,,,
Dubioza Kolektive,2026-04-14 21:19 UTC,524310,,,,,,,,,,,,,,
dunderjeppe,2026-04-14 21:19 UTC,29817,,,,,,,,,,,,,,
Duskydemise archive,2026-04-14 21:19 UTC,302920,,,,,,,,,,,,,,
Duygu Edis,2026-04-14 21:19 UTC,2681504,,,,,,,,,,,,,,
dyingoutlay,2026-04-14 21:19 UTC,163,,,,,,,,,,,,,,
earfzilla,2026-04-14 21:19 UTC,9078,,,,,,,,,,,,,,
EMEI,2026-04-14 21:19 UTC,1738057,,,,,,,,,,,,,,
Emelie Trahan,2026-04-14 21:19 UTC,90429,,,,,,,,,,,,,,
EMJIE,2026-04-14 21:19 UTC,190764,,,,,,,,,,,,,,
F3miii,2026-04-14 21:19 UTC,2265248,,,,,,,,,,,,,,
Fcukers,2026-04-14 21:19 UTC,2161540,,,,,,,,,,,,,,
FIFA Sound,2026-04-14 21:19 UTC,2594611,,,,,,,,,,,,,,
FLO,2026-04-14 21:19 UTC,3730217,,,,,,,,,,,,,,
Franky Rizardo,2026-04-14 21:19 UTC,2729550,,,,,,,,,,,,,,
Girl Scout,2026-04-14 21:19 UTC,303171,,,,,,,,,,,,,,
girl_irl,2026-04-14 21:19 UTC,153424,,,,,,,,,,,,,,
girlsweetvoiced,2026-04-14 21:19 UTC,789810,,,,,,,,,,,,,,
gnawvs,2026-04-14 21:19 UTC,1893,,,,,,,,,,,,,,
Godtripper,2026-04-14 21:19 UTC,192690,,,,,,,,,,,,,,
Grupo Primer Grado,2026-04-14 21:19 UTC,2612476,,,,,,,,,,,,,,
Harrd Luck,2026-04-14 21:19 UTC,181787,,,,,,,,,,,,,,
Indeevar,2026-04-14 21:19 UTC,2566855,,,,,,,,,,,,,,
Indigo De Souza,2026-04-14 21:19 UTC,1688039,,,,,,,,,,,,,,
Infinity Song,2026-04-14 21:19 UTC,638382,,,,,,,,,,,,,,
isa in eutopia,2026-04-14 21:19 UTC,26284,,,,,,,,,,,,,,
Jackson Dean,2026-04-14 21:19 UTC,2054603,,,,,,,,,,,,,,
Jadasea,2026-04-14 21:19 UTC,160143,,,,,,,,,,,,,,
Jenny Baker,2026-04-14 21:19 UTC,115526,,,,,,,,,,,,,,
Joey Cash,2026-04-14 21:19 UTC,384169,,,,,,,,,,,,,,
Joy Rhodes,2026-04-14 21:19 UTC,415385,,,,,,,,,,,,,,
Julie Williams,2026-04-14 21:19 UTC,62760,,,,,,,,,,,,,,
JULIETT,2026-04-14 21:19 UTC,378864,,,,,,,,,,,,,,
Khaled,2026-04-14 21:19 UTC,2453798,,,,,,,,,,,,,,
Khan Saab,2026-04-14 21:19 UTC,12265734,,,,,,,,,,,,,,
King Kylie,2026-04-14 21:19 UTC,2432851,,,,,,,,,,,,,,
Koilwood,2026-04-14 21:19 UTC,33462,,,,,,,,,,,,,,
KUČKA,2026-04-14 21:19 UTC,1026708,,,,,,,,,,,,,,
Kurdi Klymax,2026-04-14 21:19 UTC,14704,,,,,,,,,,,,,,
Lamb,2026-04-14 21:19 UTC,395200,,,,,,,,,,,,,,
ledysek,2026-04-14 21:19 UTC,16111,,,,,,,,,,,,,,
Leni Woess,2026-04-14 21:19 UTC,908074,,,,,,,,,,,,,,
Lerado Khalil,2026-04-14 21:19 UTC,93152,,,,,,,,,,,,,,
Lightris,2026-04-14 21:19 UTC,781573,,,,,,,,,,,,,,
M!LK,2026-04-14 21:19 UTC,2630038,,,,,,,,,,,,,,
M4IA,2026-04-14 21:19 UTC,234237,,,,,,,,,,,,,,
MAGIC SOUND WOLF,2026-04-14 21:19 UTC,458032,,,,,,,,,,,,,,
Malcolm Todd,2026-04-14 21:19 UTC,19635425,,,,,,,,,,,,,,
Maphra,2026-04-14 21:19 UTC,1363086,,,,,,,,,,,,,,
marquitos,2026-04-14 21:19 UTC,874769,,,,,,,,,,,,,,
Maviler,2026-04-14 21:19 UTC,1055099,,,,,,,,,,,,,,
Maya Engen,2026-04-14 21:19 UTC,75624,,,,,,,,,,,,,,
Mietze Conte,2026-04-14 21:19 UTC,421969,,,,,,,,,,,,,,
Mijabella Marie,2026-04-14 21:19 UTC,18013,,,,,,,,,,,,,,
MIKE,2026-04-14 21:19 UTC,899640,,,,,,,,,,,,,,
Momo Boyd,2026-04-14 21:19 UTC,3123061,,,,,,,,,,,,,,
Mr Dutt,2026-04-14 21:19 UTC,1886603,,,,,,,,,,,,,,
Nickatnite,2026-04-14 21:19 UTC,11818,,,,,,,,,,,,,,
Nine Vicious,2026-04-14 21:19 UTC,1166584,,,,,,,,,,,,,,
nocashfromparents,2026-04-14 21:19 UTC,783401,,,,,,,,,,,,,,
North West,2026-04-14 21:19 UTC,596385,,,,,,,,,,,,,,
NPD,2026-04-14 21:19 UTC,1371574,,,,,,,,,,,,,,
OK Alva,2026-04-14 21:19 UTC,5956,,,,,,,,,,,,,,
osa,2026-04-14 21:19 UTC,70000,,,,,,,,,,,,,,
Pz',2026-04-14 21:19 UTC,310864,,,,,,,,,,,,,,
Reble,2026-04-14 21:19 UTC,13251332,,,,,,,,,,,,,,
Rocket Reese,2026-04-14 21:19 UTC,118607,,,,,,,,,,,,,,
S1RENA,2026-04-14 21:19 UTC,171945,,,,,,,,,,,,,,
Sara Landry,2026-04-14 21:19 UTC,1248983,,,,,,,,,,,,,,
Selim61,2026-04-14 21:19 UTC,1092423,,,,,,,,,,,,,,
Sematary,2026-04-14 21:19 UTC,819042,,,,,,,,,,,,,,
Slayr,2026-04-14 21:19 UTC,1189542,,,,,,,,,,,,,,
Slim Jxmmy,2026-04-14 21:19 UTC,37015,,,,,,,,,,,,,,
Sons of Yusuf,2026-04-14 21:19 UTC,1875332,,,,,,,,,,,,,,
Sreemani,2026-04-14 21:19 UTC,1898338,,,,,,,,,,,,,,
STELLA LEFTY,2026-04-14 21:19 UTC,4178337,,,,,,,,,,,,,,
STEREO,2026-04-14 21:19 UTC,1707277,,,,,,,,,,,,,,
Stopthis,2026-04-14 21:19 UTC,56780,,,,,,,,,,,,,,
Summrs,2026-04-14 21:19 UTC,1362940,,,,,,,,,,,,,,
SURF GANG,2026-04-14 21:19 UTC,737592,,,,,,,,,,,,,,
Sven Yamaha,2026-04-14 21:19 UTC,12035,,,,,,,,,,,,,,
Swizz Beatz,2026-04-14 21:19 UTC,1214179,,,,,,,,,,,,,,
T.O.P,2026-04-14 21:19 UTC,1202925,,,,,,,,,,,,,,
Tabi Gervis,2026-04-14 21:19 UTC,20152,,,,,,,,,,,,,,
Temper City,2026-04-14 21:19 UTC,6569847,,,,,,,,,,,,,,
The Long Faces,2026-04-14 21:19 UTC,3365631,,,,,,,,,,,,,,
The Twins,2026-04-14 21:19 UTC,73280,,,,,,,,,,,,,,
Tiffany Day,2026-04-14 21:19 UTC,1107340,,,,,,,,,,,,,,
Tiffany Hudson,2026-04-14 21:19 UTC,1736114,,,,,,,,,,,,,,
Tom Did It,2026-04-14 21:19 UTC,1193825,,,,,,,,,,,,,,
Tom Right,2026-04-14 21:19 UTC,885629,,,,,,,,,,,,,,
Trim,2026-04-14 21:19 UTC,2057491,,,,,,,,,,,,,,
Tsatsamis,2026-04-14 21:19 UTC,205868,,,,,,,,,,,,,,
twentythree,2026-04-14 21:19 UTC,1369418,,,,,,,,,,,,,,
TXKUMOON,2026-04-14 21:19 UTC,631562,,,,,,,,,,,,,,
Ullah,2026-04-14 21:19 UTC,81870,,,,,,,,,,,,,,
untiljapan,2026-04-14 21:19 UTC,234689,,,,,,,,,,,,,,
Vaibhav Gupta,2026-04-14 21:19 UTC,2761433,,,,,,,,,,,,,,
Valter Nilsson,2026-04-14 21:19 UTC,221154,,,,,,,,,,,,,,
Warren Roob,2026-04-14 21:19 UTC,792485,,,,,,,,,,,,,,
Will Sass,2026-04-14 21:19 UTC,803137,,,,,,,,,,,,,,
xo,2026-04-14 21:19 UTC,36099,,,,,,,,,,,,,,
YBRE,2026-04-14 21:19 UTC,1069275,,,,,,,,,,,,,,
Ye,2026-04-14 21:19 UTC,17183079,,,,,,,,,,,,,,
Yonusa,2026-04-14 21:19 UTC,290254,,,,,,,,,,,,,,
YUNA,2026-04-14 21:19 UTC,1154026,,,,,,,,,,,,,,
Zycan,2026-04-14 21:19 UTC,2065450,,,,,,,,,,,,,,
Canada Soccer,2026-04-14 21:19 UTC,223538,,,,,,,,,,,,,,
H. Hawkline,2026-04-14 21:19 UTC,103957,,,,,,,,,,,,,,
Rian Brazil,2026-04-14 21:19 UTC,34820,,,,,,,,,,,,,,
My New Band Believe,2026-04-14 21:19 UTC,176237,,,,,,,,,,,,,,
Baby Crash,2026-04-14 21:19 UTC,0,,,,,,,,,,,,,,
Street Fever,2026-04-14 21:19 UTC,123442,,,,,,,,,,,,,,
Lori Perri,2026-04-14 21:19 UTC,334,,,,,,,,,,,,,,
DJ B7 o Piranhão,2026-04-14 21:19 UTC,1056491,,,,,,,,,,,,,,
shonci,2026-04-14 21:19 UTC,2991240,,,,,,,,,,,,,,
OKI,2026-04-14 21:19 UTC,2256760,,,,,,,,,,,,,,
Juju,2026-04-14 21:19 UTC,2439257,,,,,,,,,,,,,,
Diana Pilquist,2026-04-14 21:19 UTC,1133,,,,,,,,,,,,,,
Sa!koro,2026-04-14 21:19 UTC,70082,,,,,,,,,,,,,,
Cap1talA,2026-04-14 21:19 UTC,168923,,,,,,,,,,,,,,
JADA,2026-04-14 21:19 UTC,19186,,,,,,,,,,,,,,
1 Umbrella,2026-04-14 21:19 UTC,171309,,,,,,,,,,,,,,
Mumu Fresh,2026-04-14 21:19 UTC,24727,,,,,,,,,,,,,,
Madeléne,2026-04-14 21:19 UTC,373583,,,,,,,,,,,,,,
Yuyu19,2026-04-14 21:19 UTC,892227,,,,,,,,,,,,,,
Yaeger,2026-04-14 21:19 UTC,246402,,,,,,,,,,,,,,
Olof Dreijer,2026-04-14 21:19 UTC,65265,,,,,,,,,,,,,,
Boi-1da,2026-04-14 21:19 UTC,376895,,,,,,,,,,,,,,
BossMan Pac,2026-04-14 21:19 UTC,96950,,,,,,,,,,,,,,
Merry Lamb Lamb,2026-04-14 21:19 UTC,14379,,,,,,,,,,,,,,
318dman,2026-04-14 21:19 UTC,65297,,,,,,,,,,,,,,
The Sophs,2026-04-14 21:19 UTC,107622,,,,,,,,,,,,,,
SILICONE VALLEY,2026-04-14 21:19 UTC,31535,,,,,,,,,,,,,,
FREE JIMI,2026-04-14 21:19 UTC,55287,,,,,,,,,,,,,,
$t3PPA,2026-04-15 00:06 UTC,106969,,,,,,,,,,,,,,
00pium!*,2026-04-15 00:06 UTC,164,,,,,,,,,,,,,,
13dge,2026-04-15 00:06 UTC,4026,,,,,,,,,,,,,,
A2ANTI,2026-04-15 00:06 UTC,1594596,,,,,,,,,,,,,,
Addison Dean,2026-04-15 00:06 UTC,3935,,,,,,,,,,,,,,
Aiyana-Lee,2026-04-15 00:06 UTC,1167003,,,,,,,,,,,,,,
Andre Troutman,2026-04-15 00:06 UTC,8704217,,,,,,,,,,,,,,
Angine de Poitrine,2026-04-15 00:06 UTC,1964926,,,,,,,,,,,,,,
Anysia Kim,2026-04-15 00:06 UTC,171454,,,,,,,,,,,,,,
AQUAFINNA,2026-04-15 00:06 UTC,18717,,,,,,,,,,,,,,
Avery Cochrane,2026-04-15 00:06 UTC,546979,,,,,,,,,,,,,,
Banjaare,2026-04-15 00:06 UTC,16093437,,,,,,,,,,,,,,
Bausa,2026-04-15 00:06 UTC,3810368,,,,,,,,,,,,,,
billi0n,2026-04-15 00:06 UTC,45685,,,,,,,,,,,,,,
Billy Fuller,2026-04-15 00:06 UTC,18342,,,,,,,,,,,,,,
Bolaget,2026-04-15 00:06 UTC,1204850,,,,,,,,,,,,,,
Bryan Countach,2026-04-15 00:06 UTC,243680,,,,,,,,,,,,,,
campthehills,2026-04-15 00:06 UTC,327785,,,,,,,,,,,,,,
Canyon,2026-04-15 00:06 UTC,48857,,,,,,,,,,,,,,
Carter Faith,2026-04-15 00:06 UTC,1410346,,,,,,,,,,,,,,
Che,2026-04-15 00:06 UTC,1243983,,,,,,,,,,,,,,
Corridos del Rey,2026-04-15 00:06 UTC,1113500,,,,,,,,,,,,,,
Crystalo,2026-04-15 00:06 UTC,503928,,,,,,,,,,,,,,
Da Future,2026-04-15 00:06 UTC,4520087,,,,,,,,,,,,,,
Dale Move,2026-04-15 00:06 UTC,220165,,,,,,,,,,,,,,
Daniel Žižka,2026-04-15 00:06 UTC,146383,,,,,,,,,,,,,,
Dante,2026-04-15 00:06 UTC,455467,,,,,,,,,,,,,,
Dean Turnley,2026-04-15 00:06 UTC,1477850,,,,,,,,,,,,,,
Delara,2026-04-15 00:06 UTC,806383,,,,,,,,,,,,,,
Delta Ash,2026-04-15 00:06 UTC,448655,,,,,,,,,,,,,,
Dexter and The Moonrocks,2026-04-15 00:06 UTC,3759828,,,,,,,,,,,,,,
DJ Unzensiert,2026-04-15 00:06 UTC,1520048,,,,,,,,,,,,,,
Donda,2026-04-15 00:06 UTC,2147584,,,,,,,,,,,,,,
Dubioza Kolektive,2026-04-15 00:06 UTC,524310,,,,,,,,,,,,,,
dunderjeppe,2026-04-15 00:06 UTC,29817,,,,,,,,,,,,,,
Duskydemise archive,2026-04-15 00:06 UTC,302920,,,,,,,,,,,,,,
Duygu Edis,2026-04-15 00:06 UTC,2681504,,,,,,,,,,,,,,
dyingoutlay,2026-04-15 00:06 UTC,163,,,,,,,,,,,,,,
earfzilla,2026-04-15 00:06 UTC,9078,,,,,,,,,,,,,,
EMEI,2026-04-15 00:06 UTC,1738057,,,,,,,,,,,,,,
Emelie Trahan,2026-04-15 00:06 UTC,90429,,,,,,,,,,,,,,
EMJIE,2026-04-15 00:06 UTC,190764,,,,,,,,,,,,,,
F3miii,2026-04-15 00:06 UTC,2265248,,,,,,,,,,,,,,
Fcukers,2026-04-15 00:06 UTC,2161540,,,,,,,,,,,,,,
FIFA Sound,2026-04-15 00:06 UTC,2594611,,,,,,,,,,,,,,
FLO,2026-04-15 00:06 UTC,3730217,,,,,,,,,,,,,,
Franky Rizardo,2026-04-15 00:06 UTC,2729550,,,,,,,,,,,,,,
Girl Scout,2026-04-15 00:06 UTC,303171,,,,,,,,,,,,,,
girl_irl,2026-04-15 00:06 UTC,153424,,,,,,,,,,,,,,
girlsweetvoiced,2026-04-15 00:06 UTC,789810,,,,,,,,,,,,,,
gnawvs,2026-04-15 00:06 UTC,1893,,,,,,,,,,,,,,
Godtripper,2026-04-15 00:06 UTC,192690,,,,,,,,,,,,,,
Grupo Primer Grado,2026-04-15 00:06 UTC,2612476,,,,,,,,,,,,,,
Harrd Luck,2026-04-15 00:06 UTC,181787,,,,,,,,,,,,,,
Indeevar,2026-04-15 00:06 UTC,2566855,,,,,,,,,,,,,,
Indigo De Souza,2026-04-15 00:06 UTC,1688039,,,,,,,,,,,,,,
Infinity Song,2026-04-15 00:06 UTC,638382,,,,,,,,,,,,,,
isa in eutopia,2026-04-15 00:06 UTC,26284,,,,,,,,,,,,,,
Jackson Dean,2026-04-15 00:06 UTC,2054603,,,,,,,,,,,,,,
Jadasea,2026-04-15 00:06 UTC,160143,,,,,,,,,,,,,,
Jenny Baker,2026-04-15 00:06 UTC,115526,,,,,,,,,,,,,,
Joey Cash,2026-04-15 00:06 UTC,384169,,,,,,,,,,,,,,
Joy Rhodes,2026-04-15 00:06 UTC,415385,,,,,,,,,,,,,,
Julie Williams,2026-04-15 00:06 UTC,62760,,,,,,,,,,,,,,
JULIETT,2026-04-15 00:06 UTC,378864,,,,,,,,,,,,,,
Khaled,2026-04-15 00:06 UTC,2453798,,,,,,,,,,,,,,
Khan Saab,2026-04-15 00:06 UTC,12265734,,,,,,,,,,,,,,
King Kylie,2026-04-15 00:06 UTC,2432851,,,,,,,,,,,,,,
Koilwood,2026-04-15 00:06 UTC,33462,,,,,,,,,,,,,,
KUČKA,2026-04-15 00:06 UTC,1026708,,,,,,,,,,,,,,
Kurdi Klymax,2026-04-15 00:06 UTC,14704,,,,,,,,,,,,,,
Lamb,2026-04-15 00:06 UTC,395200,,,,,,,,,,,,,,
ledysek,2026-04-15 00:06 UTC,16111,,,,,,,,,,,,,,
Leni Woess,2026-04-15 00:06 UTC,908074,,,,,,,,,,,,,,
Lerado Khalil,2026-04-15 00:06 UTC,93152,,,,,,,,,,,,,,
Lightris,2026-04-15 00:06 UTC,781573,,,,,,,,,,,,,,
M!LK,2026-04-15 00:06 UTC,2630038,,,,,,,,,,,,,,
M4IA,2026-04-15 00:06 UTC,234237,,,,,,,,,,,,,,
MAGIC SOUND WOLF,2026-04-15 00:06 UTC,458032,,,,,,,,,,,,,,
Malcolm Todd,2026-04-15 00:06 UTC,19635425,,,,,,,,,,,,,,
Maphra,2026-04-15 00:06 UTC,1363086,,,,,,,,,,,,,,
marquitos,2026-04-15 00:06 UTC,874769,,,,,,,,,,,,,,
Maviler,2026-04-15 00:06 UTC,1055099,,,,,,,,,,,,,,
Maya Engen,2026-04-15 00:06 UTC,75624,,,,,,,,,,,,,,
Mietze Conte,2026-04-15 00:06 UTC,421969,,,,,,,,,,,,,,
Mijabella Marie,2026-04-15 00:06 UTC,18013,,,,,,,,,,,,,,
MIKE,2026-04-15 00:06 UTC,899640,,,,,,,,,,,,,,
Momo Boyd,2026-04-15 00:06 UTC,3123061,,,,,,,,,,,,,,
Mr Dutt,2026-04-15 00:06 UTC,1886603,,,,,,,,,,,,,,
Nickatnite,2026-04-15 00:06 UTC,11818,,,,,,,,,,,,,,
Nine Vicious,2026-04-15 00:06 UTC,1166584,,,,,,,,,,,,,,
nocashfromparents,2026-04-15 00:06 UTC,783401,,,,,,,,,,,,,,
North West,2026-04-15 00:06 UTC,596385,,,,,,,,,,,,,,
NPD,2026-04-15 00:06 UTC,1371574,,,,,,,,,,,,,,
OK Alva,2026-04-15 00:06 UTC,5956,,,,,,,,,,,,,,
osa,2026-04-15 00:06 UTC,70000,,,,,,,,,,,,,,
Pz',2026-04-15 00:06 UTC,310864,,,,,,,,,,,,,,
Reble,2026-04-15 00:06 UTC,13251332,,,,,,,,,,,,,,
Rocket Reese,2026-04-15 00:06 UTC,118607,,,,,,,,,,,,,,
S1RENA,2026-04-15 00:06 UTC,171945,,,,,,,,,,,,,,
Sara Landry,2026-04-15 00:06 UTC,1248983,,,,,,,,,,,,,,
Selim61,2026-04-15 00:06 UTC,1092423,,,,,,,,,,,,,,
Sematary,2026-04-15 00:06 UTC,819042,,,,,,,,,,,,,,
Slayr,2026-04-15 00:06 UTC,1189542,,,,,,,,,,,,,,
Slim Jxmmy,2026-04-15 00:06 UTC,37015,,,,,,,,,,,,,,
Sons of Yusuf,2026-04-15 00:06 UTC,1875332,,,,,,,,,,,,,,
Sreemani,2026-04-15 00:06 UTC,1898338,,,,,,,,,,,,,,
STELLA LEFTY,2026-04-15 00:06 UTC,4178337,,,,,,,,,,,,,,
STEREO,2026-04-15 00:06 UTC,1707277,,,,,,,,,,,,,,
Stopthis,2026-04-15 00:06 UTC,56780,,,,,,,,,,,,,,
Summrs,2026-04-15 00:06 UTC,1362940,,,,,,,,,,,,,,
SURF GANG,2026-04-15 00:06 UTC,737592,,,,,,,,,,,,,,
Sven Yamaha,2026-04-15 00:06 UTC,12035,,,,,,,,,,,,,,
Swizz Beatz,2026-04-15 00:06 UTC,1214179,,,,,,,,,,,,,,
T.O.P,2026-04-15 00:06 UTC,1202925,,,,,,,,,,,,,,
Tabi Gervis,2026-04-15 00:06 UTC,20152,,,,,,,,,,,,,,
Temper City,2026-04-15 00:06 UTC,6569847,,,,,,,,,,,,,,
The Long Faces,2026-04-15 00:06 UTC,3365631,,,,,,,,,,,,,,
The Twins,2026-04-15 00:06 UTC,73280,,,,,,,,,,,,,,
Tiffany Day,2026-04-15 00:06 UTC,1107340,,,,,,,,,,,,,,
Tiffany Hudson,2026-04-15 00:06 UTC,1736114,,,,,,,,,,,,,,
Tom Did It,2026-04-15 00:06 UTC,1193825,,,,,,,,,,,,,,
Tom Right,2026-04-15 00:06 UTC,885629,,,,,,,,,,,,,,
Trim,2026-04-15 00:06 UTC,2057491,,,,,,,,,,,,,,
Tsatsamis,2026-04-15 00:06 UTC,205868,,,,,,,,,,,,,,
twentythree,2026-04-15 00:06 UTC,1369418,,,,,,,,,,,,,,
TXKUMOON,2026-04-15 00:06 UTC,631562,,,,,,,,,,,,,,
Ullah,2026-04-15 00:06 UTC,81870,,,,,,,,,,,,,,
untiljapan,2026-04-15 00:06 UTC,234689,,,,,,,,,,,,,,
Vaibhav Gupta,2026-04-15 00:06 UTC,2761433,,,,,,,,,,,,,,
Valter Nilsson,2026-04-15 00:06 UTC,221154,,,,,,,,,,,,,,
Warren Roob,2026-04-15 00:06 UTC,792485,,,,,,,,,,,,,,
Will Sass,2026-04-15 00:06 UTC,803137,,,,,,,,,,,,,,
xo,2026-04-15 00:06 UTC,36099,,,,,,,,,,,,,,
YBRE,2026-04-15 00:06 UTC,1069275,,,,,,,,,,,,,,
Ye,2026-04-15 00:06 UTC,17183079,,,,,,,,,,,,,,
Yonusa,2026-04-15 00:06 UTC,290254,,,,,,,,,,,,,,
YUNA,2026-04-15 00:06 UTC,1154026,,,,,,,,,,,,,,
Zycan,2026-04-15 00:06 UTC,2065450,,,,,,,,,,,,,,
Canada Soccer,2026-04-15 00:06 UTC,223538,,,,,,,,,,,,,,
H. Hawkline,2026-04-15 00:06 UTC,103957,,,,,,,,,,,,,,
Rian Brazil,2026-04-15 00:06 UTC,34820,,,,,,,,,,,,,,
My New Band Believe,2026-04-15 00:06 UTC,176237,,,,,,,,,,,,,,
Baby Crash,2026-04-15 00:06 UTC,0,,,,,,,,,,,,,,
Street Fever,2026-04-15 00:06 UTC,123442,,,,,,,,,,,,,,
Lori Perri,2026-04-15 00:06 UTC,334,,,,,,,,,,,,,,
DJ B7 o Piranhão,2026-04-15 00:06 UTC,1056491,,,,,,,,,,,,,,
shonci,2026-04-15 00:06 UTC,2991240,,,,,,,,,,,,,,
OKI,2026-04-15 00:06 UTC,2256760,,,,,,,,,,,,,,
Juju,2026-04-15 00:06 UTC,2439257,,,,,,,,,,,,,,
Diana Pilquist,2026-04-15 00:06 UTC,1133,,,,,,,,,,,,,,
Sa!koro,2026-04-15 00:06 UTC,70082,,,,,,,,,,,,,,
Cap1talA,2026-04-15 00:06 UTC,168923,,,,,,,,,,,,,,
JADA,2026-04-15 00:06 UTC,19186,,,,,,,,,,,,,,
1 Umbrella,2026-04-15 00:06 UTC,171309,,,,,,,,,,,,,,
Mumu Fresh,2026-04-15 00:06 UTC,24727,,,,,,,,,,,,,,
Madeléne,2026-04-15 00:06 UTC,373583,,,,,,,,,,,,,,
Yuyu19,2026-04-15 00:06 UTC,892227,,,,,,,,,,,,,,
Yaeger,2026-04-15 00:06 UTC,246402,,,,,,,,,,,,,,
Olof Dreijer,2026-04-15 00:06 UTC,65265,,,,,,,,,,,,,,
Boi-1da,2026-04-15 00:06 UTC,376895,,,,,,,,,,,,,,
BossMan Pac,2026-04-15 00:06 UTC,96950,,,,,,,,,,,,,,
Merry Lamb Lamb,2026-04-15 00:06 UTC,14379,,,,,,,,,,,,,,
318dman,2026-04-15 00:06 UTC,65297,,,,,,,,,,,,,,
The Sophs,2026-04-15 00:06 UTC,107622,,,,,,,,,,,,,,
SILICONE VALLEY,2026-04-15 00:06 UTC,31535,,,,,,,,,,,,,,
FREE JIMI,2026-04-15 00:06 UTC,55287,,,,,,,,,,,,,,
$t3PPA,2026-04-15 06:00 UTC,106969,,,,,,,,,,,,,,
00pium!*,2026-04-15 06:00 UTC,164,,,,,,,,,,,,,,
13dge,2026-04-15 06:00 UTC,4026,,,,,,,,,,,,,,
A2ANTI,2026-04-15 06:00 UTC,1594596,,,,,,,,,,,,,,
Addison Dean,2026-04-15 06:00 UTC,3935,,,,,,,,,,,,,,
Aiyana-Lee,2026-04-15 06:00 UTC,1167003,,,,,,,,,,,,,,
Andre Troutman,2026-04-15 06:00 UTC,8704217,,,,,,,,,,,,,,
Angine de Poitrine,2026-04-15 06:00 UTC,1964926,,,,,,,,,,,,,,
Anysia Kim,2026-04-15 06:00 UTC,171454,,,,,,,,,,,,,,
AQUAFINNA,2026-04-15 06:00 UTC,18717,,,,,,,,,,,,,,
Avery Cochrane,2026-04-15 06:00 UTC,546979,,,,,,,,,,,,,,
Banjaare,2026-04-15 06:00 UTC,16093437,,,,,,,,,,,,,,
Bausa,2026-04-15 06:00 UTC,3810368,,,,,,,,,,,,,,
billi0n,2026-04-15 06:00 UTC,45685,,,,,,,,,,,,,,
Billy Fuller,2026-04-15 06:00 UTC,18342,,,,,,,,,,,,,,
Bolaget,2026-04-15 06:00 UTC,1204850,,,,,,,,,,,,,,
Bryan Countach,2026-04-15 06:00 UTC,243680,,,,,,,,,,,,,,
campthehills,2026-04-15 06:00 UTC,327785,,,,,,,,,,,,,,
Canyon,2026-04-15 06:00 UTC,48857,,,,,,,,,,,,,,
Carter Faith,2026-04-15 06:00 UTC,1410346,,,,,,,,,,,,,,
Che,2026-04-15 06:00 UTC,1243983,,,,,,,,,,,,,,
Corridos del Rey,2026-04-15 06:00 UTC,1113500,,,,,,,,,,,,,,
Crystalo,2026-04-15 06:00 UTC,503928,,,,,,,,,,,,,,
Da Future,2026-04-15 06:00 UTC,4520087,,,,,,,,,,,,,,
Dale Move,2026-04-15 06:00 UTC,220165,,,,,,,,,,,,,,
Daniel Žižka,2026-04-15 06:00 UTC,146383,,,,,,,,,,,,,,
Dante,2026-04-15 06:00 UTC,455467,,,,,,,,,,,,,,
Dean Turnley,2026-04-15 06:00 UTC,1477850,,,,,,,,,,,,,,
Delara,2026-04-15 06:00 UTC,806383,,,,,,,,,,,,,,
Delta Ash,2026-04-15 06:00 UTC,448655,,,,,,,,,,,,,,
Dexter and The Moonrocks,2026-04-15 06:00 UTC,3759828,,,,,,,,,,,,,,
DJ Unzensiert,2026-04-15 06:00 UTC,1520048,,,,,,,,,,,,,,
Donda,2026-04-15 06:00 UTC,2147584,,,,,,,,,,,,,,
Dubioza Kolektive,2026-04-15 06:00 UTC,524310,,,,,,,,,,,,,,
dunderjeppe,2026-04-15 06:00 UTC,29817,,,,,,,,,,,,,,
Duskydemise archive,2026-04-15 06:00 UTC,302920,,,,,,,,,,,,,,
Duygu Edis,2026-04-15 06:00 UTC,2681504,,,,,,,,,,,,,,
dyingoutlay,2026-04-15 06:00 UTC,163,,,,,,,,,,,,,,
earfzilla,2026-04-15 06:00 UTC,9078,,,,,,,,,,,,,,
EMEI,2026-04-15 06:00 UTC,1738057,,,,,,,,,,,,,,
Emelie Trahan,2026-04-15 06:00 UTC,90429,,,,,,,,,,,,,,
EMJIE,2026-04-15 06:00 UTC,190764,,,,,,,,,,,,,,
F3miii,2026-04-15 06:00 UTC,2265248,,,,,,,,,,,,,,
Fcukers,2026-04-15 06:00 UTC,2161540,,,,,,,,,,,,,,
FIFA Sound,2026-04-15 06:00 UTC,2594611,,,,,,,,,,,,,,
FLO,2026-04-15 06:00 UTC,3730217,,,,,,,,,,,,,,
Franky Rizardo,2026-04-15 06:00 UTC,2729550,,,,,,,,,,,,,,
Girl Scout,2026-04-15 06:00 UTC,303171,,,,,,,,,,,,,,
girl_irl,2026-04-15 06:00 UTC,153424,,,,,,,,,,,,,,
girlsweetvoiced,2026-04-15 06:00 UTC,789810,,,,,,,,,,,,,,
gnawvs,2026-04-15 06:00 UTC,1893,,,,,,,,,,,,,,
Godtripper,2026-04-15 06:00 UTC,192690,,,,,,,,,,,,,,
Grupo Primer Grado,2026-04-15 06:00 UTC,2612476,,,,,,,,,,,,,,
Harrd Luck,2026-04-15 06:00 UTC,181787,,,,,,,,,,,,,,
Indeevar,2026-04-15 06:00 UTC,2566855,,,,,,,,,,,,,,
Indigo De Souza,2026-04-15 06:00 UTC,1688039,,,,,,,,,,,,,,
Infinity Song,2026-04-15 06:00 UTC,638382,,,,,,,,,,,,,,
isa in eutopia,2026-04-15 06:00 UTC,26284,,,,,,,,,,,,,,
Jackson Dean,2026-04-15 06:00 UTC,2054603,,,,,,,,,,,,,,
Jadasea,2026-04-15 06:00 UTC,160143,,,,,,,,,,,,,,
Jenny Baker,2026-04-15 06:00 UTC,115526,,,,,,,,,,,,,,
Joey Cash,2026-04-15 06:00 UTC,384169,,,,,,,,,,,,,,
Joy Rhodes,2026-04-15 06:00 UTC,415385,,,,,,,,,,,,,,
Julie Williams,2026-04-15 06:00 UTC,62760,,,,,,,,,,,,,,
JULIETT,2026-04-15 06:00 UTC,378864,,,,,,,,,,,,,,
Khaled,2026-04-15 06:00 UTC,2453798,,,,,,,,,,,,,,
Khan Saab,2026-04-15 06:00 UTC,12265734,,,,,,,,,,,,,,
King Kylie,2026-04-15 06:00 UTC,2432851,,,,,,,,,,,,,,
Koilwood,2026-04-15 06:00 UTC,33462,,,,,,,,,,,,,,
KUČKA,2026-04-15 06:00 UTC,1026708,,,,,,,,,,,,,,
Kurdi Klymax,2026-04-15 06:00 UTC,14704,,,,,,,,,,,,,,
Lamb,2026-04-15 06:00 UTC,395200,,,,,,,,,,,,,,
ledysek,2026-04-15 06:00 UTC,16111,,,,,,,,,,,,,,
Leni Woess,2026-04-15 06:00 UTC,908074,,,,,,,,,,,,,,
Lerado Khalil,2026-04-15 06:00 UTC,93152,,,,,,,,,,,,,,
Lightris,2026-04-15 06:00 UTC,781573,,,,,,,,,,,,,,
M!LK,2026-04-15 06:00 UTC,2630038,,,,,,,,,,,,,,
M4IA,2026-04-15 06:00 UTC,234237,,,,,,,,,,,,,,
MAGIC SOUND WOLF,2026-04-15 06:00 UTC,458032,,,,,,,,,,,,,,
Malcolm Todd,2026-04-15 06:00 UTC,19635425,,,,,,,,,,,,,,
Maphra,2026-04-15 06:00 UTC,1363086,,,,,,,,,,,,,,
marquitos,2026-04-15 06:00 UTC,874769,,,,,,,,,,,,,,
Maviler,2026-04-15 06:00 UTC,1055099,,,,,,,,,,,,,,
Maya Engen,2026-04-15 06:00 UTC,75624,,,,,,,,,,,,,,
Mietze Conte,2026-04-15 06:00 UTC,421969,,,,,,,,,,,,,,
Mijabella Marie,2026-04-15 06:00 UTC,18013,,,,,,,,,,,,,,
MIKE,2026-04-15 06:00 UTC,899640,,,,,,,,,,,,,,
Momo Boyd,2026-04-15 06:00 UTC,3123061,,,,,,,,,,,,,,
Mr Dutt,2026-04-15 06:00 UTC,1886603,,,,,,,,,,,,,,
Nickatnite,2026-04-15 06:00 UTC,11818,,,,,,,,,,,,,,
Nine Vicious,2026-04-15 06:00 UTC,1166584,,,,,,,,,,,,,,
nocashfromparents,2026-04-15 06:00 UTC,783401,,,,,,,,,,,,,,
North West,2026-04-15 06:00 UTC,596385,,,,,,,,,,,,,,
NPD,2026-04-15 06:00 UTC,1371574,,,,,,,,,,,,,,
OK Alva,2026-04-15 06:00 UTC,5956,,,,,,,,,,,,,,
osa,2026-04-15 06:00 UTC,70000,,,,,,,,,,,,,,
Pz',2026-04-15 06:00 UTC,310864,,,,,,,,,,,,,,
Reble,2026-04-15 06:00 UTC,13251332,,,,,,,,,,,,,,
Rocket Reese,2026-04-15 06:00 UTC,118607,,,,,,,,,,,,,,
S1RENA,2026-04-15 06:00 UTC,171945,,,,,,,,,,,,,,
Sara Landry,2026-04-15 06:00 UTC,1248983,,,,,,,,,,,,,,
Selim61,2026-04-15 06:00 UTC,1092423,,,,,,,,,,,,,,
Sematary,2026-04-15 06:00 UTC,819042,,,,,,,,,,,,,,
Slayr,2026-04-15 06:00 UTC,1189542,,,,,,,,,,,,,,
Slim Jxmmy,2026-04-15 06:00 UTC,37015,,,,,,,,,,,,,,
Sons of Yusuf,2026-04-15 06:00 UTC,1875332,,,,,,,,,,,,,,
Sreemani,2026-04-15 06:00 UTC,1898338,,,,,,,,,,,,,,
STELLA LEFTY,2026-04-15 06:00 UTC,4178337,,,,,,,,,,,,,,
STEREO,2026-04-15 06:00 UTC,1707277,,,,,,,,,,,,,,
Stopthis,2026-04-15 06:00 UTC,56780,,,,,,,,,,,,,,
Summrs,2026-04-15 06:00 UTC,1362940,,,,,,,,,,,,,,
SURF GANG,2026-04-15 06:00 UTC,737592,,,,,,,,,,,,,,
Sven Yamaha,2026-04-15 06:00 UTC,12035,,,,,,,,,,,,,,
Swizz Beatz,2026-04-15 06:00 UTC,1214179,,,,,,,,,,,,,,
T.O.P,2026-04-15 06:00 UTC,1202925,,,,,,,,,,,,,,
Tabi Gervis,2026-04-15 06:00 UTC,20152,,,,,,,,,,,,,,
Temper City,2026-04-15 06:00 UTC,6569847,,,,,,,,,,,,,,
The Long Faces,2026-04-15 06:00 UTC,3365631,,,,,,,,,,,,,,
The Twins,2026-04-15 06:00 UTC,73280,,,,,,,,,,,,,,
Tiffany Day,2026-04-15 06:00 UTC,1107340,,,,,,,,,,,,,,
Tiffany Hudson,2026-04-15 06:00 UTC,1736114,,,,,,,,,,,,,,
Tom Did It,2026-04-15 06:00 UTC,1193825,,,,,,,,,,,,,,
Tom Right,2026-04-15 06:00 UTC,885629,,,,,,,,,,,,,,
Trim,2026-04-15 06:00 UTC,2057491,,,,,,,,,,,,,,
Tsatsamis,2026-04-15 06:00 UTC,205868,,,,,,,,,,,,,,
twentythree,2026-04-15 06:00 UTC,1369418,,,,,,,,,,,,,,
TXKUMOON,2026-04-15 06:00 UTC,631562,,,,,,,,,,,,,,
Ullah,2026-04-15 06:00 UTC,81870,,,,,,,,,,,,,,
untiljapan,2026-04-15 06:00 UTC,234689,,,,,,,,,,,,,,
Vaibhav Gupta,2026-04-15 06:00 UTC,2761433,,,,,,,,,,,,,,
Valter Nilsson,2026-04-15 06:00 UTC,221154,,,,,,,,,,,,,,
Warren Roob,2026-04-15 06:00 UTC,792485,,,,,,,,,,,,,,
Will Sass,2026-04-15 06:00 UTC,803137,,,,,,,,,,,,,,
xo,2026-04-15 06:00 UTC,36099,,,,,,,,,,,,,,
YBRE,2026-04-15 06:00 UTC,1069275,,,,,,,,,,,,,,
Ye,2026-04-15 06:00 UTC,17183079,,,,,,,,,,,,,,
Yonusa,2026-04-15 06:00 UTC,290254,,,,,,,,,,,,,,
YUNA,2026-04-15 06:00 UTC,1154026,,,,,,,,,,,,,,
Zycan,2026-04-15 06:00 UTC,2065450,,,,,,,,,,,,,,
Canada Soccer,2026-04-15 06:00 UTC,223538,,,,,,,,,,,,,,
H. Hawkline,2026-04-15 06:00 UTC,103957,,,,,,,,,,,,,,
Rian Brazil,2026-04-15 06:00 UTC,34820,,,,,,,,,,,,,,
My New Band Believe,2026-04-15 06:00 UTC,176237,,,,,,,,,,,,,,
Baby Crash,2026-04-15 06:00 UTC,0,,,,,,,,,,,,,,
Street Fever,2026-04-15 06:00 UTC,123442,,,,,,,,,,,,,,
Lori Perri,2026-04-15 06:00 UTC,334,,,,,,,,,,,,,,
DJ B7 o Piranhão,2026-04-15 06:00 UTC,1056491,,,,,,,,,,,,,,
shonci,2026-04-15 06:00 UTC,2991240,,,,,,,,,,,,,,
OKI,2026-04-15 06:00 UTC,2256760,,,,,,,,,,,,,,
Juju,2026-04-15 06:00 UTC,2439257,,,,,,,,,,,,,,
Diana Pilquist,2026-04-15 06:00 UTC,1133,,,,,,,,,,,,,,
Sa!koro,2026-04-15 06:00 UTC,70082,,,,,,,,,,,,,,
Cap1talA,2026-04-15 06:00 UTC,168923,,,,,,,,,,,,,,
JADA,2026-04-15 06:00 UTC,19186,,,,,,,,,,,,,,
1 Umbrella,2026-04-15 06:00 UTC,171309,,,,,,,,,,,,,,
Mumu Fresh,2026-04-15 06:00 UTC,24727,,,,,,,,,,,,,,
Madeléne,2026-04-15 06:00 UTC,373583,,,,,,,,,,,,,,
Yuyu19,2026-04-15 06:00 UTC,892227,,,,,,,,,,,,,,
Yaeger,2026-04-15 06:00 UTC,246402,,,,,,,,,,,,,,
Olof Dreijer,2026-04-15 06:00 UTC,65265,,,,,,,,,,,,,,
Boi-1da,2026-04-15 06:00 UTC,376895,,,,,,,,,,,,,,
BossMan Pac,2026-04-15 06:00 UTC,96950,,,,,,,,,,,,,,
Merry Lamb Lamb,2026-04-15 06:00 UTC,14379,,,,,,,,,,,,,,
318dman,2026-04-15 06:00 UTC,65297,,,,,,,,,,,,,,
The Sophs,2026-04-15 06:00 UTC,107622,,,,,,,,,,,,,,
SILICONE VALLEY,2026-04-15 06:00 UTC,31535,,,,,,,,,,,,,,
FREE JIMI,2026-04-15 06:00 UTC,55287,,,,,,,,,,,,,,
jalda,2026-04-15 06:00 UTC,25835,,,,,,,,,,,,,,
Slayyyter,2026-04-15 06:00 UTC,2933969,,,,,,,,,,,,,,
Wtm Solid,2026-04-15 06:00 UTC,10598,,,,,,,,,,,,,,
Les Imprimés,2026-04-15 06:00 UTC,120896,,,,,,,,,,,,,,
dóttir.x,2026-04-15 06:00 UTC,47478,,,,,,,,,,,,,,
Molly Hammar,2026-04-15 06:00 UTC,342598,,,,,,,,,,,,,,
Frost Children,2026-04-15 06:00 UTC,559182,,,,,,,,,,,,,,
$t3PPA,2026-04-15 13:15 UTC,106969,,,,,,,,,,,,,,
00pium!*,2026-04-15 13:15 UTC,164,,,,,,,,,,,,,,
13dge,2026-04-15 13:15 UTC,4026,,,,,,,,,,,,,,
A2ANTI,2026-04-15 13:15 UTC,1594596,,,,,,,,,,,,,,
Addison Dean,2026-04-15 13:15 UTC,3935,,,,,,,,,,,,,,
Aiyana-Lee,2026-04-15 13:15 UTC,1167003,,,,,,,,,,,,,,
Andre Troutman,2026-04-15 13:15 UTC,8704217,,,,,,,,,,,,,,
Angine de Poitrine,2026-04-15 13:15 UTC,1964926,,,,,,,,,,,,,,
Anysia Kim,2026-04-15 13:15 UTC,171454,,,,,,,,,,,,,,
AQUAFINNA,2026-04-15 13:15 UTC,18717,,,,,,,,,,,,,,
Avery Cochrane,2026-04-15 13:15 UTC,546979,,,,,,,,,,,,,,
Banjaare,2026-04-15 13:15 UTC,16093437,,,,,,,,,,,,,,
billi0n,2026-04-15 13:15 UTC,45685,,,,,,,,,,,,,,
Billy Fuller,2026-04-15 13:15 UTC,18342,,,,,,,,,,,,,,
Bryan Countach,2026-04-15 13:15 UTC,243680,,,,,,,,,,,,,,
Canyon,2026-04-15 13:15 UTC,48857,,,,,,,,,,,,,,
Carter Faith,2026-04-15 13:15 UTC,1410346,,,,,,,,,,,,,,
Che,2026-04-15 13:15 UTC,1243983,,,,,,,,,,,,,,
Corridos del Rey,2026-04-15 13:15 UTC,1113500,,,,,,,,,,,,,,
Crystalo,2026-04-15 13:15 UTC,503928,,,,,,,,,,,,,,
Da Future,2026-04-15 13:15 UTC,4520087,,,,,,,,,,,,,,
Dale Move,2026-04-15 13:15 UTC,220165,,,,,,,,,,,,,,
Daniel Žižka,2026-04-15 13:15 UTC,146383,,,,,,,,,,,,,,
Dante,2026-04-15 13:15 UTC,455467,,,,,,,,,,,,,,
Dean Turnley,2026-04-15 13:15 UTC,1477850,,,,,,,,,,,,,,
Delta Ash,2026-04-15 13:15 UTC,448655,,,,,,,,,,,,,,
Dexter and The Moonrocks,2026-04-15 13:15 UTC,3759828,,,,,,,,,,,,,,
DJ Unzensiert,2026-04-15 13:15 UTC,1520048,,,,,,,,,,,,,,
Donda,2026-04-15 13:15 UTC,2147584,,,,,,,,,,,,,,
Dubioza Kolektive,2026-04-15 13:15 UTC,524310,,,,,,,,,,,,,,
dunderjeppe,2026-04-15 13:15 UTC,29817,,,,,,,,,,,,,,
Duskydemise archive,2026-04-15 13:15 UTC,302920,,,,,,,,,,,,,,
Duygu Edis,2026-04-15 13:15 UTC,2681504,,,,,,,,,,,,,,
dyingoutlay,2026-04-15 13:15 UTC,163,,,,,,,,,,,,,,
earfzilla,2026-04-15 13:15 UTC,9078,,,,,,,,,,,,,,
EMEI,2026-04-15 13:15 UTC,1738057,,,,,,,,,,,,,,
Emelie Trahan,2026-04-15 13:15 UTC,90429,,,,,,,,,,,,,,
EMJIE,2026-04-15 13:15 UTC,190764,,,,,,,,,,,,,,
F3miii,2026-04-15 13:15 UTC,2265248,,,,,,,,,,,,,,
Fcukers,2026-04-15 13:15 UTC,2161540,,,,,,,,,,,,,,
FIFA Sound,2026-04-15 13:15 UTC,2630795,,,,,,,,,,,,,,
FLO,2026-04-15 13:15 UTC,3730217,,,,,,,,,,,,,,
Franky Rizardo,2026-04-15 13:15 UTC,2729550,,,,,,,,,,,,,,
Girl Scout,2026-04-15 13:15 UTC,303171,,,,,,,,,,,,,,
girl_irl,2026-04-15 13:15 UTC,153424,,,,,,,,,,,,,,
girlsweetvoiced,2026-04-15 13:15 UTC,789810,,,,,,,,,,,,,,
gnawvs,2026-04-15 13:15 UTC,1893,,,,,,,,,,,,,,
Godtripper,2026-04-15 13:15 UTC,192690,,,,,,,,,,,,,,
Grupo Primer Grado,2026-04-15 13:15 UTC,2683138,,,,,,,,,,,,,,
Harrd Luck,2026-04-15 13:15 UTC,181787,,,,,,,,,,,,,,
Indeevar,2026-04-15 13:15 UTC,2642418,,,,,,,,,,,,,,
Indigo De Souza,2026-04-15 13:15 UTC,1688039,,,,,,,,,,,,,,
Infinity Song,2026-04-15 13:15 UTC,657280,,,,,,,,,,,,,,
isa in eutopia,2026-04-15 13:15 UTC,26284,,,,,,,,,,,,,,
Jackson Dean,2026-04-15 13:15 UTC,2057774,,,,,,,,,,,,,,
Jadasea,2026-04-15 13:15 UTC,160143,,,,,,,,,,,,,,
Jenny Baker,2026-04-15 13:15 UTC,115526,,,,,,,,,,,,,,
Joey Cash,2026-04-15 13:15 UTC,384118,,,,,,,,,,,,,,
Joy Rhodes,2026-04-15 13:15 UTC,418382,,,,,,,,,,,,,,
Julie Williams,2026-04-15 13:15 UTC,62760,,,,,,,,,,,,,,
JULIETT,2026-04-15 13:15 UTC,378864,,,,,,,,,,,,,,
Khaled,2026-04-15 13:15 UTC,2453798,,,,,,,,,,,,,,
Khan Saab,2026-04-15 13:15 UTC,12521258,,,,,,,,,,,,,,
King Kylie,2026-04-15 13:15 UTC,2446880,,,,,,,,,,,,,,
Koilwood,2026-04-15 13:15 UTC,36856,,,,,,,,,,,,,,
KUČKA,2026-04-15 13:15 UTC,1043612,,,,,,,,,,,,,,
Kurdi Klymax,2026-04-15 13:15 UTC,14704,,,,,,,,,,,,,,
Lamb,2026-04-15 13:15 UTC,395360,,,,,,,,,,,,,,
ledysek,2026-04-15 13:15 UTC,16172,,,,,,,,,,,,,,
Leni Woess,2026-04-15 13:15 UTC,909918,,,,,,,,,,,,,,
Lerado Khalil,2026-04-15 13:15 UTC,95026,,,,,,,,,,,,,,
Lightris,2026-04-15 13:15 UTC,788544,,,,,,,,,,,,,,
M!LK,2026-04-15 13:15 UTC,2624012,,,,,,,,,,,,,,
M4IA,2026-04-15 13:15 UTC,234708,,,,,,,,,,,,,,
MAGIC SOUND WOLF,2026-04-15 13:15 UTC,471376,,,,,,,,,,,,,,
Malcolm Todd,2026-04-15 13:15 UTC,19768696,,,,,,,,,,,,,,
Maphra,2026-04-15 13:15 UTC,1354995,,,,,,,,,,,,,,
marquitos,2026-04-15 13:15 UTC,894430,,,,,,,,,,,,,,
Maviler,2026-04-15 13:15 UTC,1085145,,,,,,,,,,,,,,
Maya Engen,2026-04-15 13:15 UTC,75388,,,,,,,,,,,,,,
Mietze Conte,2026-04-15 13:15 UTC,420440,,,,,,,,,,,,,,
Mijabella Marie,2026-04-15 13:15 UTC,19389,,,,,,,,,,,,,,
MIKE,2026-04-15 13:15 UTC,899380,,,,,,,,,,,,,,
Momo Boyd,2026-04-15 13:15 UTC,3054852,,,,,,,,,,,,,,
Mr Dutt,2026-04-15 13:15 UTC,1969209,,,,,,,,,,,,,,
Nickatnite,2026-04-15 13:15 UTC,12497,,,,,,,,,,,,,,
Nine Vicious,2026-04-15 13:15 UTC,1175509,,,,,,,,,,,,,,
nocashfromparents,2026-04-15 13:15 UTC,794083,,,,,,,,,,,,,,
North West,2026-04-15 13:15 UTC,601488,,,,,,,,,,,,,,
NPD,2026-04-15 13:15 UTC,1407844,,,,,,,,,,,,,,
OK Alva,2026-04-15 13:15 UTC,6129,,,,,,,,,,,,,,
osa,2026-04-15 13:15 UTC,73287,,,,,,,,,,,,,,
Pz',2026-04-15 13:15 UTC,308568,,,,,,,,,,,,,,
Reble,2026-04-15 13:15 UTC,13394074,,,,,,,,,,,,,,
Rocket Reese,2026-04-15 13:15 UTC,119465,,,,,,,,,,,,,,
S1RENA,2026-04-15 13:15 UTC,174730,,,,,,,,,,,,,,
Sara Landry,2026-04-15 13:15 UTC,1258001,,,,,,,,,,,,,,
Selim61,2026-04-15 13:15 UTC,1102399,,,,,,,,,,,,,,
Sematary,2026-04-15 13:15 UTC,822871,,,,,,,,,,,,,,
Slayr,2026-04-15 13:15 UTC,1191151,,,,,,,,,,,,,,
Slim Jxmmy,2026-04-15 13:15 UTC,37094,,,,,,,,,,,,,,
Sons of Yusuf,2026-04-15 13:15 UTC,1917808,,,,,,,,,,,,,,
Sreemani,2026-04-15 13:15 UTC,1945899,,,,,,,,,,,,,,
STELLA LEFTY,2026-04-15 13:15 UTC,4348775,,,,,,,,,,,,,,
STEREO,2026-04-15 13:15 UTC,1730951,,,,,,,,,,,,,,
Stopthis,2026-04-15 13:15 UTC,57001,,,,,,,,,,,,,,
Summrs,2026-04-15 13:15 UTC,1360858,,,,,,,,,,,,,,
SURF GANG,2026-04-15 13:15 UTC,739158,,,,,,,,,,,,,,
Sven Yamaha,2026-04-15 13:15 UTC,12008,,,,,,,,,,,,,,
Swizz Beatz,2026-04-15 13:15 UTC,1221223,,,,,,,,,,,,,,
T.O.P,2026-04-15 13:15 UTC,1263032,,,,,,,,,,,,,,
Tabi Gervis,2026-04-15 13:15 UTC,20828,,,,,,,,,,,,,,
Temper City,2026-04-15 13:15 UTC,6751696,,,,,,,,,,,,,,
The Long Faces,2026-04-15 13:15 UTC,3439577,,,,,,,,,,,,,,
The Twins,2026-04-15 13:15 UTC,72713,,,,,,,,,,,,,,
Tiffany Day,2026-04-15 13:15 UTC,1121379,,,,,,,,,,,,,,
Tiffany Hudson,2026-04-15 13:15 UTC,1740653,,,,,,,,,,,,,,
Tom Did It,2026-04-15 13:15 UTC,1224430,,,,,,,,,,,,,,
Tom Right,2026-04-15 13:15 UTC,913083,,,,,,,,,,,,,,
Trim,2026-04-15 13:15 UTC,2084300,,,,,,,,,,,,,,
Tsatsamis,2026-04-15 13:15 UTC,206918,,,,,,,,,,,,,,
twentythree,2026-04-15 13:15 UTC,1375339,,,,,,,,,,,,,,
TXKUMOON,2026-04-15 13:15 UTC,657004,,,,,,,,,,,,,,
Ullah,2026-04-15 13:15 UTC,82896,,,,,,,,,,,,,,
untiljapan,2026-04-15 13:15 UTC,234032,,,,,,,,,,,,,,
Vaibhav Gupta,2026-04-15 13:15 UTC,2802730,,,,,,,,,,,,,,
Valter Nilsson,2026-04-15 13:15 UTC,222100,,,,,,,,,,,,,,
Warren Roob,2026-04-15 13:15 UTC,818731,,,,,,,,,,,,,,
Will Sass,2026-04-15 13:15 UTC,817890,,,,,,,,,,,,,,
xo,2026-04-15 13:15 UTC,35589,,,,,,,,,,,,,,
YBRE,2026-04-15 13:15 UTC,1077619,,,,,,,,,,,,,,
Ye,2026-04-15 13:15 UTC,17484530,,,,,,,,,,,,,,
Yonusa,2026-04-15 13:15 UTC,278697,,,,,,,,,,,,,,
YUNA,2026-04-15 13:15 UTC,1188344,,,,,,,,,,,,,,
Zycan,2026-04-15 13:15 UTC,2126808,,,,,,,,,,,,,,
Canada Soccer,2026-04-15 13:15 UTC,254092,,,,,,,,,,,,,,
H. Hawkline,2026-04-15 13:15 UTC,116129,,,,,,,,,,,,,,
Rian Brazil,2026-04-15 13:15 UTC,36247,,,,,,,,,,,,,,
My New Band Believe,2026-04-15 13:15 UTC,188020,,,,,,,,,,,,,,
Baby Crash,2026-04-15 13:15 UTC,0,,,,,,,,,,,,,,
Street Fever,2026-04-15 13:15 UTC,133593,,,,,,,,,,,,,,
Lori Perri,2026-04-15 13:15 UTC,333,,,,,,,,,,,,,,
DJ B7 o Piranhão,2026-04-15 13:15 UTC,1152414,,,,,,,,,,,,,,
shonci,2026-04-15 13:15 UTC,3074549,,,,,,,,,,,,,,
OKI,2026-04-15 13:15 UTC,2275768,,,,,,,,,,,,,,
Juju,2026-04-15 13:15 UTC,2488646,,,,,,,,,,,,,,
Diana Pilquist,2026-04-15 13:15 UTC,1141,,,,,,,,,,,,,,
Sa!koro,2026-04-15 13:15 UTC,71242,,,,,,,,,,,,,,
Cap1talA,2026-04-15 13:15 UTC,174343,,,,,,,,,,,,,,
JADA,2026-04-15 13:15 UTC,20543,,,,,,,,,,,,,,
1 Umbrella,2026-04-15 13:15 UTC,180041,,,,,,,,,,,,,,
Mumu Fresh,2026-04-15 13:15 UTC,29036,,,,,,,,,,,,,,
Madeléne,2026-04-15 13:15 UTC,383678,,,,,,,,,,,,,,
Yuyu19,2026-04-15 13:15 UTC,942043,,,,,,,,,,,,,,
Yaeger,2026-04-15 13:15 UTC,257450,,,,,,,,,,,,,,
Olof Dreijer,2026-04-15 13:15 UTC,67338,,,,,,,,,,,,,,
Boi-1da,2026-04-15 13:15 UTC,407999,,,,,,,,,,,,,,
BossMan Pac,2026-04-15 13:15 UTC,100614,,,,,,,,,,,,,,
Merry Lamb Lamb,2026-04-15 13:15 UTC,16019,,,,,,,,,,,,,,
318dman,2026-04-15 13:15 UTC,68259,,,,,,,,,,,,,,
The Sophs,2026-04-15 13:15 UTC,102493,,,,,,,,,,,,,,
SILICONE VALLEY,2026-04-15 13:15 UTC,31510,,,,,,,,,,,,,,
FREE JIMI,2026-04-15 13:15 UTC,55559,,,,,,,,,,,,,,
jalda,2026-04-15 13:15 UTC,28357,,,,,,,,,,,,,,
Slayyyter,2026-04-15 13:15 UTC,2970956,,,,,,,,,,,,,,
Wtm Solid,2026-04-15 13:15 UTC,10867,,,,,,,,,,,,,,
Les Imprimés,2026-04-15 13:15 UTC,126232,,,,,,,,,,,,,,
dóttir.x,2026-04-15 13:15 UTC,49359,,,,,,,,,,,,,,
Molly Hammar,2026-04-15 13:15 UTC,343971,,,,,,,,,,,,,,
Frost Children,2026-04-15 13:15 UTC,557775,,,,,,,,,,,,,,
diamond*,2026-04-15 13:15 UTC,226048,,,,,,,,,,,,,,
JussGigi,2026-04-15 13:15 UTC,0,,,,,,,,,,,,,,
EL DEMOON,2026-04-15 13:15 UTC,14338,,,,,,,,,,,,,,
ROIROM,2026-04-15 13:15 UTC,45763,,,,,,,,,,,,,,
$t3PPA,2026-04-15 15:49 UTC,111008,,,,,,,,,,,,,,
00pium!*,2026-04-15 15:49 UTC,165,,,,,,,,,,,,,,
13dge,2026-04-15 15:49 UTC,4052,,,,,,,,,,,,,,
A2ANTI,2026-04-15 15:49 UTC,1614803,,,,,,,,,,,,,,
Addison Dean,2026-04-15 15:49 UTC,4381,,,,,,,,,,,,,,
Aiyana-Lee,2026-04-15 15:49 UTC,1141883,,,,,,,,,,,,,,
Andre Troutman,2026-04-15 15:49 UTC,8854554,,,,,,,,,,,,,,
Angine de Poitrine,2026-04-15 15:49 UTC,2038491,,,,,,,,,,,,,,
Anysia Kim,2026-04-15 15:49 UTC,174751,,,,,,,,,,,,,,
AQUAFINNA,2026-04-15 15:49 UTC,19094,,,,,,,,,,,,,,
Avery Cochrane,2026-04-15 15:49 UTC,551428,,,,,,,,,,,,,,
Banjaare,2026-04-15 15:49 UTC,16313165,,,,,,,,,,,,,,
billi0n,2026-04-15 15:49 UTC,45511,,,,,,,,,,,,,,
Billy Fuller,2026-04-15 15:49 UTC,18550,,,,,,,,,,,,,,
Bryan Countach,2026-04-15 15:49 UTC,247625,,,,,,,,,,,,,,
Canyon,2026-04-15 15:49 UTC,48495,,,,,,,,,,,,,,
Carter Faith,2026-04-15 15:49 UTC,1570974,,,,,,,,,,,,,,
Che,2026-04-15 15:49 UTC,1244646,,,,,,,,,,,,,,
Corridos del Rey,2026-04-15 15:49 UTC,1142036,,,,,,,,,,,,,,
Crystalo,2026-04-15 15:49 UTC,510358,,,,,,,,,,,,,,
Da Future,2026-04-15 15:49 UTC,4572481,,,,,,,,,,,,,,
Dale Move,2026-04-15 15:49 UTC,225123,,,,,,,,,,,,,,
Daniel Žižka,2026-04-15 15:49 UTC,143367,,,,,,,,,,,,,,
Dante,2026-04-15 15:49 UTC,465901,,,,,,,,,,,,,,
Dean Turnley,2026-04-15 15:49 UTC,1511303,,,,,,,,,,,,,,
Delta Ash,2026-04-15 15:49 UTC,462035,,,,,,,,,,,,,,
Dexter and The Moonrocks,2026-04-15 15:49 UTC,3927224,,,,,,,,,,,,,,
DJ Unzensiert,2026-04-15 15:49 UTC,1541421,,,,,,,,,,,,,,
Donda,2026-04-15 15:49 UTC,2178304,,,,,,,,,,,,,,
Dubioza Kolektive,2026-04-15 15:49 UTC,530263,,,,,,,,,,,,,,
dunderjeppe,2026-04-15 15:49 UTC,30588,,,,,,,,,,,,,,
Duskydemise archive,2026-04-15 15:49 UTC,312532,,,,,,,,,,,,,,
Duygu Edis,2026-04-15 15:49 UTC,2724632,,,,,,,,,,,,,,
dyingoutlay,2026-04-15 15:49 UTC,164,,,,,,,,,,,,,,
earfzilla,2026-04-15 15:49 UTC,9421,,,,,,,,,,,,,,
EMEI,2026-04-15 15:49 UTC,1763068,,,,,,,,,,,,,,
Emelie Trahan,2026-04-15 15:49 UTC,93189,,,,,,,,,,,,,,
EMJIE,2026-04-15 15:49 UTC,197136,,,,,,,,,,,,,,
F3miii,2026-04-15 15:49 UTC,2367071,,,,,,,,,,,,,,
Fcukers,2026-04-15 15:49 UTC,2173750,,,,,,,,,,,,,,
FIFA Sound,2026-04-15 15:49 UTC,2630795,,,,,,,,,,,,,,
FLO,2026-04-15 15:49 UTC,3769719,,,,,,,,,,,,,,
Franky Rizardo,2026-04-15 15:49 UTC,2761792,,,,,,,,,,,,,,
Girl Scout,2026-04-15 15:49 UTC,300394,,,,,,,,,,,,,,
girl_irl,2026-04-15 15:49 UTC,156946,,,,,,,,,,,,,,
girlsweetvoiced,2026-04-15 15:49 UTC,807659,,,,,,,,,,,,,,
gnawvs,2026-04-15 15:49 UTC,1927,,,,,,,,,,,,,,
Godtripper,2026-04-15 15:49 UTC,213895,,,,,,,,,,,,,,
Grupo Primer Grado,2026-04-15 15:49 UTC,2683138,,,,,,,,,,,,,,
Harrd Luck,2026-04-15 15:49 UTC,184641,,,,,,,,,,,,,,
Indeevar,2026-04-15 15:49 UTC,2642418,,,,,,,,,,,,,,
Indigo De Souza,2026-04-15 15:49 UTC,1687555,,,,,,,,,,,,,,
Infinity Song,2026-04-15 15:49 UTC,657280,,,,,,,,,,,,,,
isa in eutopia,2026-04-15 15:49 UTC,26980,,,,,,,,,,,,,,
Jackson Dean,2026-04-15 15:49 UTC,2057774,,,,,,,,,,,,,,
Jadasea,2026-04-15 15:49 UTC,163333,,,,,,,,,,,,,,
Jenny Baker,2026-04-15 15:49 UTC,115876,,,,,,,,,,,,,,
Joey Cash,2026-04-15 15:49 UTC,384118,,,,,,,,,,,,,,
Joy Rhodes,2026-04-15 15:49 UTC,418382,,,,,,,,,,,,,,
Julie Williams,2026-04-15 15:49 UTC,70327,,,,,,,,,,,,,,
JULIETT,2026-04-15 15:49 UTC,372018,,,,,,,,,,,,,,
Khaled,2026-04-15 15:49 UTC,2495007,,,,,,,,,,,,,,
Khan Saab,2026-04-15 15:49 UTC,12521258,,,,,,,,,,,,,,
King Kylie,2026-04-15 15:49 UTC,2446880,,,,,,,,,,,,,,
Koilwood,2026-04-15 15:49 UTC,36856,,,,,,,,,,,,,,
KUČKA,2026-04-15 15:49 UTC,1043612,,,,,,,,,,,,,,
Kurdi Klymax,2026-04-15 15:49 UTC,14985,,,,,,,,,,,,,,
Lamb,2026-04-15 15:49 UTC,395360,,,,,,,,,,,,,,
ledysek,2026-04-15 15:49 UTC,16172,,,,,,,,,,,,,,
Leni Woess,2026-04-15 15:49 UTC,909918,,,,,,,,,,,,,,
Lerado Khalil,2026-04-15 15:49 UTC,95026,,,,,,,,,,,,,,
Lightris,2026-04-15 15:49 UTC,788544,,,,,,,,,,,,,,
M!LK,2026-04-15 15:49 UTC,2624012,,,,,,,,,,,,,,
M4IA,2026-04-15 15:49 UTC,234708,,,,,,,,,,,,,,
MAGIC SOUND WOLF,2026-04-15 15:49 UTC,471376,,,,,,,,,,,,,,
Malcolm Todd,2026-04-15 15:49 UTC,19768696,,,,,,,,,,,,,,
Maphra,2026-04-15 15:49 UTC,1354995,,,,,,,,,,,,,,
marquitos,2026-04-15 15:49 UTC,894430,,,,,,,,,,,,,,
Maviler,2026-04-15 15:49 UTC,1085145,,,,,,,,,,,,,,
Maya Engen,2026-04-15 15:49 UTC,75388,,,,,,,,,,,,,,
Mietze Conte,2026-04-15 15:49 UTC,420440,,,,,,,,,,,,,,
Mijabella Marie,2026-04-15 15:49 UTC,19389,,,,,,,,,,,,,,
MIKE,2026-04-15 15:49 UTC,899380,,,,,,,,,,,,,,
Momo Boyd,2026-04-15 15:49 UTC,3054852,,,,,,,,,,,,,,
Mr Dutt,2026-04-15 15:49 UTC,1969209,,,,,,,,,,,,,,
Nickatnite,2026-04-15 15:49 UTC,12497,,,,,,,,,,,,,,
Nine Vicious,2026-04-15 15:49 UTC,1175509,,,,,,,,,,,,,,
nocashfromparents,2026-04-15 15:49 UTC,794083,,,,,,,,,,,,,,
North West,2026-04-15 15:49 UTC,601488,,,,,,,,,,,,,,
NPD,2026-04-15 15:49 UTC,1407844,,,,,,,,,,,,,,
OK Alva,2026-04-15 15:49 UTC,6129,,,,,,,,,,,,,,
osa,2026-04-15 15:49 UTC,73287,,,,,,,,,,,,,,
Pz',2026-04-15 15:49 UTC,308568,,,,,,,,,,,,,,
Reble,2026-04-15 15:49 UTC,13394074,,,,,,,,,,,,,,
Rocket Reese,2026-04-15 15:49 UTC,119465,,,,,,,,,,,,,,
S1RENA,2026-04-15 15:49 UTC,174730,,,,,,,,,,,,,,
Sara Landry,2026-04-15 15:49 UTC,1258001,,,,,,,,,,,,,,
Selim61,2026-04-15 15:49 UTC,1102399,,,,,,,,,,,,,,
Sematary,2026-04-15 15:49 UTC,822871,,,,,,,,,,,,,,
Slayr,2026-04-15 15:49 UTC,1191151,,,,,,,,,,,,,,
Slim Jxmmy,2026-04-15 15:49 UTC,37094,,,,,,,,,,,,,,
Sons of Yusuf,2026-04-15 15:49 UTC,1917808,,,,,,,,,,,,,,
Sreemani,2026-04-15 15:49 UTC,1945899,,,,,,,,,,,,,,
STELLA LEFTY,2026-04-15 15:49 UTC,4348775,,,,,,,,,,,,,,
STEREO,2026-04-15 15:49 UTC,1730951,,,,,,,,,,,,,,
Stopthis,2026-04-15 15:49 UTC,57001,,,,,,,,,,,,,,
Summrs,2026-04-15 15:49 UTC,1360858,,,,,,,,,,,,,,
SURF GANG,2026-04-15 15:49 UTC,739158,,,,,,,,,,,,,,
Sven Yamaha,2026-04-15 15:49 UTC,12008,,,,,,,,,,,,,,
Swizz Beatz,2026-04-15 15:49 UTC,1221223,,,,,,,,,,,,,,
T.O.P,2026-04-15 15:49 UTC,1263032,,,,,,,,,,,,,,
Tabi Gervis,2026-04-15 15:49 UTC,20828,,,,,,,,,,,,,,
Temper City,2026-04-15 15:49 UTC,6751696,,,,,,,,,,,,,,
The Long Faces,2026-04-15 15:49 UTC,3439577,,,,,,,,,,,,,,
The Twins,2026-04-15 15:49 UTC,72713,,,,,,,,,,,,,,
Tiffany Day,2026-04-15 15:49 UTC,1121379,,,,,,,,,,,,,,
Tiffany Hudson,2026-04-15 15:49 UTC,1740653,,,,,,,,,,,,,,
Tom Did It,2026-04-15 15:49 UTC,1224430,,,,,,,,,,,,,,
Tom Right,2026-04-15 15:49 UTC,913083,,,,,,,,,,,,,,
Trim,2026-04-15 15:49 UTC,2084300,,,,,,,,,,,,,,
Tsatsamis,2026-04-15 15:49 UTC,206918,,,,,,,,,,,,,,
twentythree,2026-04-15 15:49 UTC,1375339,,,,,,,,,,,,,,
TXKUMOON,2026-04-15 15:49 UTC,657004,,,,,,,,,,,,,,
Ullah,2026-04-15 15:49 UTC,82896,,,,,,,,,,,,,,
untiljapan,2026-04-15 15:49 UTC,234032,,,,,,,,,,,,,,
Vaibhav Gupta,2026-04-15 15:49 UTC,2802730,,,,,,,,,,,,,,
Valter Nilsson,2026-04-15 15:49 UTC,222100,,,,,,,,,,,,,,
Warren Roob,2026-04-15 15:49 UTC,818731,,,,,,,,,,,,,,
Will Sass,2026-04-15 15:49 UTC,817890,,,,,,,,,,,,,,
xo,2026-04-15 15:49 UTC,35589,,,,,,,,,,,,,,
YBRE,2026-04-15 15:49 UTC,1077619,,,,,,,,,,,,,,
Ye,2026-04-15 15:49 UTC,17484530,,,,,,,,,,,,,,
Yonusa,2026-04-15 15:49 UTC,278697,,,,,,,,,,,,,,
YUNA,2026-04-15 15:49 UTC,1188344,,,,,,,,,,,,,,
Zycan,2026-04-15 15:49 UTC,2126808,,,,,,,,,,,,,,
Canada Soccer,2026-04-15 15:49 UTC,254092,,,,,,,,,,,,,,
H. Hawkline,2026-04-15 15:49 UTC,116129,,,,,,,,,,,,,,
Rian Brazil,2026-04-15 15:49 UTC,36247,,,,,,,,,,,,,,
My New Band Believe,2026-04-15 15:49 UTC,188020,,,,,,,,,,,,,,
Baby Crash,2026-04-15 15:49 UTC,0,,,,,,,,,,,,,,
Street Fever,2026-04-15 15:49 UTC,133593,,,,,,,,,,,,,,
Lori Perri,2026-04-15 15:49 UTC,333,,,,,,,,,,,,,,
DJ B7 o Piranhão,2026-04-15 15:49 UTC,1152414,,,,,,,,,,,,,,
shonci,2026-04-15 15:49 UTC,3074549,,,,,,,,,,,,,,
OKI,2026-04-15 15:49 UTC,2275768,,,,,,,,,,,,,,
Juju,2026-04-15 15:49 UTC,2488646,,,,,,,,,,,,,,
Diana Pilquist,2026-04-15 15:49 UTC,1141,,,,,,,,,,,,,,
Sa!koro,2026-04-15 15:49 UTC,71242,,,,,,,,,,,,,,
Cap1talA,2026-04-15 15:49 UTC,174343,,,,,,,,,,,,,,
JADA,2026-04-15 15:49 UTC,20543,,,,,,,,,,,,,,
1 Umbrella,2026-04-15 15:49 UTC,180041,,,,,,,,,,,,,,
Mumu Fresh,2026-04-15 15:49 UTC,29036,,,,,,,,,,,,,,
Madeléne,2026-04-15 15:49 UTC,383678,,,,,,,,,,,,,,
Yuyu19,2026-04-15 15:49 UTC,942043,,,,,,,,,,,,,,
Yaeger,2026-04-15 15:49 UTC,257450,,,,,,,,,,,,,,
Olof Dreijer,2026-04-15 15:49 UTC,67338,,,,,,,,,,,,,,
Boi-1da,2026-04-15 15:49 UTC,407999,,,,,,,,,,,,,,
BossMan Pac,2026-04-15 15:49 UTC,100614,,,,,,,,,,,,,,
Merry Lamb Lamb,2026-04-15 15:49 UTC,16019,,,,,,,,,,,,,,
318dman,2026-04-15 15:49 UTC,68259,,,,,,,,,,,,,,
The Sophs,2026-04-15 15:49 UTC,102493,,,,,,,,,,,,,,
SILICONE VALLEY,2026-04-15 15:49 UTC,31510,,,,,,,,,,,,,,
FREE JIMI,2026-04-15 15:49 UTC,55559,,,,,,,,,,,,,,
jalda,2026-04-15 15:49 UTC,28357,,,,,,,,,,,,,,
Slayyyter,2026-04-15 15:49 UTC,2970956,,,,,,,,,,,,,,
Wtm Solid,2026-04-15 15:49 UTC,10867,,,,,,,,,,,,,,
Les Imprimés,2026-04-15 15:49 UTC,126232,,,,,,,,,,,,,,
dóttir.x,2026-04-15 15:49 UTC,49359,,,,,,,,,,,,,,
Molly Hammar,2026-04-15 15:49 UTC,343971,,,,,,,,,,,,,,
Frost Children,2026-04-15 15:49 UTC,557775,,,,,,,,,,,,,,
diamond*,2026-04-15 15:49 UTC,226048,,,,,,,,,,,,,,
JussGigi,2026-04-15 15:49 UTC,0,,,,,,,,,,,,,,
EL DEMOON,2026-04-15 15:49 UTC,14338,,,,,,,,,,,,,,
ROIROM,2026-04-15 15:49 UTC,45763,,,,,,,,,,,,,,
Karly Bowman,2026-04-15 15:49 UTC,102512,,,,,,,,,,,,,,
Luke Armstrong,2026-04-15 15:49 UTC,0,,,,,,,,,,,,,,
G3B,2026-04-15 15:49 UTC,74717,,,,,,,,,,,,,,
Ninety,2026-04-15 15:49 UTC,141392,,,,,,,,,,,,,,
$t3PPA,2026-04-16 00:08 UTC,111008,,,,,,,,,,,,,,
00pium!*,2026-04-16 00:08 UTC,165,,,,,,,,,,,,,,
13dge,2026-04-16 00:08 UTC,4052,,,,,,,,,,,,,,
A2ANTI,2026-04-16 00:08 UTC,1614803,,,,,,,,,,,,,,
Addison Dean,2026-04-16 00:08 UTC,4381,,,,,,,,,,,,,,
Aiyana-Lee,2026-04-16 00:08 UTC,1141883,,,,,,,,,,,,,,
Andre Troutman,2026-04-16 00:08 UTC,8854554,,,,,,,,,,,,,,
Angine de Poitrine,2026-04-16 00:08 UTC,2038491,,,,,,,,,,,,,,
Anysia Kim,2026-04-16 00:08 UTC,174751,,,,,,,,,,,,,,
AQUAFINNA,2026-04-16 00:08 UTC,19094,,,,,,,,,,,,,,
Avery Cochrane,2026-04-16 00:08 UTC,551428,,,,,,,,,,,,,,
Banjaare,2026-04-16 00:08 UTC,16313165,,,,,,,,,,,,,,
billi0n,2026-04-16 00:08 UTC,45511,,,,,,,,,,,,,,
Billy Fuller,2026-04-16 00:08 UTC,18550,,,,,,,,,,,,,,
Bryan Countach,2026-04-16 00:08 UTC,247625,,,,,,,,,,,,,,
Canyon,2026-04-16 00:08 UTC,48495,,,,,,,,,,,,,,
Carter Faith,2026-04-16 00:08 UTC,1570974,,,,,,,,,,,,,,
Che,2026-04-16 00:08 UTC,1244646,,,,,,,,,,,,,,
Corridos del Rey,2026-04-16 00:08 UTC,1142036,,,,,,,,,,,,,,
Crystalo,2026-04-16 00:08 UTC,510358,,,,,,,,,,,,,,
Da Future,2026-04-16 00:08 UTC,4572481,,,,,,,,,,,,,,
Dale Move,2026-04-16 00:08 UTC,225123,,,,,,,,,,,,,,
Daniel Žižka,2026-04-16 00:08 UTC,143367,,,,,,,,,,,,,,
Dante,2026-04-16 00:08 UTC,465901,,,,,,,,,,,,,,
Dean Turnley,2026-04-16 00:08 UTC,1511303,,,,,,,,,,,,,,
Delta Ash,2026-04-16 00:08 UTC,462035,,,,,,,,,,,,,,
Dexter and The Moonrocks,2026-04-16 00:08 UTC,3927224,,,,,,,,,,,,,,
DJ Unzensiert,2026-04-16 00:08 UTC,1541421,,,,,,,,,,,,,,
Donda,2026-04-16 00:08 UTC,2178304,,,,,,,,,,,,,,
Dubioza Kolektive,2026-04-16 00:08 UTC,530263,,,,,,,,,,,,,,
dunderjeppe,2026-04-16 00:08 UTC,30588,,,,,,,,,,,,,,
Duskydemise archive,2026-04-16 00:08 UTC,312532,,,,,,,,,,,,,,
Duygu Edis,2026-04-16 00:08 UTC,2724632,,,,,,,,,,,,,,
dyingoutlay,2026-04-16 00:08 UTC,164,,,,,,,,,,,,,,
earfzilla,2026-04-16 00:08 UTC,9421,,,,,,,,,,,,,,
EMEI,2026-04-16 00:08 UTC,1763068,,,,,,,,,,,,,,
Emelie Trahan,2026-04-16 00:08 UTC,93189,,,,,,,,,,,,,,
EMJIE,2026-04-16 00:08 UTC,197136,,,,,,,,,,,,,,
F3miii,2026-04-16 00:08 UTC,2367071,,,,,,,,,,,,,,
Fcukers,2026-04-16 00:08 UTC,2173750,,,,,,,,,,,,,,
FIFA Sound,2026-04-16 00:08 UTC,2630795,,,,,,,,,,,,,,
FLO,2026-04-16 00:08 UTC,3769719,,,,,,,,,,,,,,
Franky Rizardo,2026-04-16 00:08 UTC,2761792,,,,,,,,,,,,,,
Girl Scout,2026-04-16 00:08 UTC,300394,,,,,,,,,,,,,,
girl_irl,2026-04-16 00:08 UTC,156946,,,,,,,,,,,,,,
girlsweetvoiced,2026-04-16 00:08 UTC,807659,,,,,,,,,,,,,,
gnawvs,2026-04-16 00:08 UTC,1927,,,,,,,,,,,,,,
Godtripper,2026-04-16 00:08 UTC,213895,,,,,,,,,,,,,,
Grupo Primer Grado,2026-04-16 00:08 UTC,2683138,,,,,,,,,,,,,,
Harrd Luck,2026-04-16 00:08 UTC,184641,,,,,,,,,,,,,,
Indeevar,2026-04-16 00:08 UTC,2642418,,,,,,,,,,,,,,
Indigo De Souza,2026-04-16 00:08 UTC,1687555,,,,,,,,,,,,,,
Infinity Song,2026-04-16 00:08 UTC,657280,,,,,,,,,,,,,,
isa in eutopia,2026-04-16 00:08 UTC,26980,,,,,,,,,,,,,,
Jackson Dean,2026-04-16 00:08 UTC,2057774,,,,,,,,,,,,,,
Jadasea,2026-04-16 00:08 UTC,163333,,,,,,,,,,,,,,
Jenny Baker,2026-04-16 00:08 UTC,115876,,,,,,,,,,,,,,
Joey Cash,2026-04-16 00:08 UTC,384118,,,,,,,,,,,,,,
Joy Rhodes,2026-04-16 00:08 UTC,418382,,,,,,,,,,,,,,
Julie Williams,2026-04-16 00:08 UTC,70327,,,,,,,,,,,,,,
JULIETT,2026-04-16 00:08 UTC,372018,,,,,,,,,,,,,,
Khaled,2026-04-16 00:08 UTC,2495007,,,,,,,,,,,,,,
Khan Saab,2026-04-16 00:08 UTC,12521258,,,,,,,,,,,,,,
King Kylie,2026-04-16 00:08 UTC,2446880,,,,,,,,,,,,,,
Koilwood,2026-04-16 00:08 UTC,36856,,,,,,,,,,,,,,
KUČKA,2026-04-16 00:08 UTC,1043612,,,,,,,,,,,,,,
Kurdi Klymax,2026-04-16 00:08 UTC,14985,,,,,,,,,,,,,,
Lamb,2026-04-16 00:08 UTC,395360,,,,,,,,,,,,,,
ledysek,2026-04-16 00:08 UTC,16172,,,,,,,,,,,,,,
Leni Woess,2026-04-16 00:08 UTC,909918,,,,,,,,,,,,,,
Lerado Khalil,2026-04-16 00:08 UTC,95026,,,,,,,,,,,,,,
Lightris,2026-04-16 00:08 UTC,788544,,,,,,,,,,,,,,
M!LK,2026-04-16 00:08 UTC,2624012,,,,,,,,,,,,,,
M4IA,2026-04-16 00:08 UTC,234708,,,,,,,,,,,,,,
MAGIC SOUND WOLF,2026-04-16 00:08 UTC,471376,,,,,,,,,,,,,,
Malcolm Todd,2026-04-16 00:08 UTC,19768696,,,,,,,,,,,,,,
Maphra,2026-04-16 00:08 UTC,1354995,,,,,,,,,,,,,,
marquitos,2026-04-16 00:08 UTC,894430,,,,,,,,,,,,,,
Maviler,2026-04-16 00:08 UTC,1085145,,,,,,,,,,,,,,
Maya Engen,2026-04-16 00:08 UTC,75388,,,,,,,,,,,,,,
Mietze Conte,2026-04-16 00:08 UTC,420440,,,,,,,,,,,,,,
Mijabella Marie,2026-04-16 00:08 UTC,19389,,,,,,,,,,,,,,
MIKE,2026-04-16 00:08 UTC,899380,,,,,,,,,,,,,,
Momo Boyd,2026-04-16 00:08 UTC,3054852,,,,,,,,,,,,,,
Mr Dutt,2026-04-16 00:08 UTC,1969209,,,,,,,,,,,,,,
Nickatnite,2026-04-16 00:08 UTC,12497,,,,,,,,,,,,,,
Nine Vicious,2026-04-16 00:08 UTC,1175509,,,,,,,,,,,,,,
nocashfromparents,2026-04-16 00:08 UTC,794083,,,,,,,,,,,,,,
North West,2026-04-16 00:08 UTC,601488,,,,,,,,,,,,,,
NPD,2026-04-16 00:08 UTC,1407844,,,,,,,,,,,,,,
OK Alva,2026-04-16 00:08 UTC,6129,,,,,,,,,,,,,,
osa,2026-04-16 00:08 UTC,73287,,,,,,,,,,,,,,
Pz',2026-04-16 00:08 UTC,308568,,,,,,,,,,,,,,
Reble,2026-04-16 00:08 UTC,13394074,,,,,,,,,,,,,,
Rocket Reese,2026-04-16 00:08 UTC,119465,,,,,,,,,,,,,,
S1RENA,2026-04-16 00:08 UTC,174730,,,,,,,,,,,,,,
Sara Landry,2026-04-16 00:08 UTC,1258001,,,,,,,,,,,,,,
Selim61,2026-04-16 00:08 UTC,1102399,,,,,,,,,,,,,,
Sematary,2026-04-16 00:08 UTC,822871,,,,,,,,,,,,,,
Slayr,2026-04-16 00:08 UTC,1191151,,,,,,,,,,,,,,
Slim Jxmmy,2026-04-16 00:08 UTC,37094,,,,,,,,,,,,,,
Sons of Yusuf,2026-04-16 00:08 UTC,1917808,,,,,,,,,,,,,,
Sreemani,2026-04-16 00:08 UTC,1945899,,,,,,,,,,,,,,
STELLA LEFTY,2026-04-16 00:08 UTC,4348775,,,,,,,,,,,,,,
STEREO,2026-04-16 00:08 UTC,1730951,,,,,,,,,,,,,,
Stopthis,2026-04-16 00:08 UTC,57001,,,,,,,,,,,,,,
Summrs,2026-04-16 00:08 UTC,1360858,,,,,,,,,,,,,,
SURF GANG,2026-04-16 00:08 UTC,739158,,,,,,,,,,,,,,
Sven Yamaha,2026-04-16 00:08 UTC,12008,,,,,,,,,,,,,,
Swizz Beatz,2026-04-16 00:08 UTC,1221223,,,,,,,,,,,,,,
T.O.P,2026-04-16 00:08 UTC,1263032,,,,,,,,,,,,,,
Tabi Gervis,2026-04-16 00:08 UTC,20828,,,,,,,,,,,,,,
Temper City,2026-04-16 00:08 UTC,6751696,,,,,,,,,,,,,,
The Long Faces,2026-04-16 00:08 UTC,3439577,,,,,,,,,,,,,,
The Twins,2026-04-16 00:08 UTC,72713,,,,,,,,,,,,,,
Tiffany Day,2026-04-16 00:08 UTC,1121379,,,,,,,,,,,,,,
Tiffany Hudson,2026-04-16 00:08 UTC,1740653,,,,,,,,,,,,,,
Tom Did It,2026-04-16 00:08 UTC,1224430,,,,,,,,,,,,,,
Tom Right,2026-04-16 00:08 UTC,913083,,,,,,,,,,,,,,
Trim,2026-04-16 00:08 UTC,2084300,,,,,,,,,,,,,,
Tsatsamis,2026-04-16 00:08 UTC,206918,,,,,,,,,,,,,,
twentythree,2026-04-16 00:08 UTC,1375339,,,,,,,,,,,,,,
TXKUMOON,2026-04-16 00:08 UTC,657004,,,,,,,,,,,,,,
Ullah,2026-04-16 00:08 UTC,82896,,,,,,,,,,,,,,
untiljapan,2026-04-16 00:08 UTC,234032,,,,,,,,,,,,,,
Vaibhav Gupta,2026-04-16 00:08 UTC,2802730,,,,,,,,,,,,,,
Valter Nilsson,2026-04-16 00:08 UTC,222100,,,,,,,,,,,,,,
Warren Roob,2026-04-16 00:08 UTC,818731,,,,,,,,,,,,,,
Will Sass,2026-04-16 00:08 UTC,817890,,,,,,,,,,,,,,
xo,2026-04-16 00:08 UTC,35589,,,,,,,,,,,,,,
YBRE,2026-04-16 00:08 UTC,1077619,,,,,,,,,,,,,,
Ye,2026-04-16 00:08 UTC,17484530,,,,,,,,,,,,,,
Yonusa,2026-04-16 00:08 UTC,278697,,,,,,,,,,,,,,
YUNA,2026-04-16 00:08 UTC,1188344,,,,,,,,,,,,,,
Zycan,2026-04-16 00:08 UTC,2126808,,,,,,,,,,,,,,
Canada Soccer,2026-04-16 00:08 UTC,254092,,,,,,,,,,,,,,
H. Hawkline,2026-04-16 00:08 UTC,116129,,,,,,,,,,,,,,
Rian Brazil,2026-04-16 00:08 UTC,36247,,,,,,,,,,,,,,
My New Band Believe,2026-04-16 00:08 UTC,188020,,,,,,,,,,,,,,
Baby Crash,2026-04-16 00:08 UTC,0,,,,,,,,,,,,,,
Street Fever,2026-04-16 00:08 UTC,133593,,,,,,,,,,,,,,
Lori Perri,2026-04-16 00:08 UTC,333,,,,,,,,,,,,,,
DJ B7 o Piranhão,2026-04-16 00:08 UTC,1152414,,,,,,,,,,,,,,
shonci,2026-04-16 00:08 UTC,3074549,,,,,,,,,,,,,,
OKI,2026-04-16 00:08 UTC,2275768,,,,,,,,,,,,,,
Juju,2026-04-16 00:08 UTC,2488646,,,,,,,,,,,,,,
Diana Pilquist,2026-04-16 00:08 UTC,1141,,,,,,,,,,,,,,
Sa!koro,2026-04-16 00:08 UTC,71242,,,,,,,,,,,,,,
Cap1talA,2026-04-16 00:08 UTC,174343,,,,,,,,,,,,,,
JADA,2026-04-16 00:08 UTC,20543,,,,,,,,,,,,,,
1 Umbrella,2026-04-16 00:08 UTC,180041,,,,,,,,,,,,,,
Mumu Fresh,2026-04-16 00:08 UTC,29036,,,,,,,,,,,,,,
Madeléne,2026-04-16 00:08 UTC,383678,,,,,,,,,,,,,,
Yuyu19,2026-04-16 00:08 UTC,942043,,,,,,,,,,,,,,
Yaeger,2026-04-16 00:08 UTC,257450,,,,,,,,,,,,,,
Olof Dreijer,2026-04-16 00:08 UTC,67338,,,,,,,,,,,,,,
Boi-1da,2026-04-16 00:08 UTC,407999,,,,,,,,,,,,,,
BossMan Pac,2026-04-16 00:08 UTC,100614,,,,,,,,,,,,,,
Merry Lamb Lamb,2026-04-16 00:08 UTC,16019,,,,,,,,,,,,,,
318dman,2026-04-16 00:08 UTC,68259,,,,,,,,,,,,,,
The Sophs,2026-04-16 00:08 UTC,102493,,,,,,,,,,,,,,
SILICONE VALLEY,2026-04-16 00:08 UTC,31510,,,,,,,,,,,,,,
FREE JIMI,2026-04-16 00:08 UTC,55559,,,,,,,,,,,,,,
jalda,2026-04-16 00:08 UTC,28357,,,,,,,,,,,,,,
Slayyyter,2026-04-16 00:08 UTC,2970956,,,,,,,,,,,,,,
Wtm Solid,2026-04-16 00:08 UTC,10867,,,,,,,,,,,,,,
Les Imprimés,2026-04-16 00:08 UTC,126232,,,,,,,,,,,,,,
dóttir.x,2026-04-16 00:08 UTC,49359,,,,,,,,,,,,,,
Molly Hammar,2026-04-16 00:08 UTC,343971,,,,,,,,,,,,,,
Frost Children,2026-04-16 00:08 UTC,557775,,,,,,,,,,,,,,
diamond*,2026-04-16 00:08 UTC,226048,,,,,,,,,,,,,,
JussGigi,2026-04-16 00:08 UTC,0,,,,,,,,,,,,,,
EL DEMOON,2026-04-16 00:08 UTC,14338,,,,,,,,,,,,,,
ROIROM,2026-04-16 00:08 UTC,45763,,,,,,,,,,,,,,
Karly Bowman,2026-04-16 00:08 UTC,102512,,,,,,,,,,,,,,
Luke Armstrong,2026-04-16 00:08 UTC,0,,,,,,,,,,,,,,
G3B,2026-04-16 00:08 UTC,74717,,,,,,,,,,,,,,
Ninety,2026-04-16 00:08 UTC,141392,,,,,,,,,,,,,,
$t3PPA,2026-04-16 03:39 UTC,111008,,,,,,,,,,,,,,
00pium!*,2026-04-16 03:39 UTC,165,,,,,,,,,,,,,,
13dge,2026-04-16 03:39 UTC,4052,,,,,,,,,,,,,,
A2ANTI,2026-04-16 03:39 UTC,1614803,,,,,,,,,,,,,,
Addison Dean,2026-04-16 03:39 UTC,4381,,,,,,,,,,,,,,
Aiyana-Lee,2026-04-16 03:39 UTC,1141883,,,,,,,,,,,,,,
Andre Troutman,2026-04-16 03:39 UTC,8854554,,,,,,,,,,,,,,
Angine de Poitrine,2026-04-16 03:39 UTC,2038491,,,,,,,,,,,,,,
Anysia Kim,2026-04-16 03:39 UTC,174751,,,,,,,,,,,,,,
AQUAFINNA,2026-04-16 03:39 UTC,19094,,,,,,,,,,,,,,
Avery Cochrane,2026-04-16 03:39 UTC,551428,,,,,,,,,,,,,,
Banjaare,2026-04-16 03:39 UTC,16313165,,,,,,,,,,,,,,
billi0n,2026-04-16 03:39 UTC,45511,,,,,,,,,,,,,,
Billy Fuller,2026-04-16 03:39 UTC,18550,,,,,,,,,,,,,,
Bryan Countach,2026-04-16 03:39 UTC,247625,,,,,,,,,,,,,,
Canyon,2026-04-16 03:39 UTC,48495,,,,,,,,,,,,,,
Carter Faith,2026-04-16 03:39 UTC,1570974,,,,,,,,,,,,,,
Che,2026-04-16 03:39 UTC,1244646,,,,,,,,,,,,,,
Corridos del Rey,2026-04-16 03:39 UTC,1142036,,,,,,,,,,,,,,
Crystalo,2026-04-16 03:39 UTC,510358,,,,,,,,,,,,,,
Da Future,2026-04-16 03:39 UTC,4572481,,,,,,,,,,,,,,
Dale Move,2026-04-16 03:39 UTC,225123,,,,,,,,,,,,,,
Daniel Žižka,2026-04-16 03:39 UTC,143367,,,,,,,,,,,,,,
Dante,2026-04-16 03:39 UTC,465901,,,,,,,,,,,,,,
Dean Turnley,2026-04-16 03:39 UTC,1511303,,,,,,,,,,,,,,
Delta Ash,2026-04-16 03:39 UTC,462035,,,,,,,,,,,,,,
Dexter and The Moonrocks,2026-04-16 03:39 UTC,3927224,,,,,,,,,,,,,,
DJ Unzensiert,2026-04-16 03:39 UTC,1541421,,,,,,,,,,,,,,
Donda,2026-04-16 03:39 UTC,2178304,,,,,,,,,,,,,,
Dubioza Kolektive,2026-04-16 03:39 UTC,530263,,,,,,,,,,,,,,
dunderjeppe,2026-04-16 03:39 UTC,30588,,,,,,,,,,,,,,
Duskydemise archive,2026-04-16 03:39 UTC,312532,,,,,,,,,,,,,,
Duygu Edis,2026-04-16 03:39 UTC,2724632,,,,,,,,,,,,,,
dyingoutlay,2026-04-16 03:39 UTC,164,,,,,,,,,,,,,,
earfzilla,2026-04-16 03:39 UTC,9421,,,,,,,,,,,,,,
EMEI,2026-04-16 03:39 UTC,1763068,,,,,,,,,,,,,,
Emelie Trahan,2026-04-16 03:39 UTC,93189,,,,,,,,,,,,,,
EMJIE,2026-04-16 03:39 UTC,197136,,,,,,,,,,,,,,
F3miii,2026-04-16 03:39 UTC,2367071,,,,,,,,,,,,,,
Fcukers,2026-04-16 03:39 UTC,2173750,,,,,,,,,,,,,,
FIFA Sound,2026-04-16 03:39 UTC,2630795,,,,,,,,,,,,,,
FLO,2026-04-16 03:39 UTC,3769719,,,,,,,,,,,,,,
Franky Rizardo,2026-04-16 03:39 UTC,2761792,,,,,,,,,,,,,,
Girl Scout,2026-04-16 03:39 UTC,300394,,,,,,,,,,,,,,
girl_irl,2026-04-16 03:39 UTC,156946,,,,,,,,,,,,,,
girlsweetvoiced,2026-04-16 03:39 UTC,807659,,,,,,,,,,,,,,
gnawvs,2026-04-16 03:39 UTC,1927,,,,,,,,,,,,,,
Godtripper,2026-04-16 03:39 UTC,213895,,,,,,,,,,,,,,
Grupo Primer Grado,2026-04-16 03:39 UTC,2683138,,,,,,,,,,,,,,
Harrd Luck,2026-04-16 03:39 UTC,184641,,,,,,,,,,,,,,
Indeevar,2026-04-16 03:39 UTC,2642418,,,,,,,,,,,,,,
Indigo De Souza,2026-04-16 03:39 UTC,1687555,,,,,,,,,,,,,,
Infinity Song,2026-04-16 03:39 UTC,657280,,,,,,,,,,,,,,
isa in eutopia,2026-04-16 03:39 UTC,26980,,,,,,,,,,,,,,
Jackson Dean,2026-04-16 03:39 UTC,2057774,,,,,,,,,,,,,,
Jadasea,2026-04-16 03:39 UTC,163333,,,,,,,,,,,,,,
Jenny Baker,2026-04-16 03:39 UTC,115876,,,,,,,,,,,,,,
Joey Cash,2026-04-16 03:39 UTC,384118,,,,,,,,,,,,,,
Joy Rhodes,2026-04-16 03:39 UTC,418382,,,,,,,,,,,,,,
Julie Williams,2026-04-16 03:39 UTC,70327,,,,,,,,,,,,,,
JULIETT,2026-04-16 03:39 UTC,372018,,,,,,,,,,,,,,
Khaled,2026-04-16 03:39 UTC,2495007,,,,,,,,,,,,,,
Khan Saab,2026-04-16 03:39 UTC,12521258,,,,,,,,,,,,,,
King Kylie,2026-04-16 03:39 UTC,2446880,,,,,,,,,,,,,,
Koilwood,2026-04-16 03:39 UTC,36856,,,,,,,,,,,,,,
KUČKA,2026-04-16 03:39 UTC,1043612,,,,,,,,,,,,,,
Kurdi Klymax,2026-04-16 03:39 UTC,14985,,,,,,,,,,,,,,
Lamb,2026-04-16 03:39 UTC,395360,,,,,,,,,,,,,,
ledysek,2026-04-16 03:39 UTC,16172,,,,,,,,,,,,,,
Leni Woess,2026-04-16 03:39 UTC,909918,,,,,,,,,,,,,,
Lerado Khalil,2026-04-16 03:39 UTC,95026,,,,,,,,,,,,,,
Lightris,2026-04-16 03:39 UTC,788544,,,,,,,,,,,,,,
M!LK,2026-04-16 03:39 UTC,2624012,,,,,,,,,,,,,,
M4IA,2026-04-16 03:39 UTC,234708,,,,,,,,,,,,,,
MAGIC SOUND WOLF,2026-04-16 03:39 UTC,471376,,,,,,,,,,,,,,
Malcolm Todd,2026-04-16 03:39 UTC,19768696,,,,,,,,,,,,,,
Maphra,2026-04-16 03:39 UTC,1354995,,,,,,,,,,,,,,
marquitos,2026-04-16 03:39 UTC,894430,,,,,,,,,,,,,,
Maviler,2026-04-16 03:39 UTC,1085145,,,,,,,,,,,,,,
Maya Engen,2026-04-16 03:39 UTC,75388,,,,,,,,,,,,,,
Mietze Conte,2026-04-16 03:39 UTC,420440,,,,,,,,,,,,,,
Mijabella Marie,2026-04-16 03:39 UTC,19389,,,,,,,,,,,,,,
MIKE,2026-04-16 03:39 UTC,899380,,,,,,,,,,,,,,
Momo Boyd,2026-04-16 03:39 UTC,3054852,,,,,,,,,,,,,,
Mr Dutt,2026-04-16 03:39 UTC,1969209,,,,,,,,,,,,,,
Nickatnite,2026-04-16 03:39 UTC,12497,,,,,,,,,,,,,,
Nine Vicious,2026-04-16 03:39 UTC,1175509,,,,,,,,,,,,,,
nocashfromparents,2026-04-16 03:39 UTC,794083,,,,,,,,,,,,,,
North West,2026-04-16 03:39 UTC,601488,,,,,,,,,,,,,,
NPD,2026-04-16 03:39 UTC,1407844,,,,,,,,,,,,,,
OK Alva,2026-04-16 03:39 UTC,6129,,,,,,,,,,,,,,
osa,2026-04-16 03:39 UTC,73287,,,,,,,,,,,,,,
Pz',2026-04-16 03:39 UTC,308568,,,,,,,,,,,,,,
Reble,2026-04-16 03:39 UTC,13394074,,,,,,,,,,,,,,
Rocket Reese,2026-04-16 03:39 UTC,119465,,,,,,,,,,,,,,
S1RENA,2026-04-16 03:39 UTC,174730,,,,,,,,,,,,,,
Sara Landry,2026-04-16 03:39 UTC,1258001,,,,,,,,,,,,,,
Selim61,2026-04-16 03:39 UTC,1102399,,,,,,,,,,,,,,
Sematary,2026-04-16 03:39 UTC,822871,,,,,,,,,,,,,,
Slayr,2026-04-16 03:39 UTC,1191151,,,,,,,,,,,,,,
Slim Jxmmy,2026-04-16 03:39 UTC,37094,,,,,,,,,,,,,,
Sons of Yusuf,2026-04-16 03:39 UTC,1917808,,,,,,,,,,,,,,
Sreemani,2026-04-16 03:39 UTC,1945899,,,,,,,,,,,,,,
STELLA LEFTY,2026-04-16 03:39 UTC,4348775,,,,,,,,,,,,,,
STEREO,2026-04-16 03:39 UTC,1730951,,,,,,,,,,,,,,
Stopthis,2026-04-16 03:39 UTC,57001,,,,,,,,,,,,,,
Summrs,2026-04-16 03:39 UTC,1360858,,,,,,,,,,,,,,
SURF GANG,2026-04-16 03:39 UTC,739158,,,,,,,,,,,,,,
Sven Yamaha,2026-04-16 03:39 UTC,12008,,,,,,,,,,,,,,
Swizz Beatz,2026-04-16 03:39 UTC,1221223,,,,,,,,,,,,,,
T.O.P,2026-04-16 03:39 UTC,1263032,,,,,,,,,,,,,,
Tabi Gervis,2026-04-16 03:39 UTC,20828,,,,,,,,,,,,,,
Temper City,2026-04-16 03:39 UTC,6751696,,,,,,,,,,,,,,
The Long Faces,2026-04-16 03:39 UTC,3439577,,,,,,,,,,,,,,
The Twins,2026-04-16 03:39 UTC,72713,,,,,,,,,,,,,,
Tiffany Day,2026-04-16 03:39 UTC,1121379,,,,,,,,,,,,,,
Tiffany Hudson,2026-04-16 03:39 UTC,1740653,,,,,,,,,,,,,,
Tom Did It,2026-04-16 03:39 UTC,1224430,,,,,,,,,,,,,,
Tom Right,2026-04-16 03:39 UTC,913083,,,,,,,,,,,,,,
Trim,2026-04-16 03:39 UTC,2084300,,,,,,,,,,,,,,
Tsatsamis,2026-04-16 03:39 UTC,206918,,,,,,,,,,,,,,
twentythree,2026-04-16 03:39 UTC,1375339,,,,,,,,,,,,,,
TXKUMOON,2026-04-16 03:39 UTC,657004,,,,,,,,,,,,,,
Ullah,2026-04-16 03:39 UTC,82896,,,,,,,,,,,,,,
untiljapan,2026-04-16 03:39 UTC,234032,,,,,,,,,,,,,,
Vaibhav Gupta,2026-04-16 03:39 UTC,2802730,,,,,,,,,,,,,,
Valter Nilsson,2026-04-16 03:39 UTC,222100,,,,,,,,,,,,,,
Warren Roob,2026-04-16 03:39 UTC,818731,,,,,,,,,,,,,,
Will Sass,2026-04-16 03:39 UTC,817890,,,,,,,,,,,,,,
xo,2026-04-16 03:39 UTC,35589,,,,,,,,,,,,,,
YBRE,2026-04-16 03:39 UTC,1077619,,,,,,,,,,,,,,
Ye,2026-04-16 03:39 UTC,17484530,,,,,,,,,,,,,,
Yonusa,2026-04-16 03:39 UTC,278697,,,,,,,,,,,,,,
YUNA,2026-04-16 03:39 UTC,1188344,,,,,,,,,,,,,,
Zycan,2026-04-16 03:39 UTC,2126808,,,,,,,,,,,,,,
Canada Soccer,2026-04-16 03:39 UTC,254092,,,,,,,,,,,,,,
H. Hawkline,2026-04-16 03:39 UTC,116129,,,,,,,,,,,,,,
Rian Brazil,2026-04-16 03:39 UTC,36247,,,,,,,,,,,,,,
My New Band Believe,2026-04-16 03:39 UTC,188020,,,,,,,,,,,,,,
Baby Crash,2026-04-16 03:39 UTC,0,,,,,,,,,,,,,,
Street Fever,2026-04-16 03:39 UTC,133593,,,,,,,,,,,,,,
Lori Perri,2026-04-16 03:39 UTC,333,,,,,,,,,,,,,,
DJ B7 o Piranhão,2026-04-16 03:39 UTC,1152414,,,,,,,,,,,,,,
shonci,2026-04-16 03:39 UTC,3074549,,,,,,,,,,,,,,
OKI,2026-04-16 03:39 UTC,2275768,,,,,,,,,,,,,,
Juju,2026-04-16 03:39 UTC,2488646,,,,,,,,,,,,,,
Diana Pilquist,2026-04-16 03:39 UTC,1141,,,,,,,,,,,,,,
Sa!koro,2026-04-16 03:39 UTC,71242,,,,,,,,,,,,,,
Cap1talA,2026-04-16 03:39 UTC,174343,,,,,,,,,,,,,,
JADA,2026-04-16 03:39 UTC,20543,,,,,,,,,,,,,,
1 Umbrella,2026-04-16 03:39 UTC,180041,,,,,,,,,,,,,,
Mumu Fresh,2026-04-16 03:39 UTC,29036,,,,,,,,,,,,,,
Madeléne,2026-04-16 03:39 UTC,383678,,,,,,,,,,,,,,
Yuyu19,2026-04-16 03:39 UTC,942043,,,,,,,,,,,,,,
Yaeger,2026-04-16 03:39 UTC,257450,,,,,,,,,,,,,,
Olof Dreijer,2026-04-16 03:39 UTC,67338,,,,,,,,,,,,,,
Boi-1da,2026-04-16 03:39 UTC,407999,,,,,,,,,,,,,,
BossMan Pac,2026-04-16 03:39 UTC,100614,,,,,,,,,,,,,,
Merry Lamb Lamb,2026-04-16 03:39 UTC,16019,,,,,,,,,,,,,,
318dman,2026-04-16 03:39 UTC,68259,,,,,,,,,,,,,,
The Sophs,2026-04-16 03:39 UTC,102493,,,,,,,,,,,,,,
SILICONE VALLEY,2026-04-16 03:39 UTC,31510,,,,,,,,,,,,,,
FREE JIMI,2026-04-16 03:39 UTC,55559,,,,,,,,,,,,,,
jalda,2026-04-16 03:39 UTC,28357,,,,,,,,,,,,,,
Slayyyter,2026-04-16 03:39 UTC,2970956,,,,,,,,,,,,,,
Wtm Solid,2026-04-16 03:39 UTC,10867,,,,,,,,,,,,,,
Les Imprimés,2026-04-16 03:39 UTC,126232,,,,,,,,,,,,,,
dóttir.x,2026-04-16 03:39 UTC,49359,,,,,,,,,,,,,,
Molly Hammar,2026-04-16 03:39 UTC,343971,,,,,,,,,,,,,,
Frost Children,2026-04-16 03:39 UTC,557775,,,,,,,,,,,,,,
diamond*,2026-04-16 03:39 UTC,226048,,,,,,,,,,,,,,
JussGigi,2026-04-16 03:39 UTC,0,,,,,,,,,,,,,,
EL DEMOON,2026-04-16 03:39 UTC,14338,,,,,,,,,,,,,,
ROIROM,2026-04-16 03:39 UTC,45763,,,,,,,,,,,,,,
Karly Bowman,2026-04-16 03:39 UTC,102512,,,,,,,,,,,,,,
Luke Armstrong,2026-04-16 03:39 UTC,0,,,,,,,,,,,,,,
G3B,2026-04-16 03:39 UTC,74717,,,,,,,,,,,,,,
Ninety,2026-04-16 03:39 UTC,141392,,,,,,,,,,,,,,
$t3PPA,2026-04-16 14:26 UTC,115998,,,,,,,,,,,,,,
00pium!*,2026-04-16 14:26 UTC,162,,,,,,,,,,,,,,
13dge,2026-04-16 14:26 UTC,4069,,,,,,,,,,,,,,
A2ANTI,2026-04-16 14:26 UTC,1630336,,,,,,,,,,,,,,
Addison Dean,2026-04-16 14:26 UTC,4752,,,,,,,,,,,,,,
Aiyana-Lee,2026-04-16 14:26 UTC,1110145,,,,,,,,,,,,,,
Andre Troutman,2026-04-16 14:26 UTC,8998162,,,,,,,,,,,,,,
Angine de Poitrine,2026-04-16 14:26 UTC,2113194,,,,,,,,,,,,,,
Anysia Kim,2026-04-16 14:26 UTC,177807,,,,,,,,,,,,,,
AQUAFINNA,2026-04-16 14:26 UTC,19500,,,,,,,,,,,,,,
Avery Cochrane,2026-04-16 14:26 UTC,554107,,,,,,,,,,,,,,
Banjaare,2026-04-16 14:26 UTC,16491204,,,,,,,,,,,,,,
billi0n,2026-04-16 14:26 UTC,46675,,,,,,,,,,,,,,
Billy Fuller,2026-04-16 14:26 UTC,18613,,,,,,,,,,,,,,
Bryan Countach,2026-04-16 14:26 UTC,250458,,,,,,,,,,,,,,
Canyon,2026-04-16 14:26 UTC,48165,,,,,,,,,,,,,,
Carter Faith,2026-04-16 14:26 UTC,1736901,,,,,,,,,,,,,,
Che,2026-04-16 14:26 UTC,1246420,,,,,,,,,,,,,,
Corridos del Rey,2026-04-16 14:26 UTC,1169821,,,,,,,,,,,,,,
Crystalo,2026-04-16 14:26 UTC,516883,,,,,,,,,,,,,,
Da Future,2026-04-16 14:26 UTC,4608541,,,,,,,,,,,,,,
Dale Move,2026-04-16 14:26 UTC,230266,,,,,,,,,,,,,,
Daniel Žižka,2026-04-16 14:26 UTC,140734,,,,,,,,,,,,,,
Dante,2026-04-16 14:26 UTC,475770,,,,,,,,,,,,,,
Dean Turnley,2026-04-16 14:26 UTC,1549207,,,,,,,,,,,,,,
Delta Ash,2026-04-16 14:26 UTC,475089,,,,,,,,,,,,,,
Dexter and The Moonrocks,2026-04-16 14:26 UTC,4075630,,,,,,,,,,,,,,
DJ Unzensiert,2026-04-16 14:26 UTC,1559270,,,,,,,,,,,,,,
Donda,2026-04-16 14:26 UTC,2209733,,,,,,,,,,,,,,
Dubioza Kolektive,2026-04-16 14:26 UTC,536175,,,,,,,,,,,,,,
dunderjeppe,2026-04-16 14:26 UTC,31060,,,,,,,,,,,,,,
Duskydemise archive,2026-04-16 14:26 UTC,324244,,,,,,,,,,,,,,
Duygu Edis,2026-04-16 14:26 UTC,2759524,,,,,,,,,,,,,,
dyingoutlay,2026-04-16 14:26 UTC,160,,,,,,,,,,,,,,
earfzilla,2026-04-16 14:26 UTC,9661,,,,,,,,,,,,,,
EMEI,2026-04-16 14:26 UTC,1783713,,,,,,,,,,,,,,
Emelie Trahan,2026-04-16 14:26 UTC,96128,,,,,,,,,,,,,,
EMJIE,2026-04-16 14:26 UTC,203330,,,,,,,,,,,,,,
F3miii,2026-04-16 14:26 UTC,2466086,,,,,,,,,,,,,,
Fcukers,2026-04-16 14:26 UTC,2184433,,,,,,,,,,,,,,
FIFA Sound,2026-04-16 14:26 UTC,2665508,,,,,,,,,,,,,,
FLO,2026-04-16 14:26 UTC,3799524,,,,,,,,,,,,,,
Franky Rizardo,2026-04-16 14:26 UTC,2795854,,,,,,,,,,,,,,
Girl Scout,2026-04-16 14:26 UTC,297403,,,,,,,,,,,,,,
girl_irl,2026-04-16 14:26 UTC,159742,,,,,,,,,,,,,,
girlsweetvoiced,2026-04-16 14:26 UTC,823291,,,,,,,,,,,,,,
gnawvs,2026-04-16 14:26 UTC,1973,,,,,,,,,,,,,,
Godtripper,2026-04-16 14:26 UTC,234032,,,,,,,,,,,,,,
Grupo Primer Grado,2026-04-16 14:26 UTC,2749144,,,,,,,,,,,,,,
Harrd Luck,2026-04-16 14:26 UTC,187588,,,,,,,,,,,,,,
Indeevar,2026-04-16 14:26 UTC,2712614,,,,,,,,,,,,,,
Indigo De Souza,2026-04-16 14:26 UTC,1689514,,,,,,,,,,,,,,
Infinity Song,2026-04-16 14:26 UTC,679648,,,,,,,,,,,,,,
isa in eutopia,2026-04-16 14:26 UTC,27801,,,,,,,,,,,,,,
Jackson Dean,2026-04-16 14:26 UTC,2054438,,,,,,,,,,,,,,
Jadasea,2026-04-16 14:26 UTC,166097,,,,,,,,,,,,,,
Jenny Baker,2026-04-16 14:26 UTC,116964,,,,,,,,,,,,,,
Joey Cash,2026-04-16 14:26 UTC,384206,,,,,,,,,,,,,,
Joy Rhodes,2026-04-16 14:26 UTC,421119,,,,,,,,,,,,,,
Julie Williams,2026-04-16 14:26 UTC,77465,,,,,,,,,,,,,,
JULIETT,2026-04-16 14:26 UTC,366207,,,,,,,,,,,,,,
Khaled,2026-04-16 14:26 UTC,2531769,,,,,,,,,,,,,,
Khan Saab,2026-04-16 14:26 UTC,12677463,,,,,,,,,,,,,,
King Kylie,2026-04-16 14:26 UTC,2460207,,,,,,,,,,,,,,
Koilwood,2026-04-16 14:26 UTC,40277,,,,,,,,,,,,,,
KUČKA,2026-04-16 14:26 UTC,1057802,,,,,,,,,,,,,,
Kurdi Klymax,2026-04-16 14:26 UTC,15322,,,,,,,,,,,,,,
Lamb,2026-04-16 14:26 UTC,395185,,,,,,,,,,,,,,
ledysek,2026-04-16 14:26 UTC,16039,,,,,,,,,,,,,,
Leni Woess,2026-04-16 14:26 UTC,911760,,,,,,,,,,,,,,
Lerado Khalil,2026-04-16 14:26 UTC,97085,,,,,,,,,,,,,,
Lightris,2026-04-16 14:26 UTC,794665,,,,,,,,,,,,,,
M!LK,2026-04-16 14:26 UTC,2616817,,,,,,,,,,,,,,
M4IA,2026-04-16 14:26 UTC,235275,,,,,,,,,,,,,,
MAGIC SOUND WOLF,2026-04-16 14:26 UTC,484342,,,,,,,,,,,,,,
Malcolm Todd,2026-04-16 14:26 UTC,19933633,,,,,,,,,,,,,,
Maphra,2026-04-16 14:26 UTC,1338669,,,,,,,,,,,,,,
marquitos,2026-04-16 14:26 UTC,904724,,,,,,,,,,,,,,
Maviler,2026-04-16 14:26 UTC,1089613,,,,,,,,,,,,,,
Maya Engen,2026-04-16 14:26 UTC,75095,,,,,,,,,,,,,,
Mietze Conte,2026-04-16 14:26 UTC,419291,,,,,,,,,,,,,,
Mijabella Marie,2026-04-16 14:26 UTC,20682,,,,,,,,,,,,,,
MIKE,2026-04-16 14:26 UTC,900060,,,,,,,,,,,,,,
Momo Boyd,2026-04-16 14:26 UTC,2973170,,,,,,,,,,,,,,
Mr Dutt,2026-04-16 14:26 UTC,2046508,,,,,,,,,,,,,,
Nickatnite,2026-04-16 14:26 UTC,12947,,,,,,,,,,,,,,
Nine Vicious,2026-04-16 14:26 UTC,1182486,,,,,,,,,,,,,,
nocashfromparents,2026-04-16 14:26 UTC,806077,,,,,,,,,,,,,,
North West,2026-04-16 14:26 UTC,604978,,,,,,,,,,,,,,
NPD,2026-04-16 14:26 UTC,1438481,,,,,,,,,,,,,,
OK Alva,2026-04-16 14:26 UTC,6267,,,,,,,,,,,,,,
osa,2026-04-16 14:26 UTC,76283,,,,,,,,,,,,,,
Pz',2026-04-16 14:26 UTC,308027,,,,,,,,,,,,,,
Reble,2026-04-16 14:26 UTC,13456644,,,,,,,,,,,,,,
Rocket Reese,2026-04-16 14:26 UTC,120823,,,,,,,,,,,,,,
S1RENA,2026-04-16 14:26 UTC,177630,,,,,,,,,,,,,,
Sara Landry,2026-04-16 14:26 UTC,1266476,,,,,,,,,,,,,,
Selim61,2026-04-16 14:26 UTC,1110823,,,,,,,,,,,,,,
Sematary,2026-04-16 14:26 UTC,829016,,,,,,,,,,,,,,
Slayr,2026-04-16 14:26 UTC,1187878,,,,,,,,,,,,,,
Slim Jxmmy,2026-04-16 14:26 UTC,36969,,,,,,,,,,,,,,
Sons of Yusuf,2026-04-16 14:26 UTC,1956130,,,,,,,,,,,,,,
Sreemani,2026-04-16 14:26 UTC,1985454,,,,,,,,,,,,,,
STELLA LEFTY,2026-04-16 14:26 UTC,4520426,,,,,,,,,,,,,,
STEREO,2026-04-16 14:26 UTC,1753672,,,,,,,,,,,,,,
Stopthis,2026-04-16 14:26 UTC,58059,,,,,,,,,,,,,,
Summrs,2026-04-16 14:26 UTC,1356280,,,,,,,,,,,,,,
SURF GANG,2026-04-16 14:26 UTC,742570,,,,,,,,,,,,,,
Sven Yamaha,2026-04-16 14:26 UTC,11975,,,,,,,,,,,,,,
Swizz Beatz,2026-04-16 14:26 UTC,1226930,,,,,,,,,,,,,,
T.O.P,2026-04-16 14:26 UTC,1322758,,,,,,,,,,,,,,
Tabi Gervis,2026-04-16 14:26 UTC,21099,,,,,,,,,,,,,,
Temper City,2026-04-16 14:26 UTC,6897139,,,,,,,,,,,,,,
The Long Faces,2026-04-16 14:26 UTC,3509323,,,,,,,,,,,,,,
The Twins,2026-04-16 14:26 UTC,72831,,,,,,,,,,,,,,
Tiffany Day,2026-04-16 14:26 UTC,1138857,,,,,,,,,,,,,,
Tiffany Hudson,2026-04-16 14:26 UTC,1743866,,,,,,,,,,,,,,
Tom Did It,2026-04-16 14:26 UTC,1253523,,,,,,,,,,,,,,
Tom Right,2026-04-16 14:26 UTC,934375,,,,,,,,,,,,,,
Trim,2026-04-16 14:26 UTC,2103032,,,,,,,,,,,,,,
Tsatsamis,2026-04-16 14:26 UTC,207417,,,,,,,,,,,,,,
twentythree,2026-04-16 14:26 UTC,1378490,,,,,,,,,,,,,,
TXKUMOON,2026-04-16 14:26 UTC,683078,,,,,,,,,,,,,,
Ullah,2026-04-16 14:26 UTC,83808,,,,,,,,,,,,,,
untiljapan,2026-04-16 14:26 UTC,233034,,,,,,,,,,,,,,
Vaibhav Gupta,2026-04-16 14:26 UTC,2802330,,,,,,,,,,,,,,
Valter Nilsson,2026-04-16 14:26 UTC,223198,,,,,,,,,,,,,,
Warren Roob,2026-04-16 14:26 UTC,831331,,,,,,,,,,,,,,
Will Sass,2026-04-16 14:26 UTC,832726,,,,,,,,,,,,,,
xo,2026-04-16 14:26 UTC,35331,,,,,,,,,,,,,,
YBRE,2026-04-16 14:26 UTC,1080522,,,,,,,,,,,,,,
Ye,2026-04-16 14:26 UTC,17786157,,,,,,,,,,,,,,
Yonusa,2026-04-16 14:26 UTC,269784,,,,,,,,,,,,,,
YUNA,2026-04-16 14:26 UTC,1220948,,,,,,,,,,,,,,
Zycan,2026-04-16 14:26 UTC,2135432,,,,,,,,,,,,,,
Canada Soccer,2026-04-16 14:26 UTC,282953,,,,,,,,,,,,,,
H. Hawkline,2026-04-16 14:26 UTC,131995,,,,,,,,,,,,,,
Rian Brazil,2026-04-16 14:26 UTC,38395,,,,,,,,,,,,,,
My New Band Believe,2026-04-16 14:26 UTC,201113,,,,,,,,,,,,,,
Baby Crash,2026-04-16 14:26 UTC,0,,,,,,,,,,,,,,
Street Fever,2026-04-16 14:26 UTC,142316,,,,,,,,,,,,,,
Lori Perri,2026-04-16 14:26 UTC,332,,,,,,,,,,,,,,
DJ B7 o Piranhão,2026-04-16 14:26 UTC,1243233,,,,,,,,,,,,,,
shonci,2026-04-16 14:26 UTC,3155864,,,,,,,,,,,,,,
OKI,2026-04-16 14:26 UTC,2296164,,,,,,,,,,,,,,
Juju,2026-04-16 14:26 UTC,2545026,,,,,,,,,,,,,,
Diana Pilquist,2026-04-16 14:26 UTC,1171,,,,,,,,,,,,,,
Sa!koro,2026-04-16 14:26 UTC,72621,,,,,,,,,,,,,,
Cap1talA,2026-04-16 14:26 UTC,180399,,,,,,,,,,,,,,
JADA,2026-04-16 14:26 UTC,21671,,,,,,,,,,,,,,
1 Umbrella,2026-04-16 14:26 UTC,188367,,,,,,,,,,,,,,
Mumu Fresh,2026-04-16 14:26 UTC,33268,,,,,,,,,,,,,,
Madeléne,2026-04-16 14:26 UTC,393198,,,,,,,,,,,,,,
Yuyu19,2026-04-16 14:26 UTC,990639,,,,,,,,,,,,,,
Yaeger,2026-04-16 14:26 UTC,267209,,,,,,,,,,,,,,
Olof Dreijer,2026-04-16 14:26 UTC,68820,,,,,,,,,,,,,,
Boi-1da,2026-04-16 14:26 UTC,436787,,,,,,,,,,,,,,
BossMan Pac,2026-04-16 14:26 UTC,103223,,,,,,,,,,,,,,
Merry Lamb Lamb,2026-04-16 14:26 UTC,17440,,,,,,,,,,,,,,
318dman,2026-04-16 14:26 UTC,72007,,,,,,,,,,,,,,
The Sophs,2026-04-16 14:26 UTC,97229,,,,,,,,,,,,,,
SILICONE VALLEY,2026-04-16 14:26 UTC,31438,,,,,,,,,,,,,,
FREE JIMI,2026-04-16 14:26 UTC,55948,,,,,,,,,,,,,,
jalda,2026-04-16 14:26 UTC,30699,,,,,,,,,,,,,,
Slayyyter,2026-04-16 14:26 UTC,3011761,,,,,,,,,,,,,,
Wtm Solid,2026-04-16 14:26 UTC,11049,,,,,,,,,,,,,,
Les Imprimés,2026-04-16 14:26 UTC,129505,,,,,,,,,,,,,,
dóttir.x,2026-04-16 14:26 UTC,52595,,,,,,,,,,,,,,
Molly Hammar,2026-04-16 14:26 UTC,345919,,,,,,,,,,,,,,
Frost Children,2026-04-16 14:26 UTC,556352,,,,,,,,,,,,,,
diamond*,2026-04-16 14:26 UTC,228243,,,,,,,,,,,,,,
JussGigi,2026-04-16 14:26 UTC,0,,,,,,,,,,,,,,
EL DEMOON,2026-04-16 14:26 UTC,15947,,,,,,,,,,,,,,
ROIROM,2026-04-16 14:26 UTC,46407,,,,,,,,,,,,,,
Karly Bowman,2026-04-16 14:26 UTC,103395,,,,,,,,,,,,,,
Luke Armstrong,2026-04-16 14:26 UTC,318,,,,,,,,,,,,,,
G3B,2026-04-16 14:26 UTC,83929,,,,,,,,,,,,,,
Ninety,2026-04-16 14:26 UTC,141532,,,,,,,,,,,,,,
$t3PPA,2026-04-17 00:01 UTC,115998,,,,,,,,,,,,,,
00pium!*,2026-04-17 00:01 UTC,162,,,,,,,,,,,,,,
13dge,2026-04-17 00:01 UTC,4069,,,,,,,,,,,,,,
A2ANTI,2026-04-17 00:01 UTC,1630336,,,,,,,,,,,,,,
Addison Dean,2026-04-17 00:01 UTC,4752,,,,,,,,,,,,,,
Aiyana-Lee,2026-04-17 00:01 UTC,1110145,,,,,,,,,,,,,,
Andre Troutman,2026-04-17 00:01 UTC,8998162,,,,,,,,,,,,,,
Angine de Poitrine,2026-04-17 00:01 UTC,2113194,,,,,,,,,,,,,,
Anysia Kim,2026-04-17 00:01 UTC,177807,,,,,,,,,,,,,,
AQUAFINNA,2026-04-17 00:01 UTC,19500,,,,,,,,,,,,,,
Avery Cochrane,2026-04-17 00:01 UTC,554107,,,,,,,,,,,,,,
Banjaare,2026-04-17 00:01 UTC,16491204,,,,,,,,,,,,,,
billi0n,2026-04-17 00:01 UTC,46675,,,,,,,,,,,,,,
Billy Fuller,2026-04-17 00:01 UTC,18613,,,,,,,,,,,,,,
Bryan Countach,2026-04-17 00:01 UTC,250458,,,,,,,,,,,,,,
Canyon,2026-04-17 00:01 UTC,48165,,,,,,,,,,,,,,
Carter Faith,2026-04-17 00:01 UTC,1736901,,,,,,,,,,,,,,
Che,2026-04-17 00:01 UTC,1246420,,,,,,,,,,,,,,
Corridos del Rey,2026-04-17 00:01 UTC,1169821,,,,,,,,,,,,,,
Crystalo,2026-04-17 00:01 UTC,516883,,,,,,,,,,,,,,
Da Future,2026-04-17 00:01 UTC,4608541,,,,,,,,,,,,,,
Dale Move,2026-04-17 00:01 UTC,230266,,,,,,,,,,,,,,
Daniel Žižka,2026-04-17 00:01 UTC,140734,,,,,,,,,,,,,,
Dante,2026-04-17 00:01 UTC,475770,,,,,,,,,,,,,,
Dean Turnley,2026-04-17 00:01 UTC,1549207,,,,,,,,,,,,,,
Delta Ash,2026-04-17 00:01 UTC,475089,,,,,,,,,,,,,,
Dexter and The Moonrocks,2026-04-17 00:01 UTC,4075630,,,,,,,,,,,,,,
DJ Unzensiert,2026-04-17 00:01 UTC,1559270,,,,,,,,,,,,,,
Donda,2026-04-17 00:01 UTC,2209733,,,,,,,,,,,,,,
Dubioza Kolektive,2026-04-17 00:01 UTC,536175,,,,,,,,,,,,,,
dunderjeppe,2026-04-17 00:01 UTC,31060,,,,,,,,,,,,,,
Duskydemise archive,2026-04-17 00:01 UTC,324244,,,,,,,,,,,,,,
Duygu Edis,2026-04-17 00:01 UTC,2759524,,,,,,,,,,,,,,
dyingoutlay,2026-04-17 00:01 UTC,160,,,,,,,,,,,,,,
earfzilla,2026-04-17 00:01 UTC,9661,,,,,,,,,,,,,,
EMEI,2026-04-17 00:01 UTC,1783713,,,,,,,,,,,,,,
Emelie Trahan,2026-04-17 00:01 UTC,96128,,,,,,,,,,,,,,
EMJIE,2026-04-17 00:01 UTC,203330,,,,,,,,,,,,,,
F3miii,2026-04-17 00:01 UTC,2466086,,,,,,,,,,,,,,
Fcukers,2026-04-17 00:01 UTC,2184433,,,,,,,,,,,,,,
FIFA Sound,2026-04-17 00:01 UTC,2665508,,,,,,,,,,,,,,
FLO,2026-04-17 00:01 UTC,3799524,,,,,,,,,,,,,,
Franky Rizardo,2026-04-17 00:01 UTC,2795854,,,,,,,,,,,,,,
Girl Scout,2026-04-17 00:01 UTC,297403,,,,,,,,,,,,,,
girl_irl,2026-04-17 00:01 UTC,159742,,,,,,,,,,,,,,
girlsweetvoiced,2026-04-17 00:01 UTC,823291,,,,,,,,,,,,,,
gnawvs,2026-04-17 00:01 UTC,1973,,,,,,,,,,,,,,
Godtripper,2026-04-17 00:01 UTC,234032,,,,,,,,,,,,,,
Grupo Primer Grado,2026-04-17 00:01 UTC,2749144,,,,,,,,,,,,,,
Harrd Luck,2026-04-17 00:01 UTC,187588,,,,,,,,,,,,,,
Indeevar,2026-04-17 00:01 UTC,2712614,,,,,,,,,,,,,,
Indigo De Souza,2026-04-17 00:01 UTC,1689514,,,,,,,,,,,,,,
Infinity Song,2026-04-17 00:01 UTC,679648,,,,,,,,,,,,,,
isa in eutopia,2026-04-17 00:01 UTC,27801,,,,,,,,,,,,,,
Jackson Dean,2026-04-17 00:01 UTC,2054438,,,,,,,,,,,,,,
Jadasea,2026-04-17 00:01 UTC,166097,,,,,,,,,,,,,,
Jenny Baker,2026-04-17 00:01 UTC,116964,,,,,,,,,,,,,,
Joey Cash,2026-04-17 00:01 UTC,384206,,,,,,,,,,,,,,
Joy Rhodes,2026-04-17 00:01 UTC,421119,,,,,,,,,,,,,,
Julie Williams,2026-04-17 00:01 UTC,77465,,,,,,,,,,,,,,
JULIETT,2026-04-17 00:01 UTC,366207,,,,,,,,,,,,,,
Khaled,2026-04-17 00:01 UTC,2531769,,,,,,,,,,,,,,
Khan Saab,2026-04-17 00:01 UTC,12677463,,,,,,,,,,,,,,
King Kylie,2026-04-17 00:01 UTC,2460207,,,,,,,,,,,,,,
Koilwood,2026-04-17 00:01 UTC,40277,,,,,,,,,,,,,,
KUČKA,2026-04-17 00:01 UTC,1057802,,,,,,,,,,,,,,
Kurdi Klymax,2026-04-17 00:01 UTC,15322,,,,,,,,,,,,,,
Lamb,2026-04-17 00:01 UTC,395185,,,,,,,,,,,,,,
ledysek,2026-04-17 00:01 UTC,16039,,,,,,,,,,,,,,
Leni Woess,2026-04-17 00:01 UTC,911760,,,,,,,,,,,,,,
Lerado Khalil,2026-04-17 00:01 UTC,97085,,,,,,,,,,,,,,
Lightris,2026-04-17 00:01 UTC,794665,,,,,,,,,,,,,,
M!LK,2026-04-17 00:01 UTC,2616817,,,,,,,,,,,,,,
M4IA,2026-04-17 00:01 UTC,235275,,,,,,,,,,,,,,
MAGIC SOUND WOLF,2026-04-17 00:01 UTC,484342,,,,,,,,,,,,,,
Malcolm Todd,2026-04-17 00:01 UTC,19933633,,,,,,,,,,,,,,
Maphra,2026-04-17 00:01 UTC,1338669,,,,,,,,,,,,,,
marquitos,2026-04-17 00:01 UTC,904724,,,,,,,,,,,,,,
Maviler,2026-04-17 00:01 UTC,1089613,,,,,,,,,,,,,,
Maya Engen,2026-04-17 00:01 UTC,75095,,,,,,,,,,,,,,
Mietze Conte,2026-04-17 00:01 UTC,419291,,,,,,,,,,,,,,
Mijabella Marie,2026-04-17 00:01 UTC,20682,,,,,,,,,,,,,,
MIKE,2026-04-17 00:01 UTC,900060,,,,,,,,,,,,,,
Momo Boyd,2026-04-17 00:01 UTC,2973170,,,,,,,,,,,,,,
Mr Dutt,2026-04-17 00:01 UTC,2046508,,,,,,,,,,,,,,
Nickatnite,2026-04-17 00:01 UTC,12947,,,,,,,,,,,,,,
Nine Vicious,2026-04-17 00:01 UTC,1182486,,,,,,,,,,,,,,
nocashfromparents,2026-04-17 00:01 UTC,806077,,,,,,,,,,,,,,
North West,2026-04-17 00:01 UTC,604978,,,,,,,,,,,,,,
NPD,2026-04-17 00:01 UTC,1438481,,,,,,,,,,,,,,
OK Alva,2026-04-17 00:01 UTC,6267,,,,,,,,,,,,,,
osa,2026-04-17 00:01 UTC,76283,,,,,,,,,,,,,,
Pz',2026-04-17 00:01 UTC,308027,,,,,,,,,,,,,,
Reble,2026-04-17 00:01 UTC,13456644,,,,,,,,,,,,,,
Rocket Reese,2026-04-17 00:01 UTC,120823,,,,,,,,,,,,,,
S1RENA,2026-04-17 00:01 UTC,177630,,,,,,,,,,,,,,
Sara Landry,2026-04-17 00:01 UTC,1266476,,,,,,,,,,,,,,
Selim61,2026-04-17 00:01 UTC,1110823,,,,,,,,,,,,,,
Sematary,2026-04-17 00:01 UTC,829016,,,,,,,,,,,,,,
Slayr,2026-04-17 00:01 UTC,1187878,,,,,,,,,,,,,,
Slim Jxmmy,2026-04-17 00:01 UTC,36969,,,,,,,,,,,,,,
Sons of Yusuf,2026-04-17 00:01 UTC,1956130,,,,,,,,,,,,,,
Sreemani,2026-04-17 00:01 UTC,1985454,,,,,,,,,,,,,,
STELLA LEFTY,2026-04-17 00:01 UTC,4520426,,,,,,,,,,,,,,
STEREO,2026-04-17 00:01 UTC,1753672,,,,,,,,,,,,,,
Stopthis,2026-04-17 00:01 UTC,58059,,,,,,,,,,,,,,
Summrs,2026-04-17 00:01 UTC,1356280,,,,,,,,,,,,,,
SURF GANG,2026-04-17 00:01 UTC,742570,,,,,,,,,,,,,,
Sven Yamaha,2026-04-17 00:01 UTC,11975,,,,,,,,,,,,,,
Swizz Beatz,2026-04-17 00:01 UTC,1226930,,,,,,,,,,,,,,
T.O.P,2026-04-17 00:01 UTC,1322758,,,,,,,,,,,,,,
Tabi Gervis,2026-04-17 00:01 UTC,21099,,,,,,,,,,,,,,
Temper City,2026-04-17 00:01 UTC,6897139,,,,,,,,,,,,,,
The Long Faces,2026-04-17 00:01 UTC,3509323,,,,,,,,,,,,,,
The Twins,2026-04-17 00:01 UTC,72831,,,,,,,,,,,,,,
Tiffany Day,2026-04-17 00:01 UTC,1138857,,,,,,,,,,,,,,
Tiffany Hudson,2026-04-17 00:01 UTC,1743866,,,,,,,,,,,,,,
Tom Did It,2026-04-17 00:01 UTC,1253523,,,,,,,,,,,,,,
Tom Right,2026-04-17 00:01 UTC,934375,,,,,,,,,,,,,,
Trim,2026-04-17 00:01 UTC,2103032,,,,,,,,,,,,,,
Tsatsamis,2026-04-17 00:01 UTC,207417,,,,,,,,,,,,,,
twentythree,2026-04-17 00:01 UTC,1378490,,,,,,,,,,,,,,
TXKUMOON,2026-04-17 00:01 UTC,683078,,,,,,,,,,,,,,
Ullah,2026-04-17 00:01 UTC,83808,,,,,,,,,,,,,,
untiljapan,2026-04-17 00:01 UTC,233034,,,,,,,,,,,,,,
Vaibhav Gupta,2026-04-17 00:01 UTC,2802330,,,,,,,,,,,,,,
Valter Nilsson,2026-04-17 00:01 UTC,223198,,,,,,,,,,,,,,
Warren Roob,2026-04-17 00:01 UTC,831331,,,,,,,,,,,,,,
Will Sass,2026-04-17 00:01 UTC,832726,,,,,,,,,,,,,,
xo,2026-04-17 00:01 UTC,35331,,,,,,,,,,,,,,
YBRE,2026-04-17 00:01 UTC,1080522,,,,,,,,,,,,,,
Ye,2026-04-17 00:01 UTC,17786157,,,,,,,,,,,,,,
Yonusa,2026-04-17 00:01 UTC,269784,,,,,,,,,,,,,,
YUNA,2026-04-17 00:01 UTC,1220948,,,,,,,,,,,,,,
Zycan,2026-04-17 00:01 UTC,2135432,,,,,,,,,,,,,,
Canada Soccer,2026-04-17 00:01 UTC,282953,,,,,,,,,,,,,,
H. Hawkline,2026-04-17 00:01 UTC,131995,,,,,,,,,,,,,,
Rian Brazil,2026-04-17 00:01 UTC,38395,,,,,,,,,,,,,,
My New Band Believe,2026-04-17 00:01 UTC,201113,,,,,,,,,,,,,,
Baby Crash,2026-04-17 00:01 UTC,0,,,,,,,,,,,,,,
Street Fever,2026-04-17 00:01 UTC,142316,,,,,,,,,,,,,,
Lori Perri,2026-04-17 00:01 UTC,332,,,,,,,,,,,,,,
DJ B7 o Piranhão,2026-04-17 00:01 UTC,1243233,,,,,,,,,,,,,,
shonci,2026-04-17 00:01 UTC,3155864,,,,,,,,,,,,,,
OKI,2026-04-17 00:01 UTC,2296164,,,,,,,,,,,,,,
Juju,2026-04-17 00:01 UTC,2545026,,,,,,,,,,,,,,
Diana Pilquist,2026-04-17 00:01 UTC,1171,,,,,,,,,,,,,,
Sa!koro,2026-04-17 00:01 UTC,72621,,,,,,,,,,,,,,
Cap1talA,2026-04-17 00:01 UTC,180399,,,,,,,,,,,,,,
JADA,2026-04-17 00:01 UTC,21671,,,,,,,,,,,,,,
1 Umbrella,2026-04-17 00:01 UTC,188367,,,,,,,,,,,,,,
Mumu Fresh,2026-04-17 00:01 UTC,33268,,,,,,,,,,,,,,
Madeléne,2026-04-17 00:01 UTC,393198,,,,,,,,,,,,,,
Yuyu19,2026-04-17 00:01 UTC,990639,,,,,,,,,,,,,,
Yaeger,2026-04-17 00:01 UTC,267209,,,,,,,,,,,,,,
Olof Dreijer,2026-04-17 00:01 UTC,68820,,,,,,,,,,,,,,
Boi-1da,2026-04-17 00:01 UTC,436787,,,,,,,,,,,,,,
BossMan Pac,2026-04-17 00:01 UTC,103223,,,,,,,,,,,,,,
Merry Lamb Lamb,2026-04-17 00:01 UTC,17440,,,,,,,,,,,,,,
318dman,2026-04-17 00:01 UTC,72007,,,,,,,,,,,,,,
The Sophs,2026-04-17 00:01 UTC,97229,,,,,,,,,,,,,,
SILICONE VALLEY,2026-04-17 00:01 UTC,31438,,,,,,,,,,,,,,
FREE JIMI,2026-04-17 00:01 UTC,55948,,,,,,,,,,,,,,
jalda,2026-04-17 00:01 UTC,30699,,,,,,,,,,,,,,
Slayyyter,2026-04-17 00:01 UTC,3011761,,,,,,,,,,,,,,
Wtm Solid,2026-04-17 00:01 UTC,11049,,,,,,,,,,,,,,
Les Imprimés,2026-04-17 00:01 UTC,129505,,,,,,,,,,,,,,
dóttir.x,2026-04-17 00:01 UTC,52595,,,,,,,,,,,,,,
Molly Hammar,2026-04-17 00:01 UTC,345919,,,,,,,,,,,,,,
Frost Children,2026-04-17 00:01 UTC,556352,,,,,,,,,,,,,,
diamond*,2026-04-17 00:01 UTC,228243,,,,,,,,,,,,,,
JussGigi,2026-04-17 00:01 UTC,0,,,,,,,,,,,,,,
EL DEMOON,2026-04-17 00:01 UTC,15947,,,,,,,,,,,,,,
ROIROM,2026-04-17 00:01 UTC,46407,,,,,,,,,,,,,,
Karly Bowman,2026-04-17 00:01 UTC,103395,,,,,,,,,,,,,,
Luke Armstrong,2026-04-17 00:01 UTC,318,,,,,,,,,,,,,,
G3B,2026-04-17 00:01 UTC,83929,,,,,,,,,,,,,,
Ninety,2026-04-17 00:01 UTC,141532,,,,,,,,,,,,,,
$t3PPA,2026-04-17 02:47 UTC,115998,,,,,,,,,,,,,,
00pium!*,2026-04-17 02:47 UTC,162,,,,,,,,,,,,,,
13dge,2026-04-17 02:47 UTC,4069,,,,,,,,,,,,,,
A2ANTI,2026-04-17 02:47 UTC,1630336,,,,,,,,,,,,,,
Addison Dean,2026-04-17 02:47 UTC,4752,,,,,,,,,,,,,,
Aiyana-Lee,2026-04-17 02:47 UTC,1110145,,,,,,,,,,,,,,
Andre Troutman,2026-04-17 02:47 UTC,8998162,,,,,,,,,,,,,,
Angine de Poitrine,2026-04-17 02:47 UTC,2113194,,,,,,,,,,,,,,
Anysia Kim,2026-04-17 02:47 UTC,177807,,,,,,,,,,,,,,
AQUAFINNA,2026-04-17 02:47 UTC,19500,,,,,,,,,,,,,,
Avery Cochrane,2026-04-17 02:47 UTC,554107,,,,,,,,,,,,,,
Banjaare,2026-04-17 02:47 UTC,16491204,,,,,,,,,,,,,,
billi0n,2026-04-17 02:47 UTC,46675,,,,,,,,,,,,,,
Billy Fuller,2026-04-17 02:47 UTC,18613,,,,,,,,,,,,,,
Bryan Countach,2026-04-17 02:47 UTC,250458,,,,,,,,,,,,,,
Canyon,2026-04-17 02:47 UTC,48165,,,,,,,,,,,,,,
Carter Faith,2026-04-17 02:47 UTC,1736901,,,,,,,,,,,,,,
Che,2026-04-17 02:47 UTC,1246420,,,,,,,,,,,,,,
Corridos del Rey,2026-04-17 02:47 UTC,1169821,,,,,,,,,,,,,,
Crystalo,2026-04-17 02:47 UTC,516883,,,,,,,,,,,,,,
Da Future,2026-04-17 02:47 UTC,4608541,,,,,,,,,,,,,,
Dale Move,2026-04-17 02:47 UTC,230266,,,,,,,,,,,,,,
Daniel Žižka,2026-04-17 02:47 UTC,140734,,,,,,,,,,,,,,
Dante,2026-04-17 02:47 UTC,475770,,,,,,,,,,,,,,
Dean Turnley,2026-04-17 02:47 UTC,1549207,,,,,,,,,,,,,,
Delta Ash,2026-04-17 02:47 UTC,475089,,,,,,,,,,,,,,
Dexter and The Moonrocks,2026-04-17 02:47 UTC,4075630,,,,,,,,,,,,,,
DJ Unzensiert,2026-04-17 02:47 UTC,1559270,,,,,,,,,,,,,,
Donda,2026-04-17 02:47 UTC,2209733,,,,,,,,,,,,,,
Dubioza Kolektive,2026-04-17 02:47 UTC,536175,,,,,,,,,,,,,,
dunderjeppe,2026-04-17 02:47 UTC,31060,,,,,,,,,,,,,,
Duskydemise archive,2026-04-17 02:47 UTC,324244,,,,,,,,,,,,,,
Duygu Edis,2026-04-17 02:47 UTC,2759524,,,,,,,,,,,,,,
dyingoutlay,2026-04-17 02:47 UTC,160,,,,,,,,,,,,,,
earfzilla,2026-04-17 02:47 UTC,9661,,,,,,,,,,,,,,
EMEI,2026-04-17 02:47 UTC,1783713,,,,,,,,,,,,,,
Emelie Trahan,2026-04-17 02:47 UTC,96128,,,,,,,,,,,,,,
EMJIE,2026-04-17 02:47 UTC,203330,,,,,,,,,,,,,,
F3miii,2026-04-17 02:47 UTC,2466086,,,,,,,,,,,,,,
Fcukers,2026-04-17 02:47 UTC,2184433,,,,,,,,,,,,,,
FIFA Sound,2026-04-17 02:47 UTC,2665508,,,,,,,,,,,,,,
FLO,2026-04-17 02:47 UTC,3799524,,,,,,,,,,,,,,
Franky Rizardo,2026-04-17 02:47 UTC,2795854,,,,,,,,,,,,,,
Girl Scout,2026-04-17 02:47 UTC,297403,,,,,,,,,,,,,,
girl_irl,2026-04-17 02:47 UTC,159742,,,,,,,,,,,,,,
girlsweetvoiced,2026-04-17 02:47 UTC,823291,,,,,,,,,,,,,,
gnawvs,2026-04-17 02:47 UTC,1973,,,,,,,,,,,,,,
Godtripper,2026-04-17 02:47 UTC,234032,,,,,,,,,,,,,,
Grupo Primer Grado,2026-04-17 02:47 UTC,2749144,,,,,,,,,,,,,,
Harrd Luck,2026-04-17 02:47 UTC,187588,,,,,,,,,,,,,,
Indeevar,2026-04-17 02:47 UTC,2712614,,,,,,,,,,,,,,
Indigo De Souza,2026-04-17 02:47 UTC,1689514,,,,,,,,,,,,,,
Infinity Song,2026-04-17 02:47 UTC,679648,,,,,,,,,,,,,,
isa in eutopia,2026-04-17 02:47 UTC,27801,,,,,,,,,,,,,,
Jackson Dean,2026-04-17 02:47 UTC,2054438,,,,,,,,,,,,,,
Jadasea,2026-04-17 02:47 UTC,166097,,,,,,,,,,,,,,
Jenny Baker,2026-04-17 02:47 UTC,116964,,,,,,,,,,,,,,
Joey Cash,2026-04-17 02:47 UTC,384206,,,,,,,,,,,,,,
Joy Rhodes,2026-04-17 02:47 UTC,421119,,,,,,,,,,,,,,
Julie Williams,2026-04-17 02:47 UTC,77465,,,,,,,,,,,,,,
JULIETT,2026-04-17 02:47 UTC,366207,,,,,,,,,,,,,,
Khaled,2026-04-17 02:47 UTC,2531769,,,,,,,,,,,,,,
Khan Saab,2026-04-17 02:47 UTC,12677463,,,,,,,,,,,,,,
King Kylie,2026-04-17 02:47 UTC,2460207,,,,,,,,,,,,,,
Koilwood,2026-04-17 02:47 UTC,40277,,,,,,,,,,,,,,
KUČKA,2026-04-17 02:47 UTC,1057802,,,,,,,,,,,,,,
Kurdi Klymax,2026-04-17 02:47 UTC,15322,,,,,,,,,,,,,,
Lamb,2026-04-17 02:47 UTC,395185,,,,,,,,,,,,,,
ledysek,2026-04-17 02:47 UTC,16039,,,,,,,,,,,,,,
Leni Woess,2026-04-17 02:47 UTC,911760,,,,,,,,,,,,,,
Lerado Khalil,2026-04-17 02:47 UTC,97085,,,,,,,,,,,,,,
Lightris,2026-04-17 02:47 UTC,794665,,,,,,,,,,,,,,
M!LK,2026-04-17 02:47 UTC,2616817,,,,,,,,,,,,,,
M4IA,2026-04-17 02:47 UTC,235275,,,,,,,,,,,,,,
MAGIC SOUND WOLF,2026-04-17 02:47 UTC,484342,,,,,,,,,,,,,,
Malcolm Todd,2026-04-17 02:47 UTC,19933633,,,,,,,,,,,,,,
Maphra,2026-04-17 02:47 UTC,1338669,,,,,,,,,,,,,,
marquitos,2026-04-17 02:47 UTC,904724,,,,,,,,,,,,,,
Maviler,2026-04-17 02:47 UTC,1089613,,,,,,,,,,,,,,
Maya Engen,2026-04-17 02:47 UTC,75095,,,,,,,,,,,,,,
Mietze Conte,2026-04-17 02:47 UTC,419291,,,,,,,,,,,,,,
Mijabella Marie,2026-04-17 02:47 UTC,20682,,,,,,,,,,,,,,
MIKE,2026-04-17 02:47 UTC,900060,,,,,,,,,,,,,,
Momo Boyd,2026-04-17 02:47 UTC,2973170,,,,,,,,,,,,,,
Mr Dutt,2026-04-17 02:47 UTC,2046508,,,,,,,,,,,,,,
Nickatnite,2026-04-17 02:47 UTC,12947,,,,,,,,,,,,,,
Nine Vicious,2026-04-17 02:47 UTC,1182486,,,,,,,,,,,,,,
nocashfromparents,2026-04-17 02:47 UTC,806077,,,,,,,,,,,,,,
North West,2026-04-17 02:47 UTC,604978,,,,,,,,,,,,,,
NPD,2026-04-17 02:47 UTC,1438481,,,,,,,,,,,,,,
OK Alva,2026-04-17 02:47 UTC,6267,,,,,,,,,,,,,,
osa,2026-04-17 02:47 UTC,76283,,,,,,,,,,,,,,
Pz',2026-04-17 02:47 UTC,308027,,,,,,,,,,,,,,
Reble,2026-04-17 02:47 UTC,13456644,,,,,,,,,,,,,,
Rocket Reese,2026-04-17 02:47 UTC,120823,,,,,,,,,,,,,,
S1RENA,2026-04-17 02:47 UTC,177630,,,,,,,,,,,,,,
Sara Landry,2026-04-17 02:47 UTC,1266476,,,,,,,,,,,,,,
Selim61,2026-04-17 02:47 UTC,1110823,,,,,,,,,,,,,,
Sematary,2026-04-17 02:47 UTC,829016,,,,,,,,,,,,,,
Slayr,2026-04-17 02:47 UTC,1187878,,,,,,,,,,,,,,
Slim Jxmmy,2026-04-17 02:47 UTC,36969,,,,,,,,,,,,,,
Sons of Yusuf,2026-04-17 02:47 UTC,1956130,,,,,,,,,,,,,,
Sreemani,2026-04-17 02:47 UTC,1985454,,,,,,,,,,,,,,
STELLA LEFTY,2026-04-17 02:47 UTC,4520426,,,,,,,,,,,,,,
STEREO,2026-04-17 02:47 UTC,1753672,,,,,,,,,,,,,,
Stopthis,2026-04-17 02:47 UTC,58059,,,,,,,,,,,,,,
Summrs,2026-04-17 02:47 UTC,1356280,,,,,,,,,,,,,,
SURF GANG,2026-04-17 02:47 UTC,742570,,,,,,,,,,,,,,
Sven Yamaha,2026-04-17 02:47 UTC,11975,,,,,,,,,,,,,,
Swizz Beatz,2026-04-17 02:47 UTC,1226930,,,,,,,,,,,,,,
T.O.P,2026-04-17 02:47 UTC,1322758,,,,,,,,,,,,,,
Tabi Gervis,2026-04-17 02:47 UTC,21099,,,,,,,,,,,,,,
Temper City,2026-04-17 02:47 UTC,6897139,,,,,,,,,,,,,,
The Long Faces,2026-04-17 02:47 UTC,3509323,,,,,,,,,,,,,,
The Twins,2026-04-17 02:47 UTC,72831,,,,,,,,,,,,,,
Tiffany Day,2026-04-17 02:47 UTC,1138857,,,,,,,,,,,,,,
Tiffany Hudson,2026-04-17 02:47 UTC,1743866,,,,,,,,,,,,,,
Tom Did It,2026-04-17 02:47 UTC,1253523,,,,,,,,,,,,,,
Tom Right,2026-04-17 02:47 UTC,934375,,,,,,,,,,,,,,
Trim,2026-04-17 02:47 UTC,2103032,,,,,,,,,,,,,,
Tsatsamis,2026-04-17 02:47 UTC,207417,,,,,,,,,,,,,,
twentythree,2026-04-17 02:47 UTC,1378490,,,,,,,,,,,,,,
TXKUMOON,2026-04-17 02:47 UTC,683078,,,,,,,,,,,,,,
Ullah,2026-04-17 02:47 UTC,83808,,,,,,,,,,,,,,
untiljapan,2026-04-17 02:47 UTC,233034,,,,,,,,,,,,,,
Vaibhav Gupta,2026-04-17 02:47 UTC,2802330,,,,,,,,,,,,,,
Valter Nilsson,2026-04-17 02:47 UTC,223198,,,,,,,,,,,,,,
Warren Roob,2026-04-17 02:47 UTC,831331,,,,,,,,,,,,,,
Will Sass,2026-04-17 02:47 UTC,832726,,,,,,,,,,,,,,
xo,2026-04-17 02:47 UTC,35331,,,,,,,,,,,,,,
YBRE,2026-04-17 02:47 UTC,1080522,,,,,,,,,,,,,,
Ye,2026-04-17 02:47 UTC,17786157,,,,,,,,,,,,,,
Yonusa,2026-04-17 02:47 UTC,269784,,,,,,,,,,,,,,
YUNA,2026-04-17 02:47 UTC,1220948,,,,,,,,,,,,,,
Zycan,2026-04-17 02:47 UTC,2135432,,,,,,,,,,,,,,
Canada Soccer,2026-04-17 02:47 UTC,282953,,,,,,,,,,,,,,
H. Hawkline,2026-04-17 02:47 UTC,131995,,,,,,,,,,,,,,
Rian Brazil,2026-04-17 02:47 UTC,38395,,,,,,,,,,,,,,
My New Band Believe,2026-04-17 02:47 UTC,201113,,,,,,,,,,,,,,
Baby Crash,2026-04-17 02:47 UTC,0,,,,,,,,,,,,,,
Street Fever,2026-04-17 02:47 UTC,142316,,,,,,,,,,,,,,
Lori Perri,2026-04-17 02:47 UTC,332,,,,,,,,,,,,,,
DJ B7 o Piranhão,2026-04-17 02:47 UTC,1243233,,,,,,,,,,,,,,
shonci,2026-04-17 02:47 UTC,3155864,,,,,,,,,,,,,,
OKI,2026-04-17 02:47 UTC,2296164,,,,,,,,,,,,,,
Juju,2026-04-17 02:47 UTC,2545026,,,,,,,,,,,,,,
Diana Pilquist,2026-04-17 02:47 UTC,1171,,,,,,,,,,,,,,
Sa!koro,2026-04-17 02:47 UTC,72621,,,,,,,,,,,,,,
Cap1talA,2026-04-17 02:47 UTC,180399,,,,,,,,,,,,,,
JADA,2026-04-17 02:47 UTC,21671,,,,,,,,,,,,,,
1 Umbrella,2026-04-17 02:47 UTC,188367,,,,,,,,,,,,,,
Mumu Fresh,2026-04-17 02:47 UTC,33268,,,,,,,,,,,,,,
Madeléne,2026-04-17 02:47 UTC,393198,,,,,,,,,,,,,,
Yuyu19,2026-04-17 02:47 UTC,990639,,,,,,,,,,,,,,
Yaeger,2026-04-17 02:47 UTC,267209,,,,,,,,,,,,,,
Olof Dreijer,2026-04-17 02:47 UTC,68820,,,,,,,,,,,,,,
Boi-1da,2026-04-17 02:47 UTC,436787,,,,,,,,,,,,,,
BossMan Pac,2026-04-17 02:47 UTC,103223,,,,,,,,,,,,,,
Merry Lamb Lamb,2026-04-17 02:47 UTC,17440,,,,,,,,,,,,,,
318dman,2026-04-17 02:47 UTC,72007,,,,,,,,,,,,,,
The Sophs,2026-04-17 02:47 UTC,97229,,,,,,,,,,,,,,
SILICONE VALLEY,2026-04-17 02:47 UTC,31438,,,,,,,,,,,,,,
FREE JIMI,2026-04-17 02:47 UTC,55948,,,,,,,,,,,,,,
jalda,2026-04-17 02:47 UTC,30699,,,,,,,,,,,,,,
Slayyyter,2026-04-17 02:47 UTC,3011761,,,,,,,,,,,,,,
Wtm Solid,2026-04-17 02:47 UTC,11049,,,,,,,,,,,,,,
Les Imprimés,2026-04-17 02:47 UTC,129505,,,,,,,,,,,,,,
dóttir.x,2026-04-17 02:47 UTC,52595,,,,,,,,,,,,,,
Molly Hammar,2026-04-17 02:47 UTC,345919,,,,,,,,,,,,,,
Frost Children,2026-04-17 02:47 UTC,556352,,,,,,,,,,,,,,
JussGigi,2026-04-17 02:47 UTC,0,,,,,,,,,,,,,,
EL DEMOON,2026-04-17 02:47 UTC,15947,,,,,,,,,,,,,,
ROIROM,2026-04-17 02:47 UTC,46407,,,,,,,,,,,,,,
Karly Bowman,2026-04-17 02:47 UTC,103395,,,,,,,,,,,,,,
G3B,2026-04-17 02:47 UTC,83929,,,,,,,,,,,,,,
Ninety,2026-04-17 02:47 UTC,141532,,,,,,,,,,,,,,
Annie Tracy,2026-04-17 02:47 UTC,115340,,,,,,,,,,,,,,
Dwarde,2026-04-17 02:47 UTC,9617,,,,,,,,,,,,,,
THELMA,2026-04-17 02:47 UTC,20684,,,,,,,,,,,,,,
Pocket,2026-04-17 02:47 UTC,49003,,,,,,,,,,,,,,
KINGH,2026-04-17 02:47 UTC,112116,,,,,,,,,,,,,,
Specialist Moss,2026-04-17 02:47 UTC,413450,,,,,,,,,,,,,,
Anik Khan,2026-04-17 02:47 UTC,55220,,,,,,,,,,,,,,
ERISTHEPLANET,2026-04-17 02:47 UTC,52527,,,,,,,,,,,,,,
Oxis,2026-04-17 02:47 UTC,165908,,,,,,,,,,,,,,
Olga Myko,2026-04-17 02:47 UTC,2162373,,,,,,,,,,,,,,
SPELLLING,2026-04-17 02:47 UTC,50873,,,,,,,,,,,,,,
diamond*,2026-04-17 02:47 UTC,228243,,,,,,,,,,,,,,
Tezzus,2026-04-17 02:47 UTC,224992,,,,,,,,,,,,,,
Ghostfacekush,2026-04-17 02:47 UTC,49562,,,,,,,,,,,,,,
Loui Henderson,2026-04-17 02:47 UTC,11821,,,,,,,,,,,,,,
Kala,2026-04-17 02:47 UTC,0,,,,,,,,,,,,,,
rjtheweirdo,2026-04-17 02:47 UTC,81314,,,,,,,,,,,,,,
Erk,2026-04-17 02:47 UTC,62434,,,,,,,,,,,,,,
Naod,2026-04-17 02:47 UTC,215542,,,,,,,,,,,,,,
kuru,2026-04-17 02:47 UTC,205745,,,,,,,,,,,,,,
Luke Armstrong,2026-04-17 02:47 UTC,318,,,,,,,,,,,,,,
Sunday Service Choir,2026-04-17 02:47 UTC,429047,,,,,,,,,,,,,,
Chyno Miranda,2026-04-17 02:47 UTC,1029628,,,,,,,,,,,,,,
DJ Holiday,2026-04-17 02:47 UTC,90051,,,,,,,,,,,,,,
Lil B,2026-04-17 02:47 UTC,752796,,,,,,,,,,,,,,
Druski,2026-04-17 02:47 UTC,640819,,,,,,,,,,,,,,
Welwitschia,2026-04-17 02:47 UTC,648929,,,,,,,,,,,,,,
frozz,2026-04-17 02:47 UTC,708923,,,,,,,,,,,,,,
Aksomaniac,2026-04-17 02:47 UTC,788586,,,,,,,,,,,,,,
Ghetto Beisha,2026-04-17 02:47 UTC,2402,,,,,,,,,,,,,,
Pretty Pinkk,2026-04-17 02:47 UTC,2402,,,,,,,,,,,,,,
waera,2026-04-17 02:47 UTC,256114,,,,,,,,,,,,,,
Emanazul,2026-04-17 02:47 UTC,13332,,,,,,,,,,,,,,
Iguana Death Cult,2026-04-17 02:47 UTC,61772,,,,,,,,,,,,,,
Glizzy Glow,2026-04-17 02:47 UTC,250,,,,,,,,,,,,,,
$t3PPA,2026-04-17 16:19 UTC,121006,,,,,,,,,,,,,,
00pium!*,2026-04-17 16:19 UTC,158,,,,,,,,,,,,,,
13dge,2026-04-17 16:19 UTC,4084,,,,,,,,,,,,,,
A2ANTI,2026-04-17 16:19 UTC,1646462,,,,,,,,,,,,,,
Addison Dean,2026-04-17 16:19 UTC,4987,,,,,,,,,,,,,,
Aiyana-Lee,2026-04-17 16:19 UTC,1080162,,,,,,,,,,,,,,
Andre Troutman,2026-04-17 16:19 UTC,9112149,,,,,,,,,,,,,,
Angine de Poitrine,2026-04-17 16:19 UTC,2176927,,,,,,,,,,,,,,
Anysia Kim,2026-04-17 16:19 UTC,180240,,,,,,,,,,,,,,
AQUAFINNA,2026-04-17 16:19 UTC,20038,,,,,,,,,,,,,,
Avery Cochrane,2026-04-17 16:19 UTC,555264,,,,,,,,,,,,,,
Banjaare,2026-04-17 16:19 UTC,16640470,,,,,,,,,,,,,,
billi0n,2026-04-17 16:19 UTC,47324,,,,,,,,,,,,,,
Billy Fuller,2026-04-17 16:19 UTC,18724,,,,,,,,,,,,,,
Bryan Countach,2026-04-17 16:19 UTC,254203,,,,,,,,,,,,,,
Canyon,2026-04-17 16:19 UTC,47895,,,,,,,,,,,,,,
Carter Faith,2026-04-17 16:19 UTC,1916666,,,,,,,,,,,,,,
Che,2026-04-17 16:19 UTC,1247165,,,,,,,,,,,,,,
Corridos del Rey,2026-04-17 16:19 UTC,1197986,,,,,,,,,,,,,,
Crystalo,2026-04-17 16:19 UTC,522027,,,,,,,,,,,,,,
Da Future,2026-04-17 16:19 UTC,4636773,,,,,,,,,,,,,,
Dale Move,2026-04-17 16:19 UTC,234735,,,,,,,,,,,,,,
Daniel Žižka,2026-04-17 16:19 UTC,139110,,,,,,,,,,,,,,
Dante,2026-04-17 16:19 UTC,486278,,,,,,,,,,,,,,
Dean Turnley,2026-04-17 16:19 UTC,1585417,,,,,,,,,,,,,,
Delta Ash,2026-04-17 16:19 UTC,487299,,,,,,,,,,,,,,
Dexter and The Moonrocks,2026-04-17 16:19 UTC,4205372,,,,,,,,,,,,,,
DJ Unzensiert,2026-04-17 16:19 UTC,1574662,,,,,,,,,,,,,,
Donda,2026-04-17 16:19 UTC,2233126,,,,,,,,,,,,,,
Dubioza Kolektive,2026-04-17 16:19 UTC,541863,,,,,,,,,,,,,,
dunderjeppe,2026-04-17 16:19 UTC,31447,,,,,,,,,,,,,,
Duskydemise archive,2026-04-17 16:19 UTC,334934,,,,,,,,,,,,,,
Duygu Edis,2026-04-17 16:19 UTC,2785948,,,,,,,,,,,,,,
dyingoutlay,2026-04-17 16:19 UTC,156,,,,,,,,,,,,,,
earfzilla,2026-04-17 16:19 UTC,9832,,,,,,,,,,,,,,
EMEI,2026-04-17 16:19 UTC,1809084,,,,,,,,,,,,,,
Emelie Trahan,2026-04-17 16:19 UTC,98204,,,,,,,,,,,,,,
EMJIE,2026-04-17 16:19 UTC,209835,,,,,,,,,,,,,,
F3miii,2026-04-17 16:19 UTC,2560251,,,,,,,,,,,,,,
Fcukers,2026-04-17 16:19 UTC,2193718,,,,,,,,,,,,,,
FIFA Sound,2026-04-17 16:19 UTC,2700706,,,,,,,,,,,,,,
FLO,2026-04-17 16:19 UTC,3826264,,,,,,,,,,,,,,
Franky Rizardo,2026-04-17 16:19 UTC,2820842,,,,,,,,,,,,,,
Girl Scout,2026-04-17 16:19 UTC,293744,,,,,,,,,,,,,,
girl_irl,2026-04-17 16:19 UTC,162555,,,,,,,,,,,,,,
girlsweetvoiced,2026-04-17 16:19 UTC,836390,,,,,,,,,,,,,,
gnawvs,2026-04-17 16:19 UTC,2032,,,,,,,,,,,,,,
Godtripper,2026-04-17 16:19 UTC,253960,,,,,,,,,,,,,,
Grupo Primer Grado,2026-04-17 16:19 UTC,2810953,,,,,,,,,,,,,,
Harrd Luck,2026-04-17 16:19 UTC,190177,,,,,,,,,,,,,,
Indeevar,2026-04-17 16:19 UTC,2781176,,,,,,,,,,,,,,
Indigo De Souza,2026-04-17 16:19 UTC,1688597,,,,,,,,,,,,,,
Infinity Song,2026-04-17 16:19 UTC,699420,,,,,,,,,,,,,,
isa in eutopia,2026-04-17 16:19 UTC,28458,,,,,,,,,,,,,,
Jackson Dean,2026-04-17 16:19 UTC,2047861,,,,,,,,,,,,,,
Jadasea,2026-04-17 16:19 UTC,168622,,,,,,,,,,,,,,
Jenny Baker,2026-04-17 16:19 UTC,117544,,,,,,,,,,,,,,
Joey Cash,2026-04-17 16:19 UTC,384693,,,,,,,,,,,,,,
Joy Rhodes,2026-04-17 16:19 UTC,424464,,,,,,,,,,,,,,
Julie Williams,2026-04-17 16:19 UTC,83890,,,,,,,,,,,,,,
JULIETT,2026-04-17 16:19 UTC,361062,,,,,,,,,,,,,,
Khaled,2026-04-17 16:19 UTC,2557855,,,,,,,,,,,,,,
Khan Saab,2026-04-17 16:19 UTC,12807261,,,,,,,,,,,,,,
King Kylie,2026-04-17 16:19 UTC,2477462,,,,,,,,,,,,,,
Koilwood,2026-04-17 16:19 UTC,43486,,,,,,,,,,,,,,
KUČKA,2026-04-17 16:19 UTC,1070161,,,,,,,,,,,,,,
Kurdi Klymax,2026-04-17 16:19 UTC,15614,,,,,,,,,,,,,,
Lamb,2026-04-17 16:19 UTC,394946,,,,,,,,,,,,,,
ledysek,2026-04-17 16:19 UTC,15860,,,,,,,,,,,,,,
Leni Woess,2026-04-17 16:19 UTC,913272,,,,,,,,,,,,,,
Lerado Khalil,2026-04-17 16:19 UTC,99064,,,,,,,,,,,,,,
Lightris,2026-04-17 16:19 UTC,798355,,,,,,,,,,,,,,
M!LK,2026-04-17 16:19 UTC,2607170,,,,,,,,,,,,,,
M4IA,2026-04-17 16:19 UTC,236571,,,,,,,,,,,,,,
MAGIC SOUND WOLF,2026-04-17 16:19 UTC,497458,,,,,,,,,,,,,,
Malcolm Todd,2026-04-17 16:19 UTC,20059899,,,,,,,,,,,,,,
Maphra,2026-04-17 16:19 UTC,1325689,,,,,,,,,,,,,,
marquitos,2026-04-17 16:19 UTC,912071,,,,,,,,,,,,,,
Maviler,2026-04-17 16:19 UTC,1075544,,,,,,,,,,,,,,
Maya Engen,2026-04-17 16:19 UTC,74252,,,,,,,,,,,,,,
Mietze Conte,2026-04-17 16:19 UTC,419280,,,,,,,,,,,,,,
Mijabella Marie,2026-04-17 16:19 UTC,21884,,,,,,,,,,,,,,
MIKE,2026-04-17 16:19 UTC,899914,,,,,,,,,,,,,,
Momo Boyd,2026-04-17 16:19 UTC,2894180,,,,,,,,,,,,,,
Mr Dutt,2026-04-17 16:19 UTC,2120855,,,,,,,,,,,,,,
Nickatnite,2026-04-17 16:19 UTC,13346,,,,,,,,,,,,,,
Nine Vicious,2026-04-17 16:19 UTC,1186670,,,,,,,,,,,,,,
nocashfromparents,2026-04-17 16:19 UTC,818081,,,,,,,,,,,,,,
North West,2026-04-17 16:19 UTC,605375,,,,,,,,,,,,,,
NPD,2026-04-17 16:19 UTC,1457149,,,,,,,,,,,,,,
OK Alva,2026-04-17 16:19 UTC,6369,,,,,,,,,,,,,,
osa,2026-04-17 16:19 UTC,79123,,,,,,,,,,,,,,
Pz',2026-04-17 16:19 UTC,308851,,,,,,,,,,,,,,
Reble,2026-04-17 16:19 UTC,13470351,,,,,,,,,,,,,,
Rocket Reese,2026-04-17 16:19 UTC,122248,,,,,,,,,,,,,,
S1RENA,2026-04-17 16:19 UTC,179861,,,,,,,,,,,,,,
Sara Landry,2026-04-17 16:19 UTC,1276061,,,,,,,,,,,,,,
Selim61,2026-04-17 16:19 UTC,1117163,,,,,,,,,,,,,,
Sematary,2026-04-17 16:19 UTC,833883,,,,,,,,,,,,,,
Slayr,2026-04-17 16:19 UTC,1182170,,,,,,,,,,,,,,
Slim Jxmmy,2026-04-17 16:19 UTC,36933,,,,,,,,,,,,,,
Sons of Yusuf,2026-04-17 16:19 UTC,1981353,,,,,,,,,,,,,,
Sreemani,2026-04-17 16:19 UTC,2036943,,,,,,,,,,,,,,
STELLA LEFTY,2026-04-17 16:19 UTC,4699016,,,,,,,,,,,,,,
STEREO,2026-04-17 16:19 UTC,1775766,,,,,,,,,,,,,,
Stopthis,2026-04-17 16:19 UTC,58493,,,,,,,,,,,,,,
Summrs,2026-04-17 16:19 UTC,1350473,,,,,,,,,,,,,,
SURF GANG,2026-04-17 16:19 UTC,743629,,,,,,,,,,,,,,
Sven Yamaha,2026-04-17 16:19 UTC,11948,,,,,,,,,,,,,,
Swizz Beatz,2026-04-17 16:19 UTC,1233960,,,,,,,,,,,,,,
T.O.P,2026-04-17 16:19 UTC,1383137,,,,,,,,,,,,,,
Tabi Gervis,2026-04-17 16:19 UTC,21132,,,,,,,,,,,,,,
Temper City,2026-04-17 16:19 UTC,7015791,,,,,,,,,,,,,,
The Long Faces,2026-04-17 16:19 UTC,3570972,,,,,,,,,,,,,,
The Twins,2026-04-17 16:19 UTC,72974,,,,,,,,,,,,,,
Tiffany Day,2026-04-17 16:19 UTC,1156146,,,,,,,,,,,,,,
Tiffany Hudson,2026-04-17 16:19 UTC,1745999,,,,,,,,,,,,,,
Tom Did It,2026-04-17 16:19 UTC,1280838,,,,,,,,,,,,,,
Tom Right,2026-04-17 16:19 UTC,949267,,,,,,,,,,,,,,
Trim,2026-04-17 16:19 UTC,2116890,,,,,,,,,,,,,,
Tsatsamis,2026-04-17 16:19 UTC,207261,,,,,,,,,,,,,,
twentythree,2026-04-17 16:19 UTC,1376418,,,,,,,,,,,,,,
TXKUMOON,2026-04-17 16:19 UTC,705354,,,,,,,,,,,,,,
Ullah,2026-04-17 16:19 UTC,84784,,,,,,,,,,,,,,
untiljapan,2026-04-17 16:19 UTC,231676,,,,,,,,,,,,,,
Vaibhav Gupta,2026-04-17 16:19 UTC,2800770,,,,,,,,,,,,,,
Valter Nilsson,2026-04-17 16:19 UTC,224760,,,,,,,,,,,,,,
Warren Roob,2026-04-17 16:19 UTC,836312,,,,,,,,,,,,,,
Will Sass,2026-04-17 16:19 UTC,846079,,,,,,,,,,,,,,
xo,2026-04-17 16:19 UTC,34584,,,,,,,,,,,,,,
YBRE,2026-04-17 16:19 UTC,1077133,,,,,,,,,,,,,,
Ye,2026-04-17 16:19 UTC,18037480,,,,,,,,,,,,,,
Yonusa,2026-04-17 16:19 UTC,270610,,,,,,,,,,,,,,
YUNA,2026-04-17 16:19 UTC,1252638,,,,,,,,,,,,,,
Zycan,2026-04-17 16:19 UTC,2140193,,,,,,,,,,,,,,
Canada Soccer,2026-04-17 16:19 UTC,311667,,,,,,,,,,,,,,
H. Hawkline,2026-04-17 16:19 UTC,145409,,,,,,,,,,,,,,
Rian Brazil,2026-04-17 16:19 UTC,41117,,,,,,,,,,,,,,
My New Band Believe,2026-04-17 16:19 UTC,210955,,,,,,,,,,,,,,
Baby Crash,2026-04-17 16:19 UTC,0,,,,,,,,,,,,,,
Street Fever,2026-04-17 16:19 UTC,149900,,,,,,,,,,,,,,
Lori Perri,2026-04-17 16:19 UTC,331,,,,,,,,,,,,,,
DJ B7 o Piranhão,2026-04-17 16:19 UTC,1333377,,,,,,,,,,,,,,
shonci,2026-04-17 16:19 UTC,3249911,,,,,,,,,,,,,,
OKI,2026-04-17 16:19 UTC,2320387,,,,,,,,,,,,,,
Juju,2026-04-17 16:19 UTC,2593405,,,,,,,,,,,,,,
Diana Pilquist,2026-04-17 16:19 UTC,1306,,,,,,,,,,,,,,
Sa!koro,2026-04-17 16:19 UTC,73981,,,,,,,,,,,,,,
Cap1talA,2026-04-17 16:19 UTC,190313,,,,,,,,,,,,,,
JADA,2026-04-17 16:19 UTC,22776,,,,,,,,,,,,,,
1 Umbrella,2026-04-17 16:19 UTC,196322,,,,,,,,,,,,,,
Mumu Fresh,2026-04-17 16:19 UTC,36943,,,,,,,,,,,,,,
Madeléne,2026-04-17 16:19 UTC,402016,,,,,,,,,,,,,,
Yuyu19,2026-04-17 16:19 UTC,1040801,,,,,,,,,,,,,,
Yaeger,2026-04-17 16:19 UTC,277245,,,,,,,,,,,,,,
Olof Dreijer,2026-04-17 16:19 UTC,70151,,,,,,,,,,,,,,
Boi-1da,2026-04-17 16:19 UTC,465441,,,,,,,,,,,,,,
BossMan Pac,2026-04-17 16:19 UTC,105470,,,,,,,,,,,,,,
Merry Lamb Lamb,2026-04-17 16:19 UTC,18743,,,,,,,,,,,,,,
318dman,2026-04-17 16:19 UTC,75461,,,,,,,,,,,,,,
The Sophs,2026-04-17 16:19 UTC,91967,,,,,,,,,,,,,,
SILICONE VALLEY,2026-04-17 16:19 UTC,31492,,,,,,,,,,,,,,
FREE JIMI,2026-04-17 16:19 UTC,56291,,,,,,,,,,,,,,
jalda,2026-04-17 16:19 UTC,33511,,,,,,,,,,,,,,
Slayyyter,2026-04-17 16:19 UTC,3061482,,,,,,,,,,,,,,
Wtm Solid,2026-04-17 16:19 UTC,11365,,,,,,,,,,,,,,
Les Imprimés,2026-04-17 16:19 UTC,130911,,,,,,,,,,,,,,
dóttir.x,2026-04-17 16:19 UTC,56557,,,,,,,,,,,,,,
Molly Hammar,2026-04-17 16:19 UTC,347186,,,,,,,,,,,,,,
Frost Children,2026-04-17 16:19 UTC,554922,,,,,,,,,,,,,,
JussGigi,2026-04-17 16:19 UTC,0,,,,,,,,,,,,,,
EL DEMOON,2026-04-17 16:19 UTC,17842,,,,,,,,,,,,,,
ROIROM,2026-04-17 16:19 UTC,47315,,,,,,,,,,,,,,
Karly Bowman,2026-04-17 16:19 UTC,104273,,,,,,,,,,,,,,
G3B,2026-04-17 16:19 UTC,92474,,,,,,,,,,,,,,
Ninety,2026-04-17 16:19 UTC,142143,,,,,,,,,,,,,,
Annie Tracy,2026-04-17 16:19 UTC,116245,,,,,,,,,,,,,,
Dwarde,2026-04-17 16:19 UTC,10217,,,,,,,,,,,,,,
THELMA,2026-04-17 16:19 UTC,20878,,,,,,,,,,,,,,
Pocket,2026-04-17 16:19 UTC,49048,,,,,,,,,,,,,,
KINGH,2026-04-17 16:19 UTC,110883,,,,,,,,,,,,,,
Specialist Moss,2026-04-17 16:19 UTC,413340,,,,,,,,,,,,,,
Anik Khan,2026-04-17 16:19 UTC,63873,,,,,,,,,,,,,,
ERISTHEPLANET,2026-04-17 16:19 UTC,53610,,,,,,,,,,,,,,
Oxis,2026-04-17 16:19 UTC,166907,,,,,,,,,,,,,,
Olga Myko,2026-04-17 16:19 UTC,2138215,,,,,,,,,,,,,,
SPELLLING,2026-04-17 16:19 UTC,52193,,,,,,,,,,,,,,
diamond*,2026-04-17 16:19 UTC,238674,,,,,,,,,,,,,,
Tezzus,2026-04-17 16:19 UTC,228808,,,,,,,,,,,,,,
Ghostfacekush,2026-04-17 16:19 UTC,50695,,,,,,,,,,,,,,
Loui Henderson,2026-04-17 16:19 UTC,12175,,,,,,,,,,,,,,
Kala,2026-04-17 16:19 UTC,0,,,,,,,,,,,,,,
rjtheweirdo,2026-04-17 16:19 UTC,98625,,,,,,,,,,,,,,
Erk,2026-04-17 16:19 UTC,62534,,,,,,,,,,,,,,
Naod,2026-04-17 16:19 UTC,216319,,,,,,,,,,,,,,
kuru,2026-04-17 16:19 UTC,206357,,,,,,,,,,,,,,
Luke Armstrong,2026-04-17 16:19 UTC,600,,,,,,,,,,,,,,
Sunday Service Choir,2026-04-17 16:19 UTC,429628,,,,,,,,,,,,,,
Chyno Miranda,2026-04-17 16:19 UTC,1128430,,,,,,,,,,,,,,
DJ Holiday,2026-04-17 16:19 UTC,103218,,,,,,,,,,,,,,
Lil B,2026-04-17 16:19 UTC,839303,,,,,,,,,,,,,,
Druski,2026-04-17 16:19 UTC,697811,,,,,,,,,,,,,,
Welwitschia,2026-04-17 16:19 UTC,687474,,,,,,,,,,,,,,
frozz,2026-04-17 16:19 UTC,745778,,,,,,,,,,,,,,
Aksomaniac,2026-04-17 16:19 UTC,851594,,,,,,,,,,,,,,
Ghetto Beisha,2026-04-17 16:19 UTC,8749,,,,,,,,,,,,,,
Pretty Pinkk,2026-04-17 16:19 UTC,8749,,,,,,,,,,,,,,
waera,2026-04-17 16:19 UTC,258491,,,,,,,,,,,,,,
Emanazul,2026-04-17 16:19 UTC,13399,,,,,,,,,,,,,,
Iguana Death Cult,2026-04-17 16:19 UTC,63897,,,,,,,,,,,,,,
Glizzy Glow,2026-04-17 16:19 UTC,2048,,,,,,,,,,,,,,
Naarly,2026-04-17 16:19 UTC,5048166,,,,,,,,,,,,,,
YASP,2026-04-17 16:19 UTC,15497,,,,,,,,,,,,,,
$t3PPA,2026-04-17 23:59 UTC,121006,,,,,,,,,,,,,,
00pium!*,2026-04-17 23:59 UTC,158,,,,,,,,,,,,,,
13dge,2026-04-17 23:59 UTC,4084,,,,,,,,,,,,,,
A2ANTI,2026-04-17 23:59 UTC,1646462,,,,,,,,,,,,,,
Addison Dean,2026-04-17 23:59 UTC,4987,,,,,,,,,,,,,,
Aiyana-Lee,2026-04-17 23:59 UTC,1080162,,,,,,,,,,,,,,
Andre Troutman,2026-04-17 23:59 UTC,9112149,,,,,,,,,,,,,,
Angine de Poitrine,2026-04-17 23:59 UTC,2176927,,,,,,,,,,,,,,
Anysia Kim,2026-04-17 23:59 UTC,180240,,,,,,,,,,,,,,
AQUAFINNA,2026-04-17 23:59 UTC,20038,,,,,,,,,,,,,,
Avery Cochrane,2026-04-17 23:59 UTC,555264,,,,,,,,,,,,,,
Banjaare,2026-04-17 23:59 UTC,16640470,,,,,,,,,,,,,,
billi0n,2026-04-17 23:59 UTC,47324,,,,,,,,,,,,,,
Billy Fuller,2026-04-17 23:59 UTC,18724,,,,,,,,,,,,,,
Bryan Countach,2026-04-17 23:59 UTC,254203,,,,,,,,,,,,,,
Canyon,2026-04-17 23:59 UTC,47895,,,,,,,,,,,,,,
Carter Faith,2026-04-17 23:59 UTC,1916666,,,,,,,,,,,,,,
Che,2026-04-17 23:59 UTC,1247165,,,,,,,,,,,,,,
Corridos del Rey,2026-04-17 23:59 UTC,1197986,,,,,,,,,,,,,,
Crystalo,2026-04-17 23:59 UTC,522027,,,,,,,,,,,,,,
Da Future,2026-04-17 23:59 UTC,4636773,,,,,,,,,,,,,,
Dale Move,2026-04-17 23:59 UTC,234735,,,,,,,,,,,,,,
Daniel Žižka,2026-04-17 23:59 UTC,139110,,,,,,,,,,,,,,
Dante,2026-04-17 23:59 UTC,486278,,,,,,,,,,,,,,
Dean Turnley,2026-04-17 23:59 UTC,1585417,,,,,,,,,,,,,,
Delta Ash,2026-04-17 23:59 UTC,487299,,,,,,,,,,,,,,
Dexter and The Moonrocks,2026-04-17 23:59 UTC,4205372,,,,,,,,,,,,,,
DJ Unzensiert,2026-04-17 23:59 UTC,1574662,,,,,,,,,,,,,,
Donda,2026-04-17 23:59 UTC,2233126,,,,,,,,,,,,,,
Dubioza Kolektive,2026-04-17 23:59 UTC,541863,,,,,,,,,,,,,,
dunderjeppe,2026-04-17 23:59 UTC,31447,,,,,,,,,,,,,,
Duskydemise archive,2026-04-17 23:59 UTC,334934,,,,,,,,,,,,,,
Duygu Edis,2026-04-17 23:59 UTC,2785948,,,,,,,,,,,,,,
dyingoutlay,2026-04-17 23:59 UTC,156,,,,,,,,,,,,,,
earfzilla,2026-04-17 23:59 UTC,9832,,,,,,,,,,,,,,
EMEI,2026-04-17 23:59 UTC,1809084,,,,,,,,,,,,,,
Emelie Trahan,2026-04-17 23:59 UTC,98204,,,,,,,,,,,,,,
EMJIE,2026-04-17 23:59 UTC,209835,,,,,,,,,,,,,,
F3miii,2026-04-17 23:59 UTC,2560251,,,,,,,,,,,,,,
Fcukers,2026-04-17 23:59 UTC,2193718,,,,,,,,,,,,,,
FIFA Sound,2026-04-17 23:59 UTC,2700706,,,,,,,,,,,,,,
FLO,2026-04-17 23:59 UTC,3826264,,,,,,,,,,,,,,
Franky Rizardo,2026-04-17 23:59 UTC,2820842,,,,,,,,,,,,,,
Girl Scout,2026-04-17 23:59 UTC,293744,,,,,,,,,,,,,,
girl_irl,2026-04-17 23:59 UTC,162555,,,,,,,,,,,,,,
girlsweetvoiced,2026-04-17 23:59 UTC,836390,,,,,,,,,,,,,,
gnawvs,2026-04-17 23:59 UTC,2032,,,,,,,,,,,,,,
Godtripper,2026-04-17 23:59 UTC,253960,,,,,,,,,,,,,,
Grupo Primer Grado,2026-04-17 23:59 UTC,2810953,,,,,,,,,,,,,,
Harrd Luck,2026-04-17 23:59 UTC,190177,,,,,,,,,,,,,,
Indeevar,2026-04-17 23:59 UTC,2781176,,,,,,,,,,,,,,
Indigo De Souza,2026-04-17 23:59 UTC,1688597,,,,,,,,,,,,,,
Infinity Song,2026-04-17 23:59 UTC,699420,,,,,,,,,,,,,,
isa in eutopia,2026-04-17 23:59 UTC,28458,,,,,,,,,,,,,,
Jackson Dean,2026-04-17 23:59 UTC,2047861,,,,,,,,,,,,,,
Jadasea,2026-04-17 23:59 UTC,168622,,,,,,,,,,,,,,
Jenny Baker,2026-04-17 23:59 UTC,117544,,,,,,,,,,,,,,
Joey Cash,2026-04-17 23:59 UTC,384693,,,,,,,,,,,,,,
Joy Rhodes,2026-04-17 23:59 UTC,424464,,,,,,,,,,,,,,
Julie Williams,2026-04-17 23:59 UTC,83890,,,,,,,,,,,,,,
JULIETT,2026-04-17 23:59 UTC,361062,,,,,,,,,,,,,,
Khaled,2026-04-17 23:59 UTC,2557855,,,,,,,,,,,,,,
Khan Saab,2026-04-17 23:59 UTC,12807261,,,,,,,,,,,,,,
King Kylie,2026-04-17 23:59 UTC,2477462,,,,,,,,,,,,,,
Koilwood,2026-04-17 23:59 UTC,43486,,,,,,,,,,,,,,
KUČKA,2026-04-17 23:59 UTC,1070161,,,,,,,,,,,,,,
Kurdi Klymax,2026-04-17 23:59 UTC,15614,,,,,,,,,,,,,,
Lamb,2026-04-17 23:59 UTC,394946,,,,,,,,,,,,,,
ledysek,2026-04-17 23:59 UTC,15860,,,,,,,,,,,,,,
Leni Woess,2026-04-17 23:59 UTC,913272,,,,,,,,,,,,,,
Lerado Khalil,2026-04-17 23:59 UTC,99064,,,,,,,,,,,,,,
Lightris,2026-04-17 23:59 UTC,798355,,,,,,,,,,,,,,
M!LK,2026-04-17 23:59 UTC,2607170,,,,,,,,,,,,,,
M4IA,2026-04-17 23:59 UTC,236571,,,,,,,,,,,,,,
MAGIC SOUND WOLF,2026-04-17 23:59 UTC,497458,,,,,,,,,,,,,,
Malcolm Todd,2026-04-17 23:59 UTC,20059899,,,,,,,,,,,,,,
Maphra,2026-04-17 23:59 UTC,1325689,,,,,,,,,,,,,,
marquitos,2026-04-17 23:59 UTC,912071,,,,,,,,,,,,,,
Maviler,2026-04-17 23:59 UTC,1075544,,,,,,,,,,,,,,
Maya Engen,2026-04-17 23:59 UTC,74252,,,,,,,,,,,,,,
Mietze Conte,2026-04-17 23:59 UTC,419280,,,,,,,,,,,,,,
Mijabella Marie,2026-04-17 23:59 UTC,21884,,,,,,,,,,,,,,
MIKE,2026-04-17 23:59 UTC,899914,,,,,,,,,,,,,,
Momo Boyd,2026-04-17 23:59 UTC,2894180,,,,,,,,,,,,,,
Mr Dutt,2026-04-17 23:59 UTC,2120855,,,,,,,,,,,,,,
Nickatnite,2026-04-17 23:59 UTC,13346,,,,,,,,,,,,,,
Nine Vicious,2026-04-17 23:59 UTC,1186670,,,,,,,,,,,,,,
nocashfromparents,2026-04-17 23:59 UTC,818081,,,,,,,,,,,,,,
North West,2026-04-17 23:59 UTC,605375,,,,,,,,,,,,,,
NPD,2026-04-17 23:59 UTC,1457149,,,,,,,,,,,,,,
OK Alva,2026-04-17 23:59 UTC,6369,,,,,,,,,,,,,,
osa,2026-04-17 23:59 UTC,79123,,,,,,,,,,,,,,
Pz',2026-04-17 23:59 UTC,308851,,,,,,,,,,,,,,
Reble,2026-04-17 23:59 UTC,13470351,,,,,,,,,,,,,,
Rocket Reese,2026-04-17 23:59 UTC,122248,,,,,,,,,,,,,,
S1RENA,2026-04-17 23:59 UTC,179861,,,,,,,,,,,,,,
Sara Landry,2026-04-17 23:59 UTC,1276061,,,,,,,,,,,,,,
Selim61,2026-04-17 23:59 UTC,1117163,,,,,,,,,,,,,,
Sematary,2026-04-17 23:59 UTC,833883,,,,,,,,,,,,,,
Slayr,2026-04-17 23:59 UTC,1182170,,,,,,,,,,,,,,
Slim Jxmmy,2026-04-17 23:59 UTC,36933,,,,,,,,,,,,,,
Sons of Yusuf,2026-04-17 23:59 UTC,1981353,,,,,,,,,,,,,,
Sreemani,2026-04-17 23:59 UTC,2036943,,,,,,,,,,,,,,
STELLA LEFTY,2026-04-17 23:59 UTC,4699016,,,,,,,,,,,,,,
STEREO,2026-04-17 23:59 UTC,1775766,,,,,,,,,,,,,,
Stopthis,2026-04-17 23:59 UTC,58493,,,,,,,,,,,,,,
Summrs,2026-04-17 23:59 UTC,1350473,,,,,,,,,,,,,,
SURF GANG,2026-04-17 23:59 UTC,743629,,,,,,,,,,,,,,
Sven Yamaha,2026-04-17 23:59 UTC,11948,,,,,,,,,,,,,,
Swizz Beatz,2026-04-17 23:59 UTC,1233960,,,,,,,,,,,,,,
T.O.P,2026-04-17 23:59 UTC,1383137,,,,,,,,,,,,,,
Tabi Gervis,2026-04-17 23:59 UTC,21132,,,,,,,,,,,,,,
Temper City,2026-04-17 23:59 UTC,7015791,,,,,,,,,,,,,,
The Long Faces,2026-04-17 23:59 UTC,3570972,,,,,,,,,,,,,,
The Twins,2026-04-17 23:59 UTC,72974,,,,,,,,,,,,,,
Tiffany Day,2026-04-17 23:59 UTC,1156146,,,,,,,,,,,,,,
Tiffany Hudson,2026-04-17 23:59 UTC,1745999,,,,,,,,,,,,,,
Tom Did It,2026-04-17 23:59 UTC,1280838,,,,,,,,,,,,,,
Tom Right,2026-04-17 23:59 UTC,949267,,,,,,,,,,,,,,
Trim,2026-04-17 23:59 UTC,2116890,,,,,,,,,,,,,,
Tsatsamis,2026-04-17 23:59 UTC,207261,,,,,,,,,,,,,,
twentythree,2026-04-17 23:59 UTC,1376418,,,,,,,,,,,,,,
TXKUMOON,2026-04-17 23:59 UTC,705354,,,,,,,,,,,,,,
Ullah,2026-04-17 23:59 UTC,84784,,,,,,,,,,,,,,
untiljapan,2026-04-17 23:59 UTC,231676,,,,,,,,,,,,,,
Vaibhav Gupta,2026-04-17 23:59 UTC,2800770,,,,,,,,,,,,,,
Valter Nilsson,2026-04-17 23:59 UTC,224760,,,,,,,,,,,,,,
Warren Roob,2026-04-17 23:59 UTC,836312,,,,,,,,,,,,,,
Will Sass,2026-04-17 23:59 UTC,846079,,,,,,,,,,,,,,
xo,2026-04-17 23:59 UTC,34584,,,,,,,,,,,,,,
YBRE,2026-04-17 23:59 UTC,1077133,,,,,,,,,,,,,,
Ye,2026-04-17 23:59 UTC,18037480,,,,,,,,,,,,,,
Yonusa,2026-04-17 23:59 UTC,270610,,,,,,,,,,,,,,
YUNA,2026-04-17 23:59 UTC,1252638,,,,,,,,,,,,,,
Zycan,2026-04-17 23:59 UTC,2140193,,,,,,,,,,,,,,
Canada Soccer,2026-04-17 23:59 UTC,311667,,,,,,,,,,,,,,
H. Hawkline,2026-04-17 23:59 UTC,145409,,,,,,,,,,,,,,
Rian Brazil,2026-04-17 23:59 UTC,41117,,,,,,,,,,,,,,
My New Band Believe,2026-04-17 23:59 UTC,210955,,,,,,,,,,,,,,
Baby Crash,2026-04-17 23:59 UTC,0,,,,,,,,,,,,,,
Street Fever,2026-04-17 23:59 UTC,149900,,,,,,,,,,,,,,
Lori Perri,2026-04-17 23:59 UTC,331,,,,,,,,,,,,,,
DJ B7 o Piranhão,2026-04-17 23:59 UTC,1333377,,,,,,,,,,,,,,
shonci,2026-04-17 23:59 UTC,3249911,,,,,,,,,,,,,,
OKI,2026-04-17 23:59 UTC,2320387,,,,,,,,,,,,,,
Juju,2026-04-17 23:59 UTC,2593405,,,,,,,,,,,,,,
Diana Pilquist,2026-04-17 23:59 UTC,1306,,,,,,,,,,,,,,
Sa!koro,2026-04-17 23:59 UTC,73981,,,,,,,,,,,,,,
Cap1talA,2026-04-17 23:59 UTC,190313,,,,,,,,,,,,,,
JADA,2026-04-17 23:59 UTC,22776,,,,,,,,,,,,,,
1 Umbrella,2026-04-17 23:59 UTC,196322,,,,,,,,,,,,,,
Mumu Fresh,2026-04-17 23:59 UTC,36943,,,,,,,,,,,,,,
Madeléne,2026-04-17 23:59 UTC,402016,,,,,,,,,,,,,,
Yuyu19,2026-04-17 23:59 UTC,1040801,,,,,,,,,,,,,,
Yaeger,2026-04-17 23:59 UTC,277245,,,,,,,,,,,,,,
Olof Dreijer,2026-04-17 23:59 UTC,70151,,,,,,,,,,,,,,
Boi-1da,2026-04-17 23:59 UTC,465441,,,,,,,,,,,,,,
BossMan Pac,2026-04-17 23:59 UTC,105470,,,,,,,,,,,,,,
Merry Lamb Lamb,2026-04-17 23:59 UTC,18743,,,,,,,,,,,,,,
318dman,2026-04-17 23:59 UTC,75461,,,,,,,,,,,,,,
The Sophs,2026-04-17 23:59 UTC,91967,,,,,,,,,,,,,,
SILICONE VALLEY,2026-04-17 23:59 UTC,31492,,,,,,,,,,,,,,
FREE JIMI,2026-04-17 23:59 UTC,56291,,,,,,,,,,,,,,
jalda,2026-04-17 23:59 UTC,33511,,,,,,,,,,,,,,
Slayyyter,2026-04-17 23:59 UTC,3061482,,,,,,,,,,,,,,
Wtm Solid,2026-04-17 23:59 UTC,11365,,,,,,,,,,,,,,
Les Imprimés,2026-04-17 23:59 UTC,130911,,,,,,,,,,,,,,
dóttir.x,2026-04-17 23:59 UTC,56557,,,,,,,,,,,,,,
Molly Hammar,2026-04-17 23:59 UTC,347186,,,,,,,,,,,,,,
Frost Children,2026-04-17 23:59 UTC,554922,,,,,,,,,,,,,,
JussGigi,2026-04-17 23:59 UTC,0,,,,,,,,,,,,,,
EL DEMOON,2026-04-17 23:59 UTC,17842,,,,,,,,,,,,,,
ROIROM,2026-04-17 23:59 UTC,47315,,,,,,,,,,,,,,
Karly Bowman,2026-04-17 23:59 UTC,104273,,,,,,,,,,,,,,
G3B,2026-04-17 23:59 UTC,92474,,,,,,,,,,,,,,
Ninety,2026-04-17 23:59 UTC,142143,,,,,,,,,,,,,,
Annie Tracy,2026-04-17 23:59 UTC,116245,,,,,,,,,,,,,,
Dwarde,2026-04-17 23:59 UTC,10217,,,,,,,,,,,,,,
THELMA,2026-04-17 23:59 UTC,20878,,,,,,,,,,,,,,
Pocket,2026-04-17 23:59 UTC,49048,,,,,,,,,,,,,,
KINGH,2026-04-17 23:59 UTC,110883,,,,,,,,,,,,,,
Specialist Moss,2026-04-17 23:59 UTC,413340,,,,,,,,,,,,,,
Anik Khan,2026-04-17 23:59 UTC,63873,,,,,,,,,,,,,,
ERISTHEPLANET,2026-04-17 23:59 UTC,53610,,,,,,,,,,,,,,
Oxis,2026-04-17 23:59 UTC,166907,,,,,,,,,,,,,,
Olga Myko,2026-04-17 23:59 UTC,2138215,,,,,,,,,,,,,,
SPELLLING,2026-04-17 23:59 UTC,52193,,,,,,,,,,,,,,
diamond*,2026-04-17 23:59 UTC,238674,,,,,,,,,,,,,,
Tezzus,2026-04-17 23:59 UTC,228808,,,,,,,,,,,,,,
Ghostfacekush,2026-04-17 23:59 UTC,50695,,,,,,,,,,,,,,
Loui Henderson,2026-04-17 23:59 UTC,12175,,,,,,,,,,,,,,
Kala,2026-04-17 23:59 UTC,0,,,,,,,,,,,,,,
rjtheweirdo,2026-04-17 23:59 UTC,98625,,,,,,,,,,,,,,
Erk,2026-04-17 23:59 UTC,62534,,,,,,,,,,,,,,
Naod,2026-04-17 23:59 UTC,216319,,,,,,,,,,,,,,
kuru,2026-04-17 23:59 UTC,206357,,,,,,,,,,,,,,
Luke Armstrong,2026-04-17 23:59 UTC,600,,,,,,,,,,,,,,
Sunday Service Choir,2026-04-17 23:59 UTC,429628,,,,,,,,,,,,,,
Chyno Miranda,2026-04-17 23:59 UTC,1128430,,,,,,,,,,,,,,
DJ Holiday,2026-04-17 23:59 UTC,103218,,,,,,,,,,,,,,
Lil B,2026-04-17 23:59 UTC,839303,,,,,,,,,,,,,,
Druski,2026-04-17 23:59 UTC,697811,,,,,,,,,,,,,,
Welwitschia,2026-04-17 23:59 UTC,687474,,,,,,,,,,,,,,
frozz,2026-04-17 23:59 UTC,745778,,,,,,,,,,,,,,
Aksomaniac,2026-04-17 23:59 UTC,851594,,,,,,,,,,,,,,
Ghetto Beisha,2026-04-17 23:59 UTC,8749,,,,,,,,,,,,,,
Pretty Pinkk,2026-04-17 23:59 UTC,8749,,,,,,,,,,,,,,
waera,2026-04-17 23:59 UTC,258491,,,,,,,,,,,,,,
Emanazul,2026-04-17 23:59 UTC,13399,,,,,,,,,,,,,,
Iguana Death Cult,2026-04-17 23:59 UTC,63897,,,,,,,,,,,,,,
Glizzy Glow,2026-04-17 23:59 UTC,2048,,,,,,,,,,,,,,
Naarly,2026-04-17 23:59 UTC,5048166,,,,,,,,,,,,,,
YASP,2026-04-17 23:59 UTC,15497,,,,,,,,,,,,,,
$t3PPA,2026-04-18 15:02 UTC,124341,,,,,,,,,,,,,,
00pium!*,2026-04-18 15:02 UTC,155,,,,,,,,,,,,,,
13dge,2026-04-18 15:02 UTC,4022,,,,,,,,,,,,,,
A2ANTI,2026-04-18 15:02 UTC,1662269,,,,,,,,,,,,,,
Addison Dean,2026-04-18 15:02 UTC,5149,,,,,,,,,,,,,,
Aiyana-Lee,2026-04-18 15:02 UTC,1054214,,,,,,,,,,,,,,
Andre Troutman,2026-04-18 15:02 UTC,9244694,,,,,,,,,,,,,,
Angine de Poitrine,2026-04-18 15:02 UTC,2238921,,,,,,,,,,,,,,
Anysia Kim,2026-04-18 15:02 UTC,182434,,,,,,,,,,,,,,
AQUAFINNA,2026-04-18 15:02 UTC,20502,,,,,,,,,,,,,,
Avery Cochrane,2026-04-18 15:02 UTC,559135,,,,,,,,,,,,,,
Banjaare,2026-04-18 15:02 UTC,16782585,,,,,,,,,,,,,,
billi0n,2026-04-18 15:02 UTC,47540,,,,,,,,,,,,,,
Billy Fuller,2026-04-18 15:02 UTC,18801,,,,,,,,,,,,,,
Bryan Countach,2026-04-18 15:02 UTC,258680,,,,,,,,,,,,,,
Canyon,2026-04-18 15:02 UTC,47300,,,,,,,,,,,,,,
Carter Faith,2026-04-18 15:02 UTC,2135869,,,,,,,,,,,,,,
Che,2026-04-18 15:02 UTC,1246578,,,,,,,,,,,,,,
Corridos del Rey,2026-04-18 15:02 UTC,1214148,,,,,,,,,,,,,,
Crystalo,2026-04-18 15:02 UTC,526271,,,,,,,,,,,,,,
Da Future,2026-04-18 15:02 UTC,4617418,,,,,,,,,,,,,,
Dale Move,2026-04-18 15:02 UTC,240920,,,,,,,,,,,,,,
Daniel Žižka,2026-04-18 15:02 UTC,136822,,,,,,,,,,,,,,
Dante,2026-04-18 15:02 UTC,499957,,,,,,,,,,,,,,
Dean Turnley,2026-04-18 15:02 UTC,1541654,,,,,,,,,,,,,,
Delta Ash,2026-04-18 15:02 UTC,499181,,,,,,,,,,,,,,
Dexter and The Moonrocks,2026-04-18 15:02 UTC,4358221,,,,,,,,,,,,,,
DJ Unzensiert,2026-04-18 15:02 UTC,1588081,,,,,,,,,,,,,,
Donda,2026-04-18 15:02 UTC,2256133,,,,,,,,,,,,,,
Dubioza Kolektive,2026-04-18 15:02 UTC,549850,,,,,,,,,,,,,,
dunderjeppe,2026-04-18 15:02 UTC,31819,,,,,,,,,,,,,,
Duskydemise archive,2026-04-18 15:02 UTC,348084,,,,,,,,,,,,,,
Duygu Edis,2026-04-18 15:02 UTC,2816286,,,,,,,,,,,,,,
dyingoutlay,2026-04-18 15:02 UTC,153,,,,,,,,,,,,,,
earfzilla,2026-04-18 15:02 UTC,9874,,,,,,,,,,,,,,
EMEI,2026-04-18 15:02 UTC,1835564,,,,,,,,,,,,,,
Emelie Trahan,2026-04-18 15:02 UTC,99489,,,,,,,,,,,,,,
EMJIE,2026-04-18 15:02 UTC,217600,,,,,,,,,,,,,,
F3miii,2026-04-18 15:02 UTC,2749620,,,,,,,,,,,,,,
Fcukers,2026-04-18 15:02 UTC,2215526,,,,,,,,,,,,,,
FIFA Sound,2026-04-18 15:02 UTC,2724626,,,,,,,,,,,,,,
FLO,2026-04-18 15:02 UTC,3746277,,,,,,,,,,,,,,
Franky Rizardo,2026-04-18 15:02 UTC,2812991,,,,,,,,,,,,,,
Girl Scout,2026-04-18 15:02 UTC,242493,,,,,,,,,,,,,,
girl_irl,2026-04-18 15:02 UTC,164856,,,,,,,,,,,,,,
girlsweetvoiced,2026-04-18 15:02 UTC,857594,,,,,,,,,,,,,,
gnawvs,2026-04-18 15:02 UTC,2189,,,,,,,,,,,,,,
Godtripper,2026-04-18 15:02 UTC,272391,,,,,,,,,,,,,,
Grupo Primer Grado,2026-04-18 15:02 UTC,2827582,,,,,,,,,,,,,,
Harrd Luck,2026-04-18 15:02 UTC,192895,,,,,,,,,,,,,,
Indeevar,2026-04-18 15:02 UTC,2849629,,,,,,,,,,,,,,
Indigo De Souza,2026-04-18 15:02 UTC,1690991,,,,,,,,,,,,,,
Infinity Song,2026-04-18 15:02 UTC,736275,,,,,,,,,,,,,,
isa in eutopia,2026-04-18 15:02 UTC,29543,,,,,,,,,,,,,,
Jackson Dean,2026-04-18 15:02 UTC,2048522,,,,,,,,,,,,,,
Jadasea,2026-04-18 15:02 UTC,170984,,,,,,,,,,,,,,
Jenny Baker,2026-04-18 15:02 UTC,117752,,,,,,,,,,,,,,
Joey Cash,2026-04-18 15:02 UTC,384366,,,,,,,,,,,,,,
Joy Rhodes,2026-04-18 15:02 UTC,429826,,,,,,,,,,,,,,
Julie Williams,2026-04-18 15:02 UTC,90333,,,,,,,,,,,,,,
JULIETT,2026-04-18 15:02 UTC,354600,,,,,,,,,,,,,,
Khaled,2026-04-18 15:02 UTC,2570087,,,,,,,,,,,,,,
Khan Saab,2026-04-18 15:02 UTC,12902097,,,,,,,,,,,,,,
King Kylie,2026-04-18 15:02 UTC,2301827,,,,,,,,,,,,,,
Koilwood,2026-04-18 15:02 UTC,46217,,,,,,,,,,,,,,
KUČKA,2026-04-18 15:02 UTC,1084917,,,,,,,,,,,,,,
Kurdi Klymax,2026-04-18 15:02 UTC,15847,,,,,,,,,,,,,,
Lamb,2026-04-18 15:02 UTC,395520,,,,,,,,,,,,,,
ledysek,2026-04-18 15:02 UTC,15827,,,,,,,,,,,,,,
Leni Woess,2026-04-18 15:02 UTC,914733,,,,,,,,,,,,,,
Lerado Khalil,2026-04-18 15:02 UTC,100555,,,,,,,,,,,,,,
Lightris,2026-04-18 15:02 UTC,799994,,,,,,,,,,,,,,
M!LK,2026-04-18 15:02 UTC,2589656,,,,,,,,,,,,,,
M4IA,2026-04-18 15:02 UTC,238276,,,,,,,,,,,,,,
MAGIC SOUND WOLF,2026-04-18 15:02 UTC,511423,,,,,,,,,,,,,,
Malcolm Todd,2026-04-18 15:02 UTC,20214775,,,,,,,,,,,,,,
Maphra,2026-04-18 15:02 UTC,1308186,,,,,,,,,,,,,,
marquitos,2026-04-18 15:02 UTC,871631,,,,,,,,,,,,,,
Maviler,2026-04-18 15:02 UTC,1060157,,,,,,,,,,,,,,
Maya Engen,2026-04-18 15:02 UTC,73346,,,,,,,,,,,,,,
Mietze Conte,2026-04-18 15:02 UTC,418825,,,,,,,,,,,,,,
Mijabella Marie,2026-04-18 15:02 UTC,22795,,,,,,,,,,,,,,
MIKE,2026-04-18 15:02 UTC,901282,,,,,,,,,,,,,,
Momo Boyd,2026-04-18 15:02 UTC,2825993,,,,,,,,,,,,,,
Mr Dutt,2026-04-18 15:02 UTC,2167559,,,,,,,,,,,,,,
Nickatnite,2026-04-18 15:02 UTC,13619,,,,,,,,,,,,,,
Nine Vicious,2026-04-18 15:02 UTC,1191868,,,,,,,,,,,,,,
nocashfromparents,2026-04-18 15:02 UTC,830757,,,,,,,,,,,,,,
North West,2026-04-18 15:02 UTC,605210,,,,,,,,,,,,,,
NPD,2026-04-18 15:02 UTC,1473560,,,,,,,,,,,,,,
OK Alva,2026-04-18 15:02 UTC,6489,,,,,,,,,,,,,,
osa,2026-04-18 15:02 UTC,81766,,,,,,,,,,,,,,
Pz',2026-04-18 15:02 UTC,317617,,,,,,,,,,,,,,
Reble,2026-04-18 15:02 UTC,13475382,,,,,,,,,,,,,,
Rocket Reese,2026-04-18 15:02 UTC,123209,,,,,,,,,,,,,,
S1RENA,2026-04-18 15:02 UTC,189488,,,,,,,,,,,,,,
Sara Landry,2026-04-18 15:02 UTC,1283244,,,,,,,,,,,,,,
Selim61,2026-04-18 15:02 UTC,1130490,,,,,,,,,,,,,,
Sematary,2026-04-18 15:02 UTC,835121,,,,,,,,,,,,,,
Slayr,2026-04-18 15:02 UTC,1173314,,,,,,,,,,,,,,
Slim Jxmmy,2026-04-18 15:02 UTC,36911,,,,,,,,,,,,,,
Sons of Yusuf,2026-04-18 15:02 UTC,1995873,,,,,,,,,,,,,,
Sreemani,2026-04-18 15:02 UTC,2090327,,,,,,,,,,,,,,
STELLA LEFTY,2026-04-18 15:02 UTC,4870888,,,,,,,,,,,,,,
STEREO,2026-04-18 15:02 UTC,1736203,,,,,,,,,,,,,,
Stopthis,2026-04-18 15:02 UTC,58731,,,,,,,,,,,,,,
Summrs,2026-04-18 15:02 UTC,1350577,,,,,,,,,,,,,,
SURF GANG,2026-04-18 15:02 UTC,748214,,,,,,,,,,,,,,
Sven Yamaha,2026-04-18 15:02 UTC,11954,,,,,,,,,,,,,,
Swizz Beatz,2026-04-18 15:02 UTC,1243478,,,,,,,,,,,,,,
T.O.P,2026-04-18 15:02 UTC,1438291,,,,,,,,,,,,,,
Tabi Gervis,2026-04-18 15:02 UTC,21173,,,,,,,,,,,,,,
Temper City,2026-04-18 15:02 UTC,7152395,,,,,,,,,,,,,,
The Long Faces,2026-04-18 15:02 UTC,3630328,,,,,,,,,,,,,,
The Twins,2026-04-18 15:02 UTC,73264,,,,,,,,,,,,,,
Tiffany Day,2026-04-18 15:02 UTC,1172827,,,,,,,,,,,,,,
Tiffany Hudson,2026-04-18 15:02 UTC,1746225,,,,,,,,,,,,,,
Tom Did It,2026-04-18 15:02 UTC,1267461,,,,,,,,,,,,,,
Tom Right,2026-04-18 15:02 UTC,959220,,,,,,,,,,,,,,
Trim,2026-04-18 15:02 UTC,2131469,,,,,,,,,,,,,,
Tsatsamis,2026-04-18 15:02 UTC,207300,,,,,,,,,,,,,,
twentythree,2026-04-18 15:02 UTC,1376406,,,,,,,,,,,,,,
TXKUMOON,2026-04-18 15:02 UTC,729416,,,,,,,,,,,,,,
Ullah,2026-04-18 15:02 UTC,85760,,,,,,,,,,,,,,
untiljapan,2026-04-18 15:02 UTC,230888,,,,,,,,,,,,,,
Vaibhav Gupta,2026-04-18 15:02 UTC,2786017,,,,,,,,,,,,,,
Valter Nilsson,2026-04-18 15:02 UTC,225502,,,,,,,,,,,,,,
Warren Roob,2026-04-18 15:02 UTC,843385,,,,,,,,,,,,,,
Will Sass,2026-04-18 15:02 UTC,780905,,,,,,,,,,,,,,
xo,2026-04-18 15:02 UTC,33880,,,,,,,,,,,,,,
YBRE,2026-04-18 15:02 UTC,1070575,,,,,,,,,,,,,,
Ye,2026-04-18 15:02 UTC,18343613,,,,,,,,,,,,,,
Yonusa,2026-04-18 15:02 UTC,271506,,,,,,,,,,,,,,
YUNA,2026-04-18 15:02 UTC,1289407,,,,,,,,,,,,,,
Zycan,2026-04-18 15:02 UTC,2148238,,,,,,,,,,,,,,
Canada Soccer,2026-04-18 15:02 UTC,332560,,,,,,,,,,,,,,
H. Hawkline,2026-04-18 15:02 UTC,156933,,,,,,,,,,,,,,
Rian Brazil,2026-04-18 15:02 UTC,43134,,,,,,,,,,,,,,
My New Band Believe,2026-04-18 15:02 UTC,213900,,,,,,,,,,,,,,
Baby Crash,2026-04-18 15:02 UTC,0,,,,,,,,,,,,,,
Street Fever,2026-04-18 15:02 UTC,156282,,,,,,,,,,,,,,
Lori Perri,2026-04-18 15:02 UTC,337,,,,,,,,,,,,,,
DJ B7 o Piranhão,2026-04-18 15:02 UTC,1431920,,,,,,,,,,,,,,
shonci,2026-04-18 15:02 UTC,3354838,,,,,,,,,,,,,,
OKI,2026-04-18 15:02 UTC,2346558,,,,,,,,,,,,,,
Juju,2026-04-18 15:02 UTC,2665713,,,,,,,,,,,,,,
Diana Pilquist,2026-04-18 15:02 UTC,1457,,,,,,,,,,,,,,
Sa!koro,2026-04-18 15:02 UTC,75333,,,,,,,,,,,,,,
Cap1talA,2026-04-18 15:02 UTC,196436,,,,,,,,,,,,,,
JADA,2026-04-18 15:02 UTC,23579,,,,,,,,,,,,,,
1 Umbrella,2026-04-18 15:02 UTC,202285,,,,,,,,,,,,,,
Mumu Fresh,2026-04-18 15:02 UTC,40274,,,,,,,,,,,,,,
Madeléne,2026-04-18 15:02 UTC,412960,,,,,,,,,,,,,,
Yuyu19,2026-04-18 15:02 UTC,1100075,,,,,,,,,,,,,,
Yaeger,2026-04-18 15:02 UTC,291174,,,,,,,,,,,,,,
Olof Dreijer,2026-04-18 15:02 UTC,71114,,,,,,,,,,,,,,
Boi-1da,2026-04-18 15:02 UTC,486397,,,,,,,,,,,,,,
BossMan Pac,2026-04-18 15:02 UTC,107246,,,,,,,,,,,,,,
Merry Lamb Lamb,2026-04-18 15:02 UTC,19543,,,,,,,,,,,,,,
318dman,2026-04-18 15:02 UTC,78432,,,,,,,,,,,,,,
The Sophs,2026-04-18 15:02 UTC,86127,,,,,,,,,,,,,,
SILICONE VALLEY,2026-04-18 15:02 UTC,31558,,,,,,,,,,,,,,
FREE JIMI,2026-04-18 15:02 UTC,57578,,,,,,,,,,,,,,
jalda,2026-04-18 15:02 UTC,36217,,,,,,,,,,,,,,
Slayyyter,2026-04-18 15:02 UTC,3504231,,,,,,,,,,,,,,
Wtm Solid,2026-04-18 15:02 UTC,11497,,,,,,,,,,,,,,
Les Imprimés,2026-04-18 15:02 UTC,132862,,,,,,,,,,,,,,
dóttir.x,2026-04-18 15:02 UTC,59347,,,,,,,,,,,,,,
Molly Hammar,2026-04-18 15:02 UTC,348872,,,,,,,,,,,,,,
Frost Children,2026-04-18 15:02 UTC,553857,,,,,,,,,,,,,,
JussGigi,2026-04-18 15:02 UTC,0,,,,,,,,,,,,,,
EL DEMOON,2026-04-18 15:02 UTC,20035,,,,,,,,,,,,,,
ROIROM,2026-04-18 15:02 UTC,48263,,,,,,,,,,,,,,
Karly Bowman,2026-04-18 15:02 UTC,116002,,,,,,,,,,,,,,
G3B,2026-04-18 15:02 UTC,100893,,,,,,,,,,,,,,
Ninety,2026-04-18 15:02 UTC,142743,,,,,,,,,,,,,,
Annie Tracy,2026-04-18 15:02 UTC,122188,,,,,,,,,,,,,,
Dwarde,2026-04-18 15:02 UTC,13415,,,,,,,,,,,,,,
THELMA,2026-04-18 15:02 UTC,29335,,,,,,,,,,,,,,
Pocket,2026-04-18 15:02 UTC,72789,,,,,,,,,,,,,,
KINGH,2026-04-18 15:02 UTC,115990,,,,,,,,,,,,,,
Specialist Moss,2026-04-18 15:02 UTC,461557,,,,,,,,,,,,,,
Anik Khan,2026-04-18 15:02 UTC,106177,,,,,,,,,,,,,,
ERISTHEPLANET,2026-04-18 15:02 UTC,54940,,,,,,,,,,,,,,
Oxis,2026-04-18 15:02 UTC,194800,,,,,,,,,,,,,,
Olga Myko,2026-04-18 15:02 UTC,2217893,,,,,,,,,,,,,,
SPELLLING,2026-04-18 15:02 UTC,66627,,,,,,,,,,,,,,
diamond*,2026-04-18 15:02 UTC,304114,,,,,,,,,,,,,,
Tezzus,2026-04-18 15:02 UTC,306203,,,,,,,,,,,,,,
Ghostfacekush,2026-04-18 15:02 UTC,51807,,,,,,,,,,,,,,
Loui Henderson,2026-04-18 15:02 UTC,43477,,,,,,,,,,,,,,
Kala,2026-04-18 15:02 UTC,0,,,,,,,,,,,,,,
rjtheweirdo,2026-04-18 15:02 UTC,204480,,,,,,,,,,,,,,
Erk,2026-04-18 15:02 UTC,70809,,,,,,,,,,,,,,
Naod,2026-04-18 15:02 UTC,242279,,,,,,,,,,,,,,
kuru,2026-04-18 15:02 UTC,213316,,,,,,,,,,,,,,
Luke Armstrong,2026-04-18 15:02 UTC,958,,,,,,,,,,,,,,
Sunday Service Choir,2026-04-18 15:02 UTC,431527,,,,,,,,,,,,,,
Chyno Miranda,2026-04-18 15:02 UTC,1228049,,,,,,,,,,,,,,
DJ Holiday,2026-04-18 15:02 UTC,126266,,,,,,,,,,,,,,
Lil B,2026-04-18 15:02 UTC,914794,,,,,,,,,,,,,,
Druski,2026-04-18 15:02 UTC,748230,,,,,,,,,,,,,,
Welwitschia,2026-04-18 15:02 UTC,712930,,,,,,,,,,,,,,
frozz,2026-04-18 15:02 UTC,770163,,,,,,,,,,,,,,
Aksomaniac,2026-04-18 15:02 UTC,918579,,,,,,,,,,,,,,
Ghetto Beisha,2026-04-18 15:02 UTC,16707,,,,,,,,,,,,,,
Pretty Pinkk,2026-04-18 15:02 UTC,16707,,,,,,,,,,,,,,
waera,2026-04-18 15:02 UTC,269577,,,,,,,,,,,,,,
Emanazul,2026-04-18 15:02 UTC,212120,,,,,,,,,,,,,,
Iguana Death Cult,2026-04-18 15:02 UTC,65314,,,,,,,,,,,,,,
Glizzy Glow,2026-04-18 15:02 UTC,5507,,,,,,,,,,,,,,
Naarly,2026-04-18 15:02 UTC,5066427,,,,,,,,,,,,,,
YASP,2026-04-18 15:02 UTC,17674,,,,,,,,,,,,,,
$t3PPA,2026-04-18 23:54 UTC,124341,,,,,,,,,,,,,,
00pium!*,2026-04-18 23:54 UTC,155,,,,,,,,,,,,,,
13dge,2026-04-18 23:54 UTC,4022,,,,,,,,,,,,,,
A2ANTI,2026-04-18 23:54 UTC,1662269,,,,,,,,,,,,,,
Addison Dean,2026-04-18 23:54 UTC,5149,,,,,,,,,,,,,,
Aiyana-Lee,2026-04-18 23:54 UTC,1054214,,,,,,,,,,,,,,
Andre Troutman,2026-04-18 23:54 UTC,9244694,,,,,,,,,,,,,,
Angine de Poitrine,2026-04-18 23:54 UTC,2238921,,,,,,,,,,,,,,
Anysia Kim,2026-04-18 23:54 UTC,182434,,,,,,,,,,,,,,
AQUAFINNA,2026-04-18 23:54 UTC,20502,,,,,,,,,,,,,,
Avery Cochrane,2026-04-18 23:54 UTC,559135,,,,,,,,,,,,,,
Banjaare,2026-04-18 23:54 UTC,16782585,,,,,,,,,,,,,,
billi0n,2026-04-18 23:54 UTC,47540,,,,,,,,,,,,,,
Billy Fuller,2026-04-18 23:54 UTC,18801,,,,,,,,,,,,,,
Bryan Countach,2026-04-18 23:54 UTC,258680,,,,,,,,,,,,,,
Canyon,2026-04-18 23:54 UTC,47300,,,,,,,,,,,,,,
Carter Faith,2026-04-18 23:54 UTC,2135869,,,,,,,,,,,,,,
Che,2026-04-18 23:54 UTC,1246578,,,,,,,,,,,,,,
Corridos del Rey,2026-04-18 23:54 UTC,1214148,,,,,,,,,,,,,,
Crystalo,2026-04-18 23:54 UTC,526271,,,,,,,,,,,,,,
Da Future,2026-04-18 23:54 UTC,4617418,,,,,,,,,,,,,,
Dale Move,2026-04-18 23:54 UTC,240920,,,,,,,,,,,,,,
Daniel Žižka,2026-04-18 23:54 UTC,136822,,,,,,,,,,,,,,
Dante,2026-04-18 23:54 UTC,499957,,,,,,,,,,,,,,
Dean Turnley,2026-04-18 23:54 UTC,1541654,,,,,,,,,,,,,,
Delta Ash,2026-04-18 23:54 UTC,499181,,,,,,,,,,,,,,
Dexter and The Moonrocks,2026-04-18 23:54 UTC,4358221,,,,,,,,,,,,,,
DJ Unzensiert,2026-04-18 23:54 UTC,1588081,,,,,,,,,,,,,,
Donda,2026-04-18 23:54 UTC,2256133,,,,,,,,,,,,,,
Dubioza Kolektive,2026-04-18 23:54 UTC,549850,,,,,,,,,,,,,,
dunderjeppe,2026-04-18 23:54 UTC,31819,,,,,,,,,,,,,,
Duskydemise archive,2026-04-18 23:54 UTC,348084,,,,,,,,,,,,,,
Duygu Edis,2026-04-18 23:54 UTC,2816286,,,,,,,,,,,,,,
dyingoutlay,2026-04-18 23:54 UTC,153,,,,,,,,,,,,,,
earfzilla,2026-04-18 23:54 UTC,9874,,,,,,,,,,,,,,
EMEI,2026-04-18 23:54 UTC,1835564,,,,,,,,,,,,,,
Emelie Trahan,2026-04-18 23:54 UTC,99489,,,,,,,,,,,,,,
EMJIE,2026-04-18 23:54 UTC,217600,,,,,,,,,,,,,,
F3miii,2026-04-18 23:54 UTC,2749620,,,,,,,,,,,,,,
Fcukers,2026-04-18 23:54 UTC,2215526,,,,,,,,,,,,,,
FIFA Sound,2026-04-18 23:54 UTC,2724626,,,,,,,,,,,,,,
FLO,2026-04-18 23:54 UTC,3746277,,,,,,,,,,,,,,
Franky Rizardo,2026-04-18 23:54 UTC,2812991,,,,,,,,,,,,,,
Girl Scout,2026-04-18 23:54 UTC,242493,,,,,,,,,,,,,,
girl_irl,2026-04-18 23:54 UTC,164856,,,,,,,,,,,,,,
girlsweetvoiced,2026-04-18 23:54 UTC,857594,,,,,,,,,,,,,,
gnawvs,2026-04-18 23:54 UTC,2189,,,,,,,,,,,,,,
Godtripper,2026-04-18 23:54 UTC,272391,,,,,,,,,,,,,,
Grupo Primer Grado,2026-04-18 23:54 UTC,2827582,,,,,,,,,,,,,,
Harrd Luck,2026-04-18 23:54 UTC,192895,,,,,,,,,,,,,,
Indeevar,2026-04-18 23:54 UTC,2849629,,,,,,,,,,,,,,
Indigo De Souza,2026-04-18 23:54 UTC,1690991,,,,,,,,,,,,,,
Infinity Song,2026-04-18 23:54 UTC,736275,,,,,,,,,,,,,,
isa in eutopia,2026-04-18 23:54 UTC,29543,,,,,,,,,,,,,,
Jackson Dean,2026-04-18 23:54 UTC,2048522,,,,,,,,,,,,,,
Jadasea,2026-04-18 23:54 UTC,170984,,,,,,,,,,,,,,
Jenny Baker,2026-04-18 23:54 UTC,117752,,,,,,,,,,,,,,
Joey Cash,2026-04-18 23:54 UTC,384366,,,,,,,,,,,,,,
Joy Rhodes,2026-04-18 23:54 UTC,429826,,,,,,,,,,,,,,
Julie Williams,2026-04-18 23:54 UTC,90333,,,,,,,,,,,,,,
JULIETT,2026-04-18 23:54 UTC,354600,,,,,,,,,,,,,,
Khaled,2026-04-18 23:54 UTC,2570087,,,,,,,,,,,,,,
Khan Saab,2026-04-18 23:54 UTC,12902097,,,,,,,,,,,,,,
King Kylie,2026-04-18 23:54 UTC,2301827,,,,,,,,,,,,,,
Koilwood,2026-04-18 23:54 UTC,46217,,,,,,,,,,,,,,
KUČKA,2026-04-18 23:54 UTC,1084917,,,,,,,,,,,,,,
Kurdi Klymax,2026-04-18 23:54 UTC,15847,,,,,,,,,,,,,,
Lamb,2026-04-18 23:54 UTC,395520,,,,,,,,,,,,,,
ledysek,2026-04-18 23:54 UTC,15827,,,,,,,,,,,,,,
Leni Woess,2026-04-18 23:54 UTC,914733,,,,,,,,,,,,,,
Lerado Khalil,2026-04-18 23:54 UTC,100555,,,,,,,,,,,,,,
Lightris,2026-04-18 23:54 UTC,799994,,,,,,,,,,,,,,
M!LK,2026-04-18 23:54 UTC,2589656,,,,,,,,,,,,,,
M4IA,2026-04-18 23:54 UTC,238276,,,,,,,,,,,,,,
MAGIC SOUND WOLF,2026-04-18 23:54 UTC,511423,,,,,,,,,,,,,,
Malcolm Todd,2026-04-18 23:54 UTC,20214775,,,,,,,,,,,,,,
Maphra,2026-04-18 23:54 UTC,1308186,,,,,,,,,,,,,,
marquitos,2026-04-18 23:54 UTC,871631,,,,,,,,,,,,,,
Maviler,2026-04-18 23:54 UTC,1060157,,,,,,,,,,,,,,
Maya Engen,2026-04-18 23:54 UTC,73346,,,,,,,,,,,,,,
Mietze Conte,2026-04-18 23:54 UTC,418825,,,,,,,,,,,,,,
Mijabella Marie,2026-04-18 23:54 UTC,22795,,,,,,,,,,,,,,
MIKE,2026-04-18 23:54 UTC,901282,,,,,,,,,,,,,,
Momo Boyd,2026-04-18 23:54 UTC,2825993,,,,,,,,,,,,,,
Mr Dutt,2026-04-18 23:54 UTC,2167559,,,,,,,,,,,,,,
Nickatnite,2026-04-18 23:54 UTC,13619,,,,,,,,,,,,,,
Nine Vicious,2026-04-18 23:54 UTC,1191868,,,,,,,,,,,,,,
nocashfromparents,2026-04-18 23:54 UTC,830757,,,,,,,,,,,,,,
North West,2026-04-18 23:54 UTC,605210,,,,,,,,,,,,,,
NPD,2026-04-18 23:54 UTC,1473560,,,,,,,,,,,,,,
OK Alva,2026-04-18 23:54 UTC,6489,,,,,,,,,,,,,,
osa,2026-04-18 23:54 UTC,81766,,,,,,,,,,,,,,
Pz',2026-04-18 23:54 UTC,317617,,,,,,,,,,,,,,
Reble,2026-04-18 23:54 UTC,13475382,,,,,,,,,,,,,,
Rocket Reese,2026-04-18 23:54 UTC,123209,,,,,,,,,,,,,,
S1RENA,2026-04-18 23:54 UTC,189488,,,,,,,,,,,,,,
Sara Landry,2026-04-18 23:54 UTC,1283244,,,,,,,,,,,,,,
Selim61,2026-04-18 23:54 UTC,1130490,,,,,,,,,,,,,,
Sematary,2026-04-18 23:54 UTC,835121,,,,,,,,,,,,,,
Slayr,2026-04-18 23:54 UTC,1173314,,,,,,,,,,,,,,
Slim Jxmmy,2026-04-18 23:54 UTC,36911,,,,,,,,,,,,,,
Sons of Yusuf,2026-04-18 23:54 UTC,1995873,,,,,,,,,,,,,,
Sreemani,2026-04-18 23:54 UTC,2090327,,,,,,,,,,,,,,
STELLA LEFTY,2026-04-18 23:54 UTC,4870888,,,,,,,,,,,,,,
STEREO,2026-04-18 23:54 UTC,1736203,,,,,,,,,,,,,,
Stopthis,2026-04-18 23:54 UTC,58731,,,,,,,,,,,,,,
Summrs,2026-04-18 23:54 UTC,1350577,,,,,,,,,,,,,,
SURF GANG,2026-04-18 23:54 UTC,748214,,,,,,,,,,,,,,
Sven Yamaha,2026-04-18 23:54 UTC,11954,,,,,,,,,,,,,,
Swizz Beatz,2026-04-18 23:54 UTC,1243478,,,,,,,,,,,,,,
T.O.P,2026-04-18 23:54 UTC,1438291,,,,,,,,,,,,,,
Tabi Gervis,2026-04-18 23:54 UTC,21173,,,,,,,,,,,,,,
Temper City,2026-04-18 23:54 UTC,7152395,,,,,,,,,,,,,,
The Long Faces,2026-04-18 23:54 UTC,3630328,,,,,,,,,,,,,,
The Twins,2026-04-18 23:54 UTC,73264,,,,,,,,,,,,,,
Tiffany Day,2026-04-18 23:54 UTC,1172827,,,,,,,,,,,,,,
Tiffany Hudson,2026-04-18 23:54 UTC,1746225,,,,,,,,,,,,,,
Tom Did It,2026-04-18 23:54 UTC,1267461,,,,,,,,,,,,,,
Tom Right,2026-04-18 23:54 UTC,959220,,,,,,,,,,,,,,
Trim,2026-04-18 23:54 UTC,2131469,,,,,,,,,,,,,,
Tsatsamis,2026-04-18 23:54 UTC,207300,,,,,,,,,,,,,,
twentythree,2026-04-18 23:54 UTC,1376406,,,,,,,,,,,,,,
TXKUMOON,2026-04-18 23:54 UTC,729416,,,,,,,,,,,,,,
Ullah,2026-04-18 23:54 UTC,85760,,,,,,,,,,,,,,
untiljapan,2026-04-18 23:54 UTC,230888,,,,,,,,,,,,,,
Vaibhav Gupta,2026-04-18 23:54 UTC,2786017,,,,,,,,,,,,,,
Valter Nilsson,2026-04-18 23:54 UTC,225502,,,,,,,,,,,,,,
Warren Roob,2026-04-18 23:54 UTC,843385,,,,,,,,,,,,,,
Will Sass,2026-04-18 23:54 UTC,780905,,,,,,,,,,,,,,
xo,2026-04-18 23:54 UTC,33880,,,,,,,,,,,,,,
YBRE,2026-04-18 23:54 UTC,1070575,,,,,,,,,,,,,,
Ye,2026-04-18 23:54 UTC,18343613,,,,,,,,,,,,,,
Yonusa,2026-04-18 23:54 UTC,271506,,,,,,,,,,,,,,
YUNA,2026-04-18 23:54 UTC,1289407,,,,,,,,,,,,,,
Zycan,2026-04-18 23:54 UTC,2148238,,,,,,,,,,,,,,
Canada Soccer,2026-04-18 23:54 UTC,332560,,,,,,,,,,,,,,
H. Hawkline,2026-04-18 23:54 UTC,156933,,,,,,,,,,,,,,
Rian Brazil,2026-04-18 23:54 UTC,43134,,,,,,,,,,,,,,
My New Band Believe,2026-04-18 23:54 UTC,213900,,,,,,,,,,,,,,
Baby Crash,2026-04-18 23:54 UTC,0,,,,,,,,,,,,,,
Street Fever,2026-04-18 23:54 UTC,156282,,,,,,,,,,,,,,
Lori Perri,2026-04-18 23:54 UTC,337,,,,,,,,,,,,,,
DJ B7 o Piranhão,2026-04-18 23:54 UTC,1431920,,,,,,,,,,,,,,
shonci,2026-04-18 23:54 UTC,3354838,,,,,,,,,,,,,,
OKI,2026-04-18 23:54 UTC,2346558,,,,,,,,,,,,,,
Juju,2026-04-18 23:54 UTC,2665713,,,,,,,,,,,,,,
Diana Pilquist,2026-04-18 23:54 UTC,1457,,,,,,,,,,,,,,
Sa!koro,2026-04-18 23:54 UTC,75333,,,,,,,,,,,,,,
Cap1talA,2026-04-18 23:54 UTC,196436,,,,,,,,,,,,,,
JADA,2026-04-18 23:54 UTC,23579,,,,,,,,,,,,,,
1 Umbrella,2026-04-18 23:54 UTC,202285,,,,,,,,,,,,,,
Mumu Fresh,2026-04-18 23:54 UTC,40274,,,,,,,,,,,,,,
Madeléne,2026-04-18 23:54 UTC,412960,,,,,,,,,,,,,,
Yuyu19,2026-04-18 23:54 UTC,1100075,,,,,,,,,,,,,,
Yaeger,2026-04-18 23:54 UTC,291174,,,,,,,,,,,,,,
Olof Dreijer,2026-04-18 23:54 UTC,71114,,,,,,,,,,,,,,
Boi-1da,2026-04-18 23:54 UTC,486397,,,,,,,,,,,,,,
BossMan Pac,2026-04-18 23:54 UTC,107246,,,,,,,,,,,,,,
Merry Lamb Lamb,2026-04-18 23:54 UTC,19543,,,,,,,,,,,,,,
318dman,2026-04-18 23:54 UTC,78432,,,,,,,,,,,,,,
The Sophs,2026-04-18 23:54 UTC,86127,,,,,,,,,,,,,,
SILICONE VALLEY,2026-04-18 23:54 UTC,31558,,,,,,,,,,,,,,
FREE JIMI,2026-04-18 23:54 UTC,57578,,,,,,,,,,,,,,
jalda,2026-04-18 23:54 UTC,36217,,,,,,,,,,,,,,
Slayyyter,2026-04-18 23:54 UTC,3504231,,,,,,,,,,,,,,
Wtm Solid,2026-04-18 23:54 UTC,11497,,,,,,,,,,,,,,
Les Imprimés,2026-04-18 23:54 UTC,132862,,,,,,,,,,,,,,
dóttir.x,2026-04-18 23:54 UTC,59347,,,,,,,,,,,,,,
Molly Hammar,2026-04-18 23:54 UTC,348872,,,,,,,,,,,,,,
Frost Children,2026-04-18 23:54 UTC,553857,,,,,,,,,,,,,,
JussGigi,2026-04-18 23:54 UTC,0,,,,,,,,,,,,,,
EL DEMOON,2026-04-18 23:54 UTC,20035,,,,,,,,,,,,,,
ROIROM,2026-04-18 23:54 UTC,48263,,,,,,,,,,,,,,
Karly Bowman,2026-04-18 23:54 UTC,116002,,,,,,,,,,,,,,
G3B,2026-04-18 23:54 UTC,100893,,,,,,,,,,,,,,
Ninety,2026-04-18 23:54 UTC,142743,,,,,,,,,,,,,,
Annie Tracy,2026-04-18 23:54 UTC,122188,,,,,,,,,,,,,,
Dwarde,2026-04-18 23:54 UTC,13415,,,,,,,,,,,,,,
THELMA,2026-04-18 23:54 UTC,29335,,,,,,,,,,,,,,
Pocket,2026-04-18 23:54 UTC,72789,,,,,,,,,,,,,,
KINGH,2026-04-18 23:54 UTC,115990,,,,,,,,,,,,,,
Specialist Moss,2026-04-18 23:54 UTC,461557,,,,,,,,,,,,,,
Anik Khan,2026-04-18 23:54 UTC,106177,,,,,,,,,,,,,,
ERISTHEPLANET,2026-04-18 23:54 UTC,54940,,,,,,,,,,,,,,
Oxis,2026-04-18 23:54 UTC,194800,,,,,,,,,,,,,,
Olga Myko,2026-04-18 23:54 UTC,2217893,,,,,,,,,,,,,,
SPELLLING,2026-04-18 23:54 UTC,66627,,,,,,,,,,,,,,
diamond*,2026-04-18 23:54 UTC,304114,,,,,,,,,,,,,,
Tezzus,2026-04-18 23:54 UTC,306203,,,,,,,,,,,,,,
Ghostfacekush,2026-04-18 23:54 UTC,51807,,,,,,,,,,,,,,
Loui Henderson,2026-04-18 23:54 UTC,43477,,,,,,,,,,,,,,
Kala,2026-04-18 23:54 UTC,0,,,,,,,,,,,,,,
rjtheweirdo,2026-04-18 23:54 UTC,204480,,,,,,,,,,,,,,
Erk,2026-04-18 23:54 UTC,70809,,,,,,,,,,,,,,
Naod,2026-04-18 23:54 UTC,242279,,,,,,,,,,,,,,
kuru,2026-04-18 23:54 UTC,213316,,,,,,,,,,,,,,
Luke Armstrong,2026-04-18 23:54 UTC,958,,,,,,,,,,,,,,
Sunday Service Choir,2026-04-18 23:54 UTC,431527,,,,,,,,,,,,,,
Chyno Miranda,2026-04-18 23:54 UTC,1228049,,,,,,,,,,,,,,
DJ Holiday,2026-04-18 23:54 UTC,126266,,,,,,,,,,,,,,
Lil B,2026-04-18 23:54 UTC,914794,,,,,,,,,,,,,,
Druski,2026-04-18 23:54 UTC,748230,,,,,,,,,,,,,,
Welwitschia,2026-04-18 23:54 UTC,712930,,,,,,,,,,,,,,
frozz,2026-04-18 23:54 UTC,770163,,,,,,,,,,,,,,
Aksomaniac,2026-04-18 23:54 UTC,918579,,,,,,,,,,,,,,
Ghetto Beisha,2026-04-18 23:54 UTC,16707,,,,,,,,,,,,,,
Pretty Pinkk,2026-04-18 23:54 UTC,16707,,,,,,,,,,,,,,
waera,2026-04-18 23:54 UTC,269577,,,,,,,,,,,,,,
Emanazul,2026-04-18 23:54 UTC,212120,,,,,,,,,,,,,,
Iguana Death Cult,2026-04-18 23:54 UTC,65314,,,,,,,,,,,,,,
Glizzy Glow,2026-04-18 23:54 UTC,5507,,,,,,,,,,,,,,
Naarly,2026-04-18 23:54 UTC,5066427,,,,,,,,,,,,,,
YASP,2026-04-18 23:54 UTC,17674,,,,,,,,,,,,,,
$t3PPA,2026-04-19 03:04 UTC,124341,,,,,,,,,,,,,,
00pium!*,2026-04-19 03:04 UTC,155,,,,,,,,,,,,,,
13dge,2026-04-19 03:04 UTC,4022,,,,,,,,,,,,,,
A2ANTI,2026-04-19 03:04 UTC,1662269,,,,,,,,,,,,,,
Addison Dean,2026-04-19 03:04 UTC,5149,,,,,,,,,,,,,,
Aiyana-Lee,2026-04-19 03:04 UTC,1054214,,,,,,,,,,,,,,
Andre Troutman,2026-04-19 03:04 UTC,9244694,,,,,,,,,,,,,,
Angine de Poitrine,2026-04-19 03:04 UTC,2238921,,,,,,,,,,,,,,
Anysia Kim,2026-04-19 03:04 UTC,182434,,,,,,,,,,,,,,
AQUAFINNA,2026-04-19 03:04 UTC,20502,,,,,,,,,,,,,,
Avery Cochrane,2026-04-19 03:04 UTC,559135,,,,,,,,,,,,,,
Banjaare,2026-04-19 03:04 UTC,16782585,,,,,,,,,,,,,,
billi0n,2026-04-19 03:04 UTC,47540,,,,,,,,,,,,,,
Billy Fuller,2026-04-19 03:04 UTC,18801,,,,,,,,,,,,,,
Bryan Countach,2026-04-19 03:04 UTC,258680,,,,,,,,,,,,,,
Canyon,2026-04-19 03:04 UTC,47300,,,,,,,,,,,,,,
Carter Faith,2026-04-19 03:04 UTC,2135869,,,,,,,,,,,,,,
Che,2026-04-19 03:04 UTC,1246578,,,,,,,,,,,,,,
Corridos del Rey,2026-04-19 03:04 UTC,1214148,,,,,,,,,,,,,,
Crystalo,2026-04-19 03:04 UTC,526271,,,,,,,,,,,,,,
Da Future,2026-04-19 03:04 UTC,4617418,,,,,,,,,,,,,,
Dale Move,2026-04-19 03:04 UTC,240920,,,,,,,,,,,,,,
Daniel Žižka,2026-04-19 03:04 UTC,136822,,,,,,,,,,,,,,
Dante,2026-04-19 03:04 UTC,499957,,,,,,,,,,,,,,
Dean Turnley,2026-04-19 03:04 UTC,1541654,,,,,,,,,,,,,,
Delta Ash,2026-04-19 03:04 UTC,499181,,,,,,,,,,,,,,
Dexter and The Moonrocks,2026-04-19 03:04 UTC,4358221,,,,,,,,,,,,,,
DJ Unzensiert,2026-04-19 03:04 UTC,1588081,,,,,,,,,,,,,,
Donda,2026-04-19 03:04 UTC,2256133,,,,,,,,,,,,,,
Dubioza Kolektive,2026-04-19 03:04 UTC,549850,,,,,,,,,,,,,,
dunderjeppe,2026-04-19 03:04 UTC,31819,,,,,,,,,,,,,,
Duskydemise archive,2026-04-19 03:04 UTC,348084,,,,,,,,,,,,,,
Duygu Edis,2026-04-19 03:04 UTC,2816286,,,,,,,,,,,,,,
dyingoutlay,2026-04-19 03:04 UTC,153,,,,,,,,,,,,,,
earfzilla,2026-04-19 03:04 UTC,9874,,,,,,,,,,,,,,
EMEI,2026-04-19 03:04 UTC,1835564,,,,,,,,,,,,,,
Emelie Trahan,2026-04-19 03:04 UTC,99489,,,,,,,,,,,,,,
EMJIE,2026-04-19 03:04 UTC,217600,,,,,,,,,,,,,,
F3miii,2026-04-19 03:04 UTC,2749620,,,,,,,,,,,,,,
Fcukers,2026-04-19 03:04 UTC,2215526,,,,,,,,,,,,,,
FIFA Sound,2026-04-19 03:04 UTC,2724626,,,,,,,,,,,,,,
FLO,2026-04-19 03:04 UTC,3746277,,,,,,,,,,,,,,
Franky Rizardo,2026-04-19 03:04 UTC,2812991,,,,,,,,,,,,,,
Girl Scout,2026-04-19 03:04 UTC,242493,,,,,,,,,,,,,,
girl_irl,2026-04-19 03:04 UTC,164856,,,,,,,,,,,,,,
girlsweetvoiced,2026-04-19 03:04 UTC,857594,,,,,,,,,,,,,,
gnawvs,2026-04-19 03:04 UTC,2189,,,,,,,,,,,,,,
Godtripper,2026-04-19 03:04 UTC,272391,,,,,,,,,,,,,,
Grupo Primer Grado,2026-04-19 03:04 UTC,2827582,,,,,,,,,,,,,,
Harrd Luck,2026-04-19 03:04 UTC,192895,,,,,,,,,,,,,,
Indeevar,2026-04-19 03:04 UTC,2849629,,,,,,,,,,,,,,
Indigo De Souza,2026-04-19 03:04 UTC,1690991,,,,,,,,,,,,,,
Infinity Song,2026-04-19 03:04 UTC,736275,,,,,,,,,,,,,,
isa in eutopia,2026-04-19 03:04 UTC,29543,,,,,,,,,,,,,,
Jackson Dean,2026-04-19 03:04 UTC,2048522,,,,,,,,,,,,,,
Jadasea,2026-04-19 03:04 UTC,170984,,,,,,,,,,,,,,
Jenny Baker,2026-04-19 03:04 UTC,117752,,,,,,,,,,,,,,
Joey Cash,2026-04-19 03:04 UTC,384366,,,,,,,,,,,,,,
Joy Rhodes,2026-04-19 03:04 UTC,429826,,,,,,,,,,,,,,
Julie Williams,2026-04-19 03:04 UTC,90333,,,,,,,,,,,,,,
JULIETT,2026-04-19 03:04 UTC,354600,,,,,,,,,,,,,,
Khaled,2026-04-19 03:04 UTC,2570087,,,,,,,,,,,,,,
Khan Saab,2026-04-19 03:04 UTC,12902097,,,,,,,,,,,,,,
King Kylie,2026-04-19 03:04 UTC,2301827,,,,,,,,,,,,,,
Koilwood,2026-04-19 03:04 UTC,46217,,,,,,,,,,,,,,
KUČKA,2026-04-19 03:04 UTC,1084917,,,,,,,,,,,,,,
Kurdi Klymax,2026-04-19 03:04 UTC,15847,,,,,,,,,,,,,,
Lamb,2026-04-19 03:04 UTC,395520,,,,,,,,,,,,,,
ledysek,2026-04-19 03:04 UTC,15827,,,,,,,,,,,,,,
Leni Woess,2026-04-19 03:04 UTC,914733,,,,,,,,,,,,,,
Lerado Khalil,2026-04-19 03:04 UTC,100555,,,,,,,,,,,,,,
Lightris,2026-04-19 03:04 UTC,799994,,,,,,,,,,,,,,
M!LK,2026-04-19 03:04 UTC,2589656,,,,,,,,,,,,,,
M4IA,2026-04-19 03:04 UTC,238276,,,,,,,,,,,,,,
MAGIC SOUND WOLF,2026-04-19 03:04 UTC,511423,,,,,,,,,,,,,,
Malcolm Todd,2026-04-19 03:04 UTC,20214775,,,,,,,,,,,,,,
Maphra,2026-04-19 03:04 UTC,1308186,,,,,,,,,,,,,,
marquitos,2026-04-19 03:04 UTC,871631,,,,,,,,,,,,,,
Maviler,2026-04-19 03:04 UTC,1060157,,,,,,,,,,,,,,
Maya Engen,2026-04-19 03:04 UTC,73346,,,,,,,,,,,,,,
Mietze Conte,2026-04-19 03:04 UTC,418825,,,,,,,,,,,,,,
Mijabella Marie,2026-04-19 03:04 UTC,22795,,,,,,,,,,,,,,
MIKE,2026-04-19 03:04 UTC,901282,,,,,,,,,,,,,,
Momo Boyd,2026-04-19 03:04 UTC,2825993,,,,,,,,,,,,,,
Mr Dutt,2026-04-19 03:04 UTC,2167559,,,,,,,,,,,,,,
Nickatnite,2026-04-19 03:04 UTC,13619,,,,,,,,,,,,,,
Nine Vicious,2026-04-19 03:04 UTC,1191868,,,,,,,,,,,,,,
nocashfromparents,2026-04-19 03:04 UTC,830757,,,,,,,,,,,,,,
North West,2026-04-19 03:04 UTC,605210,,,,,,,,,,,,,,
NPD,2026-04-19 03:04 UTC,1473560,,,,,,,,,,,,,,
OK Alva,2026-04-19 03:04 UTC,6489,,,,,,,,,,,,,,
osa,2026-04-19 03:04 UTC,81766,,,,,,,,,,,,,,
Pz',2026-04-19 03:04 UTC,317617,,,,,,,,,,,,,,
Reble,2026-04-19 03:04 UTC,13475382,,,,,,,,,,,,,,
Rocket Reese,2026-04-19 03:04 UTC,123209,,,,,,,,,,,,,,
S1RENA,2026-04-19 03:04 UTC,189488,,,,,,,,,,,,,,
Sara Landry,2026-04-19 03:04 UTC,1283244,,,,,,,,,,,,,,
Selim61,2026-04-19 03:04 UTC,1130490,,,,,,,,,,,,,,
Sematary,2026-04-19 03:04 UTC,835121,,,,,,,,,,,,,,
Slayr,2026-04-19 03:04 UTC,1173314,,,,,,,,,,,,,,
Slim Jxmmy,2026-04-19 03:04 UTC,36911,,,,,,,,,,,,,,
Sons of Yusuf,2026-04-19 03:04 UTC,1995873,,,,,,,,,,,,,,
Sreemani,2026-04-19 03:04 UTC,2090327,,,,,,,,,,,,,,
STELLA LEFTY,2026-04-19 03:04 UTC,4870888,,,,,,,,,,,,,,
STEREO,2026-04-19 03:04 UTC,1736203,,,,,,,,,,,,,,
Stopthis,2026-04-19 03:04 UTC,58731,,,,,,,,,,,,,,
Summrs,2026-04-19 03:04 UTC,1350577,,,,,,,,,,,,,,
SURF GANG,2026-04-19 03:04 UTC,748214,,,,,,,,,,,,,,
Sven Yamaha,2026-04-19 03:04 UTC,11954,,,,,,,,,,,,,,
Swizz Beatz,2026-04-19 03:04 UTC,1243478,,,,,,,,,,,,,,
T.O.P,2026-04-19 03:04 UTC,1438291,,,,,,,,,,,,,,
Tabi Gervis,2026-04-19 03:04 UTC,21173,,,,,,,,,,,,,,
Temper City,2026-04-19 03:04 UTC,7152395,,,,,,,,,,,,,,
The Long Faces,2026-04-19 03:04 UTC,3630328,,,,,,,,,,,,,,
The Twins,2026-04-19 03:04 UTC,73264,,,,,,,,,,,,,,
Tiffany Day,2026-04-19 03:04 UTC,1172827,,,,,,,,,,,,,,
Tiffany Hudson,2026-04-19 03:04 UTC,1746225,,,,,,,,,,,,,,
Tom Did It,2026-04-19 03:04 UTC,1267461,,,,,,,,,,,,,,
Tom Right,2026-04-19 03:04 UTC,959220,,,,,,,,,,,,,,
Trim,2026-04-19 03:04 UTC,2131469,,,,,,,,,,,,,,
Tsatsamis,2026-04-19 03:04 UTC,207300,,,,,,,,,,,,,,
twentythree,2026-04-19 03:04 UTC,1376406,,,,,,,,,,,,,,
TXKUMOON,2026-04-19 03:04 UTC,729416,,,,,,,,,,,,,,
Ullah,2026-04-19 03:04 UTC,85760,,,,,,,,,,,,,,
untiljapan,2026-04-19 03:04 UTC,230888,,,,,,,,,,,,,,
Vaibhav Gupta,2026-04-19 03:04 UTC,2786017,,,,,,,,,,,,,,
Valter Nilsson,2026-04-19 03:04 UTC,225502,,,,,,,,,,,,,,
Warren Roob,2026-04-19 03:04 UTC,843385,,,,,,,,,,,,,,
Will Sass,2026-04-19 03:04 UTC,780905,,,,,,,,,,,,,,
xo,2026-04-19 03:04 UTC,33880,,,,,,,,,,,,,,
YBRE,2026-04-19 03:04 UTC,1070575,,,,,,,,,,,,,,
Ye,2026-04-19 03:04 UTC,18343613,,,,,,,,,,,,,,
Yonusa,2026-04-19 03:04 UTC,271506,,,,,,,,,,,,,,
YUNA,2026-04-19 03:04 UTC,1289407,,,,,,,,,,,,,,
Zycan,2026-04-19 03:04 UTC,2148238,,,,,,,,,,,,,,
Canada Soccer,2026-04-19 03:04 UTC,332560,,,,,,,,,,,,,,
H. Hawkline,2026-04-19 03:04 UTC,156933,,,,,,,,,,,,,,
Rian Brazil,2026-04-19 03:04 UTC,43134,,,,,,,,,,,,,,
My New Band Believe,2026-04-19 03:04 UTC,213900,,,,,,,,,,,,,,
Baby Crash,2026-04-19 03:04 UTC,0,,,,,,,,,,,,,,
Street Fever,2026-04-19 03:04 UTC,156282,,,,,,,,,,,,,,
Lori Perri,2026-04-19 03:04 UTC,337,,,,,,,,,,,,,,
DJ B7 o Piranhão,2026-04-19 03:04 UTC,1431920,,,,,,,,,,,,,,
shonci,2026-04-19 03:04 UTC,3354838,,,,,,,,,,,,,,
OKI,2026-04-19 03:04 UTC,2346558,,,,,,,,,,,,,,
Juju,2026-04-19 03:04 UTC,2665713,,,,,,,,,,,,,,
Diana Pilquist,2026-04-19 03:04 UTC,1457,,,,,,,,,,,,,,
Sa!koro,2026-04-19 03:04 UTC,75333,,,,,,,,,,,,,,
Cap1talA,2026-04-19 03:04 UTC,196436,,,,,,,,,,,,,,
JADA,2026-04-19 03:04 UTC,23579,,,,,,,,,,,,,,
1 Umbrella,2026-04-19 03:04 UTC,202285,,,,,,,,,,,,,,
Mumu Fresh,2026-04-19 03:04 UTC,40274,,,,,,,,,,,,,,
Madeléne,2026-04-19 03:04 UTC,412960,,,,,,,,,,,,,,
Yuyu19,2026-04-19 03:04 UTC,1100075,,,,,,,,,,,,,,
Yaeger,2026-04-19 03:04 UTC,291174,,,,,,,,,,,,,,
Olof Dreijer,2026-04-19 03:04 UTC,71114,,,,,,,,,,,,,,
Boi-1da,2026-04-19 03:04 UTC,486397,,,,,,,,,,,,,,
BossMan Pac,2026-04-19 03:04 UTC,107246,,,,,,,,,,,,,,
Merry Lamb Lamb,2026-04-19 03:04 UTC,19543,,,,,,,,,,,,,,
318dman,2026-04-19 03:04 UTC,78432,,,,,,,,,,,,,,
The Sophs,2026-04-19 03:04 UTC,86127,,,,,,,,,,,,,,
SILICONE VALLEY,2026-04-19 03:04 UTC,31558,,,,,,,,,,,,,,
FREE JIMI,2026-04-19 03:04 UTC,57578,,,,,,,,,,,,,,
jalda,2026-04-19 03:04 UTC,36217,,,,,,,,,,,,,,
Slayyyter,2026-04-19 03:04 UTC,3504231,,,,,,,,,,,,,,
Wtm Solid,2026-04-19 03:04 UTC,11497,,,,,,,,,,,,,,
Les Imprimés,2026-04-19 03:04 UTC,132862,,,,,,,,,,,,,,
dóttir.x,2026-04-19 03:04 UTC,59347,,,,,,,,,,,,,,
Molly Hammar,2026-04-19 03:04 UTC,348872,,,,,,,,,,,,,,
Frost Children,2026-04-19 03:04 UTC,553857,,,,,,,,,,,,,,
JussGigi,2026-04-19 03:04 UTC,0,,,,,,,,,,,,,,
EL DEMOON,2026-04-19 03:04 UTC,20035,,,,,,,,,,,,,,
ROIROM,2026-04-19 03:04 UTC,48263,,,,,,,,,,,,,,
Karly Bowman,2026-04-19 03:04 UTC,116002,,,,,,,,,,,,,,
G3B,2026-04-19 03:04 UTC,100893,,,,,,,,,,,,,,
Ninety,2026-04-19 03:04 UTC,142743,,,,,,,,,,,,,,
Annie Tracy,2026-04-19 03:04 UTC,122188,,,,,,,,,,,,,,
Dwarde,2026-04-19 03:04 UTC,13415,,,,,,,,,,,,,,
THELMA,2026-04-19 03:04 UTC,29335,,,,,,,,,,,,,,
Pocket,2026-04-19 03:04 UTC,72789,,,,,,,,,,,,,,
KINGH,2026-04-19 03:04 UTC,115990,,,,,,,,,,,,,,
Specialist Moss,2026-04-19 03:04 UTC,461557,,,,,,,,,,,,,,
Anik Khan,2026-04-19 03:04 UTC,106177,,,,,,,,,,,,,,
ERISTHEPLANET,2026-04-19 03:04 UTC,54940,,,,,,,,,,,,,,
Oxis,2026-04-19 03:04 UTC,194800,,,,,,,,,,,,,,
Olga Myko,2026-04-19 03:04 UTC,2217893,,,,,,,,,,,,,,
SPELLLING,2026-04-19 03:04 UTC,66627,,,,,,,,,,,,,,
diamond*,2026-04-19 03:04 UTC,304114,,,,,,,,,,,,,,
Tezzus,2026-04-19 03:04 UTC,306203,,,,,,,,,,,,,,
Ghostfacekush,2026-04-19 03:04 UTC,51807,,,,,,,,,,,,,,
Loui Henderson,2026-04-19 03:04 UTC,43477,,,,,,,,,,,,,,
Kala,2026-04-19 03:04 UTC,0,,,,,,,,,,,,,,
rjtheweirdo,2026-04-19 03:04 UTC,204480,,,,,,,,,,,,,,
Erk,2026-04-19 03:04 UTC,70809,,,,,,,,,,,,,,
Naod,2026-04-19 03:04 UTC,242279,,,,,,,,,,,,,,
kuru,2026-04-19 03:04 UTC,213316,,,,,,,,,,,,,,
Luke Armstrong,2026-04-19 03:04 UTC,958,,,,,,,,,,,,,,
Sunday Service Choir,2026-04-19 03:04 UTC,431527,,,,,,,,,,,,,,
Chyno Miranda,2026-04-19 03:04 UTC,1228049,,,,,,,,,,,,,,
DJ Holiday,2026-04-19 03:04 UTC,126266,,,,,,,,,,,,,,
Lil B,2026-04-19 03:04 UTC,914794,,,,,,,,,,,,,,
Druski,2026-04-19 03:04 UTC,748230,,,,,,,,,,,,,,
Welwitschia,2026-04-19 03:04 UTC,712930,,,,,,,,,,,,,,
frozz,2026-04-19 03:04 UTC,770163,,,,,,,,,,,,,,
Aksomaniac,2026-04-19 03:04 UTC,918579,,,,,,,,,,,,,,
Ghetto Beisha,2026-04-19 03:04 UTC,16707,,,,,,,,,,,,,,
Pretty Pinkk,2026-04-19 03:04 UTC,16707,,,,,,,,,,,,,,
waera,2026-04-19 03:04 UTC,269577,,,,,,,,,,,,,,
Emanazul,2026-04-19 03:04 UTC,212120,,,,,,,,,,,,,,
Iguana Death Cult,2026-04-19 03:04 UTC,65314,,,,,,,,,,,,,,
Glizzy Glow,2026-04-19 03:04 UTC,5507,,,,,,,,,,,,,,
Naarly,2026-04-19 03:04 UTC,5066427,,,,,,,,,,,,,,
YASP,2026-04-19 03:04 UTC,17674,,,,,,,,,,,,,,
Sofiane Pamart,2026-04-19 03:04 UTC,2829327,,,,,,,,,,,,,,
Jimmy Butler,2026-04-19 03:04 UTC,11533,,,,,,,,,,,,,,
EA TJ,2026-04-19 03:04 UTC,26400,,,,,,,,,,,,,,
Lil Righteous,2026-04-19 03:04 UTC,0,,,,,,,,,,,,,,
JJerome87,2026-04-19 03:04 UTC,163869,,,,,,,,,,,,,,
HittMan,2026-04-19 03:04 UTC,16328,,,,,,,,,,,,,,
ShawtyRokk,2026-04-19 03:04 UTC,23313,,,,,,,,,,,,,,
Biggs money,2026-04-19 03:04 UTC,17111,,,,,,,,,,,,,,
Southsidesilhouette,2026-04-19 03:04 UTC,142092,,,,,,,,,,,,,,
TOMORA,2026-04-19 03:04 UTC,778953,,,,,,,,,,,,,,
DETO BLACK,2026-04-19 03:04 UTC,174288,,,,,,,,,,,,,,
Julia Church,2026-04-19 03:04 UTC,3514771,,,,,,,,,,,,,,
$t3PPA,2026-04-19 18:40 UTC,127578,,,,,,,,,,,,,,
00pium!*,2026-04-19 18:40 UTC,150,,,,,,,,,,,,,,
13dge,2026-04-19 18:40 UTC,4000,,,,,,,,,,,,,,
A2ANTI,2026-04-19 18:40 UTC,1674853,,,,,,,,,,,,,,
Addison Dean,2026-04-19 18:40 UTC,5300,,,,,,,,,,,,,,
Aiyana-Lee,2026-04-19 18:40 UTC,1036201,,,,,,,,,,,,,,
Andre Troutman,2026-04-19 18:40 UTC,9353518,,,,,,,,,,,,,,
Angine de Poitrine,2026-04-19 18:40 UTC,2293597,,,,,,,,,,,,,,
Anysia Kim,2026-04-19 18:40 UTC,184023,,,,,,,,,,,,,,
AQUAFINNA,2026-04-19 18:40 UTC,20892,,,,,,,,,,,,,,
Avery Cochrane,2026-04-19 18:40 UTC,562385,,,,,,,,,,,,,,
Banjaare,2026-04-19 18:40 UTC,16861615,,,,,,,,,,,,,,
billi0n,2026-04-19 18:40 UTC,47196,,,,,,,,,,,,,,
Billy Fuller,2026-04-19 18:40 UTC,18843,,,,,,,,,,,,,,
Bryan Countach,2026-04-19 18:40 UTC,262453,,,,,,,,,,,,,,
Canyon,2026-04-19 18:40 UTC,46930,,,,,,,,,,,,,,
Carter Faith,2026-04-19 18:40 UTC,2285802,,,,,,,,,,,,,,
Che,2026-04-19 18:40 UTC,1246639,,,,,,,,,,,,,,
Corridos del Rey,2026-04-19 18:40 UTC,1239541,,,,,,,,,,,,,,
Crystalo,2026-04-19 18:40 UTC,529062,,,,,,,,,,,,,,
Da Future,2026-04-19 18:40 UTC,4595754,,,,,,,,,,,,,,
Dale Move,2026-04-19 18:40 UTC,247246,,,,,,,,,,,,,,
Daniel Žižka,2026-04-19 18:40 UTC,134615,,,,,,,,,,,,,,
Dante,2026-04-19 18:40 UTC,511688,,,,,,,,,,,,,,
Dean Turnley,2026-04-19 18:40 UTC,1538563,,,,,,,,,,,,,,
Delta Ash,2026-04-19 18:40 UTC,509472,,,,,,,,,,,,,,
Dexter and The Moonrocks,2026-04-19 18:40 UTC,4511598,,,,,,,,,,,,,,
DJ Unzensiert,2026-04-19 18:40 UTC,1602504,,,,,,,,,,,,,,
Donda,2026-04-19 18:40 UTC,2273702,,,,,,,,,,,,,,
Dubioza Kolektive,2026-04-19 18:40 UTC,557513,,,,,,,,,,,,,,
dunderjeppe,2026-04-19 18:40 UTC,32173,,,,,,,,,,,,,,
Duskydemise archive,2026-04-19 18:40 UTC,358498,,,,,,,,,,,,,,
Duygu Edis,2026-04-19 18:40 UTC,2847727,,,,,,,,,,,,,,
dyingoutlay,2026-04-19 18:40 UTC,148,,,,,,,,,,,,,,
earfzilla,2026-04-19 18:40 UTC,9984,,,,,,,,,,,,,,
EMEI,2026-04-19 18:40 UTC,1856639,,,,,,,,,,,,,,
Emelie Trahan,2026-04-19 18:40 UTC,100397,,,,,,,,,,,,,,
EMJIE,2026-04-19 18:40 UTC,224275,,,,,,,,,,,,,,
F3miii,2026-04-19 18:40 UTC,2865795,,,,,,,,,,,,,,
Fcukers,2026-04-19 18:40 UTC,2230441,,,,,,,,,,,,,,
FIFA Sound,2026-04-19 18:40 UTC,2754058,,,,,,,,,,,,,,
FLO,2026-04-19 18:40 UTC,3732217,,,,,,,,,,,,,,
Franky Rizardo,2026-04-19 18:40 UTC,2821451,,,,,,,,,,,,,,
Girl Scout,2026-04-19 18:40 UTC,218310,,,,,,,,,,,,,,
girl_irl,2026-04-19 18:40 UTC,166732,,,,,,,,,,,,,,
girlsweetvoiced,2026-04-19 18:40 UTC,870300,,,,,,,,,,,,,,
gnawvs,2026-04-19 18:40 UTC,2256,,,,,,,,,,,,,,
Godtripper,2026-04-19 18:40 UTC,283520,,,,,,,,,,,,,,
Grupo Primer Grado,2026-04-19 18:40 UTC,2830963,,,,,,,,,,,,,,
Harrd Luck,2026-04-19 18:40 UTC,195182,,,,,,,,,,,,,,
Indeevar,2026-04-19 18:40 UTC,2913853,,,,,,,,,,,,,,
Indigo De Souza,2026-04-19 18:40 UTC,1693522,,,,,,,,,,,,,,
Infinity Song,2026-04-19 18:40 UTC,753447,,,,,,,,,,,,,,
isa in eutopia,2026-04-19 18:40 UTC,30407,,,,,,,,,,,,,,
Jackson Dean,2026-04-19 18:40 UTC,2044614,,,,,,,,,,,,,,
Jadasea,2026-04-19 18:40 UTC,172748,,,,,,,,,,,,,,
Jenny Baker,2026-04-19 18:40 UTC,117974,,,,,,,,,,,,,,
Joey Cash,2026-04-19 18:40 UTC,383591,,,,,,,,,,,,,,
Joy Rhodes,2026-04-19 18:40 UTC,458867,,,,,,,,,,,,,,
Julie Williams,2026-04-19 18:40 UTC,93988,,,,,,,,,,,,,,
JULIETT,2026-04-19 18:40 UTC,346687,,,,,,,,,,,,,,
Khaled,2026-04-19 18:40 UTC,2566556,,,,,,,,,,,,,,
Khan Saab,2026-04-19 18:40 UTC,12966981,,,,,,,,,,,,,,
King Kylie,2026-04-19 18:40 UTC,2221965,,,,,,,,,,,,,,
Koilwood,2026-04-19 18:40 UTC,47470,,,,,,,,,,,,,,
KUČKA,2026-04-19 18:40 UTC,1097037,,,,,,,,,,,,,,
Kurdi Klymax,2026-04-19 18:40 UTC,16032,,,,,,,,,,,,,,
Lamb,2026-04-19 18:40 UTC,396260,,,,,,,,,,,,,,
ledysek,2026-04-19 18:40 UTC,15760,,,,,,,,,,,,,,
Leni Woess,2026-04-19 18:40 UTC,915373,,,,,,,,,,,,,,
Lerado Khalil,2026-04-19 18:40 UTC,101668,,,,,,,,,,,,,,
Lightris,2026-04-19 18:40 UTC,804309,,,,,,,,,,,,,,
M!LK,2026-04-19 18:40 UTC,2585874,,,,,,,,,,,,,,
M4IA,2026-04-19 18:40 UTC,239588,,,,,,,,,,,,,,
MAGIC SOUND WOLF,2026-04-19 18:40 UTC,524625,,,,,,,,,,,,,,
Malcolm Todd,2026-04-19 18:40 UTC,20320982,,,,,,,,,,,,,,
Maphra,2026-04-19 18:40 UTC,1292572,,,,,,,,,,,,,,
marquitos,2026-04-19 18:40 UTC,853309,,,,,,,,,,,,,,
Maviler,2026-04-19 18:40 UTC,1046710,,,,,,,,,,,,,,
Maya Engen,2026-04-19 18:40 UTC,72445,,,,,,,,,,,,,,
Mietze Conte,2026-04-19 18:40 UTC,418665,,,,,,,,,,,,,,
Mijabella Marie,2026-04-19 18:40 UTC,23366,,,,,,,,,,,,,,
MIKE,2026-04-19 18:40 UTC,902039,,,,,,,,,,,,,,
Momo Boyd,2026-04-19 18:40 UTC,2791093,,,,,,,,,,,,,,
Mr Dutt,2026-04-19 18:40 UTC,2233247,,,,,,,,,,,,,,
Nickatnite,2026-04-19 18:40 UTC,13892,,,,,,,,,,,,,,
Nine Vicious,2026-04-19 18:40 UTC,1197903,,,,,,,,,,,,,,
nocashfromparents,2026-04-19 18:40 UTC,841839,,,,,,,,,,,,,,
North West,2026-04-19 18:40 UTC,605349,,,,,,,,,,,,,,
NPD,2026-04-19 18:40 UTC,1487028,,,,,,,,,,,,,,
OK Alva,2026-04-19 18:40 UTC,6551,,,,,,,,,,,,,,
osa,2026-04-19 18:40 UTC,84134,,,,,,,,,,,,,,
Pz',2026-04-19 18:40 UTC,319754,,,,,,,,,,,,,,
Reble,2026-04-19 18:40 UTC,13470896,,,,,,,,,,,,,,
Rocket Reese,2026-04-19 18:40 UTC,123922,,,,,,,,,,,,,,
S1RENA,2026-04-19 18:40 UTC,194563,,,,,,,,,,,,,,
Sara Landry,2026-04-19 18:40 UTC,1285983,,,,,,,,,,,,,,
Selim61,2026-04-19 18:40 UTC,1139927,,,,,,,,,,,,,,
Sematary,2026-04-19 18:40 UTC,839924,,,,,,,,,,,,,,
Slayr,2026-04-19 18:40 UTC,1166219,,,,,,,,,,,,,,
Slim Jxmmy,2026-04-19 18:40 UTC,36779,,,,,,,,,,,,,,
Sons of Yusuf,2026-04-19 18:40 UTC,1993000,,,,,,,,,,,,,,
Sreemani,2026-04-19 18:40 UTC,2142305,,,,,,,,,,,,,,
STELLA LEFTY,2026-04-19 18:40 UTC,5038425,,,,,,,,,,,,,,
STEREO,2026-04-19 18:40 UTC,1723148,,,,,,,,,,,,,,
Stopthis,2026-04-19 18:40 UTC,59201,,,,,,,,,,,,,,
Summrs,2026-04-19 18:40 UTC,1350959,,,,,,,,,,,,,,
SURF GANG,2026-04-19 18:40 UTC,752363,,,,,,,,,,,,,,
Sven Yamaha,2026-04-19 18:40 UTC,11979,,,,,,,,,,,,,,
Swizz Beatz,2026-04-19 18:40 UTC,1248776,,,,,,,,,,,,,,
T.O.P,2026-04-19 18:40 UTC,1477873,,,,,,,,,,,,,,
Tabi Gervis,2026-04-19 18:40 UTC,21226,,,,,,,,,,,,,,
Temper City,2026-04-19 18:40 UTC,7334134,,,,,,,,,,,,,,
The Long Faces,2026-04-19 18:40 UTC,3693160,,,,,,,,,,,,,,
The Twins,2026-04-19 18:40 UTC,73447,,,,,,,,,,,,,,
Tiffany Day,2026-04-19 18:40 UTC,1186595,,,,,,,,,,,,,,
Tiffany Hudson,2026-04-19 18:40 UTC,1742066,,,,,,,,,,,,,,
Tom Did It,2026-04-19 18:40 UTC,1274698,,,,,,,,,,,,,,
Tom Right,2026-04-19 18:40 UTC,957692,,,,,,,,,,,,,,
Trim,2026-04-19 18:40 UTC,2146841,,,,,,,,,,,,,,
Tsatsamis,2026-04-19 18:40 UTC,207977,,,,,,,,,,,,,,
twentythree,2026-04-19 18:40 UTC,1374728,,,,,,,,,,,,,,
TXKUMOON,2026-04-19 18:40 UTC,756200,,,,,,,,,,,,,,
Ullah,2026-04-19 18:40 UTC,86113,,,,,,,,,,,,,,
untiljapan,2026-04-19 18:40 UTC,229687,,,,,,,,,,,,,,
Vaibhav Gupta,2026-04-19 18:40 UTC,2773890,,,,,,,,,,,,,,
Valter Nilsson,2026-04-19 18:40 UTC,226230,,,,,,,,,,,,,,
Warren Roob,2026-04-19 18:40 UTC,835566,,,,,,,,,,,,,,
Will Sass,2026-04-19 18:40 UTC,758934,,,,,,,,,,,,,,
xo,2026-04-19 18:40 UTC,33305,,,,,,,,,,,,,,
YBRE,2026-04-19 18:40 UTC,1065220,,,,,,,,,,,,,,
Ye,2026-04-19 18:40 UTC,18561110,,,,,,,,,,,,,,
Yonusa,2026-04-19 18:40 UTC,272227,,,,,,,,,,,,,,
YUNA,2026-04-19 18:40 UTC,1320086,,,,,,,,,,,,,,
Zycan,2026-04-19 18:40 UTC,2161046,,,,,,,,,,,,,,
Canada Soccer,2026-04-19 18:40 UTC,347429,,,,,,,,,,,,,,
H. Hawkline,2026-04-19 18:40 UTC,164171,,,,,,,,,,,,,,
Rian Brazil,2026-04-19 18:40 UTC,44492,,,,,,,,,,,,,,
My New Band Believe,2026-04-19 18:40 UTC,217028,,,,,,,,,,,,,,
Baby Crash,2026-04-19 18:40 UTC,0,,,,,,,,,,,,,,
Street Fever,2026-04-19 18:40 UTC,160090,,,,,,,,,,,,,,
Lori Perri,2026-04-19 18:40 UTC,346,,,,,,,,,,,,,,
DJ B7 o Piranhão,2026-04-19 18:40 UTC,1535783,,,,,,,,,,,,,,
shonci,2026-04-19 18:40 UTC,3457439,,,,,,,,,,,,,,
OKI,2026-04-19 18:40 UTC,2361069,,,,,,,,,,,,,,
Juju,2026-04-19 18:40 UTC,2711498,,,,,,,,,,,,,,
Diana Pilquist,2026-04-19 18:40 UTC,1609,,,,,,,,,,,,,,
Sa!koro,2026-04-19 18:40 UTC,76025,,,,,,,,,,,,,,
Cap1talA,2026-04-19 18:40 UTC,200632,,,,,,,,,,,,,,
JADA,2026-04-19 18:40 UTC,24035,,,,,,,,,,,,,,
1 Umbrella,2026-04-19 18:40 UTC,205724,,,,,,,,,,,,,,
Mumu Fresh,2026-04-19 18:40 UTC,42281,,,,,,,,,,,,,,
Madeléne,2026-04-19 18:40 UTC,422869,,,,,,,,,,,,,,
Yuyu19,2026-04-19 18:40 UTC,1141941,,,,,,,,,,,,,,
Yaeger,2026-04-19 18:40 UTC,296338,,,,,,,,,,,,,,
Olof Dreijer,2026-04-19 18:40 UTC,71616,,,,,,,,,,,,,,
Boi-1da,2026-04-19 18:40 UTC,500914,,,,,,,,,,,,,,
BossMan Pac,2026-04-19 18:40 UTC,107896,,,,,,,,,,,,,,
Merry Lamb Lamb,2026-04-19 18:40 UTC,19874,,,,,,,,,,,,,,
318dman,2026-04-19 18:40 UTC,81193,,,,,,,,,,,,,,
The Sophs,2026-04-19 18:40 UTC,81840,,,,,,,,,,,,,,
SILICONE VALLEY,2026-04-19 18:40 UTC,31356,,,,,,,,,,,,,,
FREE JIMI,2026-04-19 18:40 UTC,58298,,,,,,,,,,,,,,
jalda,2026-04-19 18:40 UTC,38548,,,,,,,,,,,,,,
Slayyyter,2026-04-19 18:40 UTC,3682545,,,,,,,,,,,,,,
Wtm Solid,2026-04-19 18:40 UTC,11590,,,,,,,,,,,,,,
Les Imprimés,2026-04-19 18:40 UTC,133751,,,,,,,,,,,,,,
dóttir.x,2026-04-19 18:40 UTC,61011,,,,,,,,,,,,,,
Molly Hammar,2026-04-19 18:40 UTC,349692,,,,,,,,,,,,,,
Frost Children,2026-04-19 18:40 UTC,551911,,,,,,,,,,,,,,
JussGigi,2026-04-19 18:40 UTC,0,,,,,,,,,,,,,,
EL DEMOON,2026-04-19 18:40 UTC,22266,,,,,,,,,,,,,,
ROIROM,2026-04-19 18:40 UTC,49079,,,,,,,,,,,,,,
Karly Bowman,2026-04-19 18:40 UTC,122507,,,,,,,,,,,,,,
G3B,2026-04-19 18:40 UTC,107910,,,,,,,,,,,,,,
Ninety,2026-04-19 18:40 UTC,142637,,,,,,,,,,,,,,
Annie Tracy,2026-04-19 18:40 UTC,123847,,,,,,,,,,,,,,
Dwarde,2026-04-19 18:40 UTC,14565,,,,,,,,,,,,,,
THELMA,2026-04-19 18:40 UTC,31799,,,,,,,,,,,,,,
Pocket,2026-04-19 18:40 UTC,82005,,,,,,,,,,,,,,
KINGH,2026-04-19 18:40 UTC,117486,,,,,,,,,,,,,,
Specialist Moss,2026-04-19 18:40 UTC,484311,,,,,,,,,,,,,,
Anik Khan,2026-04-19 18:40 UTC,117591,,,,,,,,,,,,,,
ERISTHEPLANET,2026-04-19 18:40 UTC,55878,,,,,,,,,,,,,,
Oxis,2026-04-19 18:40 UTC,204906,,,,,,,,,,,,,,
Olga Myko,2026-04-19 18:40 UTC,2232564,,,,,,,,,,,,,,
SPELLLING,2026-04-19 18:40 UTC,70583,,,,,,,,,,,,,,
diamond*,2026-04-19 18:40 UTC,319753,,,,,,,,,,,,,,
Tezzus,2026-04-19 18:40 UTC,324893,,,,,,,,,,,,,,
Ghostfacekush,2026-04-19 18:40 UTC,52555,,,,,,,,,,,,,,
Loui Henderson,2026-04-19 18:40 UTC,65869,,,,,,,,,,,,,,
Kala,2026-04-19 18:40 UTC,0,,,,,,,,,,,,,,
rjtheweirdo,2026-04-19 18:40 UTC,253171,,,,,,,,,,,,,,
Erk,2026-04-19 18:40 UTC,72179,,,,,,,,,,,,,,
Naod,2026-04-19 18:40 UTC,250311,,,,,,,,,,,,,,
kuru,2026-04-19 18:40 UTC,217149,,,,,,,,,,,,,,
Luke Armstrong,2026-04-19 18:40 UTC,1263,,,,,,,,,,,,,,
Sunday Service Choir,2026-04-19 18:40 UTC,431683,,,,,,,,,,,,,,
Chyno Miranda,2026-04-19 18:40 UTC,1324334,,,,,,,,,,,,,,
DJ Holiday,2026-04-19 18:40 UTC,145646,,,,,,,,,,,,,,
Lil B,2026-04-19 18:40 UTC,978782,,,,,,,,,,,,,,
Druski,2026-04-19 18:40 UTC,789648,,,,,,,,,,,,,,
Welwitschia,2026-04-19 18:40 UTC,765089,,,,,,,,,,,,,,
frozz,2026-04-19 18:40 UTC,820931,,,,,,,,,,,,,,
Aksomaniac,2026-04-19 18:40 UTC,985289,,,,,,,,,,,,,,
Ghetto Beisha,2026-04-19 18:40 UTC,24139,,,,,,,,,,,,,,
Pretty Pinkk,2026-04-19 18:40 UTC,24139,,,,,,,,,,,,,,
waera,2026-04-19 18:40 UTC,271008,,,,,,,,,,,,,,
Emanazul,2026-04-19 18:40 UTC,283283,,,,,,,,,,,,,,
Iguana Death Cult,2026-04-19 18:40 UTC,65807,,,,,,,,,,,,,,
Glizzy Glow,2026-04-19 18:40 UTC,7179,,,,,,,,,,,,,,
Naarly,2026-04-19 18:40 UTC,5104950,,,,,,,,,,,,,,
YASP,2026-04-19 18:40 UTC,19478,,,,,,,,,,,,,,
Sofiane Pamart,2026-04-19 18:40 UTC,2975486,,,,,,,,,,,,,,
Jimmy Butler,2026-04-19 18:40 UTC,18496,,,,,,,,,,,,,,
EA TJ,2026-04-19 18:40 UTC,31774,,,,,,,,,,,,,,
Lil Righteous,2026-04-19 18:40 UTC,0,,,,,,,,,,,,,,
JJerome87,2026-04-19 18:40 UTC,186273,,,,,,,,,,,,,,
HittMan,2026-04-19 18:40 UTC,20044,,,,,,,,,,,,,,
ShawtyRokk,2026-04-19 18:40 UTC,26410,,,,,,,,,,,,,,
Biggs money,2026-04-19 18:40 UTC,20899,,,,,,,,,,,,,,
Southsidesilhouette,2026-04-19 18:40 UTC,148561,,,,,,,,,,,,,,
TOMORA,2026-04-19 18:40 UTC,815111,,,,,,,,,,,,,,
DETO BLACK,2026-04-19 18:40 UTC,216422,,,,,,,,,,,,,,
Julia Church,2026-04-19 18:40 UTC,3649158,,,,,,,,,,,,,,
$t3PPA,2026-04-19 23:56 UTC,127578,,,,,,,,,,,,,,
00pium!*,2026-04-19 23:56 UTC,150,,,,,,,,,,,,,,
13dge,2026-04-19 23:56 UTC,4000,,,,,,,,,,,,,,
A2ANTI,2026-04-19 23:56 UTC,1674853,,,,,,,,,,,,,,
Addison Dean,2026-04-19 23:56 UTC,5300,,,,,,,,,,,,,,
Aiyana-Lee,2026-04-19 23:56 UTC,1036201,,,,,,,,,,,,,,
Andre Troutman,2026-04-19 23:56 UTC,9353518,,,,,,,,,,,,,,
Angine de Poitrine,2026-04-19 23:56 UTC,2293597,,,,,,,,,,,,,,
Anysia Kim,2026-04-19 23:56 UTC,184023,,,,,,,,,,,,,,
AQUAFINNA,2026-04-19 23:56 UTC,20892,,,,,,,,,,,,,,
Avery Cochrane,2026-04-19 23:56 UTC,562385,,,,,,,,,,,,,,
Banjaare,2026-04-19 23:56 UTC,16861615,,,,,,,,,,,,,,
billi0n,2026-04-19 23:56 UTC,47196,,,,,,,,,,,,,,
Billy Fuller,2026-04-19 23:56 UTC,18843,,,,,,,,,,,,,,
Bryan Countach,2026-04-19 23:56 UTC,262453,,,,,,,,,,,,,,
Canyon,2026-04-19 23:56 UTC,46930,,,,,,,,,,,,,,
Carter Faith,2026-04-19 23:56 UTC,2285802,,,,,,,,,,,,,,
Che,2026-04-19 23:56 UTC,1246639,,,,,,,,,,,,,,
Corridos del Rey,2026-04-19 23:56 UTC,1239541,,,,,,,,,,,,,,
Crystalo,2026-04-19 23:56 UTC,529062,,,,,,,,,,,,,,
Da Future,2026-04-19 23:56 UTC,4595754,,,,,,,,,,,,,,
Dale Move,2026-04-19 23:56 UTC,247246,,,,,,,,,,,,,,
Daniel Žižka,2026-04-19 23:56 UTC,134615,,,,,,,,,,,,,,
Dante,2026-04-19 23:56 UTC,511688,,,,,,,,,,,,,,
Dean Turnley,2026-04-19 23:56 UTC,1538563,,,,,,,,,,,,,,
Delta Ash,2026-04-19 23:56 UTC,509472,,,,,,,,,,,,,,
Dexter and The Moonrocks,2026-04-19 23:56 UTC,4511598,,,,,,,,,,,,,,
DJ Unzensiert,2026-04-19 23:56 UTC,1602504,,,,,,,,,,,,,,
Donda,2026-04-19 23:56 UTC,2273702,,,,,,,,,,,,,,
Dubioza Kolektive,2026-04-19 23:56 UTC,557513,,,,,,,,,,,,,,
dunderjeppe,2026-04-19 23:56 UTC,32173,,,,,,,,,,,,,,
Duskydemise archive,2026-04-19 23:56 UTC,358498,,,,,,,,,,,,,,
Duygu Edis,2026-04-19 23:56 UTC,2847727,,,,,,,,,,,,,,
dyingoutlay,2026-04-19 23:56 UTC,148,,,,,,,,,,,,,,
earfzilla,2026-04-19 23:56 UTC,9984,,,,,,,,,,,,,,
EMEI,2026-04-19 23:56 UTC,1856639,,,,,,,,,,,,,,
Emelie Trahan,2026-04-19 23:56 UTC,100397,,,,,,,,,,,,,,
EMJIE,2026-04-19 23:56 UTC,224275,,,,,,,,,,,,,,
F3miii,2026-04-19 23:56 UTC,2865795,,,,,,,,,,,,,,
Fcukers,2026-04-19 23:56 UTC,2230441,,,,,,,,,,,,,,
FIFA Sound,2026-04-19 23:56 UTC,2754058,,,,,,,,,,,,,,
FLO,2026-04-19 23:56 UTC,3732217,,,,,,,,,,,,,,
Franky Rizardo,2026-04-19 23:56 UTC,2821451,,,,,,,,,,,,,,
Girl Scout,2026-04-19 23:56 UTC,218310,,,,,,,,,,,,,,
girl_irl,2026-04-19 23:56 UTC,166732,,,,,,,,,,,,,,
girlsweetvoiced,2026-04-19 23:56 UTC,870300,,,,,,,,,,,,,,
gnawvs,2026-04-19 23:56 UTC,2256,,,,,,,,,,,,,,
Godtripper,2026-04-19 23:56 UTC,283520,,,,,,,,,,,,,,
Grupo Primer Grado,2026-04-19 23:56 UTC,2830963,,,,,,,,,,,,,,
Harrd Luck,2026-04-19 23:56 UTC,195182,,,,,,,,,,,,,,
Indeevar,2026-04-19 23:56 UTC,2913853,,,,,,,,,,,,,,
Indigo De Souza,2026-04-19 23:56 UTC,1693522,,,,,,,,,,,,,,
Infinity Song,2026-04-19 23:56 UTC,753447,,,,,,,,,,,,,,
isa in eutopia,2026-04-19 23:56 UTC,30407,,,,,,,,,,,,,,
Jackson Dean,2026-04-19 23:56 UTC,2044614,,,,,,,,,,,,,,
Jadasea,2026-04-19 23:56 UTC,172748,,,,,,,,,,,,,,
Jenny Baker,2026-04-19 23:56 UTC,117974,,,,,,,,,,,,,,
Joey Cash,2026-04-19 23:56 UTC,383591,,,,,,,,,,,,,,
Joy Rhodes,2026-04-19 23:56 UTC,458867,,,,,,,,,,,,,,
Julie Williams,2026-04-19 23:56 UTC,93988,,,,,,,,,,,,,,
JULIETT,2026-04-19 23:56 UTC,346687,,,,,,,,,,,,,,
Khaled,2026-04-19 23:56 UTC,2566556,,,,,,,,,,,,,,
Khan Saab,2026-04-19 23:56 UTC,12966981,,,,,,,,,,,,,,
King Kylie,2026-04-19 23:56 UTC,2221965,,,,,,,,,,,,,,
Koilwood,2026-04-19 23:56 UTC,47470,,,,,,,,,,,,,,
KUČKA,2026-04-19 23:56 UTC,1097037,,,,,,,,,,,,,,
Kurdi Klymax,2026-04-19 23:56 UTC,16032,,,,,,,,,,,,,,
Lamb,2026-04-19 23:56 UTC,396260,,,,,,,,,,,,,,
ledysek,2026-04-19 23:56 UTC,15760,,,,,,,,,,,,,,
Leni Woess,2026-04-19 23:56 UTC,915373,,,,,,,,,,,,,,
Lerado Khalil,2026-04-19 23:56 UTC,101668,,,,,,,,,,,,,,
Lightris,2026-04-19 23:56 UTC,804309,,,,,,,,,,,,,,
M!LK,2026-04-19 23:56 UTC,2585874,,,,,,,,,,,,,,
M4IA,2026-04-19 23:56 UTC,239588,,,,,,,,,,,,,,
MAGIC SOUND WOLF,2026-04-19 23:56 UTC,524625,,,,,,,,,,,,,,
Malcolm Todd,2026-04-19 23:56 UTC,20320982,,,,,,,,,,,,,,
Maphra,2026-04-19 23:56 UTC,1292572,,,,,,,,,,,,,,
marquitos,2026-04-19 23:56 UTC,853309,,,,,,,,,,,,,,
Maviler,2026-04-19 23:56 UTC,1046710,,,,,,,,,,,,,,
Maya Engen,2026-04-19 23:56 UTC,72445,,,,,,,,,,,,,,
Mietze Conte,2026-04-19 23:56 UTC,418665,,,,,,,,,,,,,,
Mijabella Marie,2026-04-19 23:56 UTC,23366,,,,,,,,,,,,,,
MIKE,2026-04-19 23:56 UTC,902039,,,,,,,,,,,,,,
Momo Boyd,2026-04-19 23:56 UTC,2791093,,,,,,,,,,,,,,
Mr Dutt,2026-04-19 23:56 UTC,2233247,,,,,,,,,,,,,,
Nickatnite,2026-04-19 23:56 UTC,13892,,,,,,,,,,,,,,
Nine Vicious,2026-04-19 23:56 UTC,1197903,,,,,,,,,,,,,,
nocashfromparents,2026-04-19 23:56 UTC,841839,,,,,,,,,,,,,,
North West,2026-04-19 23:56 UTC,605349,,,,,,,,,,,,,,
NPD,2026-04-19 23:56 UTC,1487028,,,,,,,,,,,,,,
OK Alva,2026-04-19 23:56 UTC,6551,,,,,,,,,,,,,,
osa,2026-04-19 23:56 UTC,84134,,,,,,,,,,,,,,
Pz',2026-04-19 23:56 UTC,319754,,,,,,,,,,,,,,
Reble,2026-04-19 23:56 UTC,13470896,,,,,,,,,,,,,,
Rocket Reese,2026-04-19 23:56 UTC,123922,,,,,,,,,,,,,,
S1RENA,2026-04-19 23:56 UTC,194563,,,,,,,,,,,,,,
Sara Landry,2026-04-19 23:56 UTC,1285983,,,,,,,,,,,,,,
Selim61,2026-04-19 23:56 UTC,1139927,,,,,,,,,,,,,,
Sematary,2026-04-19 23:56 UTC,839924,,,,,,,,,,,,,,
Slayr,2026-04-19 23:56 UTC,1166219,,,,,,,,,,,,,,
Slim Jxmmy,2026-04-19 23:56 UTC,36779,,,,,,,,,,,,,,
Sons of Yusuf,2026-04-19 23:56 UTC,1993000,,,,,,,,,,,,,,
Sreemani,2026-04-19 23:56 UTC,2142305,,,,,,,,,,,,,,
STELLA LEFTY,2026-04-19 23:56 UTC,5038425,,,,,,,,,,,,,,
STEREO,2026-04-19 23:56 UTC,1723148,,,,,,,,,,,,,,
Stopthis,2026-04-19 23:56 UTC,59201,,,,,,,,,,,,,,
Summrs,2026-04-19 23:56 UTC,1350959,,,,,,,,,,,,,,
SURF GANG,2026-04-19 23:56 UTC,752363,,,,,,,,,,,,,,
Sven Yamaha,2026-04-19 23:56 UTC,11979,,,,,,,,,,,,,,
Swizz Beatz,2026-04-19 23:56 UTC,1248776,,,,,,,,,,,,,,
T.O.P,2026-04-19 23:56 UTC,1477873,,,,,,,,,,,,,,
Tabi Gervis,2026-04-19 23:56 UTC,21226,,,,,,,,,,,,,,
Temper City,2026-04-19 23:56 UTC,7334134,,,,,,,,,,,,,,
The Long Faces,2026-04-19 23:56 UTC,3693160,,,,,,,,,,,,,,
The Twins,2026-04-19 23:56 UTC,73447,,,,,,,,,,,,,,
Tiffany Day,2026-04-19 23:56 UTC,1186595,,,,,,,,,,,,,,
Tiffany Hudson,2026-04-19 23:56 UTC,1742066,,,,,,,,,,,,,,
Tom Did It,2026-04-19 23:56 UTC,1274698,,,,,,,,,,,,,,
Tom Right,2026-04-19 23:56 UTC,957692,,,,,,,,,,,,,,
Trim,2026-04-19 23:56 UTC,2146841,,,,,,,,,,,,,,
Tsatsamis,2026-04-19 23:56 UTC,207977,,,,,,,,,,,,,,
twentythree,2026-04-19 23:56 UTC,1374728,,,,,,,,,,,,,,
TXKUMOON,2026-04-19 23:56 UTC,756200,,,,,,,,,,,,,,
Ullah,2026-04-19 23:56 UTC,86113,,,,,,,,,,,,,,
untiljapan,2026-04-19 23:56 UTC,229687,,,,,,,,,,,,,,
Vaibhav Gupta,2026-04-19 23:56 UTC,2773890,,,,,,,,,,,,,,
Valter Nilsson,2026-04-19 23:56 UTC,226230,,,,,,,,,,,,,,
Warren Roob,2026-04-19 23:56 UTC,835566,,,,,,,,,,,,,,
Will Sass,2026-04-19 23:56 UTC,758934,,,,,,,,,,,,,,
xo,2026-04-19 23:56 UTC,33305,,,,,,,,,,,,,,
YBRE,2026-04-19 23:56 UTC,1065220,,,,,,,,,,,,,,
Ye,2026-04-19 23:56 UTC,18561110,,,,,,,,,,,,,,
Yonusa,2026-04-19 23:56 UTC,272227,,,,,,,,,,,,,,
YUNA,2026-04-19 23:56 UTC,1320086,,,,,,,,,,,,,,
Zycan,2026-04-19 23:56 UTC,2161046,,,,,,,,,,,,,,
Canada Soccer,2026-04-19 23:56 UTC,347429,,,,,,,,,,,,,,
H. Hawkline,2026-04-19 23:56 UTC,164171,,,,,,,,,,,,,,
Rian Brazil,2026-04-19 23:56 UTC,44492,,,,,,,,,,,,,,
My New Band Believe,2026-04-19 23:56 UTC,217028,,,,,,,,,,,,,,
Baby Crash,2026-04-19 23:56 UTC,0,,,,,,,,,,,,,,
Street Fever,2026-04-19 23:56 UTC,160090,,,,,,,,,,,,,,
Lori Perri,2026-04-19 23:56 UTC,346,,,,,,,,,,,,,,
DJ B7 o Piranhão,2026-04-19 23:56 UTC,1535783,,,,,,,,,,,,,,
shonci,2026-04-19 23:56 UTC,3457439,,,,,,,,,,,,,,
OKI,2026-04-19 23:56 UTC,2361069,,,,,,,,,,,,,,
Juju,2026-04-19 23:56 UTC,2711498,,,,,,,,,,,,,,
Diana Pilquist,2026-04-19 23:56 UTC,1609,,,,,,,,,,,,,,
Sa!koro,2026-04-19 23:56 UTC,76025,,,,,,,,,,,,,,
Cap1talA,2026-04-19 23:56 UTC,200632,,,,,,,,,,,,,,
JADA,2026-04-19 23:56 UTC,24035,,,,,,,,,,,,,,
1 Umbrella,2026-04-19 23:56 UTC,205724,,,,,,,,,,,,,,
Mumu Fresh,2026-04-19 23:56 UTC,42281,,,,,,,,,,,,,,
Madeléne,2026-04-19 23:56 UTC,422869,,,,,,,,,,,,,,
Yuyu19,2026-04-19 23:56 UTC,1141941,,,,,,,,,,,,,,
Yaeger,2026-04-19 23:56 UTC,296338,,,,,,,,,,,,,,
Olof Dreijer,2026-04-19 23:56 UTC,71616,,,,,,,,,,,,,,
Boi-1da,2026-04-19 23:56 UTC,500914,,,,,,,,,,,,,,
BossMan Pac,2026-04-19 23:56 UTC,107896,,,,,,,,,,,,,,
Merry Lamb Lamb,2026-04-19 23:56 UTC,19874,,,,,,,,,,,,,,
318dman,2026-04-19 23:56 UTC,81193,,,,,,,,,,,,,,
The Sophs,2026-04-19 23:56 UTC,81840,,,,,,,,,,,,,,
SILICONE VALLEY,2026-04-19 23:56 UTC,31356,,,,,,,,,,,,,,
FREE JIMI,2026-04-19 23:56 UTC,58298,,,,,,,,,,,,,,
jalda,2026-04-19 23:56 UTC,38548,,,,,,,,,,,,,,
Slayyyter,2026-04-19 23:56 UTC,3682545,,,,,,,,,,,,,,
Wtm Solid,2026-04-19 23:56 UTC,11590,,,,,,,,,,,,,,
Les Imprimés,2026-04-19 23:56 UTC,133751,,,,,,,,,,,,,,
dóttir.x,2026-04-19 23:56 UTC,61011,,,,,,,,,,,,,,
Molly Hammar,2026-04-19 23:56 UTC,349692,,,,,,,,,,,,,,
Frost Children,2026-04-19 23:56 UTC,551911,,,,,,,,,,,,,,
JussGigi,2026-04-19 23:56 UTC,0,,,,,,,,,,,,,,
EL DEMOON,2026-04-19 23:56 UTC,22266,,,,,,,,,,,,,,
ROIROM,2026-04-19 23:56 UTC,49079,,,,,,,,,,,,,,
Karly Bowman,2026-04-19 23:56 UTC,122507,,,,,,,,,,,,,,
G3B,2026-04-19 23:56 UTC,107910,,,,,,,,,,,,,,
Ninety,2026-04-19 23:56 UTC,142637,,,,,,,,,,,,,,
Annie Tracy,2026-04-19 23:56 UTC,123847,,,,,,,,,,,,,,
Dwarde,2026-04-19 23:56 UTC,14565,,,,,,,,,,,,,,
THELMA,2026-04-19 23:56 UTC,31799,,,,,,,,,,,,,,
Pocket,2026-04-19 23:56 UTC,82005,,,,,,,,,,,,,,
KINGH,2026-04-19 23:56 UTC,117486,,,,,,,,,,,,,,
Specialist Moss,2026-04-19 23:56 UTC,484311,,,,,,,,,,,,,,
Anik Khan,2026-04-19 23:56 UTC,117591,,,,,,,,,,,,,,
ERISTHEPLANET,2026-04-19 23:56 UTC,55878,,,,,,,,,,,,,,
Oxis,2026-04-19 23:56 UTC,204906,,,,,,,,,,,,,,
Olga Myko,2026-04-19 23:56 UTC,2232564,,,,,,,,,,,,,,
SPELLLING,2026-04-19 23:56 UTC,70583,,,,,,,,,,,,,,
diamond*,2026-04-19 23:56 UTC,319753,,,,,,,,,,,,,,
Tezzus,2026-04-19 23:56 UTC,324893,,,,,,,,,,,,,,
Ghostfacekush,2026-04-19 23:56 UTC,52555,,,,,,,,,,,,,,
Loui Henderson,2026-04-19 23:56 UTC,65869,,,,,,,,,,,,,,
Kala,2026-04-19 23:56 UTC,0,,,,,,,,,,,,,,
rjtheweirdo,2026-04-19 23:56 UTC,253171,,,,,,,,,,,,,,
Erk,2026-04-19 23:56 UTC,72179,,,,,,,,,,,,,,
Naod,2026-04-19 23:56 UTC,250311,,,,,,,,,,,,,,
kuru,2026-04-19 23:56 UTC,217149,,,,,,,,,,,,,,
Luke Armstrong,2026-04-19 23:56 UTC,1263,,,,,,,,,,,,,,
Sunday Service Choir,2026-04-19 23:56 UTC,431683,,,,,,,,,,,,,,
Chyno Miranda,2026-04-19 23:56 UTC,1324334,,,,,,,,,,,,,,
DJ Holiday,2026-04-19 23:56 UTC,145646,,,,,,,,,,,,,,
Lil B,2026-04-19 23:56 UTC,978782,,,,,,,,,,,,,,
Druski,2026-04-19 23:56 UTC,789648,,,,,,,,,,,,,,
Welwitschia,2026-04-19 23:56 UTC,765089,,,,,,,,,,,,,,
frozz,2026-04-19 23:56 UTC,820931,,,,,,,,,,,,,,
Aksomaniac,2026-04-19 23:56 UTC,985289,,,,,,,,,,,,,,
Ghetto Beisha,2026-04-19 23:56 UTC,24139,,,,,,,,,,,,,,
Pretty Pinkk,2026-04-19 23:56 UTC,24139,,,,,,,,,,,,,,
waera,2026-04-19 23:56 UTC,271008,,,,,,,,,,,,,,
Emanazul,2026-04-19 23:56 UTC,283283,,,,,,,,,,,,,,
Iguana Death Cult,2026-04-19 23:56 UTC,65807,,,,,,,,,,,,,,
Glizzy Glow,2026-04-19 23:56 UTC,7179,,,,,,,,,,,,,,
Naarly,2026-04-19 23:56 UTC,5104950,,,,,,,,,,,,,,
YASP,2026-04-19 23:56 UTC,19478,,,,,,,,,,,,,,
Sofiane Pamart,2026-04-19 23:56 UTC,2975486,,,,,,,,,,,,,,
Jimmy Butler,2026-04-19 23:56 UTC,18496,,,,,,,,,,,,,,
EA TJ,2026-04-19 23:56 UTC,31774,,,,,,,,,,,,,,
Lil Righteous,2026-04-19 23:56 UTC,0,,,,,,,,,,,,,,
JJerome87,2026-04-19 23:56 UTC,186273,,,,,,,,,,,,,,
HittMan,2026-04-19 23:56 UTC,20044,,,,,,,,,,,,,,
ShawtyRokk,2026-04-19 23:56 UTC,26410,,,,,,,,,,,,,,
Biggs money,2026-04-19 23:56 UTC,20899,,,,,,,,,,,,,,
Southsidesilhouette,2026-04-19 23:56 UTC,148561,,,,,,,,,,,,,,
TOMORA,2026-04-19 23:56 UTC,815111,,,,,,,,,,,,,,
DETO BLACK,2026-04-19 23:56 UTC,216422,,,,,,,,,,,,,,
Julia Church,2026-04-19 23:56 UTC,3649158,,,,,,,,,,,,,,
$t3PPA,2026-04-20 19:35 UTC,130489,,,,,,,,,,,,,,
00pium!*,2026-04-20 19:35 UTC,150,,,,,,,,,,,,,,
13dge,2026-04-20 19:35 UTC,3982,,,,,,,,,,,,,,
A2ANTI,2026-04-20 19:35 UTC,1685434,,,,,,,,,,,,,,
Addison Dean,2026-04-20 19:35 UTC,5477,,,,,,,,,,,,,,
Aiyana-Lee,2026-04-20 19:35 UTC,1022946,,,,,,,,,,,,,,
Andre Troutman,2026-04-20 19:35 UTC,9442955,,,,,,,,,,,,,,
Angine de Poitrine,2026-04-20 19:35 UTC,2335106,,,,,,,,,,,,,,
Anysia Kim,2026-04-20 19:35 UTC,185344,,,,,,,,,,,,,,
AQUAFINNA,2026-04-20 19:35 UTC,21278,,,,,,,,,,,,,,
Avery Cochrane,2026-04-20 19:35 UTC,564070,,,,,,,,,,,,,,
Banjaare,2026-04-20 19:35 UTC,17005596,,,,,,,,,,,,,,
billi0n,2026-04-20 19:35 UTC,46910,,,,,,,,,,,,,,
Billy Fuller,2026-04-20 19:35 UTC,18845,,,,,,,,,,,,,,
Bryan Countach,2026-04-20 19:35 UTC,265958,,,,,,,,,,,,,,
Canyon,2026-04-20 19:35 UTC,46375,,,,,,,,,,,,,,
Carter Faith,2026-04-20 19:35 UTC,2387112,,,,,,,,,,,,,,
Che,2026-04-20 19:35 UTC,1246435,,,,,,,,,,,,,,
Corridos del Rey,2026-04-20 19:35 UTC,1262082,,,,,,,,,,,,,,
Crystalo,2026-04-20 19:35 UTC,530265,,,,,,,,,,,,,,
Da Future,2026-04-20 19:35 UTC,4557925,,,,,,,,,,,,,,
Dale Move,2026-04-20 19:35 UTC,251901,,,,,,,,,,,,,,
Daniel Žižka,2026-04-20 19:35 UTC,133080,,,,,,,,,,,,,,
Dante,2026-04-20 19:35 UTC,519220,,,,,,,,,,,,,,
Dean Turnley,2026-04-20 19:35 UTC,1540228,,,,,,,,,,,,,,
Delta Ash,2026-04-20 19:35 UTC,516545,,,,,,,,,,,,,,
Dexter and The Moonrocks,2026-04-20 19:35 UTC,4644555,,,,,,,,,,,,,,
DJ Unzensiert,2026-04-20 19:35 UTC,1610711,,,,,,,,,,,,,,
Donda,2026-04-20 19:35 UTC,2284710,,,,,,,,,,,,,,
Dubioza Kolektive,2026-04-20 19:35 UTC,562160,,,,,,,,,,,,,,
dunderjeppe,2026-04-20 19:35 UTC,32340,,,,,,,,,,,,,,
Duskydemise archive,2026-04-20 19:35 UTC,365609,,,,,,,,,,,,,,
Duygu Edis,2026-04-20 19:35 UTC,2873441,,,,,,,,,,,,,,
dyingoutlay,2026-04-20 19:35 UTC,147,,,,,,,,,,,,,,
earfzilla,2026-04-20 19:35 UTC,10070,,,,,,,,,,,,,,
EMEI,2026-04-20 19:35 UTC,1873623,,,,,,,,,,,,,,
Emelie Trahan,2026-04-20 19:35 UTC,101049,,,,,,,,,,,,,,
EMJIE,2026-04-20 19:35 UTC,229800,,,,,,,,,,,,,,
F3miii,2026-04-20 19:35 UTC,2969938,,,,,,,,,,,,,,
Fcukers,2026-04-20 19:35 UTC,2241030,,,,,,,,,,,,,,
FIFA Sound,2026-04-20 19:35 UTC,2750438,,,,,,,,,,,,,,
FLO,2026-04-20 19:35 UTC,3727353,,,,,,,,,,,,,,
Franky Rizardo,2026-04-20 19:35 UTC,2827533,,,,,,,,,,,,,,
Girl Scout,2026-04-20 19:35 UTC,203952,,,,,,,,,,,,,,
girl_irl,2026-04-20 19:35 UTC,168458,,,,,,,,,,,,,,
girlsweetvoiced,2026-04-20 19:35 UTC,879652,,,,,,,,,,,,,,
gnawvs,2026-04-20 19:35 UTC,2326,,,,,,,,,,,,,,
Godtripper,2026-04-20 19:35 UTC,291753,,,,,,,,,,,,,,
Grupo Primer Grado,2026-04-20 19:35 UTC,2833731,,,,,,,,,,,,,,
Harrd Luck,2026-04-20 19:35 UTC,197102,,,,,,,,,,,,,,
Indeevar,2026-04-20 19:35 UTC,2972757,,,,,,,,,,,,,,
Indigo De Souza,2026-04-20 19:35 UTC,1692323,,,,,,,,,,,,,,
Infinity Song,2026-04-20 19:35 UTC,764264,,,,,,,,,,,,,,
isa in eutopia,2026-04-20 19:35 UTC,31153,,,,,,,,,,,,,,
Jackson Dean,2026-04-20 19:35 UTC,2031724,,,,,,,,,,,,,,
Jadasea,2026-04-20 19:35 UTC,174209,,,,,,,,,,,,,,
Jenny Baker,2026-04-20 19:35 UTC,118256,,,,,,,,,,,,,,
Joey Cash,2026-04-20 19:35 UTC,382785,,,,,,,,,,,,,,
Joy Rhodes,2026-04-20 19:35 UTC,478587,,,,,,,,,,,,,,
Julie Williams,2026-04-20 19:35 UTC,97157,,,,,,,,,,,,,,
JULIETT,2026-04-20 19:35 UTC,339859,,,,,,,,,,,,,,
Khaled,2026-04-20 19:35 UTC,2570078,,,,,,,,,,,,,,
Khan Saab,2026-04-20 19:35 UTC,12998053,,,,,,,,,,,,,,
King Kylie,2026-04-20 19:35 UTC,2164884,,,,,,,,,,,,,,
Koilwood,2026-04-20 19:35 UTC,48442,,,,,,,,,,,,,,
KUČKA,2026-04-20 19:35 UTC,1106906,,,,,,,,,,,,,,
Kurdi Klymax,2026-04-20 19:35 UTC,16226,,,,,,,,,,,,,,
Lamb,2026-04-20 19:35 UTC,397532,,,,,,,,,,,,,,
ledysek,2026-04-20 19:35 UTC,15735,,,,,,,,,,,,,,
Leni Woess,2026-04-20 19:35 UTC,913734,,,,,,,,,,,,,,
Lerado Khalil,2026-04-20 19:35 UTC,102653,,,,,,,,,,,,,,
Lightris,2026-04-20 19:35 UTC,806240,,,,,,,,,,,,,,
M!LK,2026-04-20 19:35 UTC,2584965,,,,,,,,,,,,,,
M4IA,2026-04-20 19:35 UTC,241045,,,,,,,,,,,,,,
MAGIC SOUND WOLF,2026-04-20 19:35 UTC,535186,,,,,,,,,,,,,,
Malcolm Todd,2026-04-20 19:35 UTC,20483290,,,,,,,,,,,,,,
Maphra,2026-04-20 19:35 UTC,1282284,,,,,,,,,,,,,,
marquitos,2026-04-20 19:35 UTC,838200,,,,,,,,,,,,,,
Maviler,2026-04-20 19:35 UTC,1039265,,,,,,,,,,,,,,
Maya Engen,2026-04-20 19:35 UTC,71630,,,,,,,,,,,,,,
Mietze Conte,2026-04-20 19:35 UTC,419348,,,,,,,,,,,,,,
Mijabella Marie,2026-04-20 19:35 UTC,23683,,,,,,,,,,,,,,
MIKE,2026-04-20 19:35 UTC,902051,,,,,,,,,,,,,,
Momo Boyd,2026-04-20 19:35 UTC,2756779,,,,,,,,,,,,,,
Mr Dutt,2026-04-20 19:35 UTC,2275847,,,,,,,,,,,,,,
Nickatnite,2026-04-20 19:35 UTC,14121,,,,,,,,,,,,,,
Nine Vicious,2026-04-20 19:35 UTC,1202594,,,,,,,,,,,,,,
nocashfromparents,2026-04-20 19:35 UTC,849217,,,,,,,,,,,,,,
North West,2026-04-20 19:35 UTC,605873,,,,,,,,,,,,,,
NPD,2026-04-20 19:35 UTC,1511194,,,,,,,,,,,,,,
OK Alva,2026-04-20 19:35 UTC,6629,,,,,,,,,,,,,,
osa,2026-04-20 19:35 UTC,86244,,,,,,,,,,,,,,
Pz',2026-04-20 19:35 UTC,320656,,,,,,,,,,,,,,
Reble,2026-04-20 19:35 UTC,13439471,,,,,,,,,,,,,,
Rocket Reese,2026-04-20 19:35 UTC,124734,,,,,,,,,,,,,,
S1RENA,2026-04-20 19:35 UTC,198920,,,,,,,,,,,,,,
Sara Landry,2026-04-20 19:35 UTC,1287478,,,,,,,,,,,,,,
Selim61,2026-04-20 19:35 UTC,1143967,,,,,,,,,,,,,,
Sematary,2026-04-20 19:35 UTC,843454,,,,,,,,,,,,,,
Slayr,2026-04-20 19:35 UTC,1161007,,,,,,,,,,,,,,
Slim Jxmmy,2026-04-20 19:35 UTC,36706,,,,,,,,,,,,,,
Sons of Yusuf,2026-04-20 19:35 UTC,1996568,,,,,,,,,,,,,,
Sreemani,2026-04-20 19:35 UTC,2192591,,,,,,,,,,,,,,
STELLA LEFTY,2026-04-20 19:35 UTC,5231648,,,,,,,,,,,,,,
STEREO,2026-04-20 19:35 UTC,1716660,,,,,,,,,,,,,,
Stopthis,2026-04-20 19:35 UTC,59534,,,,,,,,,,,,,,
Summrs,2026-04-20 19:35 UTC,1351241,,,,,,,,,,,,,,
SURF GANG,2026-04-20 19:35 UTC,756220,,,,,,,,,,,,,,
Sven Yamaha,2026-04-20 19:35 UTC,11969,,,,,,,,,,,,,,
Swizz Beatz,2026-04-20 19:35 UTC,1251893,,,,,,,,,,,,,,
T.O.P,2026-04-20 19:35 UTC,1507928,,,,,,,,,,,,,,
Tabi Gervis,2026-04-20 19:35 UTC,21333,,,,,,,,,,,,,,
Temper City,2026-04-20 19:35 UTC,7489658,,,,,,,,,,,,,,
The Long Faces,2026-04-20 19:35 UTC,3739108,,,,,,,,,,,,,,
The Twins,2026-04-20 19:35 UTC,73865,,,,,,,,,,,,,,
Tiffany Day,2026-04-20 19:35 UTC,1200024,,,,,,,,,,,,,,
Tiffany Hudson,2026-04-20 19:35 UTC,1736421,,,,,,,,,,,,,,
Tom Did It,2026-04-20 19:35 UTC,1272338,,,,,,,,,,,,,,
Tom Right,2026-04-20 19:35 UTC,947105,,,,,,,,,,,,,,
Trim,2026-04-20 19:35 UTC,2155840,,,,,,,,,,,,,,
Tsatsamis,2026-04-20 19:35 UTC,208050,,,,,,,,,,,,,,
twentythree,2026-04-20 19:35 UTC,1372745,,,,,,,,,,,,,,
TXKUMOON,2026-04-20 19:35 UTC,778864,,,,,,,,,,,,,,
Ullah,2026-04-20 19:35 UTC,86595,,,,,,,,,,,,,,
untiljapan,2026-04-20 19:35 UTC,228796,,,,,,,,,,,,,,
Vaibhav Gupta,2026-04-20 19:35 UTC,2741008,,,,,,,,,,,,,,
Valter Nilsson,2026-04-20 19:35 UTC,226828,,,,,,,,,,,,,,
Warren Roob,2026-04-20 19:35 UTC,826954,,,,,,,,,,,,,,
Will Sass,2026-04-20 19:35 UTC,742522,,,,,,,,,,,,,,
xo,2026-04-20 19:35 UTC,32704,,,,,,,,,,,,,,
YBRE,2026-04-20 19:35 UTC,1062411,,,,,,,,,,,,,,
Ye,2026-04-20 19:35 UTC,18744006,,,,,,,,,,,,,,
Yonusa,2026-04-20 19:35 UTC,272859,,,,,,,,,,,,,,
YUNA,2026-04-20 19:35 UTC,1351292,,,,,,,,,,,,,,
Zycan,2026-04-20 19:35 UTC,2172153,,,,,,,,,,,,,,
Canada Soccer,2026-04-20 19:35 UTC,357814,,,,,,,,,,,,,,
H. Hawkline,2026-04-20 19:35 UTC,169618,,,,,,,,,,,,,,
Rian Brazil,2026-04-20 19:35 UTC,45857,,,,,,,,,,,,,,
My New Band Believe,2026-04-20 19:35 UTC,219700,,,,,,,,,,,,,,
Baby Crash,2026-04-20 19:35 UTC,0,,,,,,,,,,,,,,
Street Fever,2026-04-20 19:35 UTC,162875,,,,,,,,,,,,,,
Lori Perri,2026-04-20 19:35 UTC,348,,,,,,,,,,,,,,
DJ B7 o Piranhão,2026-04-20 19:35 UTC,1631017,,,,,,,,,,,,,,
shonci,2026-04-20 19:35 UTC,3531706,,,,,,,,,,,,,,
OKI,2026-04-20 19:35 UTC,2369040,,,,,,,,,,,,,,
Juju,2026-04-20 19:35 UTC,2738050,,,,,,,,,,,,,,
Diana Pilquist,2026-04-20 19:35 UTC,1735,,,,,,,,,,,,,,
Sa!koro,2026-04-20 19:35 UTC,76699,,,,,,,,,,,,,,
Cap1talA,2026-04-20 19:35 UTC,204249,,,,,,,,,,,,,,
JADA,2026-04-20 19:35 UTC,24372,,,,,,,,,,,,,,
1 Umbrella,2026-04-20 19:35 UTC,207634,,,,,,,,,,,,,,
Mumu Fresh,2026-04-20 19:35 UTC,43767,,,,,,,,,,,,,,
Madeléne,2026-04-20 19:35 UTC,429339,,,,,,,,,,,,,,
Yuyu19,2026-04-20 19:35 UTC,1166893,,,,,,,,,,,,,,
Yaeger,2026-04-20 19:35 UTC,299752,,,,,,,,,,,,,,
Olof Dreijer,2026-04-20 19:35 UTC,72167,,,,,,,,,,,,,,
Boi-1da,2026-04-20 19:35 UTC,511110,,,,,,,,,,,,,,
BossMan Pac,2026-04-20 19:35 UTC,108229,,,,,,,,,,,,,,
Merry Lamb Lamb,2026-04-20 19:35 UTC,20119,,,,,,,,,,,,,,
318dman,2026-04-20 19:35 UTC,85161,,,,,,,,,,,,,,
The Sophs,2026-04-20 19:35 UTC,78156,,,,,,,,,,,,,,
SILICONE VALLEY,2026-04-20 19:35 UTC,31165,,,,,,,,,,,,,,
FREE JIMI,2026-04-20 19:35 UTC,59488,,,,,,,,,,,,,,
jalda,2026-04-20 19:35 UTC,40045,,,,,,,,,,,,,,
Slayyyter,2026-04-20 19:35 UTC,3792355,,,,,,,,,,,,,,
Wtm Solid,2026-04-20 19:35 UTC,11700,,,,,,,,,,,,,,
Les Imprimés,2026-04-20 19:35 UTC,134632,,,,,,,,,,,,,,
dóttir.x,2026-04-20 19:35 UTC,62284,,,,,,,,,,,,,,
Molly Hammar,2026-04-20 19:35 UTC,350407,,,,,,,,,,,,,,
Frost Children,2026-04-20 19:35 UTC,549643,,,,,,,,,,,,,,
JussGigi,2026-04-20 19:35 UTC,0,,,,,,,,,,,,,,
EL DEMOON,2026-04-20 19:35 UTC,25210,,,,,,,,,,,,,,
ROIROM,2026-04-20 19:35 UTC,50142,,,,,,,,,,,,,,
Karly Bowman,2026-04-20 19:35 UTC,127161,,,,,,,,,,,,,,
G3B,2026-04-20 19:35 UTC,112860,,,,,,,,,,,,,,
Ninety,2026-04-20 19:35 UTC,142987,,,,,,,,,,,,,,
Annie Tracy,2026-04-20 19:35 UTC,125743,,,,,,,,,,,,,,
Dwarde,2026-04-20 19:35 UTC,15153,,,,,,,,,,,,,,
THELMA,2026-04-20 19:35 UTC,33643,,,,,,,,,,,,,,
Pocket,2026-04-20 19:35 UTC,87997,,,,,,,,,,,,,,
KINGH,2026-04-20 19:35 UTC,119062,,,,,,,,,,,,,,
Specialist Moss,2026-04-20 19:35 UTC,503492,,,,,,,,,,,,,,
Anik Khan,2026-04-20 19:35 UTC,126652,,,,,,,,,,,,,,
ERISTHEPLANET,2026-04-20 19:35 UTC,56477,,,,,,,,,,,,,,
Oxis,2026-04-20 19:35 UTC,209486,,,,,,,,,,,,,,
Olga Myko,2026-04-20 19:35 UTC,2236599,,,,,,,,,,,,,,
SPELLLING,2026-04-20 19:35 UTC,72738,,,,,,,,,,,,,,
diamond*,2026-04-20 19:35 UTC,326449,,,,,,,,,,,,,,
Tezzus,2026-04-20 19:35 UTC,336242,,,,,,,,,,,,,,
Ghostfacekush,2026-04-20 19:35 UTC,53368,,,,,,,,,,,,,,
Loui Henderson,2026-04-20 19:35 UTC,79008,,,,,,,,,,,,,,
Kala,2026-04-20 19:35 UTC,0,,,,,,,,,,,,,,
rjtheweirdo,2026-04-20 19:35 UTC,277110,,,,,,,,,,,,,,
Erk,2026-04-20 19:35 UTC,73032,,,,,,,,,,,,,,
Naod,2026-04-20 19:35 UTC,257585,,,,,,,,,,,,,,
kuru,2026-04-20 19:35 UTC,220845,,,,,,,,,,,,,,
Luke Armstrong,2026-04-20 19:35 UTC,1506,,,,,,,,,,,,,,
Sunday Service Choir,2026-04-20 19:35 UTC,432270,,,,,,,,,,,,,,
Chyno Miranda,2026-04-20 19:35 UTC,1391869,,,,,,,,,,,,,,
DJ Holiday,2026-04-20 19:35 UTC,155895,,,,,,,,,,,,,,
Lil B,2026-04-20 19:35 UTC,1054821,,,,,,,,,,,,,,
Druski,2026-04-20 19:35 UTC,846457,,,,,,,,,,,,,,
Welwitschia,2026-04-20 19:35 UTC,810638,,,,,,,,,,,,,,
frozz,2026-04-20 19:35 UTC,864957,,,,,,,,,,,,,,
Aksomaniac,2026-04-20 19:35 UTC,1054609,,,,,,,,,,,,,,
Ghetto Beisha,2026-04-20 19:35 UTC,28357,,,,,,,,,,,,,,
Pretty Pinkk,2026-04-20 19:35 UTC,28353,,,,,,,,,,,,,,
waera,2026-04-20 19:35 UTC,270731,,,,,,,,,,,,,,
Emanazul,2026-04-20 19:35 UTC,322343,,,,,,,,,,,,,,
Iguana Death Cult,2026-04-20 19:35 UTC,66060,,,,,,,,,,,,,,
Glizzy Glow,2026-04-20 19:35 UTC,8191,,,,,,,,,,,,,,
Naarly,2026-04-20 19:35 UTC,5131789,,,,,,,,,,,,,,
YASP,2026-04-20 19:35 UTC,20851,,,,,,,,,,,,,,
Sofiane Pamart,2026-04-20 19:35 UTC,3098914,,,,,,,,,,,,,,
Jimmy Butler,2026-04-20 19:35 UTC,24005,,,,,,,,,,,,,,
EA TJ,2026-04-20 19:35 UTC,34404,,,,,,,,,,,,,,
Lil Righteous,2026-04-20 19:35 UTC,0,,,,,,,,,,,,,,
JJerome87,2026-04-20 19:35 UTC,200465,,,,,,,,,,,,,,
HittMan,2026-04-20 19:35 UTC,21778,,,,,,,,,,,,,,
ShawtyRokk,2026-04-20 19:35 UTC,28064,,,,,,,,,,,,,,
Biggs money,2026-04-20 19:35 UTC,22812,,,,,,,,,,,,,,
Southsidesilhouette,2026-04-20 19:35 UTC,152448,,,,,,,,,,,,,,
TOMORA,2026-04-20 19:35 UTC,836170,,,,,,,,,,,,,,
DETO BLACK,2026-04-20 19:35 UTC,246095,,,,,,,,,,,,,,
Julia Church,2026-04-20 19:35 UTC,3724731,,,,,,,,,,,,,,
Devault,2026-04-20 19:35 UTC,1943759,,,,,,,,,,,,,,
Sébastien Tellier,2026-04-20 19:35 UTC,1046307,,,,,,,,,,,,,,
Brittany Aldean,2026-04-20 19:35 UTC,173025,,,,,,,,,,,,,,
$t3PPA,2026-04-21 00:03 UTC,130489,,,,,,,,,,,,,,
00pium!*,2026-04-21 00:03 UTC,150,,,,,,,,,,,,,,
13dge,2026-04-21 00:03 UTC,3982,,,,,,,,,,,,,,
A2ANTI,2026-04-21 00:03 UTC,1685434,,,,,,,,,,,,,,
Addison Dean,2026-04-21 00:03 UTC,5477,,,,,,,,,,,,,,
Aiyana-Lee,2026-04-21 00:03 UTC,1022946,,,,,,,,,,,,,,
Andre Troutman,2026-04-21 00:03 UTC,9442955,,,,,,,,,,,,,,
Angine de Poitrine,2026-04-21 00:03 UTC,2335106,,,,,,,,,,,,,,
Anysia Kim,2026-04-21 00:03 UTC,185344,,,,,,,,,,,,,,
AQUAFINNA,2026-04-21 00:03 UTC,21278,,,,,,,,,,,,,,
Avery Cochrane,2026-04-21 00:03 UTC,564070,,,,,,,,,,,,,,
Banjaare,2026-04-21 00:03 UTC,17005596,,,,,,,,,,,,,,
billi0n,2026-04-21 00:03 UTC,46910,,,,,,,,,,,,,,
Billy Fuller,2026-04-21 00:03 UTC,18845,,,,,,,,,,,,,,
Bryan Countach,2026-04-21 00:03 UTC,265958,,,,,,,,,,,,,,
Canyon,2026-04-21 00:03 UTC,46375,,,,,,,,,,,,,,
Carter Faith,2026-04-21 00:03 UTC,2387112,,,,,,,,,,,,,,
Che,2026-04-21 00:03 UTC,1246435,,,,,,,,,,,,,,
Corridos del Rey,2026-04-21 00:03 UTC,1262082,,,,,,,,,,,,,,
Crystalo,2026-04-21 00:03 UTC,530265,,,,,,,,,,,,,,
Da Future,2026-04-21 00:03 UTC,4557925,,,,,,,,,,,,,,
Dale Move,2026-04-21 00:03 UTC,251901,,,,,,,,,,,,,,
Daniel Žižka,2026-04-21 00:03 UTC,133080,,,,,,,,,,,,,,
Dante,2026-04-21 00:03 UTC,519220,,,,,,,,,,,,,,
Dean Turnley,2026-04-21 00:03 UTC,1540228,,,,,,,,,,,,,,
Delta Ash,2026-04-21 00:03 UTC,516545,,,,,,,,,,,,,,
Dexter and The Moonrocks,2026-04-21 00:03 UTC,4644555,,,,,,,,,,,,,,
DJ Unzensiert,2026-04-21 00:03 UTC,1610711,,,,,,,,,,,,,,
Donda,2026-04-21 00:03 UTC,2284710,,,,,,,,,,,,,,
Dubioza Kolektive,2026-04-21 00:03 UTC,562160,,,,,,,,,,,,,,
dunderjeppe,2026-04-21 00:03 UTC,32340,,,,,,,,,,,,,,
Duskydemise archive,2026-04-21 00:03 UTC,365609,,,,,,,,,,,,,,
Duygu Edis,2026-04-21 00:03 UTC,2873441,,,,,,,,,,,,,,
dyingoutlay,2026-04-21 00:03 UTC,147,,,,,,,,,,,,,,
earfzilla,2026-04-21 00:03 UTC,10070,,,,,,,,,,,,,,
EMEI,2026-04-21 00:03 UTC,1873623,,,,,,,,,,,,,,
Emelie Trahan,2026-04-21 00:03 UTC,101049,,,,,,,,,,,,,,
EMJIE,2026-04-21 00:03 UTC,229800,,,,,,,,,,,,,,
F3miii,2026-04-21 00:03 UTC,2969938,,,,,,,,,,,,,,
Fcukers,2026-04-21 00:03 UTC,2241030,,,,,,,,,,,,,,
FIFA Sound,2026-04-21 00:03 UTC,2750438,,,,,,,,,,,,,,
FLO,2026-04-21 00:03 UTC,3727353,,,,,,,,,,,,,,
Franky Rizardo,2026-04-21 00:03 UTC,2827533,,,,,,,,,,,,,,
Girl Scout,2026-04-21 00:03 UTC,203952,,,,,,,,,,,,,,
girl_irl,2026-04-21 00:03 UTC,168458,,,,,,,,,,,,,,
girlsweetvoiced,2026-04-21 00:03 UTC,879652,,,,,,,,,,,,,,
gnawvs,2026-04-21 00:03 UTC,2326,,,,,,,,,,,,,,
Godtripper,2026-04-21 00:03 UTC,291753,,,,,,,,,,,,,,
Grupo Primer Grado,2026-04-21 00:03 UTC,2833731,,,,,,,,,,,,,,
Harrd Luck,2026-04-21 00:03 UTC,197102,,,,,,,,,,,,,,
Indeevar,2026-04-21 00:03 UTC,2972757,,,,,,,,,,,,,,
Indigo De Souza,2026-04-21 00:03 UTC,1692323,,,,,,,,,,,,,,
Infinity Song,2026-04-21 00:03 UTC,764264,,,,,,,,,,,,,,
isa in eutopia,2026-04-21 00:03 UTC,31153,,,,,,,,,,,,,,
Jackson Dean,2026-04-21 00:03 UTC,2031724,,,,,,,,,,,,,,
Jadasea,2026-04-21 00:03 UTC,174209,,,,,,,,,,,,,,
Jenny Baker,2026-04-21 00:03 UTC,118256,,,,,,,,,,,,,,
Joey Cash,2026-04-21 00:03 UTC,382785,,,,,,,,,,,,,,
Joy Rhodes,2026-04-21 00:03 UTC,478587,,,,,,,,,,,,,,
Julie Williams,2026-04-21 00:03 UTC,97157,,,,,,,,,,,,,,
JULIETT,2026-04-21 00:03 UTC,339859,,,,,,,,,,,,,,
Khaled,2026-04-21 00:03 UTC,2570078,,,,,,,,,,,,,,
Khan Saab,2026-04-21 00:03 UTC,12998053,,,,,,,,,,,,,,
King Kylie,2026-04-21 00:03 UTC,2164884,,,,,,,,,,,,,,
Koilwood,2026-04-21 00:03 UTC,48442,,,,,,,,,,,,,,
KUČKA,2026-04-21 00:03 UTC,1106906,,,,,,,,,,,,,,
Kurdi Klymax,2026-04-21 00:03 UTC,16226,,,,,,,,,,,,,,
Lamb,2026-04-21 00:03 UTC,397532,,,,,,,,,,,,,,
ledysek,2026-04-21 00:03 UTC,15735,,,,,,,,,,,,,,
Leni Woess,2026-04-21 00:03 UTC,913734,,,,,,,,,,,,,,
Lerado Khalil,2026-04-21 00:03 UTC,102653,,,,,,,,,,,,,,
Lightris,2026-04-21 00:03 UTC,806240,,,,,,,,,,,,,,
M!LK,2026-04-21 00:03 UTC,2584965,,,,,,,,,,,,,,
M4IA,2026-04-21 00:03 UTC,241045,,,,,,,,,,,,,,
MAGIC SOUND WOLF,2026-04-21 00:03 UTC,535186,,,,,,,,,,,,,,
Malcolm Todd,2026-04-21 00:03 UTC,20483290,,,,,,,,,,,,,,
Maphra,2026-04-21 00:03 UTC,1282284,,,,,,,,,,,,,,
marquitos,2026-04-21 00:03 UTC,838200,,,,,,,,,,,,,,
Maviler,2026-04-21 00:03 UTC,1039265,,,,,,,,,,,,,,
Maya Engen,2026-04-21 00:03 UTC,71630,,,,,,,,,,,,,,
Mietze Conte,2026-04-21 00:03 UTC,419348,,,,,,,,,,,,,,
Mijabella Marie,2026-04-21 00:03 UTC,23683,,,,,,,,,,,,,,
MIKE,2026-04-21 00:03 UTC,902051,,,,,,,,,,,,,,
Momo Boyd,2026-04-21 00:03 UTC,2756779,,,,,,,,,,,,,,
Mr Dutt,2026-04-21 00:03 UTC,2275847,,,,,,,,,,,,,,
Nickatnite,2026-04-21 00:03 UTC,14121,,,,,,,,,,,,,,
Nine Vicious,2026-04-21 00:03 UTC,1202594,,,,,,,,,,,,,,
nocashfromparents,2026-04-21 00:03 UTC,849217,,,,,,,,,,,,,,
North West,2026-04-21 00:03 UTC,605873,,,,,,,,,,,,,,
NPD,2026-04-21 00:03 UTC,1511194,,,,,,,,,,,,,,
OK Alva,2026-04-21 00:03 UTC,6629,,,,,,,,,,,,,,
osa,2026-04-21 00:03 UTC,86244,,,,,,,,,,,,,,
Pz',2026-04-21 00:03 UTC,320656,,,,,,,,,,,,,,
Reble,2026-04-21 00:03 UTC,13439471,,,,,,,,,,,,,,
Rocket Reese,2026-04-21 00:03 UTC,124734,,,,,,,,,,,,,,
S1RENA,2026-04-21 00:03 UTC,198920,,,,,,,,,,,,,,
Sara Landry,2026-04-21 00:03 UTC,1287478,,,,,,,,,,,,,,
Selim61,2026-04-21 00:03 UTC,1143967,,,,,,,,,,,,,,
Sematary,2026-04-21 00:03 UTC,843454,,,,,,,,,,,,,,
Slayr,2026-04-21 00:03 UTC,1161007,,,,,,,,,,,,,,
Slim Jxmmy,2026-04-21 00:03 UTC,36706,,,,,,,,,,,,,,
Sons of Yusuf,2026-04-21 00:03 UTC,1996568,,,,,,,,,,,,,,
Sreemani,2026-04-21 00:03 UTC,2192591,,,,,,,,,,,,,,
STELLA LEFTY,2026-04-21 00:03 UTC,5231648,,,,,,,,,,,,,,
STEREO,2026-04-21 00:03 UTC,1716660,,,,,,,,,,,,,,
Stopthis,2026-04-21 00:03 UTC,59534,,,,,,,,,,,,,,
Summrs,2026-04-21 00:03 UTC,1351241,,,,,,,,,,,,,,
SURF GANG,2026-04-21 00:03 UTC,756220,,,,,,,,,,,,,,
Sven Yamaha,2026-04-21 00:03 UTC,11969,,,,,,,,,,,,,,
Swizz Beatz,2026-04-21 00:03 UTC,1251893,,,,,,,,,,,,,,
T.O.P,2026-04-21 00:03 UTC,1507928,,,,,,,,,,,,,,
Tabi Gervis,2026-04-21 00:03 UTC,21333,,,,,,,,,,,,,,
Temper City,2026-04-21 00:03 UTC,7489658,,,,,,,,,,,,,,
The Long Faces,2026-04-21 00:03 UTC,3739108,,,,,,,,,,,,,,
The Twins,2026-04-21 00:03 UTC,73865,,,,,,,,,,,,,,
Tiffany Day,2026-04-21 00:03 UTC,1200024,,,,,,,,,,,,,,
Tiffany Hudson,2026-04-21 00:03 UTC,1736421,,,,,,,,,,,,,,
Tom Did It,2026-04-21 00:03 UTC,1272338,,,,,,,,,,,,,,
Tom Right,2026-04-21 00:03 UTC,947105,,,,,,,,,,,,,,
Trim,2026-04-21 00:03 UTC,2155840,,,,,,,,,,,,,,
Tsatsamis,2026-04-21 00:03 UTC,208050,,,,,,,,,,,,,,
twentythree,2026-04-21 00:03 UTC,1372745,,,,,,,,,,,,,,
TXKUMOON,2026-04-21 00:03 UTC,778864,,,,,,,,,,,,,,
Ullah,2026-04-21 00:03 UTC,86595,,,,,,,,,,,,,,
untiljapan,2026-04-21 00:03 UTC,228796,,,,,,,,,,,,,,
Vaibhav Gupta,2026-04-21 00:03 UTC,2741008,,,,,,,,,,,,,,
Valter Nilsson,2026-04-21 00:03 UTC,226828,,,,,,,,,,,,,,
Warren Roob,2026-04-21 00:03 UTC,826954,,,,,,,,,,,,,,
Will Sass,2026-04-21 00:03 UTC,742522,,,,,,,,,,,,,,
xo,2026-04-21 00:03 UTC,32704,,,,,,,,,,,,,,
YBRE,2026-04-21 00:03 UTC,1062411,,,,,,,,,,,,,,
Ye,2026-04-21 00:03 UTC,18744006,,,,,,,,,,,,,,
Yonusa,2026-04-21 00:03 UTC,272859,,,,,,,,,,,,,,
YUNA,2026-04-21 00:03 UTC,1351292,,,,,,,,,,,,,,
Zycan,2026-04-21 00:03 UTC,2172153,,,,,,,,,,,,,,
Canada Soccer,2026-04-21 00:03 UTC,357814,,,,,,,,,,,,,,
H. Hawkline,2026-04-21 00:03 UTC,169618,,,,,,,,,,,,,,
Rian Brazil,2026-04-21 00:03 UTC,45857,,,,,,,,,,,,,,
My New Band Believe,2026-04-21 00:03 UTC,219700,,,,,,,,,,,,,,
Baby Crash,2026-04-21 00:03 UTC,0,,,,,,,,,,,,,,
Street Fever,2026-04-21 00:03 UTC,162875,,,,,,,,,,,,,,
Lori Perri,2026-04-21 00:03 UTC,348,,,,,,,,,,,,,,
DJ B7 o Piranhão,2026-04-21 00:03 UTC,1631017,,,,,,,,,,,,,,
shonci,2026-04-21 00:03 UTC,3531706,,,,,,,,,,,,,,
OKI,2026-04-21 00:03 UTC,2369040,,,,,,,,,,,,,,
Juju,2026-04-21 00:03 UTC,2738050,,,,,,,,,,,,,,
Diana Pilquist,2026-04-21 00:03 UTC,1735,,,,,,,,,,,,,,
Sa!koro,2026-04-21 00:03 UTC,76699,,,,,,,,,,,,,,
Cap1talA,2026-04-21 00:03 UTC,204249,,,,,,,,,,,,,,
JADA,2026-04-21 00:03 UTC,24372,,,,,,,,,,,,,,
1 Umbrella,2026-04-21 00:03 UTC,207634,,,,,,,,,,,,,,
Mumu Fresh,2026-04-21 00:03 UTC,43767,,,,,,,,,,,,,,
Madeléne,2026-04-21 00:03 UTC,429339,,,,,,,,,,,,,,
Yuyu19,2026-04-21 00:03 UTC,1166893,,,,,,,,,,,,,,
Yaeger,2026-04-21 00:03 UTC,299752,,,,,,,,,,,,,,
Olof Dreijer,2026-04-21 00:03 UTC,72167,,,,,,,,,,,,,,
Boi-1da,2026-04-21 00:03 UTC,511110,,,,,,,,,,,,,,
BossMan Pac,2026-04-21 00:03 UTC,108229,,,,,,,,,,,,,,
Merry Lamb Lamb,2026-04-21 00:03 UTC,20119,,,,,,,,,,,,,,
318dman,2026-04-21 00:03 UTC,85161,,,,,,,,,,,,,,
The Sophs,2026-04-21 00:03 UTC,78156,,,,,,,,,,,,,,
SILICONE VALLEY,2026-04-21 00:03 UTC,31165,,,,,,,,,,,,,,
FREE JIMI,2026-04-21 00:03 UTC,59488,,,,,,,,,,,,,,
jalda,2026-04-21 00:03 UTC,40045,,,,,,,,,,,,,,
Slayyyter,2026-04-21 00:03 UTC,3792355,,,,,,,,,,,,,,
Wtm Solid,2026-04-21 00:03 UTC,11700,,,,,,,,,,,,,,
Les Imprimés,2026-04-21 00:03 UTC,134632,,,,,,,,,,,,,,
dóttir.x,2026-04-21 00:03 UTC,62284,,,,,,,,,,,,,,
Molly Hammar,2026-04-21 00:03 UTC,350407,,,,,,,,,,,,,,
Frost Children,2026-04-21 00:03 UTC,549643,,,,,,,,,,,,,,
JussGigi,2026-04-21 00:03 UTC,0,,,,,,,,,,,,,,
EL DEMOON,2026-04-21 00:03 UTC,25210,,,,,,,,,,,,,,
ROIROM,2026-04-21 00:03 UTC,50142,,,,,,,,,,,,,,
Karly Bowman,2026-04-21 00:03 UTC,127161,,,,,,,,,,,,,,
G3B,2026-04-21 00:03 UTC,112860,,,,,,,,,,,,,,
Ninety,2026-04-21 00:03 UTC,142987,,,,,,,,,,,,,,
Annie Tracy,2026-04-21 00:03 UTC,125743,,,,,,,,,,,,,,
Dwarde,2026-04-21 00:03 UTC,15153,,,,,,,,,,,,,,
THELMA,2026-04-21 00:03 UTC,33643,,,,,,,,,,,,,,
Pocket,2026-04-21 00:03 UTC,87997,,,,,,,,,,,,,,
KINGH,2026-04-21 00:03 UTC,119062,,,,,,,,,,,,,,
Specialist Moss,2026-04-21 00:03 UTC,503492,,,,,,,,,,,,,,
Anik Khan,2026-04-21 00:03 UTC,126652,,,,,,,,,,,,,,
ERISTHEPLANET,2026-04-21 00:03 UTC,56477,,,,,,,,,,,,,,
Oxis,2026-04-21 00:03 UTC,209486,,,,,,,,,,,,,,
Olga Myko,2026-04-21 00:03 UTC,2236599,,,,,,,,,,,,,,
SPELLLING,2026-04-21 00:03 UTC,72738,,,,,,,,,,,,,,
diamond*,2026-04-21 00:03 UTC,326449,,,,,,,,,,,,,,
Tezzus,2026-04-21 00:03 UTC,336242,,,,,,,,,,,,,,
Ghostfacekush,2026-04-21 00:03 UTC,53368,,,,,,,,,,,,,,
Loui Henderson,2026-04-21 00:03 UTC,79008,,,,,,,,,,,,,,
Kala,2026-04-21 00:03 UTC,0,,,,,,,,,,,,,,
rjtheweirdo,2026-04-21 00:03 UTC,277110,,,,,,,,,,,,,,
Erk,2026-04-21 00:03 UTC,73032,,,,,,,,,,,,,,
Naod,2026-04-21 00:03 UTC,257585,,,,,,,,,,,,,,
kuru,2026-04-21 00:03 UTC,220845,,,,,,,,,,,,,,
Luke Armstrong,2026-04-21 00:03 UTC,1506,,,,,,,,,,,,,,
Sunday Service Choir,2026-04-21 00:03 UTC,432270,,,,,,,,,,,,,,
Chyno Miranda,2026-04-21 00:03 UTC,1391869,,,,,,,,,,,,,,
DJ Holiday,2026-04-21 00:03 UTC,155895,,,,,,,,,,,,,,
Lil B,2026-04-21 00:03 UTC,1054821,,,,,,,,,,,,,,
Druski,2026-04-21 00:03 UTC,846457,,,,,,,,,,,,,,
Welwitschia,2026-04-21 00:03 UTC,810638,,,,,,,,,,,,,,
frozz,2026-04-21 00:03 UTC,864957,,,,,,,,,,,,,,
Aksomaniac,2026-04-21 00:03 UTC,1054609,,,,,,,,,,,,,,
Ghetto Beisha,2026-04-21 00:03 UTC,28357,,,,,,,,,,,,,,
Pretty Pinkk,2026-04-21 00:03 UTC,28353,,,,,,,,,,,,,,
waera,2026-04-21 00:03 UTC,270731,,,,,,,,,,,,,,
Emanazul,2026-04-21 00:03 UTC,322343,,,,,,,,,,,,,,
Iguana Death Cult,2026-04-21 00:03 UTC,66060,,,,,,,,,,,,,,
Glizzy Glow,2026-04-21 00:03 UTC,8191,,,,,,,,,,,,,,
Naarly,2026-04-21 00:03 UTC,5131789,,,,,,,,,,,,,,
YASP,2026-04-21 00:03 UTC,20851,,,,,,,,,,,,,,
Sofiane Pamart,2026-04-21 00:03 UTC,3098914,,,,,,,,,,,,,,
Jimmy Butler,2026-04-21 00:03 UTC,24005,,,,,,,,,,,,,,
EA TJ,2026-04-21 00:03 UTC,34404,,,,,,,,,,,,,,
Lil Righteous,2026-04-21 00:03 UTC,0,,,,,,,,,,,,,,
JJerome87,2026-04-21 00:03 UTC,200465,,,,,,,,,,,,,,
HittMan,2026-04-21 00:03 UTC,21778,,,,,,,,,,,,,,
ShawtyRokk,2026-04-21 00:03 UTC,28064,,,,,,,,,,,,,,
Biggs money,2026-04-21 00:03 UTC,22812,,,,,,,,,,,,,,
Southsidesilhouette,2026-04-21 00:03 UTC,152448,,,,,,,,,,,,,,
TOMORA,2026-04-21 00:03 UTC,836170,,,,,,,,,,,,,,
DETO BLACK,2026-04-21 00:03 UTC,246095,,,,,,,,,,,,,,
Julia Church,2026-04-21 00:03 UTC,3724731,,,,,,,,,,,,,,
Devault,2026-04-21 00:03 UTC,1943759,,,,,,,,,,,,,,
Sébastien Tellier,2026-04-21 00:03 UTC,1046307,,,,,,,,,,,,,,
Brittany Aldean,2026-04-21 00:03 UTC,173025,,,,,,,,,,,,,,
$t3PPA,2026-04-21 15:16 UTC,132939,,,,,,,,,,,,,,
A2ANTI,2026-04-21 15:16 UTC,1696435,,,,,,,,,,,,,,
Addison Dean,2026-04-21 15:16 UTC,5712,,,,,,,,,,,,,,
Andre Troutman,2026-04-21 15:16 UTC,9531903,,,,,,,,,,,,,,
Angine de Poitrine,2026-04-21 15:16 UTC,2376105,,,,,,,,,,,,,,
AQUAFINNA,2026-04-21 15:16 UTC,21800,,,,,,,,,,,,,,
Bryan Countach,2026-04-21 15:16 UTC,269824,,,,,,,,,,,,,,
Canyon,2026-04-21 15:16 UTC,45281,,,,,,,,,,,,,,
Carter Faith,2026-04-21 15:16 UTC,2494081,,,,,,,,,,,,,,
Che,2026-04-21 15:16 UTC,1246659,,,,,,,,,,,,,,
Corridos del Rey,2026-04-21 15:16 UTC,1277510,,,,,,,,,,,,,,
Dale Move,2026-04-21 15:16 UTC,256447,,,,,,,,,,,,,,
Daniel Žižka,2026-04-21 15:16 UTC,131965,,,,,,,,,,,,,,
Dante,2026-04-21 15:16 UTC,525462,,,,,,,,,,,,,,
Dean Turnley,2026-04-21 15:16 UTC,1541390,,,,,,,,,,,,,,
Delta Ash,2026-04-21 15:16 UTC,525191,,,,,,,,,,,,,,
Dexter and The Moonrocks,2026-04-21 15:16 UTC,4789260,,,,,,,,,,,,,,
Dubioza Kolektive,2026-04-21 15:16 UTC,566925,,,,,,,,,,,,,,
dunderjeppe,2026-04-21 15:16 UTC,33299,,,,,,,,,,,,,,
Duskydemise archive,2026-04-21 15:16 UTC,370873,,,,,,,,,,,,,,
Duygu Edis,2026-04-21 15:16 UTC,2896366,,,,,,,,,,,,,,
Emelie Trahan,2026-04-21 15:16 UTC,102772,,,,,,,,,,,,,,
EMJIE,2026-04-21 15:16 UTC,236119,,,,,,,,,,,,,,
F3miii,2026-04-21 15:16 UTC,3072646,,,,,,,,,,,,,,
Fcukers,2026-04-21 15:16 UTC,2252845,,,,,,,,,,,,,,
FIFA Sound,2026-04-21 15:16 UTC,2745855,,,,,,,,,,,,,,
FLO,2026-04-21 15:16 UTC,3718823,,,,,,,,,,,,,,
Girl Scout,2026-04-21 15:16 UTC,187978,,,,,,,,,,,,,,
girl_irl,2026-04-21 15:16 UTC,170523,,,,,,,,,,,,,,
girlsweetvoiced,2026-04-21 15:16 UTC,890612,,,,,,,,,,,,,,
gnawvs,2026-04-21 15:16 UTC,2454,,,,,,,,,,,,,,
Godtripper,2026-04-21 15:16 UTC,302300,,,,,,,,,,,,,,
Grupo Primer Grado,2026-04-21 15:16 UTC,2832966,,,,,,,,,,,,,,
Harrd Luck,2026-04-21 15:16 UTC,199388,,,,,,,,,,,,,,
Indeevar,2026-04-21 15:16 UTC,3018878,,,,,,,,,,,,,,
Indigo De Souza,2026-04-21 15:16 UTC,1695124,,,,,,,,,,,,,,
Infinity Song,2026-04-21 15:16 UTC,773773,,,,,,,,,,,,,,
isa in eutopia,2026-04-21 15:16 UTC,31983,,,,,,,,,,,,,,
Jadasea,2026-04-21 15:16 UTC,175954,,,,,,,,,,,,,,
Joy Rhodes,2026-04-21 15:16 UTC,488806,,,,,,,,,,,,,,
Julie Williams,2026-04-21 15:16 UTC,99947,,,,,,,,,,,,,,
Khaled,2026-04-21 15:16 UTC,2564366,,,,,,,,,,,,,,
Khan Saab,2026-04-21 15:16 UTC,12980011,,,,,,,,,,,,,,
King Kylie,2026-04-21 15:16 UTC,2080365,,,,,,,,,,,,,,
Koilwood,2026-04-21 15:16 UTC,49633,,,,,,,,,,,,,,
KUČKA,2026-04-21 15:16 UTC,1118497,,,,,,,,,,,,,,
Kurdi Klymax,2026-04-21 15:16 UTC,16427,,,,,,,,,,,,,,
Lamb,2026-04-21 15:16 UTC,397898,,,,,,,,,,,,,,
ledysek,2026-04-21 15:16 UTC,16003,,,,,,,,,,,,,,
Lerado Khalil,2026-04-21 15:16 UTC,103851,,,,,,,,,,,,,,
Lightris,2026-04-21 15:16 UTC,807472,,,,,,,,,,,,,,
M4IA,2026-04-21 15:16 UTC,242798,,,,,,,,,,,,,,
MAGIC SOUND WOLF,2026-04-21 15:16 UTC,544451,,,,,,,,,,,,,,
Malcolm Todd,2026-04-21 15:16 UTC,20694895,,,,,,,,,,,,,,
Maphra,2026-04-21 15:16 UTC,1267087,,,,,,,,,,,,,,
marquitos,2026-04-21 15:16 UTC,817308,,,,,,,,,,,,,,
Maviler,2026-04-21 15:16 UTC,1022478,,,,,,,,,,,,,,
Mijabella Marie,2026-04-21 15:16 UTC,24069,,,,,,,,,,,,,,
MIKE,2026-04-21 15:16 UTC,903720,,,,,,,,,,,,,,
Momo Boyd,2026-04-21 15:16 UTC,2719209,,,,,,,,,,,,,,
Mr Dutt,2026-04-21 15:16 UTC,2305543,,,,,,,,,,,,,,
Nickatnite,2026-04-21 15:16 UTC,14308,,,,,,,,,,,,,,
Nine Vicious,2026-04-21 15:16 UTC,1205999,,,,,,,,,,,,,,
nocashfromparents,2026-04-21 15:16 UTC,860315,,,,,,,,,,,,,,
North West,2026-04-21 15:16 UTC,605167,,,,,,,,,,,,,,
NPD,2026-04-21 15:16 UTC,1534726,,,,,,,,,,,,,,
OK Alva,2026-04-21 15:16 UTC,6744,,,,,,,,,,,,,,
osa,2026-04-21 15:16 UTC,88508,,,,,,,,,,,,,,
Pz',2026-04-21 15:16 UTC,321124,,,,,,,,,,,,,,
Rocket Reese,2026-04-21 15:16 UTC,125619,,,,,,,,,,,,,,
S1RENA,2026-04-21 15:16 UTC,202667,,,,,,,,,,,,,,
Sara Landry,2026-04-21 15:16 UTC,1290025,,,,,,,,,,,,,,
Slayr,2026-04-21 15:16 UTC,1145619,,,,,,,,,,,,,,
Slim Jxmmy,2026-04-21 15:16 UTC,36871,,,,,,,,,,,,,,
Sons of Yusuf,2026-04-21 15:16 UTC,1990180,,,,,,,,,,,,,,
Sreemani,2026-04-21 15:16 UTC,2237080,,,,,,,,,,,,,,
STELLA LEFTY,2026-04-21 15:16 UTC,5417573,,,,,,,,,,,,,,
SURF GANG,2026-04-21 15:16 UTC,760014,,,,,,,,,,,,,,
Swizz Beatz,2026-04-21 15:16 UTC,1256275,,,,,,,,,,,,,,
T.O.P,2026-04-21 15:16 UTC,1539319,,,,,,,,,,,,,,
Tabi Gervis,2026-04-21 15:16 UTC,21588,,,,,,,,,,,,,,
Temper City,2026-04-21 15:16 UTC,7629817,,,,,,,,,,,,,,
The Long Faces,2026-04-21 15:16 UTC,3789625,,,,,,,,,,,,,,
The Twins,2026-04-21 15:16 UTC,74477,,,,,,,,,,,,,,
Tiffany Day,2026-04-21 15:16 UTC,1214675,,,,,,,,,,,,,,
Tom Did It,2026-04-21 15:16 UTC,1271237,,,,,,,,,,,,,,
Tom Right,2026-04-21 15:16 UTC,933500,,,,,,,,,,,,,,
Trim,2026-04-21 15:16 UTC,2169764,,,,,,,,,,,,,,
Tsatsamis,2026-04-21 15:16 UTC,207841,,,,,,,,,,,,,,
twentythree,2026-04-21 15:16 UTC,1370561,,,,,,,,,,,,,,
TXKUMOON,2026-04-21 15:16 UTC,798815,,,,,,,,,,,,,,
Vaibhav Gupta,2026-04-21 15:16 UTC,2691975,,,,,,,,,,,,,,
Warren Roob,2026-04-21 15:16 UTC,815976,,,,,,,,,,,,,,
Will Sass,2026-04-21 15:16 UTC,726845,,,,,,,,,,,,,,
Ye,2026-04-21 15:16 UTC,18919038,,,,,,,,,,,,,,
Yonusa,2026-04-21 15:16 UTC,273505,,,,,,,,,,,,,,
YUNA,2026-04-21 15:16 UTC,1361927,,,,,,,,,,,,,,
Zycan,2026-04-21 15:16 UTC,2173789,,,,,,,,,,,,,,
Canada Soccer,2026-04-21 15:16 UTC,370647,,,,,,,,,,,,,,
H. Hawkline,2026-04-21 15:16 UTC,175182,,,,,,,,,,,,,,
Rian Brazil,2026-04-21 15:16 UTC,47797,,,,,,,,,,,,,,
My New Band Believe,2026-04-21 15:16 UTC,222433,,,,,,,,,,,,,,
Street Fever,2026-04-21 15:16 UTC,165519,,,,,,,,,,,,,,
DJ B7 o Piranhão,2026-04-21 15:16 UTC,1714032,,,,,,,,,,,,,,
shonci,2026-04-21 15:16 UTC,3606470,,,,,,,,,,,,,,
OKI,2026-04-21 15:16 UTC,2376700,,,,,,,,,,,,,,
Juju,2026-04-21 15:16 UTC,2770585,,,,,,,,,,,,,,
Diana Pilquist,2026-04-21 15:16 UTC,1897,,,,,,,,,,,,,,
Sa!koro,2026-04-21 15:16 UTC,77579,,,,,,,,,,,,,,
Cap1talA,2026-04-21 15:16 UTC,207845,,,,,,,,,,,,,,
JADA,2026-04-21 15:16 UTC,24732,,,,,,,,,,,,,,
1 Umbrella,2026-04-21 15:16 UTC,209931,,,,,,,,,,,,,,
Mumu Fresh,2026-04-21 15:16 UTC,45382,,,,,,,,,,,,,,
Yuyu19,2026-04-21 15:16 UTC,1192007,,,,,,,,,,,,,,
Yaeger,2026-04-21 15:16 UTC,303932,,,,,,,,,,,,,,
Olof Dreijer,2026-04-21 15:16 UTC,72876,,,,,,,,,,,,,,
Boi-1da,2026-04-21 15:16 UTC,523750,,,,,,,,,,,,,,
BossMan Pac,2026-04-21 15:16 UTC,109023,,,,,,,,,,,,,,
Merry Lamb Lamb,2026-04-21 15:16 UTC,20426,,,,,,,,,,,,,,
318dman,2026-04-21 15:16 UTC,89936,,,,,,,,,,,,,,
jalda,2026-04-21 15:16 UTC,41847,,,,,,,,,,,,,,
Slayyyter,2026-04-21 15:16 UTC,3920715,,,,,,,,,,,,,,
Wtm Solid,2026-04-21 15:16 UTC,11810,,,,,,,,,,,,,,
Les Imprimés,2026-04-21 15:16 UTC,135795,,,,,,,,,,,,,,
dóttir.x,2026-04-21 15:16 UTC,64094,,,,,,,,,,,,,,
Frost Children,2026-04-21 15:16 UTC,547632,,,,,,,,,,,,,,
JussGigi,2026-04-21 15:16 UTC,0,,,,,,,,,,,,,,
EL DEMOON,2026-04-21 15:16 UTC,27813,,,,,,,,,,,,,,
Karly Bowman,2026-04-21 15:16 UTC,132999,,,,,,,,,,,,,,
G3B,2026-04-21 15:16 UTC,118088,,,,,,,,,,,,,,
Dwarde,2026-04-21 15:16 UTC,15825,,,,,,,,,,,,,,
THELMA,2026-04-21 15:16 UTC,35392,,,,,,,,,,,,,,
Pocket,2026-04-21 15:16 UTC,94468,,,,,,,,,,,,,,
KINGH,2026-04-21 15:16 UTC,120982,,,,,,,,,,,,,,
Specialist Moss,2026-04-21 15:16 UTC,515764,,,,,,,,,,,,,,
Anik Khan,2026-04-21 15:16 UTC,136609,,,,,,,,,,,,,,
ERISTHEPLANET,2026-04-21 15:16 UTC,57158,,,,,,,,,,,,,,
Oxis,2026-04-21 15:16 UTC,214602,,,,,,,,,,,,,,
Olga Myko,2026-04-21 15:16 UTC,2245513,,,,,,,,,,,,,,
SPELLLING,2026-04-21 15:16 UTC,76445,,,,,,,,,,,,,,
diamond*,2026-04-21 15:16 UTC,331393,,,,,,,,,,,,,,
Tezzus,2026-04-21 15:16 UTC,347523,,,,,,,,,,,,,,
Ghostfacekush,2026-04-21 15:16 UTC,55100,,,,,,,,,,,,,,
Loui Henderson,2026-04-21 15:16 UTC,90041,,,,,,,,,,,,,,
Kala,2026-04-21 15:16 UTC,0,,,,,,,,,,,,,,
rjtheweirdo,2026-04-21 15:16 UTC,302642,,,,,,,,,,,,,,
Naod,2026-04-21 15:16 UTC,262906,,,,,,,,,,,,,,
kuru,2026-04-21 15:16 UTC,224102,,,,,,,,,,,,,,
Luke Armstrong,2026-04-21 15:16 UTC,1803,,,,,,,,,,,,,,
Sunday Service Choir,2026-04-21 15:16 UTC,432112,,,,,,,,,,,,,,
Chyno Miranda,2026-04-21 15:16 UTC,1461998,,,,,,,,,,,,,,
DJ Holiday,2026-04-21 15:16 UTC,163412,,,,,,,,,,,,,,
Lil B,2026-04-21 15:16 UTC,1148730,,,,,,,,,,,,,,
Druski,2026-04-21 15:16 UTC,922614,,,,,,,,,,,,,,
Welwitschia,2026-04-21 15:16 UTC,853504,,,,,,,,,,,,,,
frozz,2026-04-21 15:16 UTC,906924,,,,,,,,,,,,,,
Aksomaniac,2026-04-21 15:16 UTC,1119280,,,,,,,,,,,,,,
Ghetto Beisha,2026-04-21 15:16 UTC,31910,,,,,,,,,,,,,,
Pretty Pinkk,2026-04-21 15:16 UTC,31908,,,,,,,,,,,,,,
waera,2026-04-21 15:16 UTC,268883,,,,,,,,,,,,,,
Emanazul,2026-04-21 15:16 UTC,361161,,,,,,,,,,,,,,
Iguana Death Cult,2026-04-21 15:16 UTC,66231,,,,,,,,,,,,,,
Glizzy Glow,2026-04-21 15:16 UTC,9158,,,,,,,,,,,,,,
Naarly,2026-04-21 15:16 UTC,5165311,,,,,,,,,,,,,,
YASP,2026-04-21 15:16 UTC,22292,,,,,,,,,,,,,,
Sofiane Pamart,2026-04-21 15:16 UTC,3245951,,,,,,,,,,,,,,
Jimmy Butler,2026-04-21 15:16 UTC,29793,,,,,,,,,,,,,,
EA TJ,2026-04-21 15:16 UTC,37232,,,,,,,,,,,,,,
Lil Righteous,2026-04-21 15:16 UTC,0,,,,,,,,,,,,,,
JJerome87,2026-04-21 15:16 UTC,219083,,,,,,,,,,,,,,
HittMan,2026-04-21 15:16 UTC,23522,,,,,,,,,,,,,,
ShawtyRokk,2026-04-21 15:16 UTC,29529,,,,,,,,,,,,,,
Biggs money,2026-04-21 15:16 UTC,24897,,,,,,,,,,,,,,
Southsidesilhouette,2026-04-21 15:16 UTC,156414,,,,,,,,,,,,,,
TOMORA,2026-04-21 15:16 UTC,857556,,,,,,,,,,,,,,
DETO BLACK,2026-04-21 15:16 UTC,269582,,,,,,,,,,,,,,
Julia Church,2026-04-21 15:16 UTC,3810050,,,,,,,,,,,,,,
Devault,2026-04-21 15:16 UTC,2040779,,,,,,,,,,,,,,
Sébastien Tellier,2026-04-21 15:16 UTC,1123003,,,,,,,,,,,,,,
Brittany Aldean,2026-04-21 15:16 UTC,175404,,,,,,,,,,,,,,
$t3PPA,2026-04-21 23:54 UTC,132939,,,,,,,,,,,,,,
A2ANTI,2026-04-21 23:54 UTC,1696435,,,,,,,,,,,,,,
Addison Dean,2026-04-21 23:54 UTC,5712,,,,,,,,,,,,,,
Andre Troutman,2026-04-21 23:54 UTC,9531903,,,,,,,,,,,,,,
Angine de Poitrine,2026-04-21 23:54 UTC,2376105,,,,,,,,,,,,,,
AQUAFINNA,2026-04-21 23:54 UTC,21800,,,,,,,,,,,,,,
Bryan Countach,2026-04-21 23:54 UTC,269824,,,,,,,,,,,,,,
Canyon,2026-04-21 23:54 UTC,45281,,,,,,,,,,,,,,
Carter Faith,2026-04-21 23:54 UTC,2494081,,,,,,,,,,,,,,
Che,2026-04-21 23:54 UTC,1246659,,,,,,,,,,,,,,
Corridos del Rey,2026-04-21 23:54 UTC,1277510,,,,,,,,,,,,,,
Dale Move,2026-04-21 23:54 UTC,256447,,,,,,,,,,,,,,
Daniel Žižka,2026-04-21 23:54 UTC,131965,,,,,,,,,,,,,,
Dante,2026-04-21 23:54 UTC,525462,,,,,,,,,,,,,,
Dean Turnley,2026-04-21 23:54 UTC,1541390,,,,,,,,,,,,,,
Delta Ash,2026-04-21 23:54 UTC,525191,,,,,,,,,,,,,,
Dexter and The Moonrocks,2026-04-21 23:54 UTC,4789260,,,,,,,,,,,,,,
Dubioza Kolektive,2026-04-21 23:54 UTC,566925,,,,,,,,,,,,,,
dunderjeppe,2026-04-21 23:54 UTC,33299,,,,,,,,,,,,,,
Duskydemise archive,2026-04-21 23:54 UTC,370873,,,,,,,,,,,,,,
Duygu Edis,2026-04-21 23:54 UTC,2896366,,,,,,,,,,,,,,
Emelie Trahan,2026-04-21 23:54 UTC,102772,,,,,,,,,,,,,,
EMJIE,2026-04-21 23:54 UTC,236119,,,,,,,,,,,,,,
F3miii,2026-04-21 23:54 UTC,3072646,,,,,,,,,,,,,,
Fcukers,2026-04-21 23:54 UTC,2252845,,,,,,,,,,,,,,
FIFA Sound,2026-04-21 23:54 UTC,2745855,,,,,,,,,,,,,,
FLO,2026-04-21 23:54 UTC,3718823,,,,,,,,,,,,,,
Girl Scout,2026-04-21 23:54 UTC,187978,,,,,,,,,,,,,,
girl_irl,2026-04-21 23:54 UTC,170523,,,,,,,,,,,,,,
girlsweetvoiced,2026-04-21 23:54 UTC,890612,,,,,,,,,,,,,,
gnawvs,2026-04-21 23:54 UTC,2454,,,,,,,,,,,,,,
Godtripper,2026-04-21 23:54 UTC,302300,,,,,,,,,,,,,,
Grupo Primer Grado,2026-04-21 23:54 UTC,2832966,,,,,,,,,,,,,,
Harrd Luck,2026-04-21 23:54 UTC,199388,,,,,,,,,,,,,,
Indeevar,2026-04-21 23:54 UTC,3018878,,,,,,,,,,,,,,
Indigo De Souza,2026-04-21 23:54 UTC,1695124,,,,,,,,,,,,,,
Infinity Song,2026-04-21 23:54 UTC,773773,,,,,,,,,,,,,,
isa in eutopia,2026-04-21 23:54 UTC,31983,,,,,,,,,,,,,,
Jadasea,2026-04-21 23:54 UTC,175954,,,,,,,,,,,,,,
Joy Rhodes,2026-04-21 23:54 UTC,488806,,,,,,,,,,,,,,
Julie Williams,2026-04-21 23:54 UTC,99947,,,,,,,,,,,,,,
Khaled,2026-04-21 23:54 UTC,2564366,,,,,,,,,,,,,,
Khan Saab,2026-04-21 23:54 UTC,12980011,,,,,,,,,,,,,,
King Kylie,2026-04-21 23:54 UTC,2080365,,,,,,,,,,,,,,
Koilwood,2026-04-21 23:54 UTC,49633,,,,,,,,,,,,,,
KUČKA,2026-04-21 23:54 UTC,1118497,,,,,,,,,,,,,,
Kurdi Klymax,2026-04-21 23:54 UTC,16427,,,,,,,,,,,,,,
Lamb,2026-04-21 23:54 UTC,397898,,,,,,,,,,,,,,
ledysek,2026-04-21 23:54 UTC,16003,,,,,,,,,,,,,,
Lerado Khalil,2026-04-21 23:54 UTC,103851,,,,,,,,,,,,,,
Lightris,2026-04-21 23:54 UTC,807472,,,,,,,,,,,,,,
M4IA,2026-04-21 23:54 UTC,242798,,,,,,,,,,,,,,
MAGIC SOUND WOLF,2026-04-21 23:54 UTC,544451,,,,,,,,,,,,,,
Malcolm Todd,2026-04-21 23:54 UTC,20694895,,,,,,,,,,,,,,
Maphra,2026-04-21 23:54 UTC,1267087,,,,,,,,,,,,,,
marquitos,2026-04-21 23:54 UTC,817308,,,,,,,,,,,,,,
Maviler,2026-04-21 23:54 UTC,1022478,,,,,,,,,,,,,,
Mijabella Marie,2026-04-21 23:54 UTC,24069,,,,,,,,,,,,,,
MIKE,2026-04-21 23:54 UTC,903720,,,,,,,,,,,,,,
Momo Boyd,2026-04-21 23:54 UTC,2719209,,,,,,,,,,,,,,
Mr Dutt,2026-04-21 23:54 UTC,2305543,,,,,,,,,,,,,,
Nickatnite,2026-04-21 23:54 UTC,14308,,,,,,,,,,,,,,
Nine Vicious,2026-04-21 23:54 UTC,1205999,,,,,,,,,,,,,,
nocashfromparents,2026-04-21 23:54 UTC,860315,,,,,,,,,,,,,,
North West,2026-04-21 23:54 UTC,605167,,,,,,,,,,,,,,
NPD,2026-04-21 23:54 UTC,1534726,,,,,,,,,,,,,,
OK Alva,2026-04-21 23:54 UTC,6744,,,,,,,,,,,,,,
osa,2026-04-21 23:54 UTC,88508,,,,,,,,,,,,,,
Pz',2026-04-21 23:54 UTC,321124,,,,,,,,,,,,,,
Rocket Reese,2026-04-21 23:54 UTC,125619,,,,,,,,,,,,,,
S1RENA,2026-04-21 23:54 UTC,202667,,,,,,,,,,,,,,
Sara Landry,2026-04-21 23:54 UTC,1290025,,,,,,,,,,,,,,
Slayr,2026-04-21 23:54 UTC,1145619,,,,,,,,,,,,,,
Slim Jxmmy,2026-04-21 23:54 UTC,36871,,,,,,,,,,,,,,
Sons of Yusuf,2026-04-21 23:54 UTC,1990180,,,,,,,,,,,,,,
Sreemani,2026-04-21 23:54 UTC,2237080,,,,,,,,,,,,,,
STELLA LEFTY,2026-04-21 23:54 UTC,5417573,,,,,,,,,,,,,,
SURF GANG,2026-04-21 23:54 UTC,760014,,,,,,,,,,,,,,
Swizz Beatz,2026-04-21 23:54 UTC,1256275,,,,,,,,,,,,,,
T.O.P,2026-04-21 23:54 UTC,1539319,,,,,,,,,,,,,,
Tabi Gervis,2026-04-21 23:54 UTC,21588,,,,,,,,,,,,,,
Temper City,2026-04-21 23:54 UTC,7629817,,,,,,,,,,,,,,
The Long Faces,2026-04-21 23:54 UTC,3789625,,,,,,,,,,,,,,
The Twins,2026-04-21 23:54 UTC,74477,,,,,,,,,,,,,,
Tiffany Day,2026-04-21 23:54 UTC,1214675,,,,,,,,,,,,,,
Tom Did It,2026-04-21 23:54 UTC,1271237,,,,,,,,,,,,,,
Tom Right,2026-04-21 23:54 UTC,933500,,,,,,,,,,,,,,
Trim,2026-04-21 23:54 UTC,2169764,,,,,,,,,,,,,,
Tsatsamis,2026-04-21 23:54 UTC,207841,,,,,,,,,,,,,,
twentythree,2026-04-21 23:54 UTC,1370561,,,,,,,,,,,,,,
TXKUMOON,2026-04-21 23:54 UTC,798815,,,,,,,,,,,,,,
Vaibhav Gupta,2026-04-21 23:54 UTC,2691975,,,,,,,,,,,,,,
Warren Roob,2026-04-21 23:54 UTC,815976,,,,,,,,,,,,,,
Will Sass,2026-04-21 23:54 UTC,726845,,,,,,,,,,,,,,
Ye,2026-04-21 23:54 UTC,18919038,,,,,,,,,,,,,,
Yonusa,2026-04-21 23:54 UTC,273505,,,,,,,,,,,,,,
YUNA,2026-04-21 23:54 UTC,1361927,,,,,,,,,,,,,,
Zycan,2026-04-21 23:54 UTC,2173789,,,,,,,,,,,,,,
Canada Soccer,2026-04-21 23:54 UTC,370647,,,,,,,,,,,,,,
H. Hawkline,2026-04-21 23:54 UTC,175182,,,,,,,,,,,,,,
Rian Brazil,2026-04-21 23:54 UTC,47797,,,,,,,,,,,,,,
My New Band Believe,2026-04-21 23:54 UTC,222433,,,,,,,,,,,,,,
Street Fever,2026-04-21 23:54 UTC,165519,,,,,,,,,,,,,,
DJ B7 o Piranhão,2026-04-21 23:54 UTC,1714032,,,,,,,,,,,,,,
shonci,2026-04-21 23:54 UTC,3606470,,,,,,,,,,,,,,
OKI,2026-04-21 23:54 UTC,2376700,,,,,,,,,,,,,,
Juju,2026-04-21 23:54 UTC,2770585,,,,,,,,,,,,,,
Diana Pilquist,2026-04-21 23:54 UTC,1897,,,,,,,,,,,,,,
Sa!koro,2026-04-21 23:54 UTC,77579,,,,,,,,,,,,,,
Cap1talA,2026-04-21 23:54 UTC,207845,,,,,,,,,,,,,,
JADA,2026-04-21 23:54 UTC,24732,,,,,,,,,,,,,,
1 Umbrella,2026-04-21 23:54 UTC,209931,,,,,,,,,,,,,,
Mumu Fresh,2026-04-21 23:54 UTC,45382,,,,,,,,,,,,,,
Yuyu19,2026-04-21 23:54 UTC,1192007,,,,,,,,,,,,,,
Yaeger,2026-04-21 23:54 UTC,303932,,,,,,,,,,,,,,
Olof Dreijer,2026-04-21 23:54 UTC,72876,,,,,,,,,,,,,,
Boi-1da,2026-04-21 23:54 UTC,523750,,,,,,,,,,,,,,
BossMan Pac,2026-04-21 23:54 UTC,109023,,,,,,,,,,,,,,
Merry Lamb Lamb,2026-04-21 23:54 UTC,20426,,,,,,,,,,,,,,
318dman,2026-04-21 23:54 UTC,89936,,,,,,,,,,,,,,
jalda,2026-04-21 23:54 UTC,41847,,,,,,,,,,,,,,
Slayyyter,2026-04-21 23:54 UTC,3920715,,,,,,,,,,,,,,
Wtm Solid,2026-04-21 23:54 UTC,11810,,,,,,,,,,,,,,
Les Imprimés,2026-04-21 23:54 UTC,135795,,,,,,,,,,,,,,
dóttir.x,2026-04-21 23:54 UTC,64094,,,,,,,,,,,,,,
Frost Children,2026-04-21 23:54 UTC,547632,,,,,,,,,,,,,,
JussGigi,2026-04-21 23:54 UTC,0,,,,,,,,,,,,,,
EL DEMOON,2026-04-21 23:54 UTC,27813,,,,,,,,,,,,,,
Karly Bowman,2026-04-21 23:54 UTC,132999,,,,,,,,,,,,,,
G3B,2026-04-21 23:54 UTC,118088,,,,,,,,,,,,,,
Dwarde,2026-04-21 23:54 UTC,15825,,,,,,,,,,,,,,
THELMA,2026-04-21 23:54 UTC,35392,,,,,,,,,,,,,,
Pocket,2026-04-21 23:54 UTC,94468,,,,,,,,,,,,,,
KINGH,2026-04-21 23:54 UTC,120982,,,,,,,,,,,,,,
Specialist Moss,2026-04-21 23:54 UTC,515764,,,,,,,,,,,,,,
Anik Khan,2026-04-21 23:54 UTC,136609,,,,,,,,,,,,,,
ERISTHEPLANET,2026-04-21 23:54 UTC,57158,,,,,,,,,,,,,,
Oxis,2026-04-21 23:54 UTC,214602,,,,,,,,,,,,,,
Olga Myko,2026-04-21 23:54 UTC,2245513,,,,,,,,,,,,,,
SPELLLING,2026-04-21 23:54 UTC,76445,,,,,,,,,,,,,,
diamond*,2026-04-21 23:54 UTC,331393,,,,,,,,,,,,,,
Tezzus,2026-04-21 23:54 UTC,347523,,,,,,,,,,,,,,
Ghostfacekush,2026-04-21 23:54 UTC,55100,,,,,,,,,,,,,,
Loui Henderson,2026-04-21 23:54 UTC,90041,,,,,,,,,,,,,,
Kala,2026-04-21 23:54 UTC,0,,,,,,,,,,,,,,
rjtheweirdo,2026-04-21 23:54 UTC,302642,,,,,,,,,,,,,,
Naod,2026-04-21 23:54 UTC,262906,,,,,,,,,,,,,,
kuru,2026-04-21 23:54 UTC,224102,,,,,,,,,,,,,,
Luke Armstrong,2026-04-21 23:54 UTC,1803,,,,,,,,,,,,,,
Sunday Service Choir,2026-04-21 23:54 UTC,432112,,,,,,,,,,,,,,
Chyno Miranda,2026-04-21 23:54 UTC,1461998,,,,,,,,,,,,,,
DJ Holiday,2026-04-21 23:54 UTC,163412,,,,,,,,,,,,,,
Lil B,2026-04-21 23:54 UTC,1148730,,,,,,,,,,,,,,
Druski,2026-04-21 23:54 UTC,922614,,,,,,,,,,,,,,
Welwitschia,2026-04-21 23:54 UTC,853504,,,,,,,,,,,,,,
frozz,2026-04-21 23:54 UTC,906924,,,,,,,,,,,,,,
Aksomaniac,2026-04-21 23:54 UTC,1119280,,,,,,,,,,,,,,
Ghetto Beisha,2026-04-21 23:54 UTC,31910,,,,,,,,,,,,,,
Pretty Pinkk,2026-04-21 23:54 UTC,31908,,,,,,,,,,,,,,
waera,2026-04-21 23:54 UTC,268883,,,,,,,,,,,,,,
Emanazul,2026-04-21 23:54 UTC,361161,,,,,,,,,,,,,,
Iguana Death Cult,2026-04-21 23:54 UTC,66231,,,,,,,,,,,,,,
Glizzy Glow,2026-04-21 23:54 UTC,9158,,,,,,,,,,,,,,
Naarly,2026-04-21 23:54 UTC,5165311,,,,,,,,,,,,,,
YASP,2026-04-21 23:54 UTC,22292,,,,,,,,,,,,,,
Sofiane Pamart,2026-04-21 23:54 UTC,3245951,,,,,,,,,,,,,,
Jimmy Butler,2026-04-21 23:54 UTC,29793,,,,,,,,,,,,,,
EA TJ,2026-04-21 23:54 UTC,37232,,,,,,,,,,,,,,
Lil Righteous,2026-04-21 23:54 UTC,0,,,,,,,,,,,,,,
JJerome87,2026-04-21 23:54 UTC,219083,,,,,,,,,,,,,,
HittMan,2026-04-21 23:54 UTC,23522,,,,,,,,,,,,,,
ShawtyRokk,2026-04-21 23:54 UTC,29529,,,,,,,,,,,,,,
Biggs money,2026-04-21 23:54 UTC,24897,,,,,,,,,,,,,,
Southsidesilhouette,2026-04-21 23:54 UTC,156414,,,,,,,,,,,,,,
TOMORA,2026-04-21 23:54 UTC,857556,,,,,,,,,,,,,,
DETO BLACK,2026-04-21 23:54 UTC,269582,,,,,,,,,,,,,,
Julia Church,2026-04-21 23:54 UTC,3810050,,,,,,,,,,,,,,
Devault,2026-04-21 23:54 UTC,2040779,,,,,,,,,,,,,,
Sébastien Tellier,2026-04-21 23:54 UTC,1123003,,,,,,,,,,,,,,
Brittany Aldean,2026-04-21 23:54 UTC,175404,,,,,,,,,,,,,,
$t3PPA,2026-04-22 04:56 UTC,132939,,,,,,,,,,,,,,
1 Umbrella,2026-04-22 04:56 UTC,209931,,,,,,,,,,,,,,
318dman,2026-04-22 04:56 UTC,89936,,,,,,,,,,,,,,
A2ANTI,2026-04-22 04:56 UTC,1696435,,,,,,,,,,,,,,
Addison Dean,2026-04-22 04:56 UTC,5712,,,,,,,,,,,,,,
Aksomaniac,2026-04-22 04:56 UTC,1119280,,,,,,,,,,,,,,
Andre Troutman,2026-04-22 04:56 UTC,9531903,,,,,,,,,,,,,,
Angine de Poitrine,2026-04-22 04:56 UTC,2376105,,,,,,,,,,,,,,
Anik Khan,2026-04-22 04:56 UTC,136609,,,,,,,,,,,,,,
AQUAFINNA,2026-04-22 04:56 UTC,21800,,,,,,,,,,,,,,
Biggs money,2026-04-22 04:56 UTC,24897,,,,,,,,,,,,,,
Boi-1da,2026-04-22 04:56 UTC,523750,,,,,,,,,,,,,,
BossMan Pac,2026-04-22 04:56 UTC,109023,,,,,,,,,,,,,,
Brittany Aldean,2026-04-22 04:56 UTC,175404,,,,,,,,,,,,,,
Bryan Countach,2026-04-22 04:56 UTC,269824,,,,,,,,,,,,,,
Canada Soccer,2026-04-22 04:56 UTC,370647,,,,,,,,,,,,,,
Canyon,2026-04-22 04:56 UTC,45281,,,,,,,,,,,,,,
Cap1talA,2026-04-22 04:56 UTC,207845,,,,,,,,,,,,,,
Carter Faith,2026-04-22 04:56 UTC,2494081,,,,,,,,,,,,,,
Che,2026-04-22 04:56 UTC,1246659,,,,,,,,,,,,,,
Chyno Miranda,2026-04-22 04:56 UTC,1461998,,,,,,,,,,,,,,
Corridos del Rey,2026-04-22 04:56 UTC,1277510,,,,,,,,,,,,,,
Dale Move,2026-04-22 04:56 UTC,256447,,,,,,,,,,,,,,
Daniel Žižka,2026-04-22 04:56 UTC,131965,,,,,,,,,,,,,,
Dante,2026-04-22 04:56 UTC,525462,,,,,,,,,,,,,,
Dean Turnley,2026-04-22 04:56 UTC,1541390,,,,,,,,,,,,,,
Delta Ash,2026-04-22 04:56 UTC,525191,,,,,,,,,,,,,,
DETO BLACK,2026-04-22 04:56 UTC,269582,,,,,,,,,,,,,,
Devault,2026-04-22 04:56 UTC,2040779,,,,,,,,,,,,,,
Dexter and The Moonrocks,2026-04-22 04:56 UTC,4789260,,,,,,,,,,,,,,
diamond*,2026-04-22 04:56 UTC,331393,,,,,,,,,,,,,,
Diana Pilquist,2026-04-22 04:56 UTC,1897,,,,,,,,,,,,,,
DJ B7 o Piranhão,2026-04-22 04:56 UTC,1714032,,,,,,,,,,,,,,
DJ Holiday,2026-04-22 04:56 UTC,163412,,,,,,,,,,,,,,
dóttir.x,2026-04-22 04:56 UTC,64094,,,,,,,,,,,,,,
Druski,2026-04-22 04:56 UTC,922614,,,,,,,,,,,,,,
Dubioza Kolektive,2026-04-22 04:56 UTC,566925,,,,,,,,,,,,,,
dunderjeppe,2026-04-22 04:56 UTC,33299,,,,,,,,,,,,,,
Duskydemise archive,2026-04-22 04:56 UTC,370873,,,,,,,,,,,,,,
Duygu Edis,2026-04-22 04:56 UTC,2896366,,,,,,,,,,,,,,
Dwarde,2026-04-22 04:56 UTC,15825,,,,,,,,,,,,,,
EA TJ,2026-04-22 04:56 UTC,37232,,,,,,,,,,,,,,
EL DEMOON,2026-04-22 04:56 UTC,27813,,,,,,,,,,,,,,
Emanazul,2026-04-22 04:56 UTC,361161,,,,,,,,,,,,,,
Emelie Trahan,2026-04-22 04:56 UTC,102772,,,,,,,,,,,,,,
EMJIE,2026-04-22 04:56 UTC,236119,,,,,,,,,,,,,,
ERISTHEPLANET,2026-04-22 04:56 UTC,57158,,,,,,,,,,,,,,
F3miii,2026-04-22 04:56 UTC,3072646,,,,,,,,,,,,,,
Fcukers,2026-04-22 04:56 UTC,2252845,,,,,,,,,,,,,,
FIFA Sound,2026-04-22 04:56 UTC,2745855,,,,,,,,,,,,,,
FLO,2026-04-22 04:56 UTC,3718823,,,,,,,,,,,,,,
Frost Children,2026-04-22 04:56 UTC,547632,,,,,,,,,,,,,,
frozz,2026-04-22 04:56 UTC,906924,,,,,,,,,,,,,,
G3B,2026-04-22 04:56 UTC,118088,,,,,,,,,,,,,,
Ghetto Beisha,2026-04-22 04:56 UTC,31910,,,,,,,,,,,,,,
Ghostfacekush,2026-04-22 04:56 UTC,55100,,,,,,,,,,,,,,
Girl Scout,2026-04-22 04:56 UTC,187978,,,,,,,,,,,,,,
girl_irl,2026-04-22 04:56 UTC,170523,,,,,,,,,,,,,,
girlsweetvoiced,2026-04-22 04:56 UTC,890612,,,,,,,,,,,,,,
Glizzy Glow,2026-04-22 04:56 UTC,9158,,,,,,,,,,,,,,
gnawvs,2026-04-22 04:56 UTC,2454,,,,,,,,,,,,,,
Godtripper,2026-04-22 04:56 UTC,302300,,,,,,,,,,,,,,
Grupo Primer Grado,2026-04-22 04:56 UTC,2832966,,,,,,,,,,,,,,
H. Hawkline,2026-04-22 04:56 UTC,175182,,,,,,,,,,,,,,
Harrd Luck,2026-04-22 04:56 UTC,199388,,,,,,,,,,,,,,
HittMan,2026-04-22 04:56 UTC,23522,,,,,,,,,,,,,,
Iguana Death Cult,2026-04-22 04:56 UTC,66231,,,,,,,,,,,,,,
Indeevar,2026-04-22 04:56 UTC,3018878,,,,,,,,,,,,,,
Indigo De Souza,2026-04-22 04:56 UTC,1695124,,,,,,,,,,,,,,
Infinity Song,2026-04-22 04:56 UTC,773773,,,,,,,,,,,,,,
isa in eutopia,2026-04-22 04:56 UTC,31983,,,,,,,,,,,,,,
JADA,2026-04-22 04:56 UTC,24732,,,,,,,,,,,,,,
Jadasea,2026-04-22 04:56 UTC,175954,,,,,,,,,,,,,,
jalda,2026-04-22 04:56 UTC,41847,,,,,,,,,,,,,,
Jimmy Butler,2026-04-22 04:56 UTC,29793,,,,,,,,,,,,,,
JJerome87,2026-04-22 04:56 UTC,219083,,,,,,,,,,,,,,
Joy Rhodes,2026-04-22 04:56 UTC,488806,,,,,,,,,,,,,,
Juju,2026-04-22 04:56 UTC,2770585,,,,,,,,,,,,,,
Julia Church,2026-04-22 04:56 UTC,3810050,,,,,,,,,,,,,,
Julie Williams,2026-04-22 04:56 UTC,99947,,,,,,,,,,,,,,
JussGigi,2026-04-22 04:56 UTC,0,,,,,,,,,,,,,,
Kala,2026-04-22 04:56 UTC,0,,,,,,,,,,,,,,
Karly Bowman,2026-04-22 04:56 UTC,132999,,,,,,,,,,,,,,
Khaled,2026-04-22 04:56 UTC,2564366,,,,,,,,,,,,,,
Khan Saab,2026-04-22 04:56 UTC,12980011,,,,,,,,,,,,,,
King Kylie,2026-04-22 04:56 UTC,2080365,,,,,,,,,,,,,,
KINGH,2026-04-22 04:56 UTC,120982,,,,,,,,,,,,,,
Koilwood,2026-04-22 04:56 UTC,49633,,,,,,,,,,,,,,
KUČKA,2026-04-22 04:56 UTC,1118497,,,,,,,,,,,,,,
Kurdi Klymax,2026-04-22 04:56 UTC,16427,,,,,,,,,,,,,,
kuru,2026-04-22 04:56 UTC,224102,,,,,,,,,,,,,,
Lamb,2026-04-22 04:56 UTC,397898,,,,,,,,,,,,,,
ledysek,2026-04-22 04:56 UTC,16003,,,,,,,,,,,,,,
Lerado Khalil,2026-04-22 04:56 UTC,103851,,,,,,,,,,,,,,
Les Imprimés,2026-04-22 04:56 UTC,135795,,,,,,,,,,,,,,
Lightris,2026-04-22 04:56 UTC,807472,,,,,,,,,,,,,,
Lil B,2026-04-22 04:56 UTC,1148730,,,,,,,,,,,,,,
Lil Righteous,2026-04-22 04:56 UTC,0,,,,,,,,,,,,,,
Loui Henderson,2026-04-22 04:56 UTC,90041,,,,,,,,,,,,,,
Luke Armstrong,2026-04-22 04:56 UTC,1803,,,,,,,,,,,,,,
M4IA,2026-04-22 04:56 UTC,242798,,,,,,,,,,,,,,
MAGIC SOUND WOLF,2026-04-22 04:56 UTC,544451,,,,,,,,,,,,,,
Malcolm Todd,2026-04-22 04:56 UTC,20694895,,,,,,,,,,,,,,
Maphra,2026-04-22 04:56 UTC,1267087,,,,,,,,,,,,,,
marquitos,2026-04-22 04:56 UTC,817308,,,,,,,,,,,,,,
Maviler,2026-04-22 04:56 UTC,1022478,,,,,,,,,,,,,,
Merry Lamb Lamb,2026-04-22 04:56 UTC,20426,,,,,,,,,,,,,,
Mijabella Marie,2026-04-22 04:56 UTC,24069,,,,,,,,,,,,,,
MIKE,2026-04-22 04:56 UTC,903720,,,,,,,,,,,,,,
Momo Boyd,2026-04-22 04:56 UTC,2719209,,,,,,,,,,,,,,
Mr Dutt,2026-04-22 04:56 UTC,2305543,,,,,,,,,,,,,,
Mumu Fresh,2026-04-22 04:56 UTC,45382,,,,,,,,,,,,,,
My New Band Believe,2026-04-22 04:56 UTC,222433,,,,,,,,,,,,,,
Naarly,2026-04-22 04:56 UTC,5165311,,,,,,,,,,,,,,
Naod,2026-04-22 04:56 UTC,262906,,,,,,,,,,,,,,
Nickatnite,2026-04-22 04:56 UTC,14308,,,,,,,,,,,,,,
Nine Vicious,2026-04-22 04:56 UTC,1205999,,,,,,,,,,,,,,
nocashfromparents,2026-04-22 04:56 UTC,860315,,,,,,,,,,,,,,
North West,2026-04-22 04:56 UTC,605167,,,,,,,,,,,,,,
NPD,2026-04-22 04:56 UTC,1534726,,,,,,,,,,,,,,
OK Alva,2026-04-22 04:56 UTC,6744,,,,,,,,,,,,,,
OKI,2026-04-22 04:56 UTC,2376700,,,,,,,,,,,,,,
Olga Myko,2026-04-22 04:56 UTC,2245513,,,,,,,,,,,,,,
Olof Dreijer,2026-04-22 04:56 UTC,72876,,,,,,,,,,,,,,
osa,2026-04-22 04:56 UTC,88508,,,,,,,,,,,,,,
Oxis,2026-04-22 04:56 UTC,214602,,,,,,,,,,,,,,
Pocket,2026-04-22 04:56 UTC,94468,,,,,,,,,,,,,,
Pretty Pinkk,2026-04-22 04:56 UTC,31908,,,,,,,,,,,,,,
Pz',2026-04-22 04:56 UTC,321124,,,,,,,,,,,,,,
Rian Brazil,2026-04-22 04:56 UTC,47797,,,,,,,,,,,,,,
rjtheweirdo,2026-04-22 04:56 UTC,302642,,,,,,,,,,,,,,
Rocket Reese,2026-04-22 04:56 UTC,125619,,,,,,,,,,,,,,
S1RENA,2026-04-22 04:56 UTC,202667,,,,,,,,,,,,,,
Sa!koro,2026-04-22 04:56 UTC,77579,,,,,,,,,,,,,,
Sara Landry,2026-04-22 04:56 UTC,1290025,,,,,,,,,,,,,,
Sébastien Tellier,2026-04-22 04:56 UTC,1123003,,,,,,,,,,,,,,
ShawtyRokk,2026-04-22 04:56 UTC,29529,,,,,,,,,,,,,,
shonci,2026-04-22 04:56 UTC,3606470,,,,,,,,,,,,,,
Slayr,2026-04-22 04:56 UTC,1145619,,,,,,,,,,,,,,
Slayyyter,2026-04-22 04:56 UTC,3920715,,,,,,,,,,,,,,
Slim Jxmmy,2026-04-22 04:56 UTC,36871,,,,,,,,,,,,,,
Sofiane Pamart,2026-04-22 04:56 UTC,3245951,,,,,,,,,,,,,,
Sons of Yusuf,2026-04-22 04:56 UTC,1990180,,,,,,,,,,,,,,
Southsidesilhouette,2026-04-22 04:56 UTC,156414,,,,,,,,,,,,,,
Specialist Moss,2026-04-22 04:56 UTC,515764,,,,,,,,,,,,,,
SPELLLING,2026-04-22 04:56 UTC,76445,,,,,,,,,,,,,,
Sreemani,2026-04-22 04:56 UTC,2237080,,,,,,,,,,,,,,
STELLA LEFTY,2026-04-22 04:56 UTC,5417573,,,,,,,,,,,,,,
Street Fever,2026-04-22 04:56 UTC,165519,,,,,,,,,,,,,,
Sunday Service Choir,2026-04-22 04:56 UTC,432112,,,,,,,,,,,,,,
SURF GANG,2026-04-22 04:56 UTC,760014,,,,,,,,,,,,,,
Swizz Beatz,2026-04-22 04:56 UTC,1256275,,,,,,,,,,,,,,
T.O.P,2026-04-22 04:56 UTC,1539319,,,,,,,,,,,,,,
Tabi Gervis,2026-04-22 04:56 UTC,21588,,,,,,,,,,,,,,
Temper City,2026-04-22 04:56 UTC,7629817,,,,,,,,,,,,,,
Tezzus,2026-04-22 04:56 UTC,347523,,,,,,,,,,,,,,
The Long Faces,2026-04-22 04:56 UTC,3789625,,,,,,,,,,,,,,
The Twins,2026-04-22 04:56 UTC,74477,,,,,,,,,,,,,,
THELMA,2026-04-22 04:56 UTC,35392,,,,,,,,,,,,,,
Tiffany Day,2026-04-22 04:56 UTC,1214675,,,,,,,,,,,,,,
Tom Did It,2026-04-22 04:56 UTC,1271237,,,,,,,,,,,,,,
Tom Right,2026-04-22 04:56 UTC,933500,,,,,,,,,,,,,,
TOMORA,2026-04-22 04:56 UTC,857556,,,,,,,,,,,,,,
Trim,2026-04-22 04:56 UTC,2169764,,,,,,,,,,,,,,
Tsatsamis,2026-04-22 04:56 UTC,207841,,,,,,,,,,,,,,
twentythree,2026-04-22 04:56 UTC,1370561,,,,,,,,,,,,,,
TXKUMOON,2026-04-22 04:56 UTC,798815,,,,,,,,,,,,,,
Vaibhav Gupta,2026-04-22 04:56 UTC,2691975,,,,,,,,,,,,,,
waera,2026-04-22 04:56 UTC,268883,,,,,,,,,,,,,,
Warren Roob,2026-04-22 04:56 UTC,815976,,,,,,,,,,,,,,
Welwitschia,2026-04-22 04:56 UTC,853504,,,,,,,,,,,,,,
Will Sass,2026-04-22 04:56 UTC,726845,,,,,,,,,,,,,,
Wtm Solid,2026-04-22 04:56 UTC,11810,,,,,,,,,,,,,,
Yaeger,2026-04-22 04:56 UTC,303932,,,,,,,,,,,,,,
YASP,2026-04-22 04:56 UTC,22292,,,,,,,,,,,,,,
Ye,2026-04-22 04:56 UTC,18919038,,,,,,,,,,,,,,
Yonusa,2026-04-22 04:56 UTC,273505,,,,,,,,,,,,,,
YUNA,2026-04-22 04:56 UTC,1361927,,,,,,,,,,,,,,
Yuyu19,2026-04-22 04:56 UTC,1192007,,,,,,,,,,,,,,
Zycan,2026-04-22 04:56 UTC,2173789,,,,,,,,,,,,,,
drug bug,2026-04-22 04:56 UTC,45925,,,,,,,,,,,,,,
ILYAH,2026-04-22 04:56 UTC,307315,,,,,,,,,,,,,,
Los Brasileros,2026-04-22 04:56 UTC,913883,,,,,,,,,,,,,,
am7iri,2026-04-22 04:56 UTC,709058,,,,,,,,,,,,,,
Los Buyer,2026-04-22 04:56 UTC,325196,,,,,,,,,,,,,,
Pikeras,2026-04-22 04:56 UTC,737122,,,,,,,,,,,,,,
Heitor Santos,2026-04-22 04:56 UTC,1020796,,,,,,,,,,,,,,
Melly,2026-04-22 04:56 UTC,729460,,,,,,,,,,,,,,
OT The Real,2026-04-22 04:56 UTC,132650,,,,,,,,,,,,,,
Big Papa313,2026-04-22 04:56 UTC,1166202,,,,,,,,,,,,,,
kortani,2026-04-22 04:56 UTC,271311,,,,,,,,,,,,,,
daydreamers,2026-04-22 04:56 UTC,201137,,,,,,,,,,,,,,
Amma,2026-04-22 04:56 UTC,286978,,,,,,,,,,,,,,
IngaRose,2026-04-22 04:56 UTC,1066898,,,,,,,,,,,,,,
FRIDAY*,2026-04-22 04:56 UTC,8419,,,,,,,,,,,,,,
aoif3,2026-04-22 04:56 UTC,1043,,,,,,,,,,,,,,
Uche,2026-04-22 04:56 UTC,21693,,,,,,,,,,,,,,
Maxx Moor,2026-04-22 04:56 UTC,423,,,,,,,,,,,,,,
$t3PPA,2026-04-22 21:11 UTC,136511,,,,,,,,,,,,,,
1 Umbrella,2026-04-22 21:11 UTC,212588,,,,,,,,,,,,,,
318dman,2026-04-22 21:11 UTC,94535,,,,,,,,,,,,,,
A2ANTI,2026-04-22 21:11 UTC,1708982,,,,,,,,,,,,,,
Addison Dean,2026-04-22 21:11 UTC,5913,,,,,,,,,,,,,,
Aksomaniac,2026-04-22 21:11 UTC,1185559,,,,,,,,,,,,,,
Andre Troutman,2026-04-22 21:11 UTC,9617311,,,,,,,,,,,,,,
Angine de Poitrine,2026-04-22 21:11 UTC,2409751,,,,,,,,,,,,,,
Anik Khan,2026-04-22 21:11 UTC,145989,,,,,,,,,,,,,,
AQUAFINNA,2026-04-22 21:11 UTC,22347,,,,,,,,,,,,,,
Biggs money,2026-04-22 21:11 UTC,26790,,,,,,,,,,,,,,
Boi-1da,2026-04-22 21:11 UTC,541390,,,,,,,,,,,,,,
BossMan Pac,2026-04-22 21:11 UTC,109893,,,,,,,,,,,,,,
Brittany Aldean,2026-04-22 21:11 UTC,178333,,,,,,,,,,,,,,
Bryan Countach,2026-04-22 21:11 UTC,273694,,,,,,,,,,,,,,
Canada Soccer,2026-04-22 21:11 UTC,388773,,,,,,,,,,,,,,
Canyon,2026-04-22 21:11 UTC,44406,,,,,,,,,,,,,,
Cap1talA,2026-04-22 21:11 UTC,212214,,,,,,,,,,,,,,
Carter Faith,2026-04-22 21:11 UTC,2602042,,,,,,,,,,,,,,
Che,2026-04-22 21:11 UTC,1246177,,,,,,,,,,,,,,
Chyno Miranda,2026-04-22 21:11 UTC,1529839,,,,,,,,,,,,,,
Corridos del Rey,2026-04-22 21:11 UTC,1288222,,,,,,,,,,,,,,
Dale Move,2026-04-22 21:11 UTC,260764,,,,,,,,,,,,,,
Daniel Žižka,2026-04-22 21:11 UTC,130883,,,,,,,,,,,,,,
Dante,2026-04-22 21:11 UTC,531584,,,,,,,,,,,,,,
Dean Turnley,2026-04-22 21:11 UTC,1530535,,,,,,,,,,,,,,
Delta Ash,2026-04-22 21:11 UTC,533027,,,,,,,,,,,,,,
DETO BLACK,2026-04-22 21:11 UTC,298792,,,,,,,,,,,,,,
Devault,2026-04-22 21:11 UTC,2133458,,,,,,,,,,,,,,
Dexter and The Moonrocks,2026-04-22 21:11 UTC,4940323,,,,,,,,,,,,,,
diamond*,2026-04-22 21:11 UTC,338636,,,,,,,,,,,,,,
Diana Pilquist,2026-04-22 21:11 UTC,1993,,,,,,,,,,,,,,
DJ B7 o Piranhão,2026-04-22 21:11 UTC,1805936,,,,,,,,,,,,,,
DJ Holiday,2026-04-22 21:11 UTC,170227,,,,,,,,,,,,,,
dóttir.x,2026-04-22 21:11 UTC,65741,,,,,,,,,,,,,,
Druski,2026-04-22 21:11 UTC,987094,,,,,,,,,,,,,,
Dubioza Kolektive,2026-04-22 21:11 UTC,571465,,,,,,,,,,,,,,
dunderjeppe,2026-04-22 21:11 UTC,33504,,,,,,,,,,,,,,
Duskydemise archive,2026-04-22 21:11 UTC,379682,,,,,,,,,,,,,,
Duygu Edis,2026-04-22 21:11 UTC,2917003,,,,,,,,,,,,,,
Dwarde,2026-04-22 21:11 UTC,16576,,,,,,,,,,,,,,
EA TJ,2026-04-22 21:11 UTC,40599,,,,,,,,,,,,,,
EL DEMOON,2026-04-22 21:11 UTC,31972,,,,,,,,,,,,,,
Emanazul,2026-04-22 21:11 UTC,390111,,,,,,,,,,,,,,
Emelie Trahan,2026-04-22 21:11 UTC,104366,,,,,,,,,,,,,,
EMJIE,2026-04-22 21:11 UTC,242584,,,,,,,,,,,,,,
ERISTHEPLANET,2026-04-22 21:11 UTC,58076,,,,,,,,,,,,,,
F3miii,2026-04-22 21:11 UTC,3176035,,,,,,,,,,,,,,
Fcukers,2026-04-22 21:11 UTC,2258621,,,,,,,,,,,,,,
FIFA Sound,2026-04-22 21:11 UTC,2739392,,,,,,,,,,,,,,
FLO,2026-04-22 21:11 UTC,3699554,,,,,,,,,,,,,,
Frost Children,2026-04-22 21:11 UTC,545734,,,,,,,,,,,,,,
frozz,2026-04-22 21:11 UTC,944043,,,,,,,,,,,,,,
G3B,2026-04-22 21:11 UTC,122045,,,,,,,,,,,,,,
Ghetto Beisha,2026-04-22 21:11 UTC,35103,,,,,,,,,,,,,,
Ghostfacekush,2026-04-22 21:11 UTC,56936,,,,,,,,,,,,,,
Girl Scout,2026-04-22 21:11 UTC,171047,,,,,,,,,,,,,,
girl_irl,2026-04-22 21:11 UTC,171279,,,,,,,,,,,,,,
girlsweetvoiced,2026-04-22 21:11 UTC,901211,,,,,,,,,,,,,,
Glizzy Glow,2026-04-22 21:11 UTC,10288,,,,,,,,,,,,,,
gnawvs,2026-04-22 21:11 UTC,2775,,,,,,,,,,,,,,
Godtripper,2026-04-22 21:11 UTC,312913,,,,,,,,,,,,,,
Grupo Primer Grado,2026-04-22 21:11 UTC,2831563,,,,,,,,,,,,,,
H. Hawkline,2026-04-22 21:11 UTC,180880,,,,,,,,,,,,,,
Harrd Luck,2026-04-22 21:11 UTC,201823,,,,,,,,,,,,,,
HittMan,2026-04-22 21:11 UTC,25163,,,,,,,,,,,,,,
Iguana Death Cult,2026-04-22 21:11 UTC,66191,,,,,,,,,,,,,,
Indeevar,2026-04-22 21:11 UTC,3059148,,,,,,,,,,,,,,
Indigo De Souza,2026-04-22 21:11 UTC,1697548,,,,,,,,,,,,,,
Infinity Song,2026-04-22 21:11 UTC,784569,,,,,,,,,,,,,,
isa in eutopia,2026-04-22 21:11 UTC,32889,,,,,,,,,,,,,,
JADA,2026-04-22 21:11 UTC,25159,,,,,,,,,,,,,,
Jadasea,2026-04-22 21:11 UTC,177516,,,,,,,,,,,,,,
jalda,2026-04-22 21:11 UTC,43449,,,,,,,,,,,,,,
Jimmy Butler,2026-04-22 21:11 UTC,36626,,,,,,,,,,,,,,
JJerome87,2026-04-22 21:11 UTC,237014,,,,,,,,,,,,,,
Joy Rhodes,2026-04-22 21:11 UTC,502184,,,,,,,,,,,,,,
Juju,2026-04-22 21:11 UTC,2804985,,,,,,,,,,,,,,
Julia Church,2026-04-22 21:11 UTC,3896115,,,,,,,,,,,,,,
Julie Williams,2026-04-22 21:11 UTC,103592,,,,,,,,,,,,,,
JussGigi,2026-04-22 21:11 UTC,0,,,,,,,,,,,,,,
Kala,2026-04-22 21:11 UTC,0,,,,,,,,,,,,,,
Karly Bowman,2026-04-22 21:11 UTC,139172,,,,,,,,,,,,,,
Khaled,2026-04-22 21:11 UTC,2547566,,,,,,,,,,,,,,
Khan Saab,2026-04-22 21:11 UTC,12925227,,,,,,,,,,,,,,
King Kylie,2026-04-22 21:11 UTC,2000034,,,,,,,,,,,,,,
KINGH,2026-04-22 21:11 UTC,123446,,,,,,,,,,,,,,
Koilwood,2026-04-22 21:11 UTC,50925,,,,,,,,,,,,,,
KUČKA,2026-04-22 21:11 UTC,1130629,,,,,,,,,,,,,,
Kurdi Klymax,2026-04-22 21:11 UTC,16598,,,,,,,,,,,,,,
kuru,2026-04-22 21:11 UTC,227222,,,,,,,,,,,,,,
Lamb,2026-04-22 21:11 UTC,398774,,,,,,,,,,,,,,
ledysek,2026-04-22 21:11 UTC,16031,,,,,,,,,,,,,,
Lerado Khalil,2026-04-22 21:11 UTC,106181,,,,,,,,,,,,,,
Les Imprimés,2026-04-22 21:11 UTC,135965,,,,,,,,,,,,,,
Lightris,2026-04-22 21:11 UTC,807072,,,,,,,,,,,,,,
Lil B,2026-04-22 21:11 UTC,1234412,,,,,,,,,,,,,,
Lil Righteous,2026-04-22 21:11 UTC,0,,,,,,,,,,,,,,
Loui Henderson,2026-04-22 21:11 UTC,101000,,,,,,,,,,,,,,
Luke Armstrong,2026-04-22 21:11 UTC,2199,,,,,,,,,,,,,,
M4IA,2026-04-22 21:11 UTC,244318,,,,,,,,,,,,,,
MAGIC SOUND WOLF,2026-04-22 21:11 UTC,553855,,,,,,,,,,,,,,
Malcolm Todd,2026-04-22 21:11 UTC,20855743,,,,,,,,,,,,,,
Maphra,2026-04-22 21:11 UTC,1259418,,,,,,,,,,,,,,
marquitos,2026-04-22 21:11 UTC,789376,,,,,,,,,,,,,,
Maviler,2026-04-22 21:11 UTC,1013537,,,,,,,,,,,,,,
Merry Lamb Lamb,2026-04-22 21:11 UTC,20890,,,,,,,,,,,,,,
Mijabella Marie,2026-04-22 21:11 UTC,24492,,,,,,,,,,,,,,
MIKE,2026-04-22 21:11 UTC,905669,,,,,,,,,,,,,,
Momo Boyd,2026-04-22 21:11 UTC,2693869,,,,,,,,,,,,,,
Mr Dutt,2026-04-22 21:11 UTC,2321853,,,,,,,,,,,,,,
Mumu Fresh,2026-04-22 21:11 UTC,47366,,,,,,,,,,,,,,
My New Band Believe,2026-04-22 21:11 UTC,223091,,,,,,,,,,,,,,
Naarly,2026-04-22 21:11 UTC,5193950,,,,,,,,,,,,,,
Naod,2026-04-22 21:11 UTC,268570,,,,,,,,,,,,,,
Nickatnite,2026-04-22 21:11 UTC,14471,,,,,,,,,,,,,,
Nine Vicious,2026-04-22 21:11 UTC,1208505,,,,,,,,,,,,,,
nocashfromparents,2026-04-22 21:11 UTC,871281,,,,,,,,,,,,,,
North West,2026-04-22 21:11 UTC,602030,,,,,,,,,,,,,,
NPD,2026-04-22 21:11 UTC,1549418,,,,,,,,,,,,,,
OK Alva,2026-04-22 21:11 UTC,6826,,,,,,,,,,,,,,
OKI,2026-04-22 21:11 UTC,2389631,,,,,,,,,,,,,,
Olga Myko,2026-04-22 21:11 UTC,2246143,,,,,,,,,,,,,,
Olof Dreijer,2026-04-22 21:11 UTC,73595,,,,,,,,,,,,,,
osa,2026-04-22 21:11 UTC,91051,,,,,,,,,,,,,,
Oxis,2026-04-22 21:11 UTC,220575,,,,,,,,,,,,,,
Pocket,2026-04-22 21:11 UTC,100677,,,,,,,,,,,,,,
Pretty Pinkk,2026-04-22 21:11 UTC,35104,,,,,,,,,,,,,,
Pz',2026-04-22 21:11 UTC,323729,,,,,,,,,,,,,,
Rian Brazil,2026-04-22 21:11 UTC,49889,,,,,,,,,,,,,,
rjtheweirdo,2026-04-22 21:11 UTC,327876,,,,,,,,,,,,,,
Rocket Reese,2026-04-22 21:11 UTC,126549,,,,,,,,,,,,,,
S1RENA,2026-04-22 21:11 UTC,205850,,,,,,,,,,,,,,
Sa!koro,2026-04-22 21:11 UTC,79035,,,,,,,,,,,,,,
Sara Landry,2026-04-22 21:11 UTC,1291216,,,,,,,,,,,,,,
Sébastien Tellier,2026-04-22 21:11 UTC,1184479,,,,,,,,,,,,,,
ShawtyRokk,2026-04-22 21:11 UTC,30752,,,,,,,,,,,,,,
shonci,2026-04-22 21:11 UTC,3689917,,,,,,,,,,,,,,
Slayr,2026-04-22 21:11 UTC,1129484,,,,,,,,,,,,,,
Slayyyter,2026-04-22 21:11 UTC,4037866,,,,,,,,,,,,,,
Slim Jxmmy,2026-04-22 21:11 UTC,36963,,,,,,,,,,,,,,
Sofiane Pamart,2026-04-22 21:11 UTC,3360855,,,,,,,,,,,,,,
Sons of Yusuf,2026-04-22 21:11 UTC,1971481,,,,,,,,,,,,,,
Southsidesilhouette,2026-04-22 21:11 UTC,159695,,,,,,,,,,,,,,
Specialist Moss,2026-04-22 21:11 UTC,530674,,,,,,,,,,,,,,
SPELLLING,2026-04-22 21:11 UTC,79873,,,,,,,,,,,,,,
Sreemani,2026-04-22 21:11 UTC,2281858,,,,,,,,,,,,,,
STELLA LEFTY,2026-04-22 21:11 UTC,5554713,,,,,,,,,,,,,,
Street Fever,2026-04-22 21:11 UTC,168255,,,,,,,,,,,,,,
Sunday Service Choir,2026-04-22 21:11 UTC,431645,,,,,,,,,,,,,,
SURF GANG,2026-04-22 21:11 UTC,762960,,,,,,,,,,,,,,
Swizz Beatz,2026-04-22 21:11 UTC,1260818,,,,,,,,,,,,,,
T.O.P,2026-04-22 21:11 UTC,1566859,,,,,,,,,,,,,,
Tabi Gervis,2026-04-22 21:11 UTC,21666,,,,,,,,,,,,,,
Temper City,2026-04-22 21:11 UTC,7815564,,,,,,,,,,,,,,
Tezzus,2026-04-22 21:11 UTC,355392,,,,,,,,,,,,,,
The Long Faces,2026-04-22 21:11 UTC,3837877,,,,,,,,,,,,,,
The Twins,2026-04-22 21:11 UTC,74630,,,,,,,,,,,,,,
THELMA,2026-04-22 21:11 UTC,37239,,,,,,,,,,,,,,
Tiffany Day,2026-04-22 21:11 UTC,1227584,,,,,,,,,,,,,,
Tom Did It,2026-04-22 21:11 UTC,1261077,,,,,,,,,,,,,,
Tom Right,2026-04-22 21:11 UTC,923305,,,,,,,,,,,,,,
TOMORA,2026-04-22 21:11 UTC,881875,,,,,,,,,,,,,,
Trim,2026-04-22 21:11 UTC,2184595,,,,,,,,,,,,,,
Tsatsamis,2026-04-22 21:11 UTC,208076,,,,,,,,,,,,,,
twentythree,2026-04-22 21:11 UTC,1371231,,,,,,,,,,,,,,
TXKUMOON,2026-04-22 21:11 UTC,817132,,,,,,,,,,,,,,
Vaibhav Gupta,2026-04-22 21:11 UTC,2638929,,,,,,,,,,,,,,
waera,2026-04-22 21:11 UTC,265612,,,,,,,,,,,,,,
Warren Roob,2026-04-22 21:11 UTC,802061,,,,,,,,,,,,,,
Welwitschia,2026-04-22 21:11 UTC,891676,,,,,,,,,,,,,,
Will Sass,2026-04-22 21:11 UTC,712331,,,,,,,,,,,,,,
Wtm Solid,2026-04-22 21:11 UTC,11863,,,,,,,,,,,,,,
Yaeger,2026-04-22 21:11 UTC,309118,,,,,,,,,,,,,,
YASP,2026-04-22 21:11 UTC,23615,,,,,,,,,,,,,,
Ye,2026-04-22 21:11 UTC,19090126,,,,,,,,,,,,,,
Yonusa,2026-04-22 21:11 UTC,274011,,,,,,,,,,,,,,
YUNA,2026-04-22 21:11 UTC,1372489,,,,,,,,,,,,,,
Yuyu19,2026-04-22 21:11 UTC,1218753,,,,,,,,,,,,,,
Zycan,2026-04-22 21:11 UTC,2172638,,,,,,,,,,,,,,
drug bug,2026-04-22 21:11 UTC,47887,,,,,,,,,,,,,,
ILYAH,2026-04-22 21:11 UTC,339875,,,,,,,,,,,,,,
Los Brasileros,2026-04-22 21:11 UTC,973805,,,,,,,,,,,,,,
am7iri,2026-04-22 21:11 UTC,774368,,,,,,,,,,,,,,
Los Buyer,2026-04-22 21:11 UTC,378214,,,,,,,,,,,,,,
Pikeras,2026-04-22 21:11 UTC,792888,,,,,,,,,,,,,,
Heitor Santos,2026-04-22 21:11 UTC,1102090,,,,,,,,,,,,,,
Melly,2026-04-22 21:11 UTC,763228,,,,,,,,,,,,,,
OT The Real,2026-04-22 21:11 UTC,139113,,,,,,,,,,,,,,
Big Papa313,2026-04-22 21:11 UTC,1247022,,,,,,,,,,,,,,
kortani,2026-04-22 21:11 UTC,290991,,,,,,,,,,,,,,
daydreamers,2026-04-22 21:11 UTC,205636,,,,,,,,,,,,,,
Amma,2026-04-22 21:11 UTC,296240,,,,,,,,,,,,,,
IngaRose,2026-04-22 21:11 UTC,1124715,,,,,,,,,,,,,,
FRIDAY*,2026-04-22 21:11 UTC,8465,,,,,,,,,,,,,,
aoif3,2026-04-22 21:11 UTC,1045,,,,,,,,,,,,,,
Uche,2026-04-22 21:11 UTC,21232,,,,,,,,,,,,,,
Maxx Moor,2026-04-22 21:11 UTC,427,,,,,,,,,,,,,,
$t3PPA,2026-04-22 22:36 UTC,136511,,,,,,,,,,,,,,
1 Umbrella,2026-04-22 22:36 UTC,212588,,,,,,,,,,,,,,
318dman,2026-04-22 22:36 UTC,94535,,,,,,,,,,,,,,
A2ANTI,2026-04-22 22:36 UTC,1708982,,,,,,,,,,,,,,
Addison Dean,2026-04-22 22:36 UTC,5913,,,,,,,,,,,,,,
Aksomaniac,2026-04-22 22:36 UTC,1185559,,,,,,,,,,,,,,
Andre Troutman,2026-04-22 22:36 UTC,9617311,,,,,,,,,,,,,,
Angine de Poitrine,2026-04-22 22:36 UTC,2409751,,,,,,,,,,,,,,
Anik Khan,2026-04-22 22:36 UTC,145989,,,,,,,,,,,,,,
AQUAFINNA,2026-04-22 22:36 UTC,22347,,,,,,,,,,,,,,
Biggs money,2026-04-22 22:36 UTC,26790,,,,,,,,,,,,,,
Boi-1da,2026-04-22 22:36 UTC,541390,,,,,,,,,,,,,,
BossMan Pac,2026-04-22 22:36 UTC,109893,,,,,,,,,,,,,,
Brittany Aldean,2026-04-22 22:36 UTC,178333,,,,,,,,,,,,,,
Bryan Countach,2026-04-22 22:36 UTC,273694,,,,,,,,,,,,,,
Canada Soccer,2026-04-22 22:36 UTC,388773,,,,,,,,,,,,,,
Canyon,2026-04-22 22:36 UTC,44406,,,,,,,,,,,,,,
Cap1talA,2026-04-22 22:36 UTC,212214,,,,,,,,,,,,,,
Carter Faith,2026-04-22 22:36 UTC,2602042,,,,,,,,,,,,,,
Che,2026-04-22 22:36 UTC,1246177,,,,,,,,,,,,,,
Chyno Miranda,2026-04-22 22:36 UTC,1529839,,,,,,,,,,,,,,
Corridos del Rey,2026-04-22 22:36 UTC,1288222,,,,,,,,,,,,,,
Dale Move,2026-04-22 22:36 UTC,260764,,,,,,,,,,,,,,
Daniel Žižka,2026-04-22 22:36 UTC,130883,,,,,,,,,,,,,,
Dante,2026-04-22 22:36 UTC,531584,,,,,,,,,,,,,,
Dean Turnley,2026-04-22 22:36 UTC,1530535,,,,,,,,,,,,,,
Delta Ash,2026-04-22 22:36 UTC,533027,,,,,,,,,,,,,,
DETO BLACK,2026-04-22 22:36 UTC,298792,,,,,,,,,,,,,,
Devault,2026-04-22 22:36 UTC,2133458,,,,,,,,,,,,,,
Dexter and The Moonrocks,2026-04-22 22:36 UTC,4940323,,,,,,,,,,,,,,
diamond*,2026-04-22 22:36 UTC,338636,,,,,,,,,,,,,,
Diana Pilquist,2026-04-22 22:36 UTC,1993,,,,,,,,,,,,,,
DJ B7 o Piranhão,2026-04-22 22:36 UTC,1805936,,,,,,,,,,,,,,
DJ Holiday,2026-04-22 22:36 UTC,170227,,,,,,,,,,,,,,
dóttir.x,2026-04-22 22:36 UTC,65741,,,,,,,,,,,,,,
Druski,2026-04-22 22:36 UTC,987094,,,,,,,,,,,,,,
Dubioza Kolektive,2026-04-22 22:36 UTC,571465,,,,,,,,,,,,,,
dunderjeppe,2026-04-22 22:36 UTC,33504,,,,,,,,,,,,,,
Duskydemise archive,2026-04-22 22:36 UTC,379682,,,,,,,,,,,,,,
Duygu Edis,2026-04-22 22:36 UTC,2917003,,,,,,,,,,,,,,
Dwarde,2026-04-22 22:36 UTC,16576,,,,,,,,,,,,,,
EA TJ,2026-04-22 22:36 UTC,40599,,,,,,,,,,,,,,
EL DEMOON,2026-04-22 22:36 UTC,31972,,,,,,,,,,,,,,
Emanazul,2026-04-22 22:36 UTC,390111,,,,,,,,,,,,,,
Emelie Trahan,2026-04-22 22:36 UTC,104366,,,,,,,,,,,,,,
EMJIE,2026-04-22 22:36 UTC,242584,,,,,,,,,,,,,,
ERISTHEPLANET,2026-04-22 22:36 UTC,58076,,,,,,,,,,,,,,
F3miii,2026-04-22 22:36 UTC,3176035,,,,,,,,,,,,,,
Fcukers,2026-04-22 22:36 UTC,2258621,,,,,,,,,,,,,,
FIFA Sound,2026-04-22 22:36 UTC,2739392,,,,,,,,,,,,,,
FLO,2026-04-22 22:36 UTC,3699554,,,,,,,,,,,,,,
Frost Children,2026-04-22 22:36 UTC,545734,,,,,,,,,,,,,,
frozz,2026-04-22 22:36 UTC,944043,,,,,,,,,,,,,,
G3B,2026-04-22 22:36 UTC,122045,,,,,,,,,,,,,,
Ghetto Beisha,2026-04-22 22:36 UTC,35103,,,,,,,,,,,,,,
Ghostfacekush,2026-04-22 22:36 UTC,56936,,,,,,,,,,,,,,
Girl Scout,2026-04-22 22:36 UTC,171047,,,,,,,,,,,,,,
girl_irl,2026-04-22 22:36 UTC,171279,,,,,,,,,,,,,,
girlsweetvoiced,2026-04-22 22:36 UTC,901211,,,,,,,,,,,,,,
Glizzy Glow,2026-04-22 22:36 UTC,10288,,,,,,,,,,,,,,
gnawvs,2026-04-22 22:36 UTC,2775,,,,,,,,,,,,,,
Godtripper,2026-04-22 22:36 UTC,312913,,,,,,,,,,,,,,
Grupo Primer Grado,2026-04-22 22:36 UTC,2831563,,,,,,,,,,,,,,
H. Hawkline,2026-04-22 22:36 UTC,180880,,,,,,,,,,,,,,
Harrd Luck,2026-04-22 22:36 UTC,201823,,,,,,,,,,,,,,
HittMan,2026-04-22 22:36 UTC,25163,,,,,,,,,,,,,,
Iguana Death Cult,2026-04-22 22:36 UTC,66191,,,,,,,,,,,,,,
Indeevar,2026-04-22 22:36 UTC,3059148,,,,,,,,,,,,,,
Indigo De Souza,2026-04-22 22:36 UTC,1697548,,,,,,,,,,,,,,
Infinity Song,2026-04-22 22:36 UTC,784569,,,,,,,,,,,,,,
isa in eutopia,2026-04-22 22:36 UTC,32889,,,,,,,,,,,,,,
JADA,2026-04-22 22:36 UTC,25159,,,,,,,,,,,,,,
Jadasea,2026-04-22 22:36 UTC,177516,,,,,,,,,,,,,,
jalda,2026-04-22 22:36 UTC,43449,,,,,,,,,,,,,,
Jimmy Butler,2026-04-22 22:36 UTC,36626,,,,,,,,,,,,,,
JJerome87,2026-04-22 22:36 UTC,237014,,,,,,,,,,,,,,
Joy Rhodes,2026-04-22 22:36 UTC,502184,,,,,,,,,,,,,,
Juju,2026-04-22 22:36 UTC,2804985,,,,,,,,,,,,,,
Julia Church,2026-04-22 22:36 UTC,3896115,,,,,,,,,,,,,,
Julie Williams,2026-04-22 22:36 UTC,103592,,,,,,,,,,,,,,
JussGigi,2026-04-22 22:36 UTC,0,,,,,,,,,,,,,,
Kala,2026-04-22 22:36 UTC,0,,,,,,,,,,,,,,
Karly Bowman,2026-04-22 22:36 UTC,139172,,,,,,,,,,,,,,
Khaled,2026-04-22 22:36 UTC,2547566,,,,,,,,,,,,,,
Khan Saab,2026-04-22 22:36 UTC,12925227,,,,,,,,,,,,,,
King Kylie,2026-04-22 22:36 UTC,2000034,,,,,,,,,,,,,,
KINGH,2026-04-22 22:36 UTC,123446,,,,,,,,,,,,,,
Koilwood,2026-04-22 22:36 UTC,50925,,,,,,,,,,,,,,
KUČKA,2026-04-22 22:36 UTC,1130629,,,,,,,,,,,,,,
Kurdi Klymax,2026-04-22 22:36 UTC,16598,,,,,,,,,,,,,,
kuru,2026-04-22 22:36 UTC,227222,,,,,,,,,,,,,,
Lamb,2026-04-22 22:36 UTC,398774,,,,,,,,,,,,,,
ledysek,2026-04-22 22:36 UTC,16031,,,,,,,,,,,,,,
Lerado Khalil,2026-04-22 22:36 UTC,106181,,,,,,,,,,,,,,
Les Imprimés,2026-04-22 22:36 UTC,135965,,,,,,,,,,,,,,
Lightris,2026-04-22 22:36 UTC,807072,,,,,,,,,,,,,,
Lil B,2026-04-22 22:36 UTC,1234412,,,,,,,,,,,,,,
Lil Righteous,2026-04-22 22:36 UTC,0,,,,,,,,,,,,,,
Loui Henderson,2026-04-22 22:36 UTC,101000,,,,,,,,,,,,,,
Luke Armstrong,2026-04-22 22:36 UTC,2199,,,,,,,,,,,,,,
M4IA,2026-04-22 22:36 UTC,244318,,,,,,,,,,,,,,
MAGIC SOUND WOLF,2026-04-22 22:36 UTC,553855,,,,,,,,,,,,,,
Malcolm Todd,2026-04-22 22:36 UTC,20855743,,,,,,,,,,,,,,
Maphra,2026-04-22 22:36 UTC,1259418,,,,,,,,,,,,,,
marquitos,2026-04-22 22:36 UTC,789376,,,,,,,,,,,,,,
Maviler,2026-04-22 22:36 UTC,1013537,,,,,,,,,,,,,,
Merry Lamb Lamb,2026-04-22 22:36 UTC,20890,,,,,,,,,,,,,,
Mijabella Marie,2026-04-22 22:36 UTC,24492,,,,,,,,,,,,,,
MIKE,2026-04-22 22:36 UTC,905669,,,,,,,,,,,,,,
Momo Boyd,2026-04-22 22:36 UTC,2693869,,,,,,,,,,,,,,
Mr Dutt,2026-04-22 22:36 UTC,2321853,,,,,,,,,,,,,,
Mumu Fresh,2026-04-22 22:36 UTC,47366,,,,,,,,,,,,,,
My New Band Believe,2026-04-22 22:36 UTC,223091,,,,,,,,,,,,,,
Naarly,2026-04-22 22:36 UTC,5193950,,,,,,,,,,,,,,
Naod,2026-04-22 22:36 UTC,268570,,,,,,,,,,,,,,
Nickatnite,2026-04-22 22:36 UTC,14471,,,,,,,,,,,,,,
Nine Vicious,2026-04-22 22:36 UTC,1208505,,,,,,,,,,,,,,
nocashfromparents,2026-04-22 22:36 UTC,871281,,,,,,,,,,,,,,
North West,2026-04-22 22:36 UTC,602030,,,,,,,,,,,,,,
NPD,2026-04-22 22:36 UTC,1549418,,,,,,,,,,,,,,
OK Alva,2026-04-22 22:36 UTC,6826,,,,,,,,,,,,,,
OKI,2026-04-22 22:36 UTC,2389631,,,,,,,,,,,,,,
Olga Myko,2026-04-22 22:36 UTC,2246143,,,,,,,,,,,,,,
Olof Dreijer,2026-04-22 22:36 UTC,73595,,,,,,,,,,,,,,
osa,2026-04-22 22:36 UTC,91051,,,,,,,,,,,,,,
Oxis,2026-04-22 22:36 UTC,220575,,,,,,,,,,,,,,
Pocket,2026-04-22 22:36 UTC,100677,,,,,,,,,,,,,,
Pretty Pinkk,2026-04-22 22:36 UTC,35104,,,,,,,,,,,,,,
Pz',2026-04-22 22:36 UTC,323729,,,,,,,,,,,,,,
Rian Brazil,2026-04-22 22:36 UTC,49889,,,,,,,,,,,,,,
rjtheweirdo,2026-04-22 22:36 UTC,327876,,,,,,,,,,,,,,
Rocket Reese,2026-04-22 22:36 UTC,126549,,,,,,,,,,,,,,
S1RENA,2026-04-22 22:36 UTC,205850,,,,,,,,,,,,,,
Sa!koro,2026-04-22 22:36 UTC,79035,,,,,,,,,,,,,,
Sara Landry,2026-04-22 22:36 UTC,1291216,,,,,,,,,,,,,,
Sébastien Tellier,2026-04-22 22:36 UTC,1184479,,,,,,,,,,,,,,
ShawtyRokk,2026-04-22 22:36 UTC,30752,,,,,,,,,,,,,,
shonci,2026-04-22 22:36 UTC,3689917,,,,,,,,,,,,,,
Slayr,2026-04-22 22:36 UTC,1129484,,,,,,,,,,,,,,
Slayyyter,2026-04-22 22:36 UTC,4037866,,,,,,,,,,,,,,
Slim Jxmmy,2026-04-22 22:36 UTC,36963,,,,,,,,,,,,,,
Sofiane Pamart,2026-04-22 22:36 UTC,3360855,,,,,,,,,,,,,,
Sons of Yusuf,2026-04-22 22:36 UTC,1971481,,,,,,,,,,,,,,
Southsidesilhouette,2026-04-22 22:36 UTC,159695,,,,,,,,,,,,,,
Specialist Moss,2026-04-22 22:36 UTC,530674,,,,,,,,,,,,,,
SPELLLING,2026-04-22 22:36 UTC,79873,,,,,,,,,,,,,,
Sreemani,2026-04-22 22:36 UTC,2281858,,,,,,,,,,,,,,
STELLA LEFTY,2026-04-22 22:36 UTC,5554713,,,,,,,,,,,,,,
Street Fever,2026-04-22 22:36 UTC,168255,,,,,,,,,,,,,,
Sunday Service Choir,2026-04-22 22:36 UTC,431645,,,,,,,,,,,,,,
SURF GANG,2026-04-22 22:36 UTC,762960,,,,,,,,,,,,,,
Swizz Beatz,2026-04-22 22:36 UTC,1260818,,,,,,,,,,,,,,
T.O.P,2026-04-22 22:36 UTC,1566859,,,,,,,,,,,,,,
Tabi Gervis,2026-04-22 22:36 UTC,21666,,,,,,,,,,,,,,
Temper City,2026-04-22 22:36 UTC,7815564,,,,,,,,,,,,,,
Tezzus,2026-04-22 22:36 UTC,355392,,,,,,,,,,,,,,
The Long Faces,2026-04-22 22:36 UTC,3837877,,,,,,,,,,,,,,
The Twins,2026-04-22 22:36 UTC,74630,,,,,,,,,,,,,,
THELMA,2026-04-22 22:36 UTC,37239,,,,,,,,,,,,,,
Tiffany Day,2026-04-22 22:36 UTC,1227584,,,,,,,,,,,,,,
Tom Did It,2026-04-22 22:36 UTC,1261077,,,,,,,,,,,,,,
Tom Right,2026-04-22 22:36 UTC,923305,,,,,,,,,,,,,,
TOMORA,2026-04-22 22:36 UTC,881875,,,,,,,,,,,,,,
Trim,2026-04-22 22:36 UTC,2184595,,,,,,,,,,,,,,
Tsatsamis,2026-04-22 22:36 UTC,208076,,,,,,,,,,,,,,
twentythree,2026-04-22 22:36 UTC,1371231,,,,,,,,,,,,,,
TXKUMOON,2026-04-22 22:36 UTC,817132,,,,,,,,,,,,,,
Vaibhav Gupta,2026-04-22 22:36 UTC,2638929,,,,,,,,,,,,,,
waera,2026-04-22 22:36 UTC,265612,,,,,,,,,,,,,,
Warren Roob,2026-04-22 22:36 UTC,802061,,,,,,,,,,,,,,
Welwitschia,2026-04-22 22:36 UTC,891676,,,,,,,,,,,,,,
Will Sass,2026-04-22 22:36 UTC,712331,,,,,,,,,,,,,,
Wtm Solid,2026-04-22 22:36 UTC,11863,,,,,,,,,,,,,,
Yaeger,2026-04-22 22:36 UTC,309118,,,,,,,,,,,,,,
YASP,2026-04-22 22:36 UTC,23615,,,,,,,,,,,,,,
Ye,2026-04-22 22:36 UTC,19090126,,,,,,,,,,,,,,
Yonusa,2026-04-22 22:36 UTC,274011,,,,,,,,,,,,,,
YUNA,2026-04-22 22:36 UTC,1372489,,,,,,,,,,,,,,
Yuyu19,2026-04-22 22:36 UTC,1218753,,,,,,,,,,,,,,
Zycan,2026-04-22 22:36 UTC,2172638,,,,,,,,,,,,,,
drug bug,2026-04-22 22:36 UTC,47887,,,,,,,,,,,,,,
ILYAH,2026-04-22 22:36 UTC,339875,,,,,,,,,,,,,,
Los Brasileros,2026-04-22 22:36 UTC,973805,,,,,,,,,,,,,,
am7iri,2026-04-22 22:36 UTC,774368,,,,,,,,,,,,,,
Los Buyer,2026-04-22 22:36 UTC,378214,,,,,,,,,,,,,,
Pikeras,2026-04-22 22:36 UTC,792888,,,,,,,,,,,,,,
Heitor Santos,2026-04-22 22:36 UTC,1102090,,,,,,,,,,,,,,
Melly,2026-04-22 22:36 UTC,763228,,,,,,,,,,,,,,
OT The Real,2026-04-22 22:36 UTC,139113,,,,,,,,,,,,,,
Big Papa313,2026-04-22 22:36 UTC,1247022,,,,,,,,,,,,,,
kortani,2026-04-22 22:36 UTC,290991,,,,,,,,,,,,,,
daydreamers,2026-04-22 22:36 UTC,205636,,,,,,,,,,,,,,
Amma,2026-04-22 22:36 UTC,296240,,,,,,,,,,,,,,
IngaRose,2026-04-22 22:36 UTC,1124715,,,,,,,,,,,,,,
FRIDAY*,2026-04-22 22:36 UTC,8465,,,,,,,,,,,,,,
aoif3,2026-04-22 22:36 UTC,1045,,,,,,,,,,,,,,
Uche,2026-04-22 22:36 UTC,21232,,,,,,,,,,,,,,
Maxx Moor,2026-04-22 22:36 UTC,427,,,,,,,,,,,,,,
$t3PPA,2026-04-23 03:22 UTC,136511,,,,,,,,,,,,,,
1 Umbrella,2026-04-23 03:22 UTC,212588,,,,,,,,,,,,,,
318dman,2026-04-23 03:22 UTC,94535,,,,,,,,,,,,,,
A2ANTI,2026-04-23 03:22 UTC,1708982,,,,,,,,,,,,,,
Addison Dean,2026-04-23 03:22 UTC,5913,,,,,,,,,,,,,,
Aksomaniac,2026-04-23 03:22 UTC,1185559,,,,,,,,,,,,,,
Andre Troutman,2026-04-23 03:22 UTC,9617311,,,,,,,,,,,,,,
Angine de Poitrine,2026-04-23 03:22 UTC,2409751,,,,,,,,,,,,,,
Anik Khan,2026-04-23 03:22 UTC,145989,,,,,,,,,,,,,,
AQUAFINNA,2026-04-23 03:22 UTC,22347,,,,,,,,,,,,,,
Biggs money,2026-04-23 03:22 UTC,26790,,,,,,,,,,,,,,
Boi-1da,2026-04-23 03:22 UTC,541390,,,,,,,,,,,,,,
BossMan Pac,2026-04-23 03:22 UTC,109893,,,,,,,,,,,,,,
Brittany Aldean,2026-04-23 03:22 UTC,178333,,,,,,,,,,,,,,
Bryan Countach,2026-04-23 03:22 UTC,273694,,,,,,,,,,,,,,
Canada Soccer,2026-04-23 03:22 UTC,388773,,,,,,,,,,,,,,
Canyon,2026-04-23 03:22 UTC,44406,,,,,,,,,,,,,,
Cap1talA,2026-04-23 03:22 UTC,212214,,,,,,,,,,,,,,
Carter Faith,2026-04-23 03:22 UTC,2602042,,,,,,,,,,,,,,
Che,2026-04-23 03:22 UTC,1246177,,,,,,,,,,,,,,
Chyno Miranda,2026-04-23 03:22 UTC,1529839,,,,,,,,,,,,,,
Corridos del Rey,2026-04-23 03:22 UTC,1288222,,,,,,,,,,,,,,
Dale Move,2026-04-23 03:22 UTC,260764,,,,,,,,,,,,,,
Daniel Žižka,2026-04-23 03:22 UTC,130883,,,,,,,,,,,,,,
Dante,2026-04-23 03:22 UTC,531584,,,,,,,,,,,,,,
Dean Turnley,2026-04-23 03:22 UTC,1530535,,,,,,,,,,,,,,
Delta Ash,2026-04-23 03:22 UTC,533027,,,,,,,,,,,,,,
DETO BLACK,2026-04-23 03:22 UTC,298792,,,,,,,,,,,,,,
Devault,2026-04-23 03:22 UTC,2133458,,,,,,,,,,,,,,
Dexter and The Moonrocks,2026-04-23 03:22 UTC,4940323,,,,,,,,,,,,,,
diamond*,2026-04-23 03:22 UTC,338636,,,,,,,,,,,,,,
Diana Pilquist,2026-04-23 03:22 UTC,1993,,,,,,,,,,,,,,
DJ B7 o Piranhão,2026-04-23 03:22 UTC,1805936,,,,,,,,,,,,,,
DJ Holiday,2026-04-23 03:22 UTC,170227,,,,,,,,,,,,,,
dóttir.x,2026-04-23 03:22 UTC,65741,,,,,,,,,,,,,,
Druski,2026-04-23 03:22 UTC,987094,,,,,,,,,,,,,,
Dubioza Kolektive,2026-04-23 03:22 UTC,571465,,,,,,,,,,,,,,
dunderjeppe,2026-04-23 03:22 UTC,33504,,,,,,,,,,,,,,
Duskydemise archive,2026-04-23 03:22 UTC,379682,,,,,,,,,,,,,,
Duygu Edis,2026-04-23 03:22 UTC,2917003,,,,,,,,,,,,,,
Dwarde,2026-04-23 03:22 UTC,16576,,,,,,,,,,,,,,
EA TJ,2026-04-23 03:22 UTC,40599,,,,,,,,,,,,,,
EL DEMOON,2026-04-23 03:22 UTC,31972,,,,,,,,,,,,,,
Emanazul,2026-04-23 03:22 UTC,390111,,,,,,,,,,,,,,
Emelie Trahan,2026-04-23 03:22 UTC,104366,,,,,,,,,,,,,,
EMJIE,2026-04-23 03:22 UTC,242584,,,,,,,,,,,,,,
ERISTHEPLANET,2026-04-23 03:22 UTC,58076,,,,,,,,,,,,,,
F3miii,2026-04-23 03:22 UTC,3176035,,,,,,,,,,,,,,
Fcukers,2026-04-23 03:22 UTC,2258621,,,,,,,,,,,,,,
FIFA Sound,2026-04-23 03:22 UTC,2739392,,,,,,,,,,,,,,
FLO,2026-04-23 03:22 UTC,3699554,,,,,,,,,,,,,,
Frost Children,2026-04-23 03:22 UTC,545734,,,,,,,,,,,,,,
frozz,2026-04-23 03:22 UTC,944043,,,,,,,,,,,,,,
G3B,2026-04-23 03:22 UTC,122045,,,,,,,,,,,,,,
Ghetto Beisha,2026-04-23 03:22 UTC,35103,,,,,,,,,,,,,,
Ghostfacekush,2026-04-23 03:22 UTC,56936,,,,,,,,,,,,,,
Girl Scout,2026-04-23 03:22 UTC,171047,,,,,,,,,,,,,,
girl_irl,2026-04-23 03:22 UTC,171279,,,,,,,,,,,,,,
girlsweetvoiced,2026-04-23 03:22 UTC,901211,,,,,,,,,,,,,,
Glizzy Glow,2026-04-23 03:22 UTC,10288,,,,,,,,,,,,,,
gnawvs,2026-04-23 03:22 UTC,2775,,,,,,,,,,,,,,
Godtripper,2026-04-23 03:22 UTC,312913,,,,,,,,,,,,,,
Grupo Primer Grado,2026-04-23 03:22 UTC,2831563,,,,,,,,,,,,,,
H. Hawkline,2026-04-23 03:22 UTC,180880,,,,,,,,,,,,,,
Harrd Luck,2026-04-23 03:22 UTC,201823,,,,,,,,,,,,,,
HittMan,2026-04-23 03:22 UTC,25163,,,,,,,,,,,,,,
Iguana Death Cult,2026-04-23 03:22 UTC,66191,,,,,,,,,,,,,,
Indeevar,2026-04-23 03:22 UTC,3059148,,,,,,,,,,,,,,
Indigo De Souza,2026-04-23 03:22 UTC,1697548,,,,,,,,,,,,,,
Infinity Song,2026-04-23 03:22 UTC,784569,,,,,,,,,,,,,,
isa in eutopia,2026-04-23 03:22 UTC,32889,,,,,,,,,,,,,,
JADA,2026-04-23 03:22 UTC,25159,,,,,,,,,,,,,,
Jadasea,2026-04-23 03:22 UTC,177516,,,,,,,,,,,,,,
jalda,2026-04-23 03:22 UTC,43449,,,,,,,,,,,,,,
Jimmy Butler,2026-04-23 03:22 UTC,36626,,,,,,,,,,,,,,
JJerome87,2026-04-23 03:22 UTC,237014,,,,,,,,,,,,,,
Joy Rhodes,2026-04-23 03:22 UTC,502184,,,,,,,,,,,,,,
Juju,2026-04-23 03:22 UTC,2804985,,,,,,,,,,,,,,
Julia Church,2026-04-23 03:22 UTC,3896115,,,,,,,,,,,,,,
Julie Williams,2026-04-23 03:22 UTC,103592,,,,,,,,,,,,,,
JussGigi,2026-04-23 03:22 UTC,0,,,,,,,,,,,,,,
Kala,2026-04-23 03:22 UTC,0,,,,,,,,,,,,,,
Karly Bowman,2026-04-23 03:22 UTC,139172,,,,,,,,,,,,,,
Khaled,2026-04-23 03:22 UTC,2547566,,,,,,,,,,,,,,
Khan Saab,2026-04-23 03:22 UTC,12925227,,,,,,,,,,,,,,
King Kylie,2026-04-23 03:22 UTC,2000034,,,,,,,,,,,,,,
KINGH,2026-04-23 03:22 UTC,123446,,,,,,,,,,,,,,
Koilwood,2026-04-23 03:22 UTC,50925,,,,,,,,,,,,,,
KUČKA,2026-04-23 03:22 UTC,1130629,,,,,,,,,,,,,,
Kurdi Klymax,2026-04-23 03:22 UTC,16598,,,,,,,,,,,,,,
kuru,2026-04-23 03:22 UTC,227222,,,,,,,,,,,,,,
Lamb,2026-04-23 03:22 UTC,398774,,,,,,,,,,,,,,
ledysek,2026-04-23 03:22 UTC,16031,,,,,,,,,,,,,,
Lerado Khalil,2026-04-23 03:22 UTC,106181,,,,,,,,,,,,,,
Les Imprimés,2026-04-23 03:22 UTC,135965,,,,,,,,,,,,,,
Lightris,2026-04-23 03:22 UTC,807072,,,,,,,,,,,,,,
Lil B,2026-04-23 03:22 UTC,1234412,,,,,,,,,,,,,,
Lil Righteous,2026-04-23 03:22 UTC,0,,,,,,,,,,,,,,
Loui Henderson,2026-04-23 03:22 UTC,101000,,,,,,,,,,,,,,
Luke Armstrong,2026-04-23 03:22 UTC,2199,,,,,,,,,,,,,,
M4IA,2026-04-23 03:22 UTC,244318,,,,,,,,,,,,,,
MAGIC SOUND WOLF,2026-04-23 03:22 UTC,553855,,,,,,,,,,,,,,
Malcolm Todd,2026-04-23 03:22 UTC,20855743,,,,,,,,,,,,,,
Maphra,2026-04-23 03:22 UTC,1259418,,,,,,,,,,,,,,
marquitos,2026-04-23 03:22 UTC,789376,,,,,,,,,,,,,,
Maviler,2026-04-23 03:22 UTC,1013537,,,,,,,,,,,,,,
Merry Lamb Lamb,2026-04-23 03:22 UTC,20890,,,,,,,,,,,,,,
Mijabella Marie,2026-04-23 03:22 UTC,24492,,,,,,,,,,,,,,
MIKE,2026-04-23 03:22 UTC,905669,,,,,,,,,,,,,,
Momo Boyd,2026-04-23 03:22 UTC,2693869,,,,,,,,,,,,,,
Mr Dutt,2026-04-23 03:22 UTC,2321853,,,,,,,,,,,,,,
Mumu Fresh,2026-04-23 03:22 UTC,47366,,,,,,,,,,,,,,
My New Band Believe,2026-04-23 03:22 UTC,223091,,,,,,,,,,,,,,
Naarly,2026-04-23 03:22 UTC,5193950,,,,,,,,,,,,,,
Naod,2026-04-23 03:22 UTC,268570,,,,,,,,,,,,,,
Nickatnite,2026-04-23 03:22 UTC,14471,,,,,,,,,,,,,,
Nine Vicious,2026-04-23 03:22 UTC,1208505,,,,,,,,,,,,,,
nocashfromparents,2026-04-23 03:22 UTC,871281,,,,,,,,,,,,,,
North West,2026-04-23 03:22 UTC,602030,,,,,,,,,,,,,,
NPD,2026-04-23 03:22 UTC,1549418,,,,,,,,,,,,,,
OK Alva,2026-04-23 03:22 UTC,6826,,,,,,,,,,,,,,
OKI,2026-04-23 03:22 UTC,2389631,,,,,,,,,,,,,,
Olga Myko,2026-04-23 03:22 UTC,2246143,,,,,,,,,,,,,,
Olof Dreijer,2026-04-23 03:22 UTC,73595,,,,,,,,,,,,,,
osa,2026-04-23 03:22 UTC,91051,,,,,,,,,,,,,,
Oxis,2026-04-23 03:22 UTC,220575,,,,,,,,,,,,,,
Pocket,2026-04-23 03:22 UTC,100677,,,,,,,,,,,,,,
Pretty Pinkk,2026-04-23 03:22 UTC,35104,,,,,,,,,,,,,,
Pz',2026-04-23 03:22 UTC,323729,,,,,,,,,,,,,,
Rian Brazil,2026-04-23 03:22 UTC,49889,,,,,,,,,,,,,,
rjtheweirdo,2026-04-23 03:22 UTC,327876,,,,,,,,,,,,,,
Rocket Reese,2026-04-23 03:22 UTC,126549,,,,,,,,,,,,,,
S1RENA,2026-04-23 03:22 UTC,205850,,,,,,,,,,,,,,
Sa!koro,2026-04-23 03:22 UTC,79035,,,,,,,,,,,,,,
Sara Landry,2026-04-23 03:22 UTC,1291216,,,,,,,,,,,,,,
Sébastien Tellier,2026-04-23 03:22 UTC,1184479,,,,,,,,,,,,,,
ShawtyRokk,2026-04-23 03:22 UTC,30752,,,,,,,,,,,,,,
shonci,2026-04-23 03:22 UTC,3689917,,,,,,,,,,,,,,
Slayr,2026-04-23 03:22 UTC,1129484,,,,,,,,,,,,,,
Slayyyter,2026-04-23 03:22 UTC,4037866,,,,,,,,,,,,,,
Slim Jxmmy,2026-04-23 03:22 UTC,36963,,,,,,,,,,,,,,
Sofiane Pamart,2026-04-23 03:22 UTC,3360855,,,,,,,,,,,,,,
Sons of Yusuf,2026-04-23 03:22 UTC,1971481,,,,,,,,,,,,,,
Southsidesilhouette,2026-04-23 03:22 UTC,159695,,,,,,,,,,,,,,
Specialist Moss,2026-04-23 03:22 UTC,530674,,,,,,,,,,,,,,
SPELLLING,2026-04-23 03:22 UTC,79873,,,,,,,,,,,,,,
Sreemani,2026-04-23 03:22 UTC,2281858,,,,,,,,,,,,,,
STELLA LEFTY,2026-04-23 03:22 UTC,5554713,,,,,,,,,,,,,,
Street Fever,2026-04-23 03:22 UTC,168255,,,,,,,,,,,,,,
Sunday Service Choir,2026-04-23 03:22 UTC,431645,,,,,,,,,,,,,,
SURF GANG,2026-04-23 03:22 UTC,762960,,,,,,,,,,,,,,
Swizz Beatz,2026-04-23 03:22 UTC,1260818,,,,,,,,,,,,,,
T.O.P,2026-04-23 03:22 UTC,1566859,,,,,,,,,,,,,,
Tabi Gervis,2026-04-23 03:22 UTC,21666,,,,,,,,,,,,,,
Temper City,2026-04-23 03:22 UTC,7815564,,,,,,,,,,,,,,
Tezzus,2026-04-23 03:22 UTC,355392,,,,,,,,,,,,,,
The Long Faces,2026-04-23 03:22 UTC,3837877,,,,,,,,,,,,,,
The Twins,2026-04-23 03:22 UTC,74630,,,,,,,,,,,,,,
THELMA,2026-04-23 03:22 UTC,37239,,,,,,,,,,,,,,
Tiffany Day,2026-04-23 03:22 UTC,1227584,,,,,,,,,,,,,,
Tom Did It,2026-04-23 03:22 UTC,1261077,,,,,,,,,,,,,,
Tom Right,2026-04-23 03:22 UTC,923305,,,,,,,,,,,,,,
TOMORA,2026-04-23 03:22 UTC,881875,,,,,,,,,,,,,,
Trim,2026-04-23 03:22 UTC,2184595,,,,,,,,,,,,,,
Tsatsamis,2026-04-23 03:22 UTC,208076,,,,,,,,,,,,,,
twentythree,2026-04-23 03:22 UTC,1371231,,,,,,,,,,,,,,
TXKUMOON,2026-04-23 03:22 UTC,817132,,,,,,,,,,,,,,
Vaibhav Gupta,2026-04-23 03:22 UTC,2638929,,,,,,,,,,,,,,
waera,2026-04-23 03:22 UTC,265612,,,,,,,,,,,,,,
Warren Roob,2026-04-23 03:22 UTC,802061,,,,,,,,,,,,,,
Welwitschia,2026-04-23 03:22 UTC,891676,,,,,,,,,,,,,,
Will Sass,2026-04-23 03:22 UTC,712331,,,,,,,,,,,,,,
Wtm Solid,2026-04-23 03:22 UTC,11863,,,,,,,,,,,,,,
Yaeger,2026-04-23 03:22 UTC,309118,,,,,,,,,,,,,,
YASP,2026-04-23 03:22 UTC,23615,,,,,,,,,,,,,,
Ye,2026-04-23 03:22 UTC,19090126,,,,,,,,,,,,,,
Yonusa,2026-04-23 03:22 UTC,274011,,,,,,,,,,,,,,
YUNA,2026-04-23 03:22 UTC,1372489,,,,,,,,,,,,,,
Yuyu19,2026-04-23 03:22 UTC,1218753,,,,,,,,,,,,,,
Zycan,2026-04-23 03:22 UTC,2172638,,,,,,,,,,,,,,
drug bug,2026-04-23 03:22 UTC,47887,,,,,,,,,,,,,,
ILYAH,2026-04-23 03:22 UTC,339875,,,,,,,,,,,,,,
Los Brasileros,2026-04-23 03:22 UTC,973805,,,,,,,,,,,,,,
am7iri,2026-04-23 03:22 UTC,774368,,,,,,,,,,,,,,
Los Buyer,2026-04-23 03:22 UTC,378214,,,,,,,,,,,,,,
Pikeras,2026-04-23 03:22 UTC,792888,,,,,,,,,,,,,,
Heitor Santos,2026-04-23 03:22 UTC,1102090,,,,,,,,,,,,,,
Melly,2026-04-23 03:22 UTC,763228,,,,,,,,,,,,,,
OT The Real,2026-04-23 03:22 UTC,139113,,,,,,,,,,,,,,
Big Papa313,2026-04-23 03:22 UTC,1247022,,,,,,,,,,,,,,
kortani,2026-04-23 03:22 UTC,290991,,,,,,,,,,,,,,
daydreamers,2026-04-23 03:22 UTC,205636,,,,,,,,,,,,,,
Amma,2026-04-23 03:22 UTC,296240,,,,,,,,,,,,,,
IngaRose,2026-04-23 03:22 UTC,1124715,,,,,,,,,,,,,,
FRIDAY*,2026-04-23 03:22 UTC,8465,,,,,,,,,,,,,,
aoif3,2026-04-23 03:22 UTC,1045,,,,,,,,,,,,,,
Uche,2026-04-23 03:22 UTC,21232,,,,,,,,,,,,,,
Maxx Moor,2026-04-23 03:22 UTC,427,,,,,,,,,,,,,,
Swethings,2026-04-23 03:22 UTC,1013,,,,,,,,,,,,,,
22xlstl,2026-04-23 03:22 UTC,111326,,,,,,,,,,,,,,
$t3PPA,2026-04-23 19:05 UTC,139060,,,,,,,,,,,,,,
1 Umbrella,2026-04-23 19:05 UTC,215046,,,,,,,,,,,,,,
318dman,2026-04-23 19:05 UTC,100250,,,,,,,,,,,,,,
A2ANTI,2026-04-23 19:05 UTC,1719558,,,,,,,,,,,,,,
Addison Dean,2026-04-23 19:05 UTC,6147,,,,,,,,,,,,,,
Aksomaniac,2026-04-23 19:05 UTC,1247003,,,,,,,,,,,,,,
Andre Troutman,2026-04-23 19:05 UTC,9700569,,,,,,,,,,,,,,
Angine de Poitrine,2026-04-23 19:05 UTC,2435555,,,,,,,,,,,,,,
Anik Khan,2026-04-23 19:05 UTC,154376,,,,,,,,,,,,,,
AQUAFINNA,2026-04-23 19:05 UTC,22908,,,,,,,,,,,,,,
Biggs money,2026-04-23 19:05 UTC,28214,,,,,,,,,,,,,,
Boi-1da,2026-04-23 19:05 UTC,555570,,,,,,,,,,,,,,
BossMan Pac,2026-04-23 19:05 UTC,110418,,,,,,,,,,,,,,
Brittany Aldean,2026-04-23 19:05 UTC,179688,,,,,,,,,,,,,,
Bryan Countach,2026-04-23 19:05 UTC,277430,,,,,,,,,,,,,,
Canada Soccer,2026-04-23 19:05 UTC,403067,,,,,,,,,,,,,,
Canyon,2026-04-23 19:05 UTC,43711,,,,,,,,,,,,,,
Cap1talA,2026-04-23 19:05 UTC,216333,,,,,,,,,,,,,,
Carter Faith,2026-04-23 19:05 UTC,2699864,,,,,,,,,,,,,,
Che,2026-04-23 19:05 UTC,1244946,,,,,,,,,,,,,,
Chyno Miranda,2026-04-23 19:05 UTC,1581039,,,,,,,,,,,,,,
Corridos del Rey,2026-04-23 19:05 UTC,1306059,,,,,,,,,,,,,,
Dale Move,2026-04-23 19:05 UTC,261352,,,,,,,,,,,,,,
Daniel Žižka,2026-04-23 19:05 UTC,129821,,,,,,,,,,,,,,
Dante,2026-04-23 19:05 UTC,537034,,,,,,,,,,,,,,
Dean Turnley,2026-04-23 19:05 UTC,1514695,,,,,,,,,,,,,,
Delta Ash,2026-04-23 19:05 UTC,540334,,,,,,,,,,,,,,
DETO BLACK,2026-04-23 19:05 UTC,329031,,,,,,,,,,,,,,
Devault,2026-04-23 19:05 UTC,2218782,,,,,,,,,,,,,,
Dexter and The Moonrocks,2026-04-23 19:05 UTC,5088097,,,,,,,,,,,,,,
diamond*,2026-04-23 19:05 UTC,344331,,,,,,,,,,,,,,
Diana Pilquist,2026-04-23 19:05 UTC,2109,,,,,,,,,,,,,,
DJ B7 o Piranhão,2026-04-23 19:05 UTC,1891373,,,,,,,,,,,,,,
DJ Holiday,2026-04-23 19:05 UTC,174764,,,,,,,,,,,,,,
dóttir.x,2026-04-23 19:05 UTC,67003,,,,,,,,,,,,,,
Druski,2026-04-23 19:05 UTC,1043102,,,,,,,,,,,,,,
Dubioza Kolektive,2026-04-23 19:05 UTC,575949,,,,,,,,,,,,,,
dunderjeppe,2026-04-23 19:05 UTC,33656,,,,,,,,,,,,,,
Duskydemise archive,2026-04-23 19:05 UTC,388596,,,,,,,,,,,,,,
Duygu Edis,2026-04-23 19:05 UTC,2928296,,,,,,,,,,,,,,
Dwarde,2026-04-23 19:05 UTC,17192,,,,,,,,,,,,,,
EA TJ,2026-04-23 19:05 UTC,43103,,,,,,,,,,,,,,
EL DEMOON,2026-04-23 19:05 UTC,35981,,,,,,,,,,,,,,
Emanazul,2026-04-23 19:05 UTC,415671,,,,,,,,,,,,,,
Emelie Trahan,2026-04-23 19:05 UTC,105592,,,,,,,,,,,,,,
EMJIE,2026-04-23 19:05 UTC,249142,,,,,,,,,,,,,,
ERISTHEPLANET,2026-04-23 19:05 UTC,58838,,,,,,,,,,,,,,
F3miii,2026-04-23 19:05 UTC,3286732,,,,,,,,,,,,,,
Fcukers,2026-04-23 19:05 UTC,2264585,,,,,,,,,,,,,,
FIFA Sound,2026-04-23 19:05 UTC,2728650,,,,,,,,,,,,,,
FLO,2026-04-23 19:05 UTC,3655347,,,,,,,,,,,,,,
Frost Children,2026-04-23 19:05 UTC,544079,,,,,,,,,,,,,,
frozz,2026-04-23 19:05 UTC,988952,,,,,,,,,,,,,,
G3B,2026-04-23 19:05 UTC,126410,,,,,,,,,,,,,,
Ghetto Beisha,2026-04-23 19:05 UTC,37691,,,,,,,,,,,,,,
Ghostfacekush,2026-04-23 19:05 UTC,65570,,,,,,,,,,,,,,
Girl Scout,2026-04-23 19:05 UTC,153992,,,,,,,,,,,,,,
girl_irl,2026-04-23 19:05 UTC,159991,,,,,,,,,,,,,,
girlsweetvoiced,2026-04-23 19:05 UTC,911682,,,,,,,,,,,,,,
Glizzy Glow,2026-04-23 19:05 UTC,11304,,,,,,,,,,,,,,
gnawvs,2026-04-23 19:05 UTC,2986,,,,,,,,,,,,,,
Godtripper,2026-04-23 19:05 UTC,322973,,,,,,,,,,,,,,
Grupo Primer Grado,2026-04-23 19:05 UTC,2820751,,,,,,,,,,,,,,
H. Hawkline,2026-04-23 19:05 UTC,184552,,,,,,,,,,,,,,
Harrd Luck,2026-04-23 19:05 UTC,204661,,,,,,,,,,,,,,
HittMan,2026-04-23 19:05 UTC,26309,,,,,,,,,,,,,,
Iguana Death Cult,2026-04-23 19:05 UTC,66324,,,,,,,,,,,,,,
Indeevar,2026-04-23 19:05 UTC,3112112,,,,,,,,,,,,,,
Indigo De Souza,2026-04-23 19:05 UTC,1702859,,,,,,,,,,,,,,
Infinity Song,2026-04-23 19:05 UTC,795209,,,,,,,,,,,,,,
isa in eutopia,2026-04-23 19:05 UTC,33608,,,,,,,,,,,,,,
JADA,2026-04-23 19:05 UTC,25652,,,,,,,,,,,,,,
Jadasea,2026-04-23 19:05 UTC,178916,,,,,,,,,,,,,,
jalda,2026-04-23 19:05 UTC,45296,,,,,,,,,,,,,,
Jimmy Butler,2026-04-23 19:05 UTC,42480,,,,,,,,,,,,,,
JJerome87,2026-04-23 19:05 UTC,255250,,,,,,,,,,,,,,
Joy Rhodes,2026-04-23 19:05 UTC,523445,,,,,,,,,,,,,,
Juju,2026-04-23 19:05 UTC,2837221,,,,,,,,,,,,,,
Julia Church,2026-04-23 19:05 UTC,3968101,,,,,,,,,,,,,,
Julie Williams,2026-04-23 19:05 UTC,106955,,,,,,,,,,,,,,
JussGigi,2026-04-23 19:05 UTC,0,,,,,,,,,,,,,,
Kala,2026-04-23 19:05 UTC,0,,,,,,,,,,,,,,
Karly Bowman,2026-04-23 19:05 UTC,145055,,,,,,,,,,,,,,
Khaled,2026-04-23 19:05 UTC,2519605,,,,,,,,,,,,,,
Khan Saab,2026-04-23 19:05 UTC,12850534,,,,,,,,,,,,,,
King Kylie,2026-04-23 19:05 UTC,1916000,,,,,,,,,,,,,,
KINGH,2026-04-23 19:05 UTC,125824,,,,,,,,,,,,,,
Koilwood,2026-04-23 19:05 UTC,52054,,,,,,,,,,,,,,
KUČKA,2026-04-23 19:05 UTC,1144242,,,,,,,,,,,,,,
Kurdi Klymax,2026-04-23 19:05 UTC,16732,,,,,,,,,,,,,,
kuru,2026-04-23 19:05 UTC,230457,,,,,,,,,,,,,,
Lamb,2026-04-23 19:05 UTC,397194,,,,,,,,,,,,,,
ledysek,2026-04-23 19:05 UTC,16120,,,,,,,,,,,,,,
Lerado Khalil,2026-04-23 19:05 UTC,108668,,,,,,,,,,,,,,
Les Imprimés,2026-04-23 19:05 UTC,136648,,,,,,,,,,,,,,
Lightris,2026-04-23 19:05 UTC,804241,,,,,,,,,,,,,,
Lil B,2026-04-23 19:05 UTC,1311460,,,,,,,,,,,,,,
Lil Righteous,2026-04-23 19:05 UTC,0,,,,,,,,,,,,,,
Loui Henderson,2026-04-23 19:05 UTC,110468,,,,,,,,,,,,,,
Luke Armstrong,2026-04-23 19:05 UTC,2532,,,,,,,,,,,,,,
M4IA,2026-04-23 19:05 UTC,244713,,,,,,,,,,,,,,
MAGIC SOUND WOLF,2026-04-23 19:05 UTC,563263,,,,,,,,,,,,,,
Malcolm Todd,2026-04-23 19:05 UTC,21011195,,,,,,,,,,,,,,
Maphra,2026-04-23 19:05 UTC,1257826,,,,,,,,,,,,,,
marquitos,2026-04-23 19:05 UTC,757994,,,,,,,,,,,,,,
Maviler,2026-04-23 19:05 UTC,1006081,,,,,,,,,,,,,,
Merry Lamb Lamb,2026-04-23 19:05 UTC,21308,,,,,,,,,,,,,,
Mijabella Marie,2026-04-23 19:05 UTC,24847,,,,,,,,,,,,,,
MIKE,2026-04-23 19:05 UTC,900866,,,,,,,,,,,,,,
Momo Boyd,2026-04-23 19:05 UTC,2667206,,,,,,,,,,,,,,
Mr Dutt,2026-04-23 19:05 UTC,2330015,,,,,,,,,,,,,,
Mumu Fresh,2026-04-23 19:05 UTC,48863,,,,,,,,,,,,,,
My New Band Believe,2026-04-23 19:05 UTC,224458,,,,,,,,,,,,,,
Naarly,2026-04-23 19:05 UTC,5212890,,,,,,,,,,,,,,
Naod,2026-04-23 19:05 UTC,274503,,,,,,,,,,,,,,
Nickatnite,2026-04-23 19:05 UTC,14628,,,,,,,,,,,,,,
Nine Vicious,2026-04-23 19:05 UTC,1212241,,,,,,,,,,,,,,
nocashfromparents,2026-04-23 19:05 UTC,879867,,,,,,,,,,,,,,
North West,2026-04-23 19:05 UTC,600329,,,,,,,,,,,,,,
NPD,2026-04-23 19:05 UTC,1558459,,,,,,,,,,,,,,
OK Alva,2026-04-23 19:05 UTC,6930,,,,,,,,,,,,,,
OKI,2026-04-23 19:05 UTC,2403126,,,,,,,,,,,,,,
Olga Myko,2026-04-23 19:05 UTC,2245433,,,,,,,,,,,,,,
Olof Dreijer,2026-04-23 19:05 UTC,74104,,,,,,,,,,,,,,
osa,2026-04-23 19:05 UTC,94145,,,,,,,,,,,,,,
Oxis,2026-04-23 19:05 UTC,226817,,,,,,,,,,,,,,
Pocket,2026-04-23 19:05 UTC,107124,,,,,,,,,,,,,,
Pretty Pinkk,2026-04-23 19:05 UTC,37714,,,,,,,,,,,,,,
Pz',2026-04-23 19:05 UTC,324464,,,,,,,,,,,,,,
Rian Brazil,2026-04-23 19:05 UTC,51378,,,,,,,,,,,,,,
rjtheweirdo,2026-04-23 19:05 UTC,353514,,,,,,,,,,,,,,
Rocket Reese,2026-04-23 19:05 UTC,126796,,,,,,,,,,,,,,
S1RENA,2026-04-23 19:05 UTC,209426,,,,,,,,,,,,,,
Sa!koro,2026-04-23 19:05 UTC,80029,,,,,,,,,,,,,,
Sara Landry,2026-04-23 19:05 UTC,1292855,,,,,,,,,,,,,,
Sébastien Tellier,2026-04-23 19:05 UTC,1242090,,,,,,,,,,,,,,
ShawtyRokk,2026-04-23 19:05 UTC,31630,,,,,,,,,,,,,,
shonci,2026-04-23 19:05 UTC,3771206,,,,,,,,,,,,,,
Slayr,2026-04-23 19:05 UTC,1117959,,,,,,,,,,,,,,
Slayyyter,2026-04-23 19:05 UTC,4147126,,,,,,,,,,,,,,
Slim Jxmmy,2026-04-23 19:05 UTC,37130,,,,,,,,,,,,,,
Sofiane Pamart,2026-04-23 19:05 UTC,3473170,,,,,,,,,,,,,,
Sons of Yusuf,2026-04-23 19:05 UTC,1941492,,,,,,,,,,,,,,
Southsidesilhouette,2026-04-23 19:05 UTC,162439,,,,,,,,,,,,,,
Specialist Moss,2026-04-23 19:05 UTC,544465,,,,,,,,,,,,,,
SPELLLING,2026-04-23 19:05 UTC,83404,,,,,,,,,,,,,,
Sreemani,2026-04-23 19:05 UTC,2328948,,,,,,,,,,,,,,
STELLA LEFTY,2026-04-23 19:05 UTC,5739559,,,,,,,,,,,,,,
Street Fever,2026-04-23 19:05 UTC,170871,,,,,,,,,,,,,,
Sunday Service Choir,2026-04-23 19:05 UTC,430927,,,,,,,,,,,,,,
SURF GANG,2026-04-23 19:05 UTC,759335,,,,,,,,,,,,,,
Swizz Beatz,2026-04-23 19:05 UTC,1264929,,,,,,,,,,,,,,
T.O.P,2026-04-23 19:05 UTC,1595676,,,,,,,,,,,,,,
Tabi Gervis,2026-04-23 19:05 UTC,21684,,,,,,,,,,,,,,
Temper City,2026-04-23 19:05 UTC,7977105,,,,,,,,,,,,,,
Tezzus,2026-04-23 19:05 UTC,360678,,,,,,,,,,,,,,
The Long Faces,2026-04-23 19:05 UTC,3881461,,,,,,,,,,,,,,
The Twins,2026-04-23 19:05 UTC,74100,,,,,,,,,,,,,,
THELMA,2026-04-23 19:05 UTC,39229,,,,,,,,,,,,,,
Tiffany Day,2026-04-23 19:05 UTC,1239172,,,,,,,,,,,,,,
Tom Did It,2026-04-23 19:05 UTC,1245185,,,,,,,,,,,,,,
Tom Right,2026-04-23 19:05 UTC,914338,,,,,,,,,,,,,,
TOMORA,2026-04-23 19:05 UTC,909576,,,,,,,,,,,,,,
Trim,2026-04-23 19:05 UTC,2199495,,,,,,,,,,,,,,
Tsatsamis,2026-04-23 19:05 UTC,208528,,,,,,,,,,,,,,
twentythree,2026-04-23 19:05 UTC,1368355,,,,,,,,,,,,,,
TXKUMOON,2026-04-23 19:05 UTC,836817,,,,,,,,,,,,,,
Vaibhav Gupta,2026-04-23 19:05 UTC,2581058,,,,,,,,,,,,,,
waera,2026-04-23 19:05 UTC,263033,,,,,,,,,,,,,,
Warren Roob,2026-04-23 19:05 UTC,783222,,,,,,,,,,,,,,
Welwitschia,2026-04-23 19:05 UTC,937757,,,,,,,,,,,,,,
Will Sass,2026-04-23 19:05 UTC,691267,,,,,,,,,,,,,,
Wtm Solid,2026-04-23 19:05 UTC,11810,,,,,,,,,,,,,,
Yaeger,2026-04-23 19:05 UTC,313379,,,,,,,,,,,,,,
YASP,2026-04-23 19:05 UTC,24702,,,,,,,,,,,,,,
Ye,2026-04-23 19:05 UTC,19254069,,,,,,,,,,,,,,
Yonusa,2026-04-23 19:05 UTC,274326,,,,,,,,,,,,,,
YUNA,2026-04-23 19:05 UTC,1382774,,,,,,,,,,,,,,
Yuyu19,2026-04-23 19:05 UTC,1242773,,,,,,,,,,,,,,
Zycan,2026-04-23 19:05 UTC,2174801,,,,,,,,,,,,,,
drug bug,2026-04-23 19:05 UTC,49414,,,,,,,,,,,,,,
ILYAH,2026-04-23 19:05 UTC,375808,,,,,,,,,,,,,,
Los Brasileros,2026-04-23 19:05 UTC,1028817,,,,,,,,,,,,,,
am7iri,2026-04-23 19:05 UTC,826435,,,,,,,,,,,,,,
Los Buyer,2026-04-23 19:05 UTC,436291,,,,,,,,,,,,,,
Pikeras,2026-04-23 19:05 UTC,854816,,,,,,,,,,,,,,
Heitor Santos,2026-04-23 19:05 UTC,1167253,,,,,,,,,,,,,,
Melly,2026-04-23 19:05 UTC,796169,,,,,,,,,,,,,,
OT The Real,2026-04-23 19:05 UTC,148966,,,,,,,,,,,,,,
Big Papa313,2026-04-23 19:05 UTC,1322064,,,,,,,,,,,,,,
kortani,2026-04-23 19:05 UTC,307714,,,,,,,,,,,,,,
daydreamers,2026-04-23 19:05 UTC,212203,,,,,,,,,,,,,,
Amma,2026-04-23 19:05 UTC,304593,,,,,,,,,,,,,,
IngaRose,2026-04-23 19:05 UTC,1182709,,,,,,,,,,,,,,
FRIDAY*,2026-04-23 19:05 UTC,8429,,,,,,,,,,,,,,
aoif3,2026-04-23 19:05 UTC,1069,,,,,,,,,,,,,,
Uche,2026-04-23 19:05 UTC,21065,,,,,,,,,,,,,,
Maxx Moor,2026-04-23 19:05 UTC,460,,,,,,,,,,,,,,
Swethings,2026-04-23 19:05 UTC,5266,,,,,,,,,,,,,,
22xlstl,2026-04-23 19:05 UTC,133881,,,,,,,,,,,,,,
$t3PPA,2026-04-23 22:32 UTC,139060,,,,,,,,,,,,,,
1 Umbrella,2026-04-23 22:32 UTC,215046,,,,,,,,,,,,,,
318dman,2026-04-23 22:32 UTC,100250,,,,,,,,,,,,,,
A2ANTI,2026-04-23 22:32 UTC,1719558,,,,,,,,,,,,,,
Addison Dean,2026-04-23 22:32 UTC,6147,,,,,,,,,,,,,,
Aksomaniac,2026-04-23 22:32 UTC,1247003,,,,,,,,,,,,,,
Andre Troutman,2026-04-23 22:32 UTC,9700569,,,,,,,,,,,,,,
Angine de Poitrine,2026-04-23 22:32 UTC,2435555,,,,,,,,,,,,,,
Anik Khan,2026-04-23 22:32 UTC,154376,,,,,,,,,,,,,,
AQUAFINNA,2026-04-23 22:32 UTC,22908,,,,,,,,,,,,,,
Biggs money,2026-04-23 22:32 UTC,28214,,,,,,,,,,,,,,
Boi-1da,2026-04-23 22:32 UTC,555570,,,,,,,,,,,,,,
BossMan Pac,2026-04-23 22:32 UTC,110418,,,,,,,,,,,,,,
Brittany Aldean,2026-04-23 22:32 UTC,179688,,,,,,,,,,,,,,
Bryan Countach,2026-04-23 22:32 UTC,277430,,,,,,,,,,,,,,
Canada Soccer,2026-04-23 22:32 UTC,403067,,,,,,,,,,,,,,
Canyon,2026-04-23 22:32 UTC,43711,,,,,,,,,,,,,,
Cap1talA,2026-04-23 22:32 UTC,216333,,,,,,,,,,,,,,
Carter Faith,2026-04-23 22:32 UTC,2699864,,,,,,,,,,,,,,
Che,2026-04-23 22:32 UTC,1244946,,,,,,,,,,,,,,
Chyno Miranda,2026-04-23 22:32 UTC,1581039,,,,,,,,,,,,,,
Corridos del Rey,2026-04-23 22:32 UTC,1306059,,,,,,,,,,,,,,
Dale Move,2026-04-23 22:32 UTC,261352,,,,,,,,,,,,,,
Daniel Žižka,2026-04-23 22:32 UTC,129821,,,,,,,,,,,,,,
Dante,2026-04-23 22:32 UTC,537034,,,,,,,,,,,,,,
Dean Turnley,2026-04-23 22:32 UTC,1514695,,,,,,,,,,,,,,
Delta Ash,2026-04-23 22:32 UTC,540334,,,,,,,,,,,,,,
DETO BLACK,2026-04-23 22:32 UTC,329031,,,,,,,,,,,,,,
Devault,2026-04-23 22:32 UTC,2218782,,,,,,,,,,,,,,
Dexter and The Moonrocks,2026-04-23 22:32 UTC,5088097,,,,,,,,,,,,,,
diamond*,2026-04-23 22:32 UTC,344331,,,,,,,,,,,,,,
Diana Pilquist,2026-04-23 22:32 UTC,2109,,,,,,,,,,,,,,
DJ B7 o Piranhão,2026-04-23 22:32 UTC,1891373,,,,,,,,,,,,,,
DJ Holiday,2026-04-23 22:32 UTC,174764,,,,,,,,,,,,,,
dóttir.x,2026-04-23 22:32 UTC,67003,,,,,,,,,,,,,,
Druski,2026-04-23 22:32 UTC,1043102,,,,,,,,,,,,,,
Dubioza Kolektive,2026-04-23 22:32 UTC,575949,,,,,,,,,,,,,,
dunderjeppe,2026-04-23 22:32 UTC,33656,,,,,,,,,,,,,,
Duskydemise archive,2026-04-23 22:32 UTC,388596,,,,,,,,,,,,,,
Duygu Edis,2026-04-23 22:32 UTC,2928296,,,,,,,,,,,,,,
Dwarde,2026-04-23 22:32 UTC,17192,,,,,,,,,,,,,,
EA TJ,2026-04-23 22:32 UTC,43103,,,,,,,,,,,,,,
EL DEMOON,2026-04-23 22:32 UTC,35981,,,,,,,,,,,,,,
Emanazul,2026-04-23 22:32 UTC,415671,,,,,,,,,,,,,,
Emelie Trahan,2026-04-23 22:32 UTC,105592,,,,,,,,,,,,,,
EMJIE,2026-04-23 22:32 UTC,249142,,,,,,,,,,,,,,
ERISTHEPLANET,2026-04-23 22:32 UTC,58838,,,,,,,,,,,,,,
F3miii,2026-04-23 22:32 UTC,3286732,,,,,,,,,,,,,,
Fcukers,2026-04-23 22:32 UTC,2264585,,,,,,,,,,,,,,
FIFA Sound,2026-04-23 22:32 UTC,2728650,,,,,,,,,,,,,,
FLO,2026-04-23 22:32 UTC,3655347,,,,,,,,,,,,,,
Frost Children,2026-04-23 22:32 UTC,544079,,,,,,,,,,,,,,
frozz,2026-04-23 22:32 UTC,988952,,,,,,,,,,,,,,
G3B,2026-04-23 22:32 UTC,126410,,,,,,,,,,,,,,
Ghetto Beisha,2026-04-23 22:32 UTC,37691,,,,,,,,,,,,,,
Ghostfacekush,2026-04-23 22:32 UTC,65570,,,,,,,,,,,,,,
Girl Scout,2026-04-23 22:32 UTC,153992,,,,,,,,,,,,,,
girl_irl,2026-04-23 22:32 UTC,159991,,,,,,,,,,,,,,
girlsweetvoiced,2026-04-23 22:32 UTC,911682,,,,,,,,,,,,,,
Glizzy Glow,2026-04-23 22:32 UTC,11304,,,,,,,,,,,,,,
gnawvs,2026-04-23 22:32 UTC,2986,,,,,,,,,,,,,,
Godtripper,2026-04-23 22:32 UTC,322973,,,,,,,,,,,,,,
Grupo Primer Grado,2026-04-23 22:32 UTC,2820751,,,,,,,,,,,,,,
H. Hawkline,2026-04-23 22:32 UTC,184552,,,,,,,,,,,,,,
Harrd Luck,2026-04-23 22:32 UTC,204661,,,,,,,,,,,,,,
HittMan,2026-04-23 22:32 UTC,26309,,,,,,,,,,,,,,
Iguana Death Cult,2026-04-23 22:32 UTC,66324,,,,,,,,,,,,,,
Indeevar,2026-04-23 22:32 UTC,3112112,,,,,,,,,,,,,,
Indigo De Souza,2026-04-23 22:32 UTC,1702859,,,,,,,,,,,,,,
Infinity Song,2026-04-23 22:32 UTC,795209,,,,,,,,,,,,,,
isa in eutopia,2026-04-23 22:32 UTC,33608,,,,,,,,,,,,,,
JADA,2026-04-23 22:32 UTC,25652,,,,,,,,,,,,,,
Jadasea,2026-04-23 22:32 UTC,178916,,,,,,,,,,,,,,
jalda,2026-04-23 22:32 UTC,45296,,,,,,,,,,,,,,
Jimmy Butler,2026-04-23 22:32 UTC,42480,,,,,,,,,,,,,,
JJerome87,2026-04-23 22:32 UTC,255250,,,,,,,,,,,,,,
Joy Rhodes,2026-04-23 22:32 UTC,523445,,,,,,,,,,,,,,
Juju,2026-04-23 22:32 UTC,2837221,,,,,,,,,,,,,,
Julia Church,2026-04-23 22:32 UTC,3968101,,,,,,,,,,,,,,
Julie Williams,2026-04-23 22:32 UTC,106955,,,,,,,,,,,,,,
JussGigi,2026-04-23 22:32 UTC,0,,,,,,,,,,,,,,
Kala,2026-04-23 22:32 UTC,0,,,,,,,,,,,,,,
Karly Bowman,2026-04-23 22:32 UTC,145055,,,,,,,,,,,,,,
Khaled,2026-04-23 22:32 UTC,2519605,,,,,,,,,,,,,,
Khan Saab,2026-04-23 22:32 UTC,12850534,,,,,,,,,,,,,,
King Kylie,2026-04-23 22:32 UTC,1916000,,,,,,,,,,,,,,
KINGH,2026-04-23 22:32 UTC,125824,,,,,,,,,,,,,,
Koilwood,2026-04-23 22:32 UTC,52054,,,,,,,,,,,,,,
KUČKA,2026-04-23 22:32 UTC,1144242,,,,,,,,,,,,,,
Kurdi Klymax,2026-04-23 22:32 UTC,16732,,,,,,,,,,,,,,
kuru,2026-04-23 22:32 UTC,230457,,,,,,,,,,,,,,
Lamb,2026-04-23 22:32 UTC,397194,,,,,,,,,,,,,,
ledysek,2026-04-23 22:32 UTC,16120,,,,,,,,,,,,,,
Lerado Khalil,2026-04-23 22:32 UTC,108668,,,,,,,,,,,,,,
Les Imprimés,2026-04-23 22:32 UTC,136648,,,,,,,,,,,,,,
Lightris,2026-04-23 22:32 UTC,804241,,,,,,,,,,,,,,
Lil B,2026-04-23 22:32 UTC,1311460,,,,,,,,,,,,,,
Lil Righteous,2026-04-23 22:32 UTC,0,,,,,,,,,,,,,,
Loui Henderson,2026-04-23 22:32 UTC,110468,,,,,,,,,,,,,,
Luke Armstrong,2026-04-23 22:32 UTC,2532,,,,,,,,,,,,,,
M4IA,2026-04-23 22:32 UTC,244713,,,,,,,,,,,,,,
MAGIC SOUND WOLF,2026-04-23 22:32 UTC,563263,,,,,,,,,,,,,,
Malcolm Todd,2026-04-23 22:32 UTC,21011195,,,,,,,,,,,,,,
Maphra,2026-04-23 22:32 UTC,1257826,,,,,,,,,,,,,,
marquitos,2026-04-23 22:32 UTC,757994,,,,,,,,,,,,,,
Maviler,2026-04-23 22:32 UTC,1006081,,,,,,,,,,,,,,
Merry Lamb Lamb,2026-04-23 22:32 UTC,21308,,,,,,,,,,,,,,
Mijabella Marie,2026-04-23 22:32 UTC,24847,,,,,,,,,,,,,,
MIKE,2026-04-23 22:32 UTC,900866,,,,,,,,,,,,,,
Momo Boyd,2026-04-23 22:32 UTC,2667206,,,,,,,,,,,,,,
Mr Dutt,2026-04-23 22:32 UTC,2330015,,,,,,,,,,,,,,
Mumu Fresh,2026-04-23 22:32 UTC,48863,,,,,,,,,,,,,,
My New Band Believe,2026-04-23 22:32 UTC,224458,,,,,,,,,,,,,,
Naarly,2026-04-23 22:32 UTC,5212890,,,,,,,,,,,,,,
Naod,2026-04-23 22:32 UTC,274503,,,,,,,,,,,,,,
Nickatnite,2026-04-23 22:32 UTC,14628,,,,,,,,,,,,,,
Nine Vicious,2026-04-23 22:32 UTC,1212241,,,,,,,,,,,,,,
nocashfromparents,2026-04-23 22:32 UTC,879867,,,,,,,,,,,,,,
North West,2026-04-23 22:32 UTC,600329,,,,,,,,,,,,,,
NPD,2026-04-23 22:32 UTC,1558459,,,,,,,,,,,,,,
OK Alva,2026-04-23 22:32 UTC,6930,,,,,,,,,,,,,,
OKI,2026-04-23 22:32 UTC,2403126,,,,,,,,,,,,,,
Olga Myko,2026-04-23 22:32 UTC,2245433,,,,,,,,,,,,,,
Olof Dreijer,2026-04-23 22:32 UTC,74104,,,,,,,,,,,,,,
osa,2026-04-23 22:32 UTC,94145,,,,,,,,,,,,,,
Oxis,2026-04-23 22:32 UTC,226817,,,,,,,,,,,,,,
Pocket,2026-04-23 22:32 UTC,107124,,,,,,,,,,,,,,
Pretty Pinkk,2026-04-23 22:32 UTC,37714,,,,,,,,,,,,,,
Pz',2026-04-23 22:32 UTC,324464,,,,,,,,,,,,,,
Rian Brazil,2026-04-23 22:32 UTC,51378,,,,,,,,,,,,,,
rjtheweirdo,2026-04-23 22:32 UTC,353514,,,,,,,,,,,,,,
Rocket Reese,2026-04-23 22:32 UTC,126796,,,,,,,,,,,,,,
S1RENA,2026-04-23 22:32 UTC,209426,,,,,,,,,,,,,,
Sa!koro,2026-04-23 22:32 UTC,80029,,,,,,,,,,,,,,
Sara Landry,2026-04-23 22:32 UTC,1292855,,,,,,,,,,,,,,
Sébastien Tellier,2026-04-23 22:32 UTC,1242090,,,,,,,,,,,,,,
ShawtyRokk,2026-04-23 22:32 UTC,31630,,,,,,,,,,,,,,
shonci,2026-04-23 22:32 UTC,3771206,,,,,,,,,,,,,,
Slayr,2026-04-23 22:32 UTC,1117959,,,,,,,,,,,,,,
Slayyyter,2026-04-23 22:32 UTC,4147126,,,,,,,,,,,,,,
Slim Jxmmy,2026-04-23 22:32 UTC,37130,,,,,,,,,,,,,,
Sofiane Pamart,2026-04-23 22:32 UTC,3473170,,,,,,,,,,,,,,
Sons of Yusuf,2026-04-23 22:32 UTC,1941492,,,,,,,,,,,,,,
Southsidesilhouette,2026-04-23 22:32 UTC,162439,,,,,,,,,,,,,,
Specialist Moss,2026-04-23 22:32 UTC,544465,,,,,,,,,,,,,,
SPELLLING,2026-04-23 22:32 UTC,83404,,,,,,,,,,,,,,
Sreemani,2026-04-23 22:32 UTC,2328948,,,,,,,,,,,,,,
STELLA LEFTY,2026-04-23 22:32 UTC,5739559,,,,,,,,,,,,,,
Street Fever,2026-04-23 22:32 UTC,170871,,,,,,,,,,,,,,
Sunday Service Choir,2026-04-23 22:32 UTC,430927,,,,,,,,,,,,,,
SURF GANG,2026-04-23 22:32 UTC,759335,,,,,,,,,,,,,,
Swizz Beatz,2026-04-23 22:32 UTC,1264929,,,,,,,,,,,,,,
T.O.P,2026-04-23 22:32 UTC,1595676,,,,,,,,,,,,,,
Tabi Gervis,2026-04-23 22:32 UTC,21684,,,,,,,,,,,,,,
Temper City,2026-04-23 22:32 UTC,7977105,,,,,,,,,,,,,,
Tezzus,2026-04-23 22:32 UTC,360678,,,,,,,,,,,,,,
The Long Faces,2026-04-23 22:32 UTC,3881461,,,,,,,,,,,,,,
The Twins,2026-04-23 22:32 UTC,74100,,,,,,,,,,,,,,
THELMA,2026-04-23 22:32 UTC,39229,,,,,,,,,,,,,,
Tiffany Day,2026-04-23 22:32 UTC,1239172,,,,,,,,,,,,,,
Tom Did It,2026-04-23 22:32 UTC,1245185,,,,,,,,,,,,,,
Tom Right,2026-04-23 22:32 UTC,914338,,,,,,,,,,,,,,
TOMORA,2026-04-23 22:32 UTC,909576,,,,,,,,,,,,,,
Trim,2026-04-23 22:32 UTC,2199495,,,,,,,,,,,,,,
Tsatsamis,2026-04-23 22:32 UTC,208528,,,,,,,,,,,,,,
twentythree,2026-04-23 22:32 UTC,1368355,,,,,,,,,,,,,,
TXKUMOON,2026-04-23 22:32 UTC,836817,,,,,,,,,,,,,,
Vaibhav Gupta,2026-04-23 22:32 UTC,2581058,,,,,,,,,,,,,,
waera,2026-04-23 22:32 UTC,263033,,,,,,,,,,,,,,
Warren Roob,2026-04-23 22:32 UTC,783222,,,,,,,,,,,,,,
Welwitschia,2026-04-23 22:32 UTC,937757,,,,,,,,,,,,,,
Will Sass,2026-04-23 22:32 UTC,691267,,,,,,,,,,,,,,
Wtm Solid,2026-04-23 22:32 UTC,11810,,,,,,,,,,,,,,
Yaeger,2026-04-23 22:32 UTC,313379,,,,,,,,,,,,,,
YASP,2026-04-23 22:32 UTC,24702,,,,,,,,,,,,,,
Ye,2026-04-23 22:32 UTC,19254069,,,,,,,,,,,,,,
Yonusa,2026-04-23 22:32 UTC,274326,,,,,,,,,,,,,,
YUNA,2026-04-23 22:32 UTC,1382774,,,,,,,,,,,,,,
Yuyu19,2026-04-23 22:32 UTC,1242773,,,,,,,,,,,,,,
Zycan,2026-04-23 22:32 UTC,2174801,,,,,,,,,,,,,,
drug bug,2026-04-23 22:32 UTC,49414,,,,,,,,,,,,,,
ILYAH,2026-04-23 22:32 UTC,375808,,,,,,,,,,,,,,
Los Brasileros,2026-04-23 22:32 UTC,1028817,,,,,,,,,,,,,,
am7iri,2026-04-23 22:32 UTC,826435,,,,,,,,,,,,,,
Los Buyer,2026-04-23 22:32 UTC,436291,,,,,,,,,,,,,,
Pikeras,2026-04-23 22:32 UTC,854816,,,,,,,,,,,,,,
Heitor Santos,2026-04-23 22:32 UTC,1167253,,,,,,,,,,,,,,
Melly,2026-04-23 22:32 UTC,796169,,,,,,,,,,,,,,
OT The Real,2026-04-23 22:32 UTC,148966,,,,,,,,,,,,,,
Big Papa313,2026-04-23 22:32 UTC,1322064,,,,,,,,,,,,,,
kortani,2026-04-23 22:32 UTC,307714,,,,,,,,,,,,,,
daydreamers,2026-04-23 22:32 UTC,212203,,,,,,,,,,,,,,
Amma,2026-04-23 22:32 UTC,304593,,,,,,,,,,,,,,
IngaRose,2026-04-23 22:32 UTC,1182709,,,,,,,,,,,,,,
FRIDAY*,2026-04-23 22:32 UTC,8429,,,,,,,,,,,,,,
aoif3,2026-04-23 22:32 UTC,1069,,,,,,,,,,,,,,
Uche,2026-04-23 22:32 UTC,21065,,,,,,,,,,,,,,
Maxx Moor,2026-04-23 22:32 UTC,460,,,,,,,,,,,,,,
Swethings,2026-04-23 22:32 UTC,5266,,,,,,,,,,,,,,
22xlstl,2026-04-23 22:32 UTC,133881,,,,,,,,,,,,,,
$t3PPA,2026-04-24 04:45 UTC,139060,,,,,,,,,,,,,,
1 Umbrella,2026-04-24 04:45 UTC,215046,,,,,,,,,,,,,,
318dman,2026-04-24 04:45 UTC,100250,,,,,,,,,,,,,,
A2ANTI,2026-04-24 04:45 UTC,1719558,,,,,,,,,,,,,,
Addison Dean,2026-04-24 04:45 UTC,6147,,,,,,,,,,,,,,
Aksomaniac,2026-04-24 04:45 UTC,1247003,,,,,,,,,,,,,,
Andre Troutman,2026-04-24 04:45 UTC,9700569,,,,,,,,,,,,,,
Angine de Poitrine,2026-04-24 04:45 UTC,2435555,,,,,,,,,,,,,,
Anik Khan,2026-04-24 04:45 UTC,154376,,,,,,,,,,,,,,
AQUAFINNA,2026-04-24 04:45 UTC,22908,,,,,,,,,,,,,,
Biggs money,2026-04-24 04:45 UTC,28214,,,,,,,,,,,,,,
Boi-1da,2026-04-24 04:45 UTC,555570,,,,,,,,,,,,,,
BossMan Pac,2026-04-24 04:45 UTC,110418,,,,,,,,,,,,,,
Brittany Aldean,2026-04-24 04:45 UTC,179688,,,,,,,,,,,,,,
Bryan Countach,2026-04-24 04:45 UTC,277430,,,,,,,,,,,,,,
Canada Soccer,2026-04-24 04:45 UTC,403067,,,,,,,,,,,,,,
Canyon,2026-04-24 04:45 UTC,43711,,,,,,,,,,,,,,
Cap1talA,2026-04-24 04:45 UTC,216333,,,,,,,,,,,,,,
Carter Faith,2026-04-24 04:45 UTC,2699864,,,,,,,,,,,,,,
Che,2026-04-24 04:45 UTC,1244946,,,,,,,,,,,,,,
Chyno Miranda,2026-04-24 04:45 UTC,1581039,,,,,,,,,,,,,,
Corridos del Rey,2026-04-24 04:45 UTC,1306059,,,,,,,,,,,,,,
Dale Move,2026-04-24 04:45 UTC,261352,,,,,,,,,,,,,,
Daniel Žižka,2026-04-24 04:45 UTC,129821,,,,,,,,,,,,,,
Dante,2026-04-24 04:45 UTC,537034,,,,,,,,,,,,,,
Dean Turnley,2026-04-24 04:45 UTC,1514695,,,,,,,,,,,,,,
Delta Ash,2026-04-24 04:45 UTC,540334,,,,,,,,,,,,,,
DETO BLACK,2026-04-24 04:45 UTC,329031,,,,,,,,,,,,,,
Devault,2026-04-24 04:45 UTC,2218782,,,,,,,,,,,,,,
Dexter and The Moonrocks,2026-04-24 04:45 UTC,5088097,,,,,,,,,,,,,,
diamond*,2026-04-24 04:45 UTC,344331,,,,,,,,,,,,,,
Diana Pilquist,2026-04-24 04:45 UTC,2109,,,,,,,,,,,,,,
DJ B7 o Piranhão,2026-04-24 04:45 UTC,1891373,,,,,,,,,,,,,,
DJ Holiday,2026-04-24 04:45 UTC,174764,,,,,,,,,,,,,,
dóttir.x,2026-04-24 04:45 UTC,67003,,,,,,,,,,,,,,
Druski,2026-04-24 04:45 UTC,1043102,,,,,,,,,,,,,,
Dubioza Kolektive,2026-04-24 04:45 UTC,575949,,,,,,,,,,,,,,
dunderjeppe,2026-04-24 04:45 UTC,33656,,,,,,,,,,,,,,
Duskydemise archive,2026-04-24 04:45 UTC,388596,,,,,,,,,,,,,,
Duygu Edis,2026-04-24 04:45 UTC,2928296,,,,,,,,,,,,,,
Dwarde,2026-04-24 04:45 UTC,17192,,,,,,,,,,,,,,
EA TJ,2026-04-24 04:45 UTC,43103,,,,,,,,,,,,,,
EL DEMOON,2026-04-24 04:45 UTC,35981,,,,,,,,,,,,,,
Emanazul,2026-04-24 04:45 UTC,415671,,,,,,,,,,,,,,
Emelie Trahan,2026-04-24 04:45 UTC,105592,,,,,,,,,,,,,,
EMJIE,2026-04-24 04:45 UTC,249142,,,,,,,,,,,,,,
ERISTHEPLANET,2026-04-24 04:45 UTC,58838,,,,,,,,,,,,,,
F3miii,2026-04-24 04:45 UTC,3286732,,,,,,,,,,,,,,
Fcukers,2026-04-24 04:45 UTC,2264585,,,,,,,,,,,,,,
FIFA Sound,2026-04-24 04:45 UTC,2728650,,,,,,,,,,,,,,
FLO,2026-04-24 04:45 UTC,3655347,,,,,,,,,,,,,,
Frost Children,2026-04-24 04:45 UTC,544079,,,,,,,,,,,,,,
frozz,2026-04-24 04:45 UTC,988952,,,,,,,,,,,,,,
G3B,2026-04-24 04:45 UTC,126410,,,,,,,,,,,,,,
Ghetto Beisha,2026-04-24 04:45 UTC,37691,,,,,,,,,,,,,,
Ghostfacekush,2026-04-24 04:45 UTC,65570,,,,,,,,,,,,,,
Girl Scout,2026-04-24 04:45 UTC,153992,,,,,,,,,,,,,,
girl_irl,2026-04-24 04:45 UTC,159991,,,,,,,,,,,,,,
girlsweetvoiced,2026-04-24 04:45 UTC,911682,,,,,,,,,,,,,,
Glizzy Glow,2026-04-24 04:45 UTC,11304,,,,,,,,,,,,,,
gnawvs,2026-04-24 04:45 UTC,2986,,,,,,,,,,,,,,
Godtripper,2026-04-24 04:45 UTC,322973,,,,,,,,,,,,,,
Grupo Primer Grado,2026-04-24 04:45 UTC,2820751,,,,,,,,,,,,,,
H. Hawkline,2026-04-24 04:45 UTC,184552,,,,,,,,,,,,,,
Harrd Luck,2026-04-24 04:45 UTC,204661,,,,,,,,,,,,,,
HittMan,2026-04-24 04:45 UTC,26309,,,,,,,,,,,,,,
Iguana Death Cult,2026-04-24 04:45 UTC,66324,,,,,,,,,,,,,,
Indeevar,2026-04-24 04:45 UTC,3112112,,,,,,,,,,,,,,
Indigo De Souza,2026-04-24 04:45 UTC,1702859,,,,,,,,,,,,,,
Infinity Song,2026-04-24 04:45 UTC,795209,,,,,,,,,,,,,,
isa in eutopia,2026-04-24 04:45 UTC,33608,,,,,,,,,,,,,,
JADA,2026-04-24 04:45 UTC,25652,,,,,,,,,,,,,,
Jadasea,2026-04-24 04:45 UTC,178916,,,,,,,,,,,,,,
jalda,2026-04-24 04:45 UTC,45296,,,,,,,,,,,,,,
Jimmy Butler,2026-04-24 04:45 UTC,42480,,,,,,,,,,,,,,
JJerome87,2026-04-24 04:45 UTC,255250,,,,,,,,,,,,,,
Joy Rhodes,2026-04-24 04:45 UTC,523445,,,,,,,,,,,,,,
Juju,2026-04-24 04:45 UTC,2837221,,,,,,,,,,,,,,
Julia Church,2026-04-24 04:45 UTC,3968101,,,,,,,,,,,,,,
Julie Williams,2026-04-24 04:45 UTC,106955,,,,,,,,,,,,,,
JussGigi,2026-04-24 04:45 UTC,0,,,,,,,,,,,,,,
Kala,2026-04-24 04:45 UTC,0,,,,,,,,,,,,,,
Karly Bowman,2026-04-24 04:45 UTC,145055,,,,,,,,,,,,,,
Khaled,2026-04-24 04:45 UTC,2519605,,,,,,,,,,,,,,
Khan Saab,2026-04-24 04:45 UTC,12850534,,,,,,,,,,,,,,
King Kylie,2026-04-24 04:45 UTC,1916000,,,,,,,,,,,,,,
KINGH,2026-04-24 04:45 UTC,125824,,,,,,,,,,,,,,
Koilwood,2026-04-24 04:45 UTC,52054,,,,,,,,,,,,,,
KUČKA,2026-04-24 04:45 UTC,1144242,,,,,,,,,,,,,,
Kurdi Klymax,2026-04-24 04:45 UTC,16732,,,,,,,,,,,,,,
kuru,2026-04-24 04:45 UTC,230457,,,,,,,,,,,,,,
Lamb,2026-04-24 04:45 UTC,397194,,,,,,,,,,,,,,
ledysek,2026-04-24 04:45 UTC,16120,,,,,,,,,,,,,,
Lerado Khalil,2026-04-24 04:45 UTC,108668,,,,,,,,,,,,,,
Les Imprimés,2026-04-24 04:45 UTC,136648,,,,,,,,,,,,,,
Lightris,2026-04-24 04:45 UTC,804241,,,,,,,,,,,,,,
Lil B,2026-04-24 04:45 UTC,1311460,,,,,,,,,,,,,,
Lil Righteous,2026-04-24 04:45 UTC,0,,,,,,,,,,,,,,
Loui Henderson,2026-04-24 04:45 UTC,110468,,,,,,,,,,,,,,
Luke Armstrong,2026-04-24 04:45 UTC,2532,,,,,,,,,,,,,,
M4IA,2026-04-24 04:45 UTC,244713,,,,,,,,,,,,,,
MAGIC SOUND WOLF,2026-04-24 04:45 UTC,563263,,,,,,,,,,,,,,
Malcolm Todd,2026-04-24 04:45 UTC,21011195,,,,,,,,,,,,,,
Maphra,2026-04-24 04:45 UTC,1257826,,,,,,,,,,,,,,
marquitos,2026-04-24 04:45 UTC,757994,,,,,,,,,,,,,,
Maviler,2026-04-24 04:45 UTC,1006081,,,,,,,,,,,,,,
Merry Lamb Lamb,2026-04-24 04:45 UTC,21308,,,,,,,,,,,,,,
Mijabella Marie,2026-04-24 04:45 UTC,24847,,,,,,,,,,,,,,
MIKE,2026-04-24 04:45 UTC,900866,,,,,,,,,,,,,,
Momo Boyd,2026-04-24 04:45 UTC,2667206,,,,,,,,,,,,,,
Mr Dutt,2026-04-24 04:45 UTC,2330015,,,,,,,,,,,,,,
Mumu Fresh,2026-04-24 04:45 UTC,48863,,,,,,,,,,,,,,
My New Band Believe,2026-04-24 04:45 UTC,224458,,,,,,,,,,,,,,
Naarly,2026-04-24 04:45 UTC,5212890,,,,,,,,,,,,,,
Naod,2026-04-24 04:45 UTC,274503,,,,,,,,,,,,,,
Nickatnite,2026-04-24 04:45 UTC,14628,,,,,,,,,,,,,,
Nine Vicious,2026-04-24 04:45 UTC,1212241,,,,,,,,,,,,,,
nocashfromparents,2026-04-24 04:45 UTC,879867,,,,,,,,,,,,,,
North West,2026-04-24 04:45 UTC,600329,,,,,,,,,,,,,,
NPD,2026-04-24 04:45 UTC,1558459,,,,,,,,,,,,,,
OK Alva,2026-04-24 04:45 UTC,6930,,,,,,,,,,,,,,
OKI,2026-04-24 04:45 UTC,2403126,,,,,,,,,,,,,,
Olga Myko,2026-04-24 04:45 UTC,2245433,,,,,,,,,,,,,,
Olof Dreijer,2026-04-24 04:45 UTC,74104,,,,,,,,,,,,,,
osa,2026-04-24 04:45 UTC,94145,,,,,,,,,,,,,,
Oxis,2026-04-24 04:45 UTC,226817,,,,,,,,,,,,,,
Pocket,2026-04-24 04:45 UTC,107124,,,,,,,,,,,,,,
Pretty Pinkk,2026-04-24 04:45 UTC,37714,,,,,,,,,,,,,,
Pz',2026-04-24 04:45 UTC,324464,,,,,,,,,,,,,,
Rian Brazil,2026-04-24 04:45 UTC,51378,,,,,,,,,,,,,,
rjtheweirdo,2026-04-24 04:45 UTC,353514,,,,,,,,,,,,,,
Rocket Reese,2026-04-24 04:45 UTC,126796,,,,,,,,,,,,,,
S1RENA,2026-04-24 04:45 UTC,209426,,,,,,,,,,,,,,
Sa!koro,2026-04-24 04:45 UTC,80029,,,,,,,,,,,,,,
Sara Landry,2026-04-24 04:45 UTC,1292855,,,,,,,,,,,,,,
Sébastien Tellier,2026-04-24 04:45 UTC,1242090,,,,,,,,,,,,,,
ShawtyRokk,2026-04-24 04:45 UTC,31630,,,,,,,,,,,,,,
shonci,2026-04-24 04:45 UTC,3771206,,,,,,,,,,,,,,
Slayr,2026-04-24 04:45 UTC,1117959,,,,,,,,,,,,,,
Slayyyter,2026-04-24 04:45 UTC,4147126,,,,,,,,,,,,,,
Slim Jxmmy,2026-04-24 04:45 UTC,37130,,,,,,,,,,,,,,
Sofiane Pamart,2026-04-24 04:45 UTC,3473170,,,,,,,,,,,,,,
Sons of Yusuf,2026-04-24 04:45 UTC,1941492,,,,,,,,,,,,,,
Southsidesilhouette,2026-04-24 04:45 UTC,162439,,,,,,,,,,,,,,
Specialist Moss,2026-04-24 04:45 UTC,544465,,,,,,,,,,,,,,
SPELLLING,2026-04-24 04:45 UTC,83404,,,,,,,,,,,,,,
Sreemani,2026-04-24 04:45 UTC,2328948,,,,,,,,,,,,,,
STELLA LEFTY,2026-04-24 04:45 UTC,5739559,,,,,,,,,,,,,,
Street Fever,2026-04-24 04:45 UTC,170871,,,,,,,,,,,,,,
Sunday Service Choir,2026-04-24 04:45 UTC,430927,,,,,,,,,,,,,,
SURF GANG,2026-04-24 04:45 UTC,759335,,,,,,,,,,,,,,
Swizz Beatz,2026-04-24 04:45 UTC,1264929,,,,,,,,,,,,,,
T.O.P,2026-04-24 04:45 UTC,1595676,,,,,,,,,,,,,,
Tabi Gervis,2026-04-24 04:45 UTC,21684,,,,,,,,,,,,,,
Temper City,2026-04-24 04:45 UTC,7977105,,,,,,,,,,,,,,
Tezzus,2026-04-24 04:45 UTC,360678,,,,,,,,,,,,,,
The Long Faces,2026-04-24 04:45 UTC,3881461,,,,,,,,,,,,,,
The Twins,2026-04-24 04:45 UTC,74100,,,,,,,,,,,,,,
THELMA,2026-04-24 04:45 UTC,39229,,,,,,,,,,,,,,
Tiffany Day,2026-04-24 04:45 UTC,1239172,,,,,,,,,,,,,,
Tom Did It,2026-04-24 04:45 UTC,1245185,,,,,,,,,,,,,,
Tom Right,2026-04-24 04:45 UTC,914338,,,,,,,,,,,,,,
TOMORA,2026-04-24 04:45 UTC,909576,,,,,,,,,,,,,,
Trim,2026-04-24 04:45 UTC,2199495,,,,,,,,,,,,,,
Tsatsamis,2026-04-24 04:45 UTC,208528,,,,,,,,,,,,,,
twentythree,2026-04-24 04:45 UTC,1368355,,,,,,,,,,,,,,
TXKUMOON,2026-04-24 04:45 UTC,836817,,,,,,,,,,,,,,
Vaibhav Gupta,2026-04-24 04:45 UTC,2581058,,,,,,,,,,,,,,
waera,2026-04-24 04:45 UTC,263033,,,,,,,,,,,,,,
Warren Roob,2026-04-24 04:45 UTC,783222,,,,,,,,,,,,,,
Welwitschia,2026-04-24 04:45 UTC,937757,,,,,,,,,,,,,,
Will Sass,2026-04-24 04:45 UTC,691267,,,,,,,,,,,,,,
Wtm Solid,2026-04-24 04:45 UTC,11810,,,,,,,,,,,,,,
Yaeger,2026-04-24 04:45 UTC,313379,,,,,,,,,,,,,,
YASP,2026-04-24 04:45 UTC,24702,,,,,,,,,,,,,,
Ye,2026-04-24 04:45 UTC,19254069,,,,,,,,,,,,,,
Yonusa,2026-04-24 04:45 UTC,274326,,,,,,,,,,,,,,
YUNA,2026-04-24 04:45 UTC,1382774,,,,,,,,,,,,,,
Yuyu19,2026-04-24 04:45 UTC,1242773,,,,,,,,,,,,,,
Zycan,2026-04-24 04:45 UTC,2174801,,,,,,,,,,,,,,
drug bug,2026-04-24 04:45 UTC,49414,,,,,,,,,,,,,,
ILYAH,2026-04-24 04:45 UTC,375808,,,,,,,,,,,,,,
Los Brasileros,2026-04-24 04:45 UTC,1028817,,,,,,,,,,,,,,
am7iri,2026-04-24 04:45 UTC,826435,,,,,,,,,,,,,,
Los Buyer,2026-04-24 04:45 UTC,436291,,,,,,,,,,,,,,
Pikeras,2026-04-24 04:45 UTC,854816,,,,,,,,,,,,,,
Heitor Santos,2026-04-24 04:45 UTC,1167253,,,,,,,,,,,,,,
Melly,2026-04-24 04:45 UTC,796169,,,,,,,,,,,,,,
OT The Real,2026-04-24 04:45 UTC,148966,,,,,,,,,,,,,,
Big Papa313,2026-04-24 04:45 UTC,1322064,,,,,,,,,,,,,,
kortani,2026-04-24 04:45 UTC,307714,,,,,,,,,,,,,,
daydreamers,2026-04-24 04:45 UTC,212203,,,,,,,,,,,,,,
Amma,2026-04-24 04:45 UTC,304593,,,,,,,,,,,,,,
IngaRose,2026-04-24 04:45 UTC,1182709,,,,,,,,,,,,,,
FRIDAY*,2026-04-24 04:45 UTC,8429,,,,,,,,,,,,,,
aoif3,2026-04-24 04:45 UTC,1069,,,,,,,,,,,,,,
Uche,2026-04-24 04:45 UTC,21065,,,,,,,,,,,,,,
Maxx Moor,2026-04-24 04:45 UTC,460,,,,,,,,,,,,,,
Swethings,2026-04-24 04:45 UTC,5266,,,,,,,,,,,,,,
22xlstl,2026-04-24 04:45 UTC,133881,,,,,,,,,,,,,,
Greg Gonzales,2026-04-24 04:45 UTC,22736,,,,,,,,,,,,,,
Chase Belly,2026-04-24 04:45 UTC,7,,,,,,,,,,,,,,
Lyle George,2026-04-24 04:45 UTC,6370,,,,,,,,,,,,,,
Twoske,2026-04-24 04:45 UTC,8466,,,,,,,,,,,,,,
Marlo Rex,2026-04-24 04:45 UTC,665805,,,,,,,,,,,,,,
Fred Durst,2026-04-24 04:45 UTC,458261,,,,,,,,,,,,,,
Cobrah,2026-04-24 04:45 UTC,1551610,,,,,,,,,,,,,,
Asha Banks,2026-04-24 04:45 UTC,117726,,,,,,,,,,,,,,
Olwin,2026-04-24 04:45 UTC,0,,,,,,,,,,,,,,
$t3PPA,2026-04-24 16:44 UTC,142615,,,,,,,,,,,,,,
1 Umbrella,2026-04-24 16:44 UTC,217221,,,,,,,,,,,,,,
318dman,2026-04-24 16:44 UTC,106423,,,,,,,,,,,,,,
A2ANTI,2026-04-24 16:44 UTC,1729899,,,,,,,,,,,,,,
Addison Dean,2026-04-24 16:44 UTC,6311,,,,,,,,,,,,,,
Aksomaniac,2026-04-24 16:44 UTC,1305284,,,,,,,,,,,,,,
Andre Troutman,2026-04-24 16:44 UTC,9792956,,,,,,,,,,,,,,
Angine de Poitrine,2026-04-24 16:44 UTC,2454492,,,,,,,,,,,,,,
Anik Khan,2026-04-24 16:44 UTC,162957,,,,,,,,,,,,,,
AQUAFINNA,2026-04-24 16:44 UTC,23415,,,,,,,,,,,,,,
Biggs money,2026-04-24 16:44 UTC,29253,,,,,,,,,,,,,,
Boi-1da,2026-04-24 16:44 UTC,568225,,,,,,,,,,,,,,
BossMan Pac,2026-04-24 16:44 UTC,110877,,,,,,,,,,,,,,
Brittany Aldean,2026-04-24 16:44 UTC,181901,,,,,,,,,,,,,,
Bryan Countach,2026-04-24 16:44 UTC,280701,,,,,,,,,,,,,,
Canada Soccer,2026-04-24 16:44 UTC,416569,,,,,,,,,,,,,,
Canyon,2026-04-24 16:44 UTC,42835,,,,,,,,,,,,,,
Cap1talA,2026-04-24 16:44 UTC,220498,,,,,,,,,,,,,,
Carter Faith,2026-04-24 16:44 UTC,2797533,,,,,,,,,,,,,,
Che,2026-04-24 16:44 UTC,1242101,,,,,,,,,,,,,,
Chyno Miranda,2026-04-24 16:44 UTC,1634266,,,,,,,,,,,,,,
Corridos del Rey,2026-04-24 16:44 UTC,1321954,,,,,,,,,,,,,,
Dale Move,2026-04-24 16:44 UTC,262576,,,,,,,,,,,,,,
Daniel Žižka,2026-04-24 16:44 UTC,128936,,,,,,,,,,,,,,
Dante,2026-04-24 16:44 UTC,543244,,,,,,,,,,,,,,
Dean Turnley,2026-04-24 16:44 UTC,1486326,,,,,,,,,,,,,,
Delta Ash,2026-04-24 16:44 UTC,547831,,,,,,,,,,,,,,
DETO BLACK,2026-04-24 16:44 UTC,360047,,,,,,,,,,,,,,
Devault,2026-04-24 16:44 UTC,2304020,,,,,,,,,,,,,,
Dexter and The Moonrocks,2026-04-24 16:44 UTC,5238514,,,,,,,,,,,,,,
diamond*,2026-04-24 16:44 UTC,350435,,,,,,,,,,,,,,
Diana Pilquist,2026-04-24 16:44 UTC,2228,,,,,,,,,,,,,,
DJ B7 o Piranhão,2026-04-24 16:44 UTC,1979709,,,,,,,,,,,,,,
DJ Holiday,2026-04-24 16:44 UTC,179298,,,,,,,,,,,,,,
dóttir.x,2026-04-24 16:44 UTC,67813,,,,,,,,,,,,,,
Druski,2026-04-24 16:44 UTC,1089521,,,,,,,,,,,,,,
Dubioza Kolektive,2026-04-24 16:44 UTC,580131,,,,,,,,,,,,,,
dunderjeppe,2026-04-24 16:44 UTC,33432,,,,,,,,,,,,,,
Duskydemise archive,2026-04-24 16:44 UTC,395934,,,,,,,,,,,,,,
Duygu Edis,2026-04-24 16:44 UTC,2924374,,,,,,,,,,,,,,
Dwarde,2026-04-24 16:44 UTC,17687,,,,,,,,,,,,,,
EA TJ,2026-04-24 16:44 UTC,44700,,,,,,,,,,,,,,
EL DEMOON,2026-04-24 16:44 UTC,39834,,,,,,,,,,,,,,
Emanazul,2026-04-24 16:44 UTC,439065,,,,,,,,,,,,,,
Emelie Trahan,2026-04-24 16:44 UTC,106610,,,,,,,,,,,,,,
EMJIE,2026-04-24 16:44 UTC,255403,,,,,,,,,,,,,,
ERISTHEPLANET,2026-04-24 16:44 UTC,59669,,,,,,,,,,,,,,
F3miii,2026-04-24 16:44 UTC,3401774,,,,,,,,,,,,,,
Fcukers,2026-04-24 16:44 UTC,2265110,,,,,,,,,,,,,,
FIFA Sound,2026-04-24 16:44 UTC,2689767,,,,,,,,,,,,,,
FLO,2026-04-24 16:44 UTC,3606558,,,,,,,,,,,,,,
Frost Children,2026-04-24 16:44 UTC,543306,,,,,,,,,,,,,,
frozz,2026-04-24 16:44 UTC,1029831,,,,,,,,,,,,,,
G3B,2026-04-24 16:44 UTC,130389,,,,,,,,,,,,,,
Ghetto Beisha,2026-04-24 16:44 UTC,39857,,,,,,,,,,,,,,
Ghostfacekush,2026-04-24 16:44 UTC,68219,,,,,,,,,,,,,,
Girl Scout,2026-04-24 16:44 UTC,137189,,,,,,,,,,,,,,
girl_irl,2026-04-24 16:44 UTC,154441,,,,,,,,,,,,,,
girlsweetvoiced,2026-04-24 16:44 UTC,920824,,,,,,,,,,,,,,
Glizzy Glow,2026-04-24 16:44 UTC,12206,,,,,,,,,,,,,,
gnawvs,2026-04-24 16:44 UTC,2904,,,,,,,,,,,,,,
Godtripper,2026-04-24 16:44 UTC,332926,,,,,,,,,,,,,,
Grupo Primer Grado,2026-04-24 16:44 UTC,2798503,,,,,,,,,,,,,,
H. Hawkline,2026-04-24 16:44 UTC,187893,,,,,,,,,,,,,,
Harrd Luck,2026-04-24 16:44 UTC,206887,,,,,,,,,,,,,,
HittMan,2026-04-24 16:44 UTC,27189,,,,,,,,,,,,,,
Iguana Death Cult,2026-04-24 16:44 UTC,66735,,,,,,,,,,,,,,
Indeevar,2026-04-24 16:44 UTC,3183302,,,,,,,,,,,,,,
Indigo De Souza,2026-04-24 16:44 UTC,1711570,,,,,,,,,,,,,,
Infinity Song,2026-04-24 16:44 UTC,804774,,,,,,,,,,,,,,
isa in eutopia,2026-04-24 16:44 UTC,33990,,,,,,,,,,,,,,
JADA,2026-04-24 16:44 UTC,26215,,,,,,,,,,,,,,
Jadasea,2026-04-24 16:44 UTC,180157,,,,,,,,,,,,,,
jalda,2026-04-24 16:44 UTC,47179,,,,,,,,,,,,,,
Jimmy Butler,2026-04-24 16:44 UTC,46418,,,,,,,,,,,,,,
JJerome87,2026-04-24 16:44 UTC,274715,,,,,,,,,,,,,,
Joy Rhodes,2026-04-24 16:44 UTC,546585,,,,,,,,,,,,,,
Juju,2026-04-24 16:44 UTC,2866296,,,,,,,,,,,,,,
Julia Church,2026-04-24 16:44 UTC,4041199,,,,,,,,,,,,,,
Julie Williams,2026-04-24 16:44 UTC,110551,,,,,,,,,,,,,,
JussGigi,2026-04-24 16:44 UTC,0,,,,,,,,,,,,,,
Kala,2026-04-24 16:44 UTC,0,,,,,,,,,,,,,,
Karly Bowman,2026-04-24 16:44 UTC,149584,,,,,,,,,,,,,,
Khaled,2026-04-24 16:44 UTC,2463006,,,,,,,,,,,,,,
Khan Saab,2026-04-24 16:44 UTC,12748834,,,,,,,,,,,,,,
King Kylie,2026-04-24 16:44 UTC,1798338,,,,,,,,,,,,,,
KINGH,2026-04-24 16:44 UTC,125936,,,,,,,,,,,,,,
Koilwood,2026-04-24 16:44 UTC,53110,,,,,,,,,,,,,,
KUČKA,2026-04-24 16:44 UTC,1160356,,,,,,,,,,,,,,
Kurdi Klymax,2026-04-24 16:44 UTC,17075,,,,,,,,,,,,,,
kuru,2026-04-24 16:44 UTC,231553,,,,,,,,,,,,,,
Lamb,2026-04-24 16:44 UTC,386601,,,,,,,,,,,,,,
ledysek,2026-04-24 16:44 UTC,16189,,,,,,,,,,,,,,
Lerado Khalil,2026-04-24 16:44 UTC,110464,,,,,,,,,,,,,,
Les Imprimés,2026-04-24 16:44 UTC,136937,,,,,,,,,,,,,,
Lightris,2026-04-24 16:44 UTC,803709,,,,,,,,,,,,,,
Lil B,2026-04-24 16:44 UTC,1380745,,,,,,,,,,,,,,
Lil Righteous,2026-04-24 16:44 UTC,0,,,,,,,,,,,,,,
Loui Henderson,2026-04-24 16:44 UTC,120050,,,,,,,,,,,,,,
Luke Armstrong,2026-04-24 16:44 UTC,3672,,,,,,,,,,,,,,
M4IA,2026-04-24 16:44 UTC,243533,,,,,,,,,,,,,,
MAGIC SOUND WOLF,2026-04-24 16:44 UTC,572559,,,,,,,,,,,,,,
Malcolm Todd,2026-04-24 16:44 UTC,21225727,,,,,,,,,,,,,,
Maphra,2026-04-24 16:44 UTC,1251732,,,,,,,,,,,,,,
marquitos,2026-04-24 16:44 UTC,732235,,,,,,,,,,,,,,
Maviler,2026-04-24 16:44 UTC,980107,,,,,,,,,,,,,,
Merry Lamb Lamb,2026-04-24 16:44 UTC,21680,,,,,,,,,,,,,,
Mijabella Marie,2026-04-24 16:44 UTC,25192,,,,,,,,,,,,,,
MIKE,2026-04-24 16:44 UTC,895558,,,,,,,,,,,,,,
Momo Boyd,2026-04-24 16:44 UTC,2647017,,,,,,,,,,,,,,
Mr Dutt,2026-04-24 16:44 UTC,2328778,,,,,,,,,,,,,,
Mumu Fresh,2026-04-24 16:44 UTC,50331,,,,,,,,,,,,,,
My New Band Believe,2026-04-24 16:44 UTC,225711,,,,,,,,,,,,,,
Naarly,2026-04-24 16:44 UTC,5234226,,,,,,,,,,,,,,
Naod,2026-04-24 16:44 UTC,280106,,,,,,,,,,,,,,
Nickatnite,2026-04-24 16:44 UTC,14853,,,,,,,,,,,,,,
Nine Vicious,2026-04-24 16:44 UTC,1215321,,,,,,,,,,,,,,
nocashfromparents,2026-04-24 16:44 UTC,890013,,,,,,,,,,,,,,
North West,2026-04-24 16:44 UTC,598165,,,,,,,,,,,,,,
NPD,2026-04-24 16:44 UTC,1565959,,,,,,,,,,,,,,
OK Alva,2026-04-24 16:44 UTC,7043,,,,,,,,,,,,,,
OKI,2026-04-24 16:44 UTC,2416195,,,,,,,,,,,,,,
Olga Myko,2026-04-24 16:44 UTC,2237400,,,,,,,,,,,,,,
Olof Dreijer,2026-04-24 16:44 UTC,74557,,,,,,,,,,,,,,
osa,2026-04-24 16:44 UTC,97678,,,,,,,,,,,,,,
Oxis,2026-04-24 16:44 UTC,231321,,,,,,,,,,,,,,
Pocket,2026-04-24 16:44 UTC,113534,,,,,,,,,,,,,,
Pretty Pinkk,2026-04-24 16:44 UTC,39879,,,,,,,,,,,,,,
Pz',2026-04-24 16:44 UTC,324600,,,,,,,,,,,,,,
Rian Brazil,2026-04-24 16:44 UTC,52604,,,,,,,,,,,,,,
rjtheweirdo,2026-04-24 16:44 UTC,375624,,,,,,,,,,,,,,
Rocket Reese,2026-04-24 16:44 UTC,126670,,,,,,,,,,,,,,
S1RENA,2026-04-24 16:44 UTC,212902,,,,,,,,,,,,,,
Sa!koro,2026-04-24 16:44 UTC,80759,,,,,,,,,,,,,,
Sara Landry,2026-04-24 16:44 UTC,1293595,,,,,,,,,,,,,,
Sébastien Tellier,2026-04-24 16:44 UTC,1304669,,,,,,,,,,,,,,
ShawtyRokk,2026-04-24 16:44 UTC,32343,,,,,,,,,,,,,,
shonci,2026-04-24 16:44 UTC,3848082,,,,,,,,,,,,,,
Slayr,2026-04-24 16:44 UTC,1106130,,,,,,,,,,,,,,
Slayyyter,2026-04-24 16:44 UTC,4264209,,,,,,,,,,,,,,
Slim Jxmmy,2026-04-24 16:44 UTC,37147,,,,,,,,,,,,,,
Sofiane Pamart,2026-04-24 16:44 UTC,3577629,,,,,,,,,,,,,,
Sons of Yusuf,2026-04-24 16:44 UTC,1884362,,,,,,,,,,,,,,
Southsidesilhouette,2026-04-24 16:44 UTC,164683,,,,,,,,,,,,,,
Specialist Moss,2026-04-24 16:44 UTC,558575,,,,,,,,,,,,,,
SPELLLING,2026-04-24 16:44 UTC,86810,,,,,,,,,,,,,,
Sreemani,2026-04-24 16:44 UTC,2378318,,,,,,,,,,,,,,
STELLA LEFTY,2026-04-24 16:44 UTC,5989667,,,,,,,,,,,,,,
Street Fever,2026-04-24 16:44 UTC,173492,,,,,,,,,,,,,,
Sunday Service Choir,2026-04-24 16:44 UTC,430669,,,,,,,,,,,,,,
SURF GANG,2026-04-24 16:44 UTC,756663,,,,,,,,,,,,,,
Swizz Beatz,2026-04-24 16:44 UTC,1270627,,,,,,,,,,,,,,
T.O.P,2026-04-24 16:44 UTC,1625879,,,,,,,,,,,,,,
Tabi Gervis,2026-04-24 16:44 UTC,21785,,,,,,,,,,,,,,
Temper City,2026-04-24 16:44 UTC,8179415,,,,,,,,,,,,,,
Tezzus,2026-04-24 16:44 UTC,368673,,,,,,,,,,,,,,
The Long Faces,2026-04-24 16:44 UTC,3938124,,,,,,,,,,,,,,
The Twins,2026-04-24 16:44 UTC,73289,,,,,,,,,,,,,,
THELMA,2026-04-24 16:44 UTC,40800,,,,,,,,,,,,,,
Tiffany Day,2026-04-24 16:44 UTC,1248552,,,,,,,,,,,,,,
Tom Did It,2026-04-24 16:44 UTC,1230702,,,,,,,,,,,,,,
Tom Right,2026-04-24 16:44 UTC,908502,,,,,,,,,,,,,,
TOMORA,2026-04-24 16:44 UTC,930047,,,,,,,,,,,,,,
Trim,2026-04-24 16:44 UTC,2222421,,,,,,,,,,,,,,
Tsatsamis,2026-04-24 16:44 UTC,209272,,,,,,,,,,,,,,
twentythree,2026-04-24 16:44 UTC,1363207,,,,,,,,,,,,,,
TXKUMOON,2026-04-24 16:44 UTC,856471,,,,,,,,,,,,,,
Vaibhav Gupta,2026-04-24 16:44 UTC,2523706,,,,,,,,,,,,,,
waera,2026-04-24 16:44 UTC,259179,,,,,,,,,,,,,,
Warren Roob,2026-04-24 16:44 UTC,759693,,,,,,,,,,,,,,
Welwitschia,2026-04-24 16:44 UTC,979354,,,,,,,,,,,,,,
Will Sass,2026-04-24 16:44 UTC,660180,,,,,,,,,,,,,,
Wtm Solid,2026-04-24 16:44 UTC,11752,,,,,,,,,,,,,,
Yaeger,2026-04-24 16:44 UTC,317626,,,,,,,,,,,,,,
YASP,2026-04-24 16:44 UTC,25753,,,,,,,,,,,,,,
Ye,2026-04-24 16:44 UTC,19424748,,,,,,,,,,,,,,
Yonusa,2026-04-24 16:44 UTC,266441,,,,,,,,,,,,,,
YUNA,2026-04-24 16:44 UTC,1391361,,,,,,,,,,,,,,
Yuyu19,2026-04-24 16:44 UTC,1264928,,,,,,,,,,,,,,
Zycan,2026-04-24 16:44 UTC,2169512,,,,,,,,,,,,,,
drug bug,2026-04-24 16:44 UTC,50498,,,,,,,,,,,,,,
ILYAH,2026-04-24 16:44 UTC,402811,,,,,,,,,,,,,,
Los Brasileros,2026-04-24 16:44 UTC,1092088,,,,,,,,,,,,,,
am7iri,2026-04-24 16:44 UTC,874318,,,,,,,,,,,,,,
Los Buyer,2026-04-24 16:44 UTC,485507,,,,,,,,,,,,,,
Pikeras,2026-04-24 16:44 UTC,905774,,,,,,,,,,,,,,
Heitor Santos,2026-04-24 16:44 UTC,1228808,,,,,,,,,,,,,,
Melly,2026-04-24 16:44 UTC,827455,,,,,,,,,,,,,,
OT The Real,2026-04-24 16:44 UTC,157513,,,,,,,,,,,,,,
Big Papa313,2026-04-24 16:44 UTC,1388492,,,,,,,,,,,,,,
kortani,2026-04-24 16:44 UTC,323854,,,,,,,,,,,,,,
daydreamers,2026-04-24 16:44 UTC,218091,,,,,,,,,,,,,,
Amma,2026-04-24 16:44 UTC,479372,,,,,,,,,,,,,,
IngaRose,2026-04-24 16:44 UTC,1240943,,,,,,,,,,,,,,
FRIDAY*,2026-04-24 16:44 UTC,8390,,,,,,,,,,,,,,
aoif3,2026-04-24 16:44 UTC,1096,,,,,,,,,,,,,,
Uche,2026-04-24 16:44 UTC,20865,,,,,,,,,,,,,,
Maxx Moor,2026-04-24 16:44 UTC,463,,,,,,,,,,,,,,
Swethings,2026-04-24 16:44 UTC,7935,,,,,,,,,,,,,,
22xlstl,2026-04-24 16:44 UTC,152347,,,,,,,,,,,,,,
Greg Gonzales,2026-04-24 16:44 UTC,22616,,,,,,,,,,,,,,
Chase Belly,2026-04-24 16:44 UTC,873,,,,,,,,,,,,,,
Lyle George,2026-04-24 16:44 UTC,8996,,,,,,,,,,,,,,
Twoske,2026-04-24 16:44 UTC,8612,,,,,,,,,,,,,,
Marlo Rex,2026-04-24 16:44 UTC,666083,,,,,,,,,,,,,,
Fred Durst,2026-04-24 16:44 UTC,553680,,,,,,,,,,,,,,
Cobrah,2026-04-24 16:44 UTC,1560963,,,,,,,,,,,,,,
Asha Banks,2026-04-24 16:44 UTC,118470,,,,,,,,,,,,,,
Olwin,2026-04-24 16:44 UTC,287,,,,,,,,,,,,,,
Stanclickin,2026-04-24 16:44 UTC,28974,,,,,,,,,,,,,,
Ebony Riley,2026-04-24 16:44 UTC,52398,,,,,,,,,,,,,,
Knut,2026-04-24 16:44 UTC,10640,,,,,,,,,,,,,,
$t3PPA,2026-04-25 06:02 UTC,142615,,,,,,,,,,,,,,
1 Umbrella,2026-04-25 06:02 UTC,217221,,,,,,,,,,,,,,
318dman,2026-04-25 06:02 UTC,106423,,,,,,,,,,,,,,
A2ANTI,2026-04-25 06:02 UTC,1729899,,,,,,,,,,,,,,
Addison Dean,2026-04-25 06:02 UTC,6311,,,,,,,,,,,,,,
Aksomaniac,2026-04-25 06:02 UTC,1305284,,,,,,,,,,,,,,
Andre Troutman,2026-04-25 06:02 UTC,9792956,,,,,,,,,,,,,,
Angine de Poitrine,2026-04-25 06:02 UTC,2454492,,,,,,,,,,,,,,
Anik Khan,2026-04-25 06:02 UTC,162957,,,,,,,,,,,,,,
AQUAFINNA,2026-04-25 06:02 UTC,23415,,,,,,,,,,,,,,
Biggs money,2026-04-25 06:02 UTC,29253,,,,,,,,,,,,,,
Boi-1da,2026-04-25 06:02 UTC,568225,,,,,,,,,,,,,,
BossMan Pac,2026-04-25 06:02 UTC,110877,,,,,,,,,,,,,,
Brittany Aldean,2026-04-25 06:02 UTC,181901,,,,,,,,,,,,,,
Bryan Countach,2026-04-25 06:02 UTC,280701,,,,,,,,,,,,,,
Canada Soccer,2026-04-25 06:02 UTC,416569,,,,,,,,,,,,,,
Canyon,2026-04-25 06:02 UTC,42835,,,,,,,,,,,,,,
Cap1talA,2026-04-25 06:02 UTC,220498,,,,,,,,,,,,,,
Carter Faith,2026-04-25 06:02 UTC,2797533,,,,,,,,,,,,,,
Che,2026-04-25 06:02 UTC,1242101,,,,,,,,,,,,,,
Chyno Miranda,2026-04-25 06:02 UTC,1634266,,,,,,,,,,,,,,
Corridos del Rey,2026-04-25 06:02 UTC,1321954,,,,,,,,,,,,,,
Dale Move,2026-04-25 06:02 UTC,262576,,,,,,,,,,,,,,
Daniel Žižka,2026-04-25 06:02 UTC,128936,,,,,,,,,,,,,,
Dante,2026-04-25 06:02 UTC,543244,,,,,,,,,,,,,,
Dean Turnley,2026-04-25 06:02 UTC,1486326,,,,,,,,,,,,,,
Delta Ash,2026-04-25 06:02 UTC,547831,,,,,,,,,,,,,,
DETO BLACK,2026-04-25 06:02 UTC,360047,,,,,,,,,,,,,,
Devault,2026-04-25 06:02 UTC,2304020,,,,,,,,,,,,,,
Dexter and The Moonrocks,2026-04-25 06:02 UTC,5238514,,,,,,,,,,,,,,
diamond*,2026-04-25 06:02 UTC,350435,,,,,,,,,,,,,,
Diana Pilquist,2026-04-25 06:02 UTC,2228,,,,,,,,,,,,,,
DJ B7 o Piranhão,2026-04-25 06:02 UTC,1979709,,,,,,,,,,,,,,
DJ Holiday,2026-04-25 06:02 UTC,179298,,,,,,,,,,,,,,
dóttir.x,2026-04-25 06:02 UTC,67813,,,,,,,,,,,,,,
Druski,2026-04-25 06:02 UTC,1089521,,,,,,,,,,,,,,
Dubioza Kolektive,2026-04-25 06:02 UTC,580131,,,,,,,,,,,,,,
dunderjeppe,2026-04-25 06:02 UTC,33432,,,,,,,,,,,,,,
Duskydemise archive,2026-04-25 06:02 UTC,395934,,,,,,,,,,,,,,
Duygu Edis,2026-04-25 06:02 UTC,2924374,,,,,,,,,,,,,,
Dwarde,2026-04-25 06:02 UTC,17687,,,,,,,,,,,,,,
EA TJ,2026-04-25 06:02 UTC,44700,,,,,,,,,,,,,,
EL DEMOON,2026-04-25 06:02 UTC,39834,,,,,,,,,,,,,,
Emanazul,2026-04-25 06:02 UTC,439065,,,,,,,,,,,,,,
Emelie Trahan,2026-04-25 06:02 UTC,106610,,,,,,,,,,,,,,
EMJIE,2026-04-25 06:02 UTC,255403,,,,,,,,,,,,,,
ERISTHEPLANET,2026-04-25 06:02 UTC,59669,,,,,,,,,,,,,,
F3miii,2026-04-25 06:02 UTC,3401774,,,,,,,,,,,,,,
Fcukers,2026-04-25 06:02 UTC,2265110,,,,,,,,,,,,,,
FIFA Sound,2026-04-25 06:02 UTC,2689767,,,,,,,,,,,,,,
FLO,2026-04-25 06:02 UTC,3606558,,,,,,,,,,,,,,
Frost Children,2026-04-25 06:02 UTC,543306,,,,,,,,,,,,,,
frozz,2026-04-25 06:02 UTC,1029831,,,,,,,,,,,,,,
G3B,2026-04-25 06:02 UTC,130389,,,,,,,,,,,,,,
Ghetto Beisha,2026-04-25 06:02 UTC,39857,,,,,,,,,,,,,,
Ghostfacekush,2026-04-25 06:02 UTC,68219,,,,,,,,,,,,,,
Girl Scout,2026-04-25 06:02 UTC,137189,,,,,,,,,,,,,,
girl_irl,2026-04-25 06:02 UTC,154441,,,,,,,,,,,,,,
girlsweetvoiced,2026-04-25 06:02 UTC,920824,,,,,,,,,,,,,,
Glizzy Glow,2026-04-25 06:02 UTC,12206,,,,,,,,,,,,,,
gnawvs,2026-04-25 06:02 UTC,2904,,,,,,,,,,,,,,
Godtripper,2026-04-25 06:02 UTC,332926,,,,,,,,,,,,,,
Grupo Primer Grado,2026-04-25 06:02 UTC,2798503,,,,,,,,,,,,,,
H. Hawkline,2026-04-25 06:02 UTC,187893,,,,,,,,,,,,,,
Harrd Luck,2026-04-25 06:02 UTC,206887,,,,,,,,,,,,,,
HittMan,2026-04-25 06:02 UTC,27189,,,,,,,,,,,,,,
Iguana Death Cult,2026-04-25 06:02 UTC,66735,,,,,,,,,,,,,,
Indeevar,2026-04-25 06:02 UTC,3183302,,,,,,,,,,,,,,
Indigo De Souza,2026-04-25 06:02 UTC,1711570,,,,,,,,,,,,,,
Infinity Song,2026-04-25 06:02 UTC,804774,,,,,,,,,,,,,,
isa in eutopia,2026-04-25 06:02 UTC,33990,,,,,,,,,,,,,,
JADA,2026-04-25 06:02 UTC,26215,,,,,,,,,,,,,,
Jadasea,2026-04-25 06:02 UTC,180157,,,,,,,,,,,,,,
jalda,2026-04-25 06:02 UTC,47179,,,,,,,,,,,,,,
Jimmy Butler,2026-04-25 06:02 UTC,46418,,,,,,,,,,,,,,
JJerome87,2026-04-25 06:02 UTC,274715,,,,,,,,,,,,,,
Joy Rhodes,2026-04-25 06:02 UTC,546585,,,,,,,,,,,,,,
Juju,2026-04-25 06:02 UTC,2866296,,,,,,,,,,,,,,
Julia Church,2026-04-25 06:02 UTC,4041199,,,,,,,,,,,,,,
Julie Williams,2026-04-25 06:02 UTC,110551,,,,,,,,,,,,,,
JussGigi,2026-04-25 06:02 UTC,0,,,,,,,,,,,,,,
Kala,2026-04-25 06:02 UTC,0,,,,,,,,,,,,,,
Karly Bowman,2026-04-25 06:02 UTC,149584,,,,,,,,,,,,,,
Khaled,2026-04-25 06:02 UTC,2463006,,,,,,,,,,,,,,
Khan Saab,2026-04-25 06:02 UTC,12748834,,,,,,,,,,,,,,
King Kylie,2026-04-25 06:02 UTC,1798338,,,,,,,,,,,,,,
KINGH,2026-04-25 06:02 UTC,125936,,,,,,,,,,,,,,
Koilwood,2026-04-25 06:02 UTC,53110,,,,,,,,,,,,,,
KUČKA,2026-04-25 06:02 UTC,1160356,,,,,,,,,,,,,,
Kurdi Klymax,2026-04-25 06:02 UTC,17075,,,,,,,,,,,,,,
kuru,2026-04-25 06:02 UTC,231553,,,,,,,,,,,,,,
Lamb,2026-04-25 06:02 UTC,386601,,,,,,,,,,,,,,
ledysek,2026-04-25 06:02 UTC,16189,,,,,,,,,,,,,,
Lerado Khalil,2026-04-25 06:02 UTC,110464,,,,,,,,,,,,,,
Les Imprimés,2026-04-25 06:02 UTC,136937,,,,,,,,,,,,,,
Lightris,2026-04-25 06:02 UTC,803709,,,,,,,,,,,,,,
Lil B,2026-04-25 06:02 UTC,1380745,,,,,,,,,,,,,,
Lil Righteous,2026-04-25 06:02 UTC,0,,,,,,,,,,,,,,
Loui Henderson,2026-04-25 06:02 UTC,120050,,,,,,,,,,,,,,
Luke Armstrong,2026-04-25 06:02 UTC,3672,,,,,,,,,,,,,,
M4IA,2026-04-25 06:02 UTC,243533,,,,,,,,,,,,,,
MAGIC SOUND WOLF,2026-04-25 06:02 UTC,572559,,,,,,,,,,,,,,
Malcolm Todd,2026-04-25 06:02 UTC,21225727,,,,,,,,,,,,,,
Maphra,2026-04-25 06:02 UTC,1251732,,,,,,,,,,,,,,
marquitos,2026-04-25 06:02 UTC,732235,,,,,,,,,,,,,,
Maviler,2026-04-25 06:02 UTC,980107,,,,,,,,,,,,,,
Merry Lamb Lamb,2026-04-25 06:02 UTC,21680,,,,,,,,,,,,,,
Mijabella Marie,2026-04-25 06:02 UTC,25192,,,,,,,,,,,,,,
MIKE,2026-04-25 06:02 UTC,895558,,,,,,,,,,,,,,
Momo Boyd,2026-04-25 06:02 UTC,2647017,,,,,,,,,,,,,,
Mr Dutt,2026-04-25 06:02 UTC,2328778,,,,,,,,,,,,,,
Mumu Fresh,2026-04-25 06:02 UTC,50331,,,,,,,,,,,,,,
My New Band Believe,2026-04-25 06:02 UTC,225711,,,,,,,,,,,,,,
Naarly,2026-04-25 06:02 UTC,5234226,,,,,,,,,,,,,,
Naod,2026-04-25 06:02 UTC,280106,,,,,,,,,,,,,,
Nickatnite,2026-04-25 06:02 UTC,14853,,,,,,,,,,,,,,
Nine Vicious,2026-04-25 06:02 UTC,1215321,,,,,,,,,,,,,,
nocashfromparents,2026-04-25 06:02 UTC,890013,,,,,,,,,,,,,,
North West,2026-04-25 06:02 UTC,598165,,,,,,,,,,,,,,
NPD,2026-04-25 06:02 UTC,1565959,,,,,,,,,,,,,,
OK Alva,2026-04-25 06:02 UTC,7043,,,,,,,,,,,,,,
OKI,2026-04-25 06:02 UTC,2416195,,,,,,,,,,,,,,
Olga Myko,2026-04-25 06:02 UTC,2237400,,,,,,,,,,,,,,
Olof Dreijer,2026-04-25 06:02 UTC,74557,,,,,,,,,,,,,,
osa,2026-04-25 06:02 UTC,97678,,,,,,,,,,,,,,
Oxis,2026-04-25 06:02 UTC,231321,,,,,,,,,,,,,,
Pocket,2026-04-25 06:02 UTC,113534,,,,,,,,,,,,,,
Pretty Pinkk,2026-04-25 06:02 UTC,39879,,,,,,,,,,,,,,
Pz',2026-04-25 06:02 UTC,324600,,,,,,,,,,,,,,
Rian Brazil,2026-04-25 06:02 UTC,52604,,,,,,,,,,,,,,
rjtheweirdo,2026-04-25 06:02 UTC,375624,,,,,,,,,,,,,,
Rocket Reese,2026-04-25 06:02 UTC,126670,,,,,,,,,,,,,,
S1RENA,2026-04-25 06:02 UTC,212902,,,,,,,,,,,,,,
Sa!koro,2026-04-25 06:02 UTC,80759,,,,,,,,,,,,,,
Sara Landry,2026-04-25 06:02 UTC,1293595,,,,,,,,,,,,,,
Sébastien Tellier,2026-04-25 06:02 UTC,1304669,,,,,,,,,,,,,,
ShawtyRokk,2026-04-25 06:02 UTC,32343,,,,,,,,,,,,,,
shonci,2026-04-25 06:02 UTC,3848082,,,,,,,,,,,,,,
Slayr,2026-04-25 06:02 UTC,1106130,,,,,,,,,,,,,,
Slayyyter,2026-04-25 06:02 UTC,4264209,,,,,,,,,,,,,,
Slim Jxmmy,2026-04-25 06:02 UTC,37147,,,,,,,,,,,,,,
Sofiane Pamart,2026-04-25 06:02 UTC,3577629,,,,,,,,,,,,,,
Sons of Yusuf,2026-04-25 06:02 UTC,1884362,,,,,,,,,,,,,,
Southsidesilhouette,2026-04-25 06:02 UTC,164683,,,,,,,,,,,,,,
Specialist Moss,2026-04-25 06:02 UTC,558575,,,,,,,,,,,,,,
SPELLLING,2026-04-25 06:02 UTC,86810,,,,,,,,,,,,,,
Sreemani,2026-04-25 06:02 UTC,2378318,,,,,,,,,,,,,,
STELLA LEFTY,2026-04-25 06:02 UTC,5989667,,,,,,,,,,,,,,
Street Fever,2026-04-25 06:02 UTC,173492,,,,,,,,,,,,,,
Sunday Service Choir,2026-04-25 06:02 UTC,430669,,,,,,,,,,,,,,
SURF GANG,2026-04-25 06:02 UTC,756663,,,,,,,,,,,,,,
Swizz Beatz,2026-04-25 06:02 UTC,1270627,,,,,,,,,,,,,,
T.O.P,2026-04-25 06:02 UTC,1625879,,,,,,,,,,,,,,
Tabi Gervis,2026-04-25 06:02 UTC,21785,,,,,,,,,,,,,,
Temper City,2026-04-25 06:02 UTC,8179415,,,,,,,,,,,,,,
Tezzus,2026-04-25 06:02 UTC,368673,,,,,,,,,,,,,,
The Long Faces,2026-04-25 06:02 UTC,3938124,,,,,,,,,,,,,,
The Twins,2026-04-25 06:02 UTC,73289,,,,,,,,,,,,,,
THELMA,2026-04-25 06:02 UTC,40800,,,,,,,,,,,,,,
Tiffany Day,2026-04-25 06:02 UTC,1248552,,,,,,,,,,,,,,
Tom Did It,2026-04-25 06:02 UTC,1230702,,,,,,,,,,,,,,
Tom Right,2026-04-25 06:02 UTC,908502,,,,,,,,,,,,,,
TOMORA,2026-04-25 06:02 UTC,930047,,,,,,,,,,,,,,
Trim,2026-04-25 06:02 UTC,2222421,,,,,,,,,,,,,,
Tsatsamis,2026-04-25 06:02 UTC,209272,,,,,,,,,,,,,,
twentythree,2026-04-25 06:02 UTC,1363207,,,,,,,,,,,,,,
TXKUMOON,2026-04-25 06:02 UTC,856471,,,,,,,,,,,,,,
Vaibhav Gupta,2026-04-25 06:02 UTC,2523706,,,,,,,,,,,,,,
waera,2026-04-25 06:02 UTC,259179,,,,,,,,,,,,,,
Warren Roob,2026-04-25 06:02 UTC,759693,,,,,,,,,,,,,,
Welwitschia,2026-04-25 06:02 UTC,979354,,,,,,,,,,,,,,
Will Sass,2026-04-25 06:02 UTC,660180,,,,,,,,,,,,,,
Wtm Solid,2026-04-25 06:02 UTC,11752,,,,,,,,,,,,,,
Yaeger,2026-04-25 06:02 UTC,317626,,,,,,,,,,,,,,
YASP,2026-04-25 06:02 UTC,25753,,,,,,,,,,,,,,
Ye,2026-04-25 06:02 UTC,19424748,,,,,,,,,,,,,,
Yonusa,2026-04-25 06:02 UTC,266441,,,,,,,,,,,,,,
YUNA,2026-04-25 06:02 UTC,1391361,,,,,,,,,,,,,,
Yuyu19,2026-04-25 06:02 UTC,1264928,,,,,,,,,,,,,,
Zycan,2026-04-25 06:02 UTC,2169512,,,,,,,,,,,,,,
drug bug,2026-04-25 06:02 UTC,50498,,,,,,,,,,,,,,
ILYAH,2026-04-25 06:02 UTC,402811,,,,,,,,,,,,,,
Los Brasileros,2026-04-25 06:02 UTC,1092088,,,,,,,,,,,,,,
am7iri,2026-04-25 06:02 UTC,874318,,,,,,,,,,,,,,
Los Buyer,2026-04-25 06:02 UTC,485507,,,,,,,,,,,,,,
Pikeras,2026-04-25 06:02 UTC,905774,,,,,,,,,,,,,,
Heitor Santos,2026-04-25 06:02 UTC,1228808,,,,,,,,,,,,,,
Melly,2026-04-25 06:02 UTC,827455,,,,,,,,,,,,,,
OT The Real,2026-04-25 06:02 UTC,157513,,,,,,,,,,,,,,
Big Papa313,2026-04-25 06:02 UTC,1388492,,,,,,,,,,,,,,
kortani,2026-04-25 06:02 UTC,323854,,,,,,,,,,,,,,
daydreamers,2026-04-25 06:02 UTC,218091,,,,,,,,,,,,,,
Amma,2026-04-25 06:02 UTC,479372,,,,,,,,,,,,,,
IngaRose,2026-04-25 06:02 UTC,1240943,,,,,,,,,,,,,,
FRIDAY*,2026-04-25 06:02 UTC,8390,,,,,,,,,,,,,,
aoif3,2026-04-25 06:02 UTC,1096,,,,,,,,,,,,,,
Uche,2026-04-25 06:02 UTC,20865,,,,,,,,,,,,,,
Maxx Moor,2026-04-25 06:02 UTC,463,,,,,,,,,,,,,,
Swethings,2026-04-25 06:02 UTC,7935,,,,,,,,,,,,,,
22xlstl,2026-04-25 06:02 UTC,152347,,,,,,,,,,,,,,
Greg Gonzales,2026-04-25 06:02 UTC,22616,,,,,,,,,,,,,,
Lyla George,2026-04-25 06:02 UTC,8996,,,,,,,,,,,,,,
Marlo Rex,2026-04-25 06:02 UTC,666083,,,,,,,,,,,,,,
Cobrah,2026-04-25 06:02 UTC,1560963,,,,,,,,,,,,,,
Asha Banks,2026-04-25 06:02 UTC,118470,,,,,,,,,,,,,,
Stanclickin,2026-04-25 06:02 UTC,28974,,,,,,,,,,,,,,
Ebony Riley,2026-04-25 06:02 UTC,52398,,,,,,,,,,,,,,
Knut€,2026-04-25 06:02 UTC,10640,,,,,,,,,,,,,,
SALIMATA,2026-04-25 06:02 UTC,239428,,,,,,,,,,,,,,
Tracy,2026-04-25 06:02 UTC,319171,,,,,,,,,,,,,,
GENER8ION,2026-04-25 06:02 UTC,71228,,,,,,,,,,,,,,
BJOERN,2026-04-25 06:02 UTC,128327,,,,,,,,,,,,,,
Olwin,2026-04-25 06:02 UTC,287,,,,,,,,,,,,,,
Fred Durst,2026-04-25 06:02 UTC,553680,,,,,,,,,,,,,,
Twoske,2026-04-25 06:02 UTC,8612,,,,,,,,,,,,,,
Los Gofiones,2026-04-25 06:02 UTC,86743,,,,,,,,,,,,,,
Chase Belly,2026-04-25 06:02 UTC,873,,,,,,,,,,,,,,
CDB,2026-04-25 06:02 UTC,1730129,,,,,,,,,,,,,,
Cornfed Ted,2026-04-25 06:02 UTC,7357,,,,,,,,,,,,,,
Claar,2026-04-25 06:02 UTC,18084,,,,,,,,,,,,,,
KARLEE GIRL,2026-04-25 06:02 UTC,272235,,,,,,,,,,,,,,
Warhol.SS,2026-04-25 06:02 UTC,579444,,,,,,,,,,,,,,
Lola Blue,2026-04-25 06:02 UTC,114298,,,,,,,,,,,,,,
AZIEDOESNTEXIST,2026-04-25 06:02 UTC,151362,,,,,,,,,,,,,,
Eliah Sternhardt,2026-04-25 06:02 UTC,139389,,,,,,,,,,,,,,
$t3PPA,2026-04-25 22:23 UTC,145567,,,,,,,,,,,,,,
1 Umbrella,2026-04-25 22:23 UTC,220371,,,,,,,,,,,,,,
318dman,2026-04-25 22:23 UTC,113240,,,,,,,,,,,,,,
A2ANTI,2026-04-25 22:23 UTC,1611930,,,,,,,,,,,,,,
Addison Dean,2026-04-25 22:23 UTC,6438,,,,,,,,,,,,,,
Aksomaniac,2026-04-25 22:23 UTC,1372570,,,,,,,,,,,,,,
Andre Troutman,2026-04-25 22:23 UTC,9915619,,,,,,,,,,,,,,
Angine de Poitrine,2026-04-25 22:23 UTC,2430472,,,,,,,,,,,,,,
Anik Khan,2026-04-25 22:23 UTC,172261,,,,,,,,,,,,,,
AQUAFINNA,2026-04-25 22:23 UTC,23425,,,,,,,,,,,,,,
Biggs money,2026-04-25 22:23 UTC,30037,,,,,,,,,,,,,,
Boi-1da,2026-04-25 22:23 UTC,581880,,,,,,,,,,,,,,
BossMan Pac,2026-04-25 22:23 UTC,111681,,,,,,,,,,,,,,
Brittany Aldean,2026-04-25 22:23 UTC,223365,,,,,,,,,,,,,,
Bryan Countach,2026-04-25 22:23 UTC,276094,,,,,,,,,,,,,,
Canada Soccer,2026-04-25 22:23 UTC,467480,,,,,,,,,,,,,,
Canyon,2026-04-25 22:23 UTC,42104,,,,,,,,,,,,,,
Cap1talA,2026-04-25 22:23 UTC,223535,,,,,,,,,,,,,,
Carter Faith,2026-04-25 22:23 UTC,2915421,,,,,,,,,,,,,,
Che,2026-04-25 22:23 UTC,1240551,,,,,,,,,,,,,,
Chyno Miranda,2026-04-25 22:23 UTC,1702330,,,,,,,,,,,,,,
Corridos del Rey,2026-04-25 22:23 UTC,1342080,,,,,,,,,,,,,,
Dale Move,2026-04-25 22:23 UTC,234826,,,,,,,,,,,,,,
Daniel Žižka,2026-04-25 22:23 UTC,128433,,,,,,,,,,,,,,
Dante,2026-04-25 22:23 UTC,553851,,,,,,,,,,,,,,
Dean Turnley,2026-04-25 22:23 UTC,1473855,,,,,,,,,,,,,,
Delta Ash,2026-04-25 22:23 UTC,541002,,,,,,,,,,,,,,
DETO BLACK,2026-04-25 22:23 UTC,389922,,,,,,,,,,,,,,
Devault,2026-04-25 22:23 UTC,2392909,,,,,,,,,,,,,,
Dexter and The Moonrocks,2026-04-25 22:23 UTC,5387825,,,,,,,,,,,,,,
diamond*,2026-04-25 22:23 UTC,355530,,,,,,,,,,,,,,
Diana Pilquist,2026-04-25 22:23 UTC,2318,,,,,,,,,,,,,,
DJ B7 o Piranhão,2026-04-25 22:23 UTC,2070280,,,,,,,,,,,,,,
DJ Holiday,2026-04-25 22:23 UTC,183562,,,,,,,,,,,,,,
dóttir.x,2026-04-25 22:23 UTC,70292,,,,,,,,,,,,,,
Druski,2026-04-25 22:23 UTC,1128297,,,,,,,,,,,,,,
Dubioza Kolektive,2026-04-25 22:23 UTC,585981,,,,,,,,,,,,,,
dunderjeppe,2026-04-25 22:23 UTC,32821,,,,,,,,,,,,,,
Duskydemise archive,2026-04-25 22:23 UTC,401498,,,,,,,,,,,,,,
Duygu Edis,2026-04-25 22:23 UTC,2917546,,,,,,,,,,,,,,
Dwarde,2026-04-25 22:23 UTC,17953,,,,,,,,,,,,,,
EA TJ,2026-04-25 22:23 UTC,46333,,,,,,,,,,,,,,
EL DEMOON,2026-04-25 22:23 UTC,44697,,,,,,,,,,,,,,
Emanazul,2026-04-25 22:23 UTC,460372,,,,,,,,,,,,,,
Emelie Trahan,2026-04-25 22:23 UTC,107337,,,,,,,,,,,,,,
EMJIE,2026-04-25 22:23 UTC,236687,,,,,,,,,,,,,,
ERISTHEPLANET,2026-04-25 22:23 UTC,60271,,,,,,,,,,,,,,
F3miii,2026-04-25 22:23 UTC,3515765,,,,,,,,,,,,,,
Fcukers,2026-04-25 22:23 UTC,2176706,,,,,,,,,,,,,,
FIFA Sound,2026-04-25 22:23 UTC,2646710,,,,,,,,,,,,,,
FLO,2026-04-25 22:23 UTC,3571331,,,,,,,,,,,,,,
Frost Children,2026-04-25 22:23 UTC,545432,,,,,,,,,,,,,,
frozz,2026-04-25 22:23 UTC,1056789,,,,,,,,,,,,,,
G3B,2026-04-25 22:23 UTC,134499,,,,,,,,,,,,,,
Ghetto Beisha,2026-04-25 22:23 UTC,43356,,,,,,,,,,,,,,
Ghostfacekush,2026-04-25 22:23 UTC,69486,,,,,,,,,,,,,,
Girl Scout,2026-04-25 22:23 UTC,128438,,,,,,,,,,,,,,
girl_irl,2026-04-25 22:23 UTC,137483,,,,,,,,,,,,,,
girlsweetvoiced,2026-04-25 22:23 UTC,886228,,,,,,,,,,,,,,
Glizzy Glow,2026-04-25 22:23 UTC,12614,,,,,,,,,,,,,,
gnawvs,2026-04-25 22:23 UTC,2870,,,,,,,,,,,,,,
Godtripper,2026-04-25 22:23 UTC,343448,,,,,,,,,,,,,,
Grupo Primer Grado,2026-04-25 22:23 UTC,2785558,,,,,,,,,,,,,,
H. Hawkline,2026-04-25 22:23 UTC,193843,,,,,,,,,,,,,,
Harrd Luck,2026-04-25 22:23 UTC,182079,,,,,,,,,,,,,,
HittMan,2026-04-25 22:23 UTC,27779,,,,,,,,,,,,,,
Iguana Death Cult,2026-04-25 22:23 UTC,67286,,,,,,,,,,,,,,
Indeevar,2026-04-25 22:23 UTC,3292971,,,,,,,,,,,,,,
Indigo De Souza,2026-04-25 22:23 UTC,1704317,,,,,,,,,,,,,,
Infinity Song,2026-04-25 22:23 UTC,834254,,,,,,,,,,,,,,
isa in eutopia,2026-04-25 22:23 UTC,34380,,,,,,,,,,,,,,
JADA,2026-04-25 22:23 UTC,27183,,,,,,,,,,,,,,
Jadasea,2026-04-25 22:23 UTC,181435,,,,,,,,,,,,,,
jalda,2026-04-25 22:23 UTC,49699,,,,,,,,,,,,,,
Jimmy Butler,2026-04-25 22:23 UTC,49873,,,,,,,,,,,,,,
JJerome87,2026-04-25 22:23 UTC,296002,,,,,,,,,,,,,,
Joy Rhodes,2026-04-25 22:23 UTC,561030,,,,,,,,,,,,,,
Juju,2026-04-25 22:23 UTC,2933289,,,,,,,,,,,,,,
Julia Church,2026-04-25 22:23 UTC,4107205,,,,,,,,,,,,,,
Julie Williams,2026-04-25 22:23 UTC,115420,,,,,,,,,,,,,,
JussGigi,2026-04-25 22:23 UTC,0,,,,,,,,,,,,,,
Kala,2026-04-25 22:23 UTC,0,,,,,,,,,,,,,,
Karly Bowman,2026-04-25 22:23 UTC,152652,,,,,,,,,,,,,,
Khaled,2026-04-25 22:23 UTC,2423676,,,,,,,,,,,,,,
Khan Saab,2026-04-25 22:23 UTC,12654763,,,,,,,,,,,,,,
King Kylie,2026-04-25 22:23 UTC,1547752,,,,,,,,,,,,,,
KINGH,2026-04-25 22:23 UTC,125024,,,,,,,,,,,,,,
Koilwood,2026-04-25 22:23 UTC,54480,,,,,,,,,,,,,,
KUČKA,2026-04-25 22:23 UTC,1178566,,,,,,,,,,,,,,
Kurdi Klymax,2026-04-25 22:23 UTC,17417,,,,,,,,,,,,,,
kuru,2026-04-25 22:23 UTC,234031,,,,,,,,,,,,,,
Lamb,2026-04-25 22:23 UTC,311346,,,,,,,,,,,,,,
ledysek,2026-04-25 22:23 UTC,16195,,,,,,,,,,,,,,
Lerado Khalil,2026-04-25 22:23 UTC,112562,,,,,,,,,,,,,,
Les Imprimés,2026-04-25 22:23 UTC,137375,,,,,,,,,,,,,,
Lightris,2026-04-25 22:23 UTC,805035,,,,,,,,,,,,,,
Lil B,2026-04-25 22:23 UTC,1441677,,,,,,,,,,,,,,
Lil Righteous,2026-04-25 22:23 UTC,0,,,,,,,,,,,,,,
Loui Henderson,2026-04-25 22:23 UTC,129529,,,,,,,,,,,,,,
Luke Armstrong,2026-04-25 22:23 UTC,4210,,,,,,,,,,,,,,
M4IA,2026-04-25 22:23 UTC,240003,,,,,,,,,,,,,,
MAGIC SOUND WOLF,2026-04-25 22:23 UTC,582999,,,,,,,,,,,,,,
Malcolm Todd,2026-04-25 22:23 UTC,21695161,,,,,,,,,,,,,,
Maphra,2026-04-25 22:23 UTC,1167979,,,,,,,,,,,,,,
marquitos,2026-04-25 22:23 UTC,706866,,,,,,,,,,,,,,
Maviler,2026-04-25 22:23 UTC,946060,,,,,,,,,,,,,,
Merry Lamb Lamb,2026-04-25 22:23 UTC,22233,,,,,,,,,,,,,,
Mijabella Marie,2026-04-25 22:23 UTC,25843,,,,,,,,,,,,,,
MIKE,2026-04-25 22:23 UTC,867809,,,,,,,,,,,,,,
Momo Boyd,2026-04-25 22:23 UTC,2643881,,,,,,,,,,,,,,
Mr Dutt,2026-04-25 22:23 UTC,2327881,,,,,,,,,,,,,,
Mumu Fresh,2026-04-25 22:23 UTC,52180,,,,,,,,,,,,,,
My New Band Believe,2026-04-25 22:23 UTC,227339,,,,,,,,,,,,,,
Naarly,2026-04-25 22:23 UTC,5261428,,,,,,,,,,,,,,
Naod,2026-04-25 22:23 UTC,286228,,,,,,,,,,,,,,
Nickatnite,2026-04-25 22:23 UTC,15025,,,,,,,,,,,,,,
Nine Vicious,2026-04-25 22:23 UTC,1217916,,,,,,,,,,,,,,
nocashfromparents,2026-04-25 22:23 UTC,943914,,,,,,,,,,,,,,
North West,2026-04-25 22:23 UTC,595704,,,,,,,,,,,,,,
NPD,2026-04-25 22:23 UTC,1570883,,,,,,,,,,,,,,
OK Alva,2026-04-25 22:23 UTC,10438,,,,,,,,,,,,,,
OKI,2026-04-25 22:23 UTC,2426116,,,,,,,,,,,,,,
Olga Myko,2026-04-25 22:23 UTC,2221865,,,,,,,,,,,,,,
Olof Dreijer,2026-04-25 22:23 UTC,75153,,,,,,,,,,,,,,
osa,2026-04-25 22:23 UTC,101318,,,,,,,,,,,,,,
Oxis,2026-04-25 22:23 UTC,235023,,,,,,,,,,,,,,
Pocket,2026-04-25 22:23 UTC,117182,,,,,,,,,,,,,,
Pretty Pinkk,2026-04-25 22:23 UTC,43373,,,,,,,,,,,,,,
Pz',2026-04-25 22:23 UTC,326184,,,,,,,,,,,,,,
Rian Brazil,2026-04-25 22:23 UTC,53387,,,,,,,,,,,,,,
rjtheweirdo,2026-04-25 22:23 UTC,391902,,,,,,,,,,,,,,
Rocket Reese,2026-04-25 22:23 UTC,126731,,,,,,,,,,,,,,
S1RENA,2026-04-25 22:23 UTC,214280,,,,,,,,,,,,,,
Sa!koro,2026-04-25 22:23 UTC,81078,,,,,,,,,,,,,,
Sara Landry,2026-04-25 22:23 UTC,1295666,,,,,,,,,,,,,,
Sébastien Tellier,2026-04-25 22:23 UTC,1348895,,,,,,,,,,,,,,
ShawtyRokk,2026-04-25 22:23 UTC,32904,,,,,,,,,,,,,,
shonci,2026-04-25 22:23 UTC,3934124,,,,,,,,,,,,,,
Slayr,2026-04-25 22:23 UTC,1099608,,,,,,,,,,,,,,
Slayyyter,2026-04-25 22:23 UTC,4272216,,,,,,,,,,,,,,
Slim Jxmmy,2026-04-25 22:23 UTC,37142,,,,,,,,,,,,,,
Sofiane Pamart,2026-04-25 22:23 UTC,3722566,,,,,,,,,,,,,,
Sons of Yusuf,2026-04-25 22:23 UTC,1845852,,,,,,,,,,,,,,
Southsidesilhouette,2026-04-25 22:23 UTC,166106,,,,,,,,,,,,,,
Specialist Moss,2026-04-25 22:23 UTC,571936,,,,,,,,,,,,,,
SPELLLING,2026-04-25 22:23 UTC,90267,,,,,,,,,,,,,,
Sreemani,2026-04-25 22:23 UTC,2429800,,,,,,,,,,,,,,
STELLA LEFTY,2026-04-25 22:23 UTC,6260552,,,,,,,,,,,,,,
Street Fever,2026-04-25 22:23 UTC,176921,,,,,,,,,,,,,,
Sunday Service Choir,2026-04-25 22:23 UTC,430747,,,,,,,,,,,,,,
SURF GANG,2026-04-25 22:23 UTC,734381,,,,,,,,,,,,,,
Swizz Beatz,2026-04-25 22:23 UTC,1144323,,,,,,,,,,,,,,
T.O.P,2026-04-25 22:23 UTC,1664233,,,,,,,,,,,,,,
Tabi Gervis,2026-04-25 22:23 UTC,21795,,,,,,,,,,,,,,
Temper City,2026-04-25 22:23 UTC,8381637,,,,,,,,,,,,,,
Tezzus,2026-04-25 22:23 UTC,380453,,,,,,,,,,,,,,
The Long Faces,2026-04-25 22:23 UTC,4027461,,,,,,,,,,,,,,
The Twins,2026-04-25 22:23 UTC,73384,,,,,,,,,,,,,,
THELMA,2026-04-25 22:23 UTC,42706,,,,,,,,,,,,,,
Tiffany Day,2026-04-25 22:23 UTC,1254352,,,,,,,,,,,,,,
Tom Did It,2026-04-25 22:23 UTC,1221631,,,,,,,,,,,,,,
Tom Right,2026-04-25 22:23 UTC,893728,,,,,,,,,,,,,,
TOMORA,2026-04-25 22:23 UTC,930471,,,,,,,,,,,,,,
Trim,2026-04-25 22:23 UTC,2272740,,,,,,,,,,,,,,
Tsatsamis,2026-04-25 22:23 UTC,224215,,,,,,,,,,,,,,
twentythree,2026-04-25 22:23 UTC,1359263,,,,,,,,,,,,,,
TXKUMOON,2026-04-25 22:23 UTC,877358,,,,,,,,,,,,,,
Vaibhav Gupta,2026-04-25 22:23 UTC,2471377,,,,,,,,,,,,,,
waera,2026-04-25 22:23 UTC,255958,,,,,,,,,,,,,,
Warren Roob,2026-04-25 22:23 UTC,729583,,,,,,,,,,,,,,
Welwitschia,2026-04-25 22:23 UTC,1007484,,,,,,,,,,,,,,
Will Sass,2026-04-25 22:23 UTC,643738,,,,,,,,,,,,,,
Wtm Solid,2026-04-25 22:23 UTC,11846,,,,,,,,,,,,,,
Yaeger,2026-04-25 22:23 UTC,325219,,,,,,,,,,,,,,
YASP,2026-04-25 22:23 UTC,26606,,,,,,,,,,,,,,
Ye,2026-04-25 22:23 UTC,19575128,,,,,,,,,,,,,,
Yonusa,2026-04-25 22:23 UTC,251012,,,,,,,,,,,,,,
YUNA,2026-04-25 22:23 UTC,1381181,,,,,,,,,,,,,,
Yuyu19,2026-04-25 22:23 UTC,1267692,,,,,,,,,,,,,,
Zycan,2026-04-25 22:23 UTC,2152564,,,,,,,,,,,,,,
drug bug,2026-04-25 22:23 UTC,51544,,,,,,,,,,,,,,
ILYAH,2026-04-25 22:23 UTC,476034,,,,,,,,,,,,,,
Los Brasileros,2026-04-25 22:23 UTC,1160097,,,,,,,,,,,,,,
am7iri,2026-04-25 22:23 UTC,933614,,,,,,,,,,,,,,
Los Buyer,2026-04-25 22:23 UTC,543533,,,,,,,,,,,,,,
Pikeras,2026-04-25 22:23 UTC,965069,,,,,,,,,,,,,,
Heitor Santos,2026-04-25 22:23 UTC,1307794,,,,,,,,,,,,,,
Melly,2026-04-25 22:23 UTC,848298,,,,,,,,,,,,,,
OT The Real,2026-04-25 22:23 UTC,180586,,,,,,,,,,,,,,
Big Papa313,2026-04-25 22:23 UTC,1452240,,,,,,,,,,,,,,
kortani,2026-04-25 22:23 UTC,342508,,,,,,,,,,,,,,
daydreamers,2026-04-25 22:23 UTC,227882,,,,,,,,,,,,,,
Amma,2026-04-25 22:23 UTC,591391,,,,,,,,,,,,,,
IngaRose,2026-04-25 22:23 UTC,1311430,,,,,,,,,,,,,,
FRIDAY*,2026-04-25 22:23 UTC,8398,,,,,,,,,,,,,,
aoif3,2026-04-25 22:23 UTC,1086,,,,,,,,,,,,,,
Uche,2026-04-25 22:23 UTC,22964,,,,,,,,,,,,,,
Maxx Moor,2026-04-25 22:23 UTC,474,,,,,,,,,,,,,,
Swethings,2026-04-25 22:23 UTC,10397,,,,,,,,,,,,,,
22xlstl,2026-04-25 22:23 UTC,169112,,,,,,,,,,,,,,
Greg Gonzales,2026-04-25 22:23 UTC,699276,,,,,,,,,,,,,,
Lyla George,2026-04-25 22:23 UTC,44240,,,,,,,,,,,,,,
Marlo Rex,2026-04-25 22:23 UTC,887056,,,,,,,,,,,,,,
Cobrah,2026-04-25 22:23 UTC,1887261,,,,,,,,,,,,,,
Asha Banks,2026-04-25 22:23 UTC,162783,,,,,,,,,,,,,,
Stanclickin,2026-04-25 22:23 UTC,29174,,,,,,,,,,,,,,
Ebony Riley,2026-04-25 22:23 UTC,67202,,,,,,,,,,,,,,
Knut€,2026-04-25 22:23 UTC,16915,,,,,,,,,,,,,,
SALIMATA,2026-04-25 22:23 UTC,266669,,,,,,,,,,,,,,
Tracy,2026-04-25 22:23 UTC,335536,,,,,,,,,,,,,,
GENER8ION,2026-04-25 22:23 UTC,145261,,,,,,,,,,,,,,
BJOERN,2026-04-25 22:23 UTC,206977,,,,,,,,,,,,,,
Olwin,2026-04-25 22:23 UTC,11450,,,,,,,,,,,,,,
Fred Durst,2026-04-25 22:23 UTC,872994,,,,,,,,,,,,,,
Twoske,2026-04-25 22:23 UTC,24335,,,,,,,,,,,,,,
Los Gofiones,2026-04-25 22:23 UTC,350026,,,,,,,,,,,,,,
Chase Belly,2026-04-25 22:23 UTC,107931,,,,,,,,,,,,,,
CDB,2026-04-25 22:23 UTC,1881226,,,,,,,,,,,,,,
Cornfed Ted,2026-04-25 22:23 UTC,8226,,,,,,,,,,,,,,
Claar,2026-04-25 22:23 UTC,18737,,,,,,,,,,,,,,
KARLEE GIRL,2026-04-25 22:23 UTC,301744,,,,,,,,,,,,,,
Warhol.SS,2026-04-25 22:23 UTC,582605,,,,,,,,,,,,,,
Lola Blue,2026-04-25 22:23 UTC,113814,,,,,,,,,,,,,,
AZIEDOESNTEXIST,2026-04-25 22:23 UTC,178539,,,,,,,,,,,,,,
Eliah Sternhardt,2026-04-25 22:23 UTC,151219,,,,,,,,,,,,,,
$t3PPA,2026-04-28 22:45 UTC,145832,,,,,,,,,,,,,,
1 Umbrella,2026-04-28 22:45 UTC,224284,,,,,,,,,,,,,,
318dman,2026-04-28 22:45 UTC,131146,,,,,,,,,,,,,,
A2ANTI,2026-04-28 22:45 UTC,1470304,,,,,,,,,,,,,,
Addison Dean,2026-04-28 22:45 UTC,6817,,,,,,,,,,,,,,
Aksomaniac,2026-04-28 22:45 UTC,1568924,,,,,,,,,,,,,,
Andre Troutman,2026-04-28 22:45 UTC,8862004,,,,,,,,,,,,,,
Angine de Poitrine,2026-04-28 22:45 UTC,2471888,,,,,,,,,,,,,,
Anik Khan,2026-04-28 22:45 UTC,181246,,,,,,,,,,,,,,
AQUAFINNA,2026-04-28 22:45 UTC,23995,,,,,,,,,,,,,,
Biggs money,2026-04-28 22:45 UTC,31909,,,,,,,,,,,,,,
Boi-1da,2026-04-28 22:45 UTC,608184,,,,,,,,,,,,,,
BossMan Pac,2026-04-28 22:45 UTC,117709,,,,,,,,,,,,,,
Brittany Aldean,2026-04-28 22:45 UTC,264647,,,,,,,,,,,,,,
Bryan Countach,2026-04-28 22:45 UTC,262008,,,,,,,,,,,,,,
Canada Soccer,2026-04-28 22:45 UTC,531568,,,,,,,,,,,,,,
Canyon,2026-04-28 22:45 UTC,40378,,,,,,,,,,,,,,
Cap1talA,2026-04-28 22:45 UTC,233337,,,,,,,,,,,,,,
Carter Faith,2026-04-28 22:45 UTC,3159399,,,,,,,,,,,,,,
Che,2026-04-28 22:45 UTC,1235877,,,,,,,,,,,,,,
Chyno Miranda,2026-04-28 22:45 UTC,1850325,,,,,,,,,,,,,,
Corridos del Rey,2026-04-28 22:45 UTC,1387020,,,,,,,,,,,,,,
Dale Move,2026-04-28 22:45 UTC,219682,,,,,,,,,,,,,,
Daniel Žižka,2026-04-28 22:45 UTC,128637,,,,,,,,,,,,,,
Dante,2026-04-28 22:45 UTC,573581,,,,,,,,,,,,,,
Dean Turnley,2026-04-28 22:45 UTC,1489846,,,,,,,,,,,,,,
Delta Ash,2026-04-28 22:45 UTC,526541,,,,,,,,,,,,,,
DETO BLACK,2026-04-28 22:45 UTC,444951,,,,,,,,,,,,,,
Devault,2026-04-28 22:45 UTC,2537744,,,,,,,,,,,,,,
Dexter and The Moonrocks,2026-04-28 22:45 UTC,5852103,,,,,,,,,,,,,,
diamond*,2026-04-28 22:45 UTC,362759,,,,,,,,,,,,,,
Diana Pilquist,2026-04-28 22:45 UTC,2621,,,,,,,,,,,,,,
DJ B7 o Piranhão,2026-04-28 22:45 UTC,2325016,,,,,,,,,,,,,,
DJ Holiday,2026-04-28 22:45 UTC,189279,,,,,,,,,,,,,,
dóttir.x,2026-04-28 22:45 UTC,72505,,,,,,,,,,,,,,
Druski,2026-04-28 22:45 UTC,1213567,,,,,,,,,,,,,,
Dubioza Kolektive,2026-04-28 22:45 UTC,601239,,,,,,,,,,,,,,
dunderjeppe,2026-04-28 22:45 UTC,31127,,,,,,,,,,,,,,
Duskydemise archive,2026-04-28 22:45 UTC,405702,,,,,,,,,,,,,,
Duygu Edis,2026-04-28 22:45 UTC,2818862,,,,,,,,,,,,,,
Dwarde,2026-04-28 22:45 UTC,18290,,,,,,,,,,,,,,
EA TJ,2026-04-28 22:45 UTC,49181,,,,,,,,,,,,,,
EL DEMOON,2026-04-28 22:45 UTC,55258,,,,,,,,,,,,,,
Emanazul,2026-04-28 22:45 UTC,504832,,,,,,,,,,,,,,
Emelie Trahan,2026-04-28 22:45 UTC,108566,,,,,,,,,,,,,,
EMJIE,2026-04-28 22:45 UTC,227189,,,,,,,,,,,,,,
ERISTHEPLANET,2026-04-28 22:45 UTC,61953,,,,,,,,,,,,,,
F3miii,2026-04-28 22:45 UTC,3826326,,,,,,,,,,,,,,
Fcukers,2026-04-28 22:45 UTC,2137150,,,,,,,,,,,,,,
FIFA Sound,2026-04-28 22:45 UTC,2537613,,,,,,,,,,,,,,
FLO,2026-04-28 22:45 UTC,3510843,,,,,,,,,,,,,,
Frost Children,2026-04-28 22:45 UTC,551156,,,,,,,,,,,,,,
frozz,2026-04-28 22:45 UTC,1051323,,,,,,,,,,,,,,
G3B,2026-04-28 22:45 UTC,141975,,,,,,,,,,,,,,
Ghetto Beisha,2026-04-28 22:45 UTC,48922,,,,,,,,,,,,,,
Ghostfacekush,2026-04-28 22:45 UTC,72770,,,,,,,,,,,,,,
Girl Scout,2026-04-28 22:45 UTC,119639,,,,,,,,,,,,,,
girl_irl,2026-04-28 22:45 UTC,122163,,,,,,,,,,,,,,
girlsweetvoiced,2026-04-28 22:45 UTC,853236,,,,,,,,,,,,,,
Glizzy Glow,2026-04-28 22:45 UTC,13324,,,,,,,,,,,,,,
gnawvs,2026-04-28 22:45 UTC,3003,,,,,,,,,,,,,,
Godtripper,2026-04-28 22:45 UTC,364422,,,,,,,,,,,,,,
Grupo Primer Grado,2026-04-28 22:45 UTC,2710317,,,,,,,,,,,,,,
H. Hawkline,2026-04-28 22:45 UTC,202909,,,,,,,,,,,,,,
Harrd Luck,2026-04-28 22:45 UTC,144890,,,,,,,,,,,,,,
HittMan,2026-04-28 22:45 UTC,29023,,,,,,,,,,,,,,
Iguana Death Cult,2026-04-28 22:45 UTC,69165,,,,,,,,,,,,,,
Indeevar,2026-04-28 22:45 UTC,3511114,,,,,,,,,,,,,,
Indigo De Souza,2026-04-28 22:45 UTC,1712484,,,,,,,,,,,,,,
Infinity Song,2026-04-28 22:45 UTC,879247,,,,,,,,,,,,,,
isa in eutopia,2026-04-28 22:45 UTC,36029,,,,,,,,,,,,,,
JADA,2026-04-28 22:45 UTC,30126,,,,,,,,,,,,,,
Jadasea,2026-04-28 22:45 UTC,184318,,,,,,,,,,,,,,
jalda,2026-04-28 22:45 UTC,54666,,,,,,,,,,,,,,
Jimmy Butler,2026-04-28 22:45 UTC,58516,,,,,,,,,,,,,,
JJerome87,2026-04-28 22:45 UTC,331077,,,,,,,,,,,,,,
Joy Rhodes,2026-04-28 22:45 UTC,627311,,,,,,,,,,,,,,
Juju,2026-04-28 22:45 UTC,3005774,,,,,,,,,,,,,,
Julia Church,2026-04-28 22:45 UTC,4208343,,,,,,,,,,,,,,
Julie Williams,2026-04-28 22:45 UTC,123859,,,,,,,,,,,,,,
JussGigi,2026-04-28 22:45 UTC,0,,,,,,,,,,,,,,
Kala,2026-04-28 22:45 UTC,0,,,,,,,,,,,,,,
Karly Bowman,2026-04-28 22:45 UTC,160015,,,,,,,,,,,,,,
Khaled,2026-04-28 22:45 UTC,2315827,,,,,,,,,,,,,,
Khan Saab,2026-04-28 22:45 UTC,12354340,,,,,,,,,,,,,,
King Kylie,2026-04-28 22:45 UTC,1278050,,,,,,,,,,,,,,
KINGH,2026-04-28 22:45 UTC,124357,,,,,,,,,,,,,,
Koilwood,2026-04-28 22:45 UTC,57135,,,,,,,,,,,,,,
KUČKA,2026-04-28 22:45 UTC,1220126,,,,,,,,,,,,,,
Kurdi Klymax,2026-04-28 22:45 UTC,19323,,,,,,,,,,,,,,
kuru,2026-04-28 22:45 UTC,240131,,,,,,,,,,,,,,
Lamb,2026-04-28 22:45 UTC,266259,,,,,,,,,,,,,,
ledysek,2026-04-28 22:45 UTC,16114,,,,,,,,,,,,,,
Lerado Khalil,2026-04-28 22:45 UTC,115744,,,,,,,,,,,,,,
Les Imprimés,2026-04-28 22:45 UTC,137933,,,,,,,,,,,,,,
Lightris,2026-04-28 22:45 UTC,779444,,,,,,,,,,,,,,
Lil B,2026-04-28 22:45 UTC,1589367,,,,,,,,,,,,,,
Lil Righteous,2026-04-28 22:45 UTC,0,,,,,,,,,,,,,,
Loui Henderson,2026-04-28 22:45 UTC,146148,,,,,,,,,,,,,,
Luke Armstrong,2026-04-28 22:45 UTC,5330,,,,,,,,,,,,,,
M4IA,2026-04-28 22:45 UTC,222186,,,,,,,,,,,,,,
MAGIC SOUND WOLF,2026-04-28 22:45 UTC,608518,,,,,,,,,,,,,,
Malcolm Todd,2026-04-28 22:45 UTC,22448770,,,,,,,,,,,,,,
Maphra,2026-04-28 22:45 UTC,1163619,,,,,,,,,,,,,,
marquitos,2026-04-28 22:45 UTC,637781,,,,,,,,,,,,,,
Maviler,2026-04-28 22:45 UTC,862143,,,,,,,,,,,,,,
Merry Lamb Lamb,2026-04-28 22:45 UTC,22892,,,,,,,,,,,,,,
Mijabella Marie,2026-04-28 22:45 UTC,24837,,,,,,,,,,,,,,
MIKE,2026-04-28 22:45 UTC,838277,,,,,,,,,,,,,,
Momo Boyd,2026-04-28 22:45 UTC,2613472,,,,,,,,,,,,,,
Mr Dutt,2026-04-28 22:45 UTC,2315604,,,,,,,,,,,,,,
Mumu Fresh,2026-04-28 22:45 UTC,54892,,,,,,,,,,,,,,
My New Band Believe,2026-04-28 22:45 UTC,233305,,,,,,,,,,,,,,
Naarly,2026-04-28 22:45 UTC,5300964,,,,,,,,,,,,,,
Naod,2026-04-28 22:45 UTC,295659,,,,,,,,,,,,,,
Nickatnite,2026-04-28 22:45 UTC,15108,,,,,,,,,,,,,,
Nine Vicious,2026-04-28 22:45 UTC,1317951,,,,,,,,,,,,,,
nocashfromparents,2026-04-28 22:45 UTC,990876,,,,,,,,,,,,,,
North West,2026-04-28 22:45 UTC,586311,,,,,,,,,,,,,,
NPD,2026-04-28 22:45 UTC,1582276,,,,,,,,,,,,,,
OK Alva,2026-04-28 22:45 UTC,18809,,,,,,,,,,,,,,
OKI,2026-04-28 22:45 UTC,2455494,,,,,,,,,,,,,,
Olga Myko,2026-04-28 22:45 UTC,2200772,,,,,,,,,,,,,,
Olof Dreijer,2026-04-28 22:45 UTC,75894,,,,,,,,,,,,,,
osa,2026-04-28 22:45 UTC,110116,,,,,,,,,,,,,,
Oxis,2026-04-28 22:45 UTC,243079,,,,,,,,,,,,,,
Pocket,2026-04-28 22:45 UTC,123577,,,,,,,,,,,,,,
Pretty Pinkk,2026-04-28 22:45 UTC,48935,,,,,,,,,,,,,,
Pz',2026-04-28 22:45 UTC,329056,,,,,,,,,,,,,,
Rian Brazil,2026-04-28 22:45 UTC,55567,,,,,,,,,,,,,,
rjtheweirdo,2026-04-28 22:45 UTC,421957,,,,,,,,,,,,,,
Rocket Reese,2026-04-28 22:45 UTC,130676,,,,,,,,,,,,,,
S1RENA,2026-04-28 22:45 UTC,216936,,,,,,,,,,,,,,
Sa!koro,2026-04-28 22:45 UTC,83189,,,,,,,,,,,,,,
Sara Landry,2026-04-28 22:45 UTC,1292591,,,,,,,,,,,,,,
Sébastien Tellier,2026-04-28 22:45 UTC,1417881,,,,,,,,,,,,,,
ShawtyRokk,2026-04-28 22:45 UTC,34038,,,,,,,,,,,,,,
shonci,2026-04-28 22:45 UTC,4181733,,,,,,,,,,,,,,
Slayr,2026-04-28 22:45 UTC,1083655,,,,,,,,,,,,,,
Slayyyter,2026-04-28 22:45 UTC,4352130,,,,,,,,,,,,,,
Slim Jxmmy,2026-04-28 22:45 UTC,37371,,,,,,,,,,,,,,
Sofiane Pamart,2026-04-28 22:45 UTC,3950974,,,,,,,,,,,,,,
Sons of Yusuf,2026-04-28 22:45 UTC,1739564,,,,,,,,,,,,,,
Southsidesilhouette,2026-04-28 22:45 UTC,167829,,,,,,,,,,,,,,
Specialist Moss,2026-04-28 22:45 UTC,590961,,,,,,,,,,,,,,
SPELLLING,2026-04-28 22:45 UTC,93585,,,,,,,,,,,,,,
Sreemani,2026-04-28 22:45 UTC,2572201,,,,,,,,,,,,,,
STELLA LEFTY,2026-04-28 22:45 UTC,6867747,,,,,,,,,,,,,,
Street Fever,2026-04-28 22:45 UTC,181861,,,,,,,,,,,,,,
Sunday Service Choir,2026-04-28 22:45 UTC,429535,,,,,,,,,,,,,,
SURF GANG,2026-04-28 22:45 UTC,713470,,,,,,,,,,,,,,
Swizz Beatz,2026-04-28 22:45 UTC,1025554,,,,,,,,,,,,,,
T.O.P,2026-04-28 22:45 UTC,1764771,,,,,,,,,,,,,,
Tabi Gervis,2026-04-28 22:45 UTC,21102,,,,,,,,,,,,,,
Temper City,2026-04-28 22:45 UTC,8914007,,,,,,,,,,,,,,
Tezzus,2026-04-28 22:45 UTC,397080,,,,,,,,,,,,,,
The Long Faces,2026-04-28 22:45 UTC,4251196,,,,,,,,,,,,,,
The Twins,2026-04-28 22:45 UTC,72503,,,,,,,,,,,,,,
THELMA,2026-04-28 22:45 UTC,46302,,,,,,,,,,,,,,
Tiffany Day,2026-04-28 22:45 UTC,1273134,,,,,,,,,,,,,,
Tom Did It,2026-04-28 22:45 UTC,1189929,,,,,,,,,,,,,,
Tom Right,2026-04-28 22:45 UTC,885072,,,,,,,,,,,,,,
TOMORA,2026-04-28 22:45 UTC,941914,,,,,,,,,,,,,,
Trim,2026-04-28 22:45 UTC,2348731,,,,,,,,,,,,,,
Tsatsamis,2026-04-28 22:45 UTC,239459,,,,,,,,,,,,,,
twentythree,2026-04-28 22:45 UTC,1344968,,,,,,,,,,,,,,
TXKUMOON,2026-04-28 22:45 UTC,932146,,,,,,,,,,,,,,
Vaibhav Gupta,2026-04-28 22:45 UTC,2320482,,,,,,,,,,,,,,
waera,2026-04-28 22:45 UTC,245551,,,,,,,,,,,,,,
Warren Roob,2026-04-28 22:45 UTC,653170,,,,,,,,,,,,,,
Welwitschia,2026-04-28 22:45 UTC,1006818,,,,,,,,,,,,,,
Will Sass,2026-04-28 22:45 UTC,618115,,,,,,,,,,,,,,
Wtm Solid,2026-04-28 22:45 UTC,11993,,,,,,,,,,,,,,
Yaeger,2026-04-28 22:45 UTC,333237,,,,,,,,,,,,,,
YASP,2026-04-28 22:45 UTC,28285,,,,,,,,,,,,,,
Ye,2026-04-28 22:45 UTC,18238808,,,,,,,,,,,,,,
Yonusa,2026-04-28 22:45 UTC,215566,,,,,,,,,,,,,,
YUNA,2026-04-28 22:45 UTC,1355153,,,,,,,,,,,,,,
Yuyu19,2026-04-28 22:45 UTC,1296926,,,,,,,,,,,,,,
Zycan,2026-04-28 22:45 UTC,2091036,,,,,,,,,,,,,,
drug bug,2026-04-28 22:45 UTC,54047,,,,,,,,,,,,,,
ILYAH,2026-04-28 22:45 UTC,553817,,,,,,,,,,,,,,
Los Brasileros,2026-04-28 22:45 UTC,1314891,,,,,,,,,,,,,,
am7iri,2026-04-28 22:45 UTC,1098261,,,,,,,,,,,,,,
Los Buyer,2026-04-28 22:45 UTC,686829,,,,,,,,,,,,,,
Pikeras,2026-04-28 22:45 UTC,1107281,,,,,,,,,,,,,,
Heitor Santos,2026-04-28 22:45 UTC,1561825,,,,,,,,,,,,,,
Melly,2026-04-28 22:45 UTC,884370,,,,,,,,,,,,,,
OT The Real,2026-04-28 22:45 UTC,201843,,,,,,,,,,,,,,
Big Papa313,2026-04-28 22:45 UTC,1576510,,,,,,,,,,,,,,
kortani,2026-04-28 22:45 UTC,370508,,,,,,,,,,,,,,
daydreamers,2026-04-28 22:45 UTC,243487,,,,,,,,,,,,,,
Amma,2026-04-28 22:45 UTC,797442,,,,,,,,,,,,,,
IngaRose,2026-04-28 22:45 UTC,1454824,,,,,,,,,,,,,,
FRIDAY*,2026-04-28 22:45 UTC,8542,,,,,,,,,,,,,,
aoif3,2026-04-28 22:45 UTC,1057,,,,,,,,,,,,,,
Uche,2026-04-28 22:45 UTC,22843,,,,,,,,,,,,,,
Maxx Moor,2026-04-28 22:45 UTC,471,,,,,,,,,,,,,,
Swethings,2026-04-28 22:45 UTC,19537,,,,,,,,,,,,,,
22xlstl,2026-04-28 22:45 UTC,206006,,,,,,,,,,,,,,
Greg Gonzales,2026-04-28 22:45 UTC,1353572,,,,,,,,,,,,,,
Lyla George,2026-04-28 22:45 UTC,104012,,,,,,,,,,,,,,
Marlo Rex,2026-04-28 22:45 UTC,1054903,,,,,,,,,,,,,,
Cobrah,2026-04-28 22:45 UTC,2095197,,,,,,,,,,,,,,
Asha Banks,2026-04-28 22:45 UTC,212398,,,,,,,,,,,,,,
Stanclickin,2026-04-28 22:45 UTC,28983,,,,,,,,,,,,,,
Ebony Riley,2026-04-28 22:45 UTC,88609,,,,,,,,,,,,,,
Knut€,2026-04-28 22:45 UTC,20223,,,,,,,,,,,,,,
SALIMATA,2026-04-28 22:45 UTC,317217,,,,,,,,,,,,,,
Tracy,2026-04-28 22:45 UTC,368565,,,,,,,,,,,,,,
GENER8ION,2026-04-28 22:45 UTC,342155,,,,,,,,,,,,,,
BJOERN,2026-04-28 22:45 UTC,290865,,,,,,,,,,,,,,
Olwin,2026-04-28 22:45 UTC,21182,,,,,,,,,,,,,,
Fred Durst,2026-04-28 22:45 UTC,1186606,,,,,,,,,,,,,,
Twoske,2026-04-28 22:45 UTC,39541,,,,,,,,,,,,,,
Los Gofiones,2026-04-28 22:45 UTC,627406,,,,,,,,,,,,,,
Chase Belly,2026-04-28 22:45 UTC,192878,,,,,,,,,,,,,,
CDB,2026-04-28 22:45 UTC,2315378,,,,,,,,,,,,,,
Cornfed Ted,2026-04-28 22:45 UTC,11313,,,,,,,,,,,,,,
Claar,2026-04-28 22:45 UTC,20812,,,,,,,,,,,,,,
KARLEE GIRL,2026-04-28 22:45 UTC,386093,,,,,,,,,,,,,,
Warhol.SS,2026-04-28 22:45 UTC,582882,,,,,,,,,,,,,,
Lola Blue,2026-04-28 22:45 UTC,114571,,,,,,,,,,,,,,
AZIEDOESNTEXIST,2026-04-28 22:45 UTC,262096,,,,,,,,,,,,,,
Eliah Sternhardt,2026-04-28 22:45 UTC,175218,,,,,,,,,,,,,,
$t3PPA,2026-04-30 22:39 UTC,143162,,,,,,,,,,,,,,
1 Umbrella,2026-04-30 22:39 UTC,226317,,,,,,,,,,,,,,
318dman,2026-04-30 22:39 UTC,141014,,,,,,,,,,,,,,
A2ANTI,2026-04-30 22:39 UTC,1364135,,,,,,,,,,,,,,
Addison Dean,2026-04-30 22:39 UTC,7189,,,,,,,,,,,,,,
Aksomaniac,2026-04-30 22:39 UTC,1680757,,,,,,,,,,,,,,
Andre Troutman,2026-04-30 22:39 UTC,8233801,,,,,,,,,,,,,,
Angine de Poitrine,2026-04-30 22:39 UTC,2477338,,,,,,,,,,,,,,
Anik Khan,2026-04-30 22:39 UTC,187104,,,,,,,,,,,,,,
AQUAFINNA,2026-04-30 22:39 UTC,24155,,,,,,,,,,,,,,
Biggs money,2026-04-30 22:39 UTC,33186,,,,,,,,,,,,,,
Boi-1da,2026-04-30 22:39 UTC,624408,,,,,,,,,,,,,,
BossMan Pac,2026-04-30 22:39 UTC,121249,,,,,,,,,,,,,,
Brittany Aldean,2026-04-30 22:39 UTC,279151,,,,,,,,,,,,,,
Bryan Countach,2026-04-30 22:39 UTC,245588,,,,,,,,,,,,,,
Canada Soccer,2026-04-30 22:39 UTC,569643,,,,,,,,,,,,,,
Canyon,2026-04-30 22:39 UTC,38891,,,,,,,,,,,,,,
Cap1talA,2026-04-30 22:39 UTC,240239,,,,,,,,,,,,,,
Carter Faith,2026-04-30 22:39 UTC,3316364,,,,,,,,,,,,,,
Che,2026-04-30 22:39 UTC,1231845,,,,,,,,,,,,,,
Chyno Miranda,2026-04-30 22:39 UTC,1941557,,,,,,,,,,,,,,
Corridos del Rey,2026-04-30 22:39 UTC,1420007,,,,,,,,,,,,,,
Dale Move,2026-04-30 22:39 UTC,198369,,,,,,,,,,,,,,
Daniel Žižka,2026-04-30 22:39 UTC,129523,,,,,,,,,,,,,,
Dante,2026-04-30 22:39 UTC,573850,,,,,,,,,,,,,,
Dean Turnley,2026-04-30 22:39 UTC,1496511,,,,,,,,,,,,,,
Delta Ash,2026-04-30 22:39 UTC,513577,,,,,,,,,,,,,,
DETO BLACK,2026-04-30 22:39 UTC,478793,,,,,,,,,,,,,,
Devault,2026-04-30 22:39 UTC,2625573,,,,,,,,,,,,,,
Dexter and The Moonrocks,2026-04-30 22:39 UTC,6187294,,,,,,,,,,,,,,
diamond*,2026-04-30 22:39 UTC,366000,,,,,,,,,,,,,,
Diana Pilquist,2026-04-30 22:39 UTC,2851,,,,,,,,,,,,,,
DJ B7 o Piranhão,2026-04-30 22:39 UTC,2490190,,,,,,,,,,,,,,
DJ Holiday,2026-04-30 22:39 UTC,192268,,,,,,,,,,,,,,
dóttir.x,2026-04-30 22:39 UTC,74302,,,,,,,,,,,,,,
Druski,2026-04-30 22:39 UTC,1255918,,,,,,,,,,,,,,
Dubioza Kolektive,2026-04-30 22:39 UTC,591061,,,,,,,,,,,,,,
dunderjeppe,2026-04-30 22:39 UTC,29753,,,,,,,,,,,,,,
Duskydemise archive,2026-04-30 22:39 UTC,403836,,,,,,,,,,,,,,
Duygu Edis,2026-04-30 22:39 UTC,2703505,,,,,,,,,,,,,,
Dwarde,2026-04-30 22:39 UTC,18557,,,,,,,,,,,,,,
EA TJ,2026-04-30 22:39 UTC,50866,,,,,,,,,,,,,,
EL DEMOON,2026-04-30 22:39 UTC,58800,,,,,,,,,,,,,,
Emanazul,2026-04-30 22:39 UTC,530567,,,,,,,,,,,,,,
Emelie Trahan,2026-04-30 22:39 UTC,109598,,,,,,,,,,,,,,
EMJIE,2026-04-30 22:39 UTC,222827,,,,,,,,,,,,,,
ERISTHEPLANET,2026-04-30 22:39 UTC,63412,,,,,,,,,,,,,,
F3miii,2026-04-30 22:39 UTC,4048514,,,,,,,,,,,,,,
Fcukers,2026-04-30 22:39 UTC,2120560,,,,,,,,,,,,,,
FIFA Sound,2026-04-30 22:39 UTC,2517044,,,,,,,,,,,,,,
FLO,2026-04-30 22:39 UTC,3509293,,,,,,,,,,,,,,
Frost Children,2026-04-30 22:39 UTC,555080,,,,,,,,,,,,,,
frozz,2026-04-30 22:39 UTC,1037283,,,,,,,,,,,,,,
G3B,2026-04-30 22:39 UTC,147951,,,,,,,,,,,,,,
Ghetto Beisha,2026-04-30 22:39 UTC,51991,,,,,,,,,,,,,,
Ghostfacekush,2026-04-30 22:39 UTC,74249,,,,,,,,,,,,,,
Girl Scout,2026-04-30 22:39 UTC,114017,,,,,,,,,,,,,,
girl_irl,2026-04-30 22:39 UTC,116533,,,,,,,,,,,,,,
girlsweetvoiced,2026-04-30 22:39 UTC,815491,,,,,,,,,,,,,,
Glizzy Glow,2026-04-30 22:39 UTC,14050,,,,,,,,,,,,,,
gnawvs,2026-04-30 22:39 UTC,3058,,,,,,,,,,,,,,
Godtripper,2026-04-30 22:39 UTC,378896,,,,,,,,,,,,,,
Grupo Primer Grado,2026-04-30 22:39 UTC,2667143,,,,,,,,,,,,,,
H. Hawkline,2026-04-30 22:39 UTC,207645,,,,,,,,,,,,,,
Harrd Luck,2026-04-30 22:39 UTC,123526,,,,,,,,,,,,,,
HittMan,2026-04-30 22:39 UTC,29672,,,,,,,,,,,,,,
Iguana Death Cult,2026-04-30 22:39 UTC,70815,,,,,,,,,,,,,,
Indeevar,2026-04-30 22:39 UTC,3626769,,,,,,,,,,,,,,
Indigo De Souza,2026-04-30 22:39 UTC,1719574,,,,,,,,,,,,,,
Infinity Song,2026-04-30 22:39 UTC,907259,,,,,,,,,,,,,,
isa in eutopia,2026-04-30 22:39 UTC,37832,,,,,,,,,,,,,,
JADA,2026-04-30 22:39 UTC,31933,,,,,,,,,,,,,,
Jadasea,2026-04-30 22:39 UTC,186298,,,,,,,,,,,,,,
jalda,2026-04-30 22:39 UTC,57913,,,,,,,,,,,,,,
Jimmy Butler,2026-04-30 22:39 UTC,63081,,,,,,,,,,,,,,
JJerome87,2026-04-30 22:39 UTC,353831,,,,,,,,,,,,,,
Joy Rhodes,2026-04-30 22:39 UTC,659205,,,,,,,,,,,,,,
Juju,2026-04-30 22:39 UTC,3056094,,,,,,,,,,,,,,
Julia Church,2026-04-30 22:39 UTC,4270023,,,,,,,,,,,,,,
Julie Williams,2026-04-30 22:39 UTC,128326,,,,,,,,,,,,,,
JussGigi,2026-04-30 22:39 UTC,0,,,,,,,,,,,,,,
Kala,2026-04-30 22:39 UTC,0,,,,,,,,,,,,,,
Karly Bowman,2026-04-30 22:39 UTC,165954,,,,,,,,,,,,,,
Khaled,2026-04-30 22:39 UTC,2241824,,,,,,,,,,,,,,
Khan Saab,2026-04-30 22:39 UTC,12112549,,,,,,,,,,,,,,
King Kylie,2026-04-30 22:39 UTC,1123944,,,,,,,,,,,,,,
KINGH,2026-04-30 22:39 UTC,124763,,,,,,,,,,,,,,
Koilwood,2026-04-30 22:39 UTC,59501,,,,,,,,,,,,,,
KUČKA,2026-04-30 22:39 UTC,1243525,,,,,,,,,,,,,,
Kurdi Klymax,2026-04-30 22:39 UTC,20033,,,,,,,,,,,,,,
kuru,2026-04-30 22:39 UTC,249352,,,,,,,,,,,,,,
Lamb,2026-04-30 22:39 UTC,239836,,,,,,,,,,,,,,
ledysek,2026-04-30 22:39 UTC,16093,,,,,,,,,,,,,,
Lerado Khalil,2026-04-30 22:39 UTC,117572,,,,,,,,,,,,,,
Les Imprimés,2026-04-30 22:39 UTC,139386,,,,,,,,,,,,,,
Lightris,2026-04-30 22:39 UTC,762776,,,,,,,,,,,,,,
Lil B,2026-04-30 22:39 UTC,1674011,,,,,,,,,,,,,,
Lil Righteous,2026-04-30 22:39 UTC,0,,,,,,,,,,,,,,
Loui Henderson,2026-04-30 22:39 UTC,155755,,,,,,,,,,,,,,
Luke Armstrong,2026-04-30 22:39 UTC,6216,,,,,,,,,,,,,,
M4IA,2026-04-30 22:39 UTC,201421,,,,,,,,,,,,,,
MAGIC SOUND WOLF,2026-04-30 22:39 UTC,622605,,,,,,,,,,,,,,
Malcolm Todd,2026-04-30 22:39 UTC,23002318,,,,,,,,,,,,,,
Maphra,2026-04-30 22:39 UTC,1162034,,,,,,,,,,,,,,
marquitos,2026-04-30 22:39 UTC,590477,,,,,,,,,,,,,,
Maviler,2026-04-30 22:39 UTC,809792,,,,,,,,,,,,,,
Merry Lamb Lamb,2026-04-30 22:39 UTC,23283,,,,,,,,,,,,,,
Mijabella Marie,2026-04-30 22:39 UTC,24117,,,,,,,,,,,,,,
MIKE,2026-04-30 22:39 UTC,819587,,,,,,,,,,,,,,
Momo Boyd,2026-04-30 22:39 UTC,2593588,,,,,,,,,,,,,,
Mr Dutt,2026-04-30 22:39 UTC,2279674,,,,,,,,,,,,,,
Mumu Fresh,2026-04-30 22:39 UTC,56705,,,,,,,,,,,,,,
My New Band Believe,2026-04-30 22:39 UTC,238207,,,,,,,,,,,,,,
Naarly,2026-04-30 22:39 UTC,5314973,,,,,,,,,,,,,,
Naod,2026-04-30 22:39 UTC,302110,,,,,,,,,,,,,,
Nickatnite,2026-04-30 22:39 UTC,15241,,,,,,,,,,,,,,
Nine Vicious,2026-04-30 22:39 UTC,1318855,,,,,,,,,,,,,,
nocashfromparents,2026-04-30 22:39 UTC,1017133,,,,,,,,,,,,,,
North West,2026-04-30 22:39 UTC,583528,,,,,,,,,,,,,,
NPD,2026-04-30 22:39 UTC,1577061,,,,,,,,,,,,,,
OK Alva,2026-04-30 22:39 UTC,26136,,,,,,,,,,,,,,
OKI,2026-04-30 22:39 UTC,2476357,,,,,,,,,,,,,,
Olga Myko,2026-04-30 22:39 UTC,2192291,,,,,,,,,,,,,,
Olof Dreijer,2026-04-30 22:39 UTC,76573,,,,,,,,,,,,,,
osa,2026-04-30 22:39 UTC,113577,,,,,,,,,,,,,,
Oxis,2026-04-30 22:39 UTC,252371,,,,,,,,,,,,,,
Pocket,2026-04-30 22:39 UTC,130014,,,,,,,,,,,,,,
Pretty Pinkk,2026-04-30 22:39 UTC,51995,,,,,,,,,,,,,,
Pz',2026-04-30 22:39 UTC,331005,,,,,,,,,,,,,,
Rian Brazil,2026-04-30 22:39 UTC,56519,,,,,,,,,,,,,,
rjtheweirdo,2026-04-30 22:39 UTC,443009,,,,,,,,,,,,,,
Rocket Reese,2026-04-30 22:39 UTC,132090,,,,,,,,,,,,,,
S1RENA,2026-04-30 22:39 UTC,217757,,,,,,,,,,,,,,
Sa!koro,2026-04-30 22:39 UTC,84551,,,,,,,,,,,,,,
Sara Landry,2026-04-30 22:39 UTC,1290306,,,,,,,,,,,,,,
Sébastien Tellier,2026-04-30 22:39 UTC,1464024,,,,,,,,,,,,,,
ShawtyRokk,2026-04-30 22:39 UTC,34797,,,,,,,,,,,,,,
shonci,2026-04-30 22:39 UTC,4311254,,,,,,,,,,,,,,
Slayr,2026-04-30 22:39 UTC,1074208,,,,,,,,,,,,,,
Slayyyter,2026-04-30 22:39 UTC,4388193,,,,,,,,,,,,,,
Slim Jxmmy,2026-04-30 22:39 UTC,37614,,,,,,,,,,,,,,
Sofiane Pamart,2026-04-30 22:39 UTC,4061725,,,,,,,,,,,,,,
Sons of Yusuf,2026-04-30 22:39 UTC,1672582,,,,,,,,,,,,,,
Southsidesilhouette,2026-04-30 22:39 UTC,167783,,,,,,,,,,,,,,
Specialist Moss,2026-04-30 22:39 UTC,604169,,,,,,,,,,,,,,
SPELLLING,2026-04-30 22:39 UTC,96256,,,,,,,,,,,,,,
Sreemani,2026-04-30 22:39 UTC,2616360,,,,,,,,,,,,,,
STELLA LEFTY,2026-04-30 22:39 UTC,7261020,,,,,,,,,,,,,,
Street Fever,2026-04-30 22:39 UTC,185779,,,,,,,,,,,,,,
Sunday Service Choir,2026-04-30 22:39 UTC,428353,,,,,,,,,,,,,,
SURF GANG,2026-04-30 22:39 UTC,696347,,,,,,,,,,,,,,
Swizz Beatz,2026-04-30 22:39 UTC,946169,,,,,,,,,,,,,,
T.O.P,2026-04-30 22:39 UTC,1819113,,,,,,,,,,,,,,
Tabi Gervis,2026-04-30 22:39 UTC,20802,,,,,,,,,,,,,,
Temper City,2026-04-30 22:39 UTC,9373645,,,,,,,,,,,,,,
Tezzus,2026-04-30 22:39 UTC,406384,,,,,,,,,,,,,,
The Long Faces,2026-04-30 22:39 UTC,4366471,,,,,,,,,,,,,,
The Twins,2026-04-30 22:39 UTC,71913,,,,,,,,,,,,,,
THELMA,2026-04-30 22:39 UTC,48826,,,,,,,,,,,,,,
Tiffany Day,2026-04-30 22:39 UTC,1290143,,,,,,,,,,,,,,
Tom Did It,2026-04-30 22:39 UTC,1201390,,,,,,,,,,,,,,
Tom Right,2026-04-30 22:39 UTC,878237,,,,,,,,,,,,,,
TOMORA,2026-04-30 22:39 UTC,933582,,,,,,,,,,,,,,
Trim,2026-04-30 22:39 UTC,2381393,,,,,,,,,,,,,,
Tsatsamis,2026-04-30 22:39 UTC,249150,,,,,,,,,,,,,,
twentythree,2026-04-30 22:39 UTC,1328907,,,,,,,,,,,,,,
TXKUMOON,2026-04-30 22:39 UTC,953696,,,,,,,,,,,,,,
Vaibhav Gupta,2026-04-30 22:39 UTC,2229057,,,,,,,,,,,,,,
waera,2026-04-30 22:39 UTC,238736,,,,,,,,,,,,,,
Warren Roob,2026-04-30 22:39 UTC,599055,,,,,,,,,,,,,,
Welwitschia,2026-04-30 22:39 UTC,997005,,,,,,,,,,,,,,
Will Sass,2026-04-30 22:39 UTC,606023,,,,,,,,,,,,,,
Wtm Solid,2026-04-30 22:39 UTC,12100,,,,,,,,,,,,,,
Yaeger,2026-04-30 22:39 UTC,338802,,,,,,,,,,,,,,
YASP,2026-04-30 22:39 UTC,29326,,,,,,,,,,,,,,
Ye,2026-04-30 22:39 UTC,17270973,,,,,,,,,,,,,,
Yonusa,2026-04-30 22:39 UTC,190012,,,,,,,,,,,,,,
YUNA,2026-04-30 22:39 UTC,1316963,,,,,,,,,,,,,,
Yuyu19,2026-04-30 22:39 UTC,1314849,,,,,,,,,,,,,,
Zycan,2026-04-30 22:39 UTC,2028298,,,,,,,,,,,,,,
drug bug,2026-04-30 22:39 UTC,55443,,,,,,,,,,,,,,
ILYAH,2026-04-30 22:39 UTC,586841,,,,,,,,,,,,,,
Los Brasileros,2026-04-30 22:39 UTC,1402828,,,,,,,,,,,,,,
am7iri,2026-04-30 22:39 UTC,1172577,,,,,,,,,,,,,,
Los Buyer,2026-04-30 22:39 UTC,762597,,,,,,,,,,,,,,
Pikeras,2026-04-30 22:39 UTC,1185742,,,,,,,,,,,,,,
Heitor Santos,2026-04-30 22:39 UTC,1670944,,,,,,,,,,,,,,
Melly,2026-04-30 22:39 UTC,912449,,,,,,,,,,,,,,
OT The Real,2026-04-30 22:39 UTC,212806,,,,,,,,,,,,,,
Big Papa313,2026-04-30 22:39 UTC,1648127,,,,,,,,,,,,,,
kortani,2026-04-30 22:39 UTC,387462,,,,,,,,,,,,,,
daydreamers,2026-04-30 22:39 UTC,253693,,,,,,,,,,,,,,
Amma,2026-04-30 22:39 UTC,917524,,,,,,,,,,,,,,
IngaRose,2026-04-30 22:39 UTC,1558646,,,,,,,,,,,,,,
FRIDAY*,2026-04-30 22:39 UTC,9254,,,,,,,,,,,,,,
aoif3,2026-04-30 22:39 UTC,1057,,,,,,,,,,,,,,
Uche,2026-04-30 22:39 UTC,22877,,,,,,,,,,,,,,
Maxx Moor,2026-04-30 22:39 UTC,484,,,,,,,,,,,,,,
Swethings,2026-04-30 22:39 UTC,23595,,,,,,,,,,,,,,
22xlstl,2026-04-30 22:39 UTC,224401,,,,,,,,,,,,,,
Greg Gonzales,2026-04-30 22:39 UTC,1786229,,,,,,,,,,,,,,
Lyla George,2026-04-30 22:39 UTC,175851,,,,,,,,,,,,,,
Marlo Rex,2026-04-30 22:39 UTC,1151547,,,,,,,,,,,,,,
Cobrah,2026-04-30 22:39 UTC,2220494,,,,,,,,,,,,,,
Asha Banks,2026-04-30 22:39 UTC,243633,,,,,,,,,,,,,,
Stanclickin,2026-04-30 22:39 UTC,28577,,,,,,,,,,,,,,
Ebony Riley,2026-04-30 22:39 UTC,112808,,,,,,,,,,,,,,
Knut€,2026-04-30 22:39 UTC,22187,,,,,,,,,,,,,,
SALIMATA,2026-04-30 22:39 UTC,355500,,,,,,,,,,,,,,
Tracy,2026-04-30 22:39 UTC,384389,,,,,,,,,,,,,,
GENER8ION,2026-04-30 22:39 UTC,517899,,,,,,,,,,,,,,
BJOERN,2026-04-30 22:39 UTC,347867,,,,,,,,,,,,,,
Olwin,2026-04-30 22:39 UTC,27079,,,,,,,,,,,,,,
Fred Durst,2026-04-30 22:39 UTC,1350340,,,,,,,,,,,,,,
Twoske,2026-04-30 22:39 UTC,46652,,,,,,,,,,,,,,
Los Gofiones,2026-04-30 22:39 UTC,800186,,,,,,,,,,,,,,
Chase Belly,2026-04-30 22:39 UTC,239586,,,,,,,,,,,,,,
CDB,2026-04-30 22:39 UTC,2510126,,,,,,,,,,,,,,
Cornfed Ted,2026-04-30 22:39 UTC,12933,,,,,,,,,,,,,,
Claar,2026-04-30 22:39 UTC,22415,,,,,,,,,,,,,,
KARLEE GIRL,2026-04-30 22:39 UTC,455965,,,,,,,,,,,,,,
Warhol.SS,2026-04-30 22:39 UTC,582186,,,,,,,,,,,,,,
Lola Blue,2026-04-30 22:39 UTC,115772,,,,,,,,,,,,,,
AZIEDOESNTEXIST,2026-04-30 22:39 UTC,329360,,,,,,,,,,,,,,
Eliah Sternhardt,2026-04-30 22:39 UTC,191031,,,,,,,,,,,,,,
$t3PPA,2026-05-01 22:38 UTC,144663,,,,,,,,,,,,,,
1 Umbrella,2026-05-01 22:38 UTC,227394,,,,,,,,,,,,,,
318dman,2026-05-01 22:38 UTC,144836,,,,,,,,,,,,,,
A2ANTI,2026-05-01 22:38 UTC,1319613,,,,,,,,,,,,,,
Addison Dean,2026-05-01 22:38 UTC,7335,,,,,,,,,,,,,,
Aksomaniac,2026-05-01 22:38 UTC,1744625,,,,,,,,,,,,,,
Andre Troutman,2026-05-01 22:38 UTC,7879161,,,,,,,,,,,,,,
Angine de Poitrine,2026-05-01 22:38 UTC,2475535,,,,,,,,,,,,,,
Anik Khan,2026-05-01 22:38 UTC,189957,,,,,,,,,,,,,,
AQUAFINNA,2026-05-01 22:38 UTC,24126,,,,,,,,,,,,,,
Biggs money,2026-05-01 22:38 UTC,33739,,,,,,,,,,,,,,
Boi-1da,2026-05-01 22:38 UTC,631026,,,,,,,,,,,,,,
BossMan Pac,2026-05-01 22:38 UTC,122906,,,,,,,,,,,,,,
Brittany Aldean,2026-05-01 22:38 UTC,285426,,,,,,,,,,,,,,
Bryan Countach,2026-05-01 22:38 UTC,239942,,,,,,,,,,,,,,
Canada Soccer,2026-05-01 22:38 UTC,584985,,,,,,,,,,,,,,
Canyon,2026-05-01 22:38 UTC,38575,,,,,,,,,,,,,,
Cap1talA,2026-05-01 22:38 UTC,244693,,,,,,,,,,,,,,
Carter Faith,2026-05-01 22:38 UTC,3389671,,,,,,,,,,,,,,
Che,2026-05-01 22:38 UTC,1226921,,,,,,,,,,,,,,
Chyno Miranda,2026-05-01 22:38 UTC,1987957,,,,,,,,,,,,,,
Corridos del Rey,2026-05-01 22:38 UTC,1423486,,,,,,,,,,,,,,
Dale Move,2026-05-01 22:38 UTC,185236,,,,,,,,,,,,,,
Daniel Žižka,2026-05-01 22:38 UTC,129889,,,,,,,,,,,,,,
Dante,2026-05-01 22:38 UTC,572033,,,,,,,,,,,,,,
Dean Turnley,2026-05-01 22:38 UTC,1498659,,,,,,,,,,,,,,
Delta Ash,2026-05-01 22:38 UTC,498921,,,,,,,,,,,,,,
DETO BLACK,2026-05-01 22:38 UTC,492666,,,,,,,,,,,,,,
Devault,2026-05-01 22:38 UTC,2669447,,,,,,,,,,,,,,
Dexter and The Moonrocks,2026-05-01 22:38 UTC,6352215,,,,,,,,,,,,,,
diamond*,2026-05-01 22:38 UTC,367234,,,,,,,,,,,,,,
Diana Pilquist,2026-05-01 22:38 UTC,2950,,,,,,,,,,,,,,
DJ B7 o Piranhão,2026-05-01 22:38 UTC,2573912,,,,,,,,,,,,,,
DJ Holiday,2026-05-01 22:38 UTC,194019,,,,,,,,,,,,,,
dóttir.x,2026-05-01 22:38 UTC,74721,,,,,,,,,,,,,,
Druski,2026-05-01 22:38 UTC,1273181,,,,,,,,,,,,,,
Dubioza Kolektive,2026-05-01 22:38 UTC,580901,,,,,,,,,,,,,,
dunderjeppe,2026-05-01 22:38 UTC,29278,,,,,,,,,,,,,,
Duskydemise archive,2026-05-01 22:38 UTC,407032,,,,,,,,,,,,,,
Duygu Edis,2026-05-01 22:38 UTC,2641397,,,,,,,,,,,,,,
Dwarde,2026-05-01 22:38 UTC,18682,,,,,,,,,,,,,,
EA TJ,2026-05-01 22:38 UTC,51629,,,,,,,,,,,,,,
EL DEMOON,2026-05-01 22:38 UTC,58538,,,,,,,,,,,,,,
Emanazul,2026-05-01 22:38 UTC,543311,,,,,,,,,,,,,,
Emelie Trahan,2026-05-01 22:38 UTC,109838,,,,,,,,,,,,,,
EMJIE,2026-05-01 22:38 UTC,219755,,,,,,,,,,,,,,
ERISTHEPLANET,2026-05-01 22:38 UTC,64072,,,,,,,,,,,,,,
F3miii,2026-05-01 22:38 UTC,4159402,,,,,,,,,,,,,,
Fcukers,2026-05-01 22:38 UTC,2104675,,,,,,,,,,,,,,
FIFA Sound,2026-05-01 22:38 UTC,2507122,,,,,,,,,,,,,,
FLO,2026-05-01 22:38 UTC,3510857,,,,,,,,,,,,,,
Frost Children,2026-05-01 22:38 UTC,556405,,,,,,,,,,,,,,
frozz,2026-05-01 22:38 UTC,1028647,,,,,,,,,,,,,,
G3B,2026-05-01 22:38 UTC,151022,,,,,,,,,,,,,,
Ghetto Beisha,2026-05-01 22:38 UTC,53456,,,,,,,,,,,,,,
Ghostfacekush,2026-05-01 22:38 UTC,75440,,,,,,,,,,,,,,
Girl Scout,2026-05-01 22:38 UTC,111476,,,,,,,,,,,,,,
girl_irl,2026-05-01 22:38 UTC,113663,,,,,,,,,,,,,,
girlsweetvoiced,2026-05-01 22:38 UTC,790377,,,,,,,,,,,,,,
Glizzy Glow,2026-05-01 22:38 UTC,14382,,,,,,,,,,,,,,
gnawvs,2026-05-01 22:38 UTC,3064,,,,,,,,,,,,,,
Godtripper,2026-05-01 22:38 UTC,386308,,,,,,,,,,,,,,
Grupo Primer Grado,2026-05-01 22:38 UTC,2637753,,,,,,,,,,,,,,
H. Hawkline,2026-05-01 22:38 UTC,209966,,,,,,,,,,,,,,
Harrd Luck,2026-05-01 22:38 UTC,114872,,,,,,,,,,,,,,
HittMan,2026-05-01 22:38 UTC,30019,,,,,,,,,,,,,,
Iguana Death Cult,2026-05-01 22:38 UTC,71421,,,,,,,,,,,,,,
Indeevar,2026-05-01 22:38 UTC,3662720,,,,,,,,,,,,,,
Indigo De Souza,2026-05-01 22:38 UTC,1716110,,,,,,,,,,,,,,
Infinity Song,2026-05-01 22:38 UTC,923497,,,,,,,,,,,,,,
isa in eutopia,2026-05-01 22:38 UTC,38081,,,,,,,,,,,,,,
JADA,2026-05-01 22:38 UTC,32815,,,,,,,,,,,,,,
Jadasea,2026-05-01 22:38 UTC,186164,,,,,,,,,,,,,,
jalda,2026-05-01 22:38 UTC,60397,,,,,,,,,,,,,,
Jimmy Butler,2026-05-01 22:38 UTC,64967,,,,,,,,,,,,,,
JJerome87,2026-05-01 22:38 UTC,362786,,,,,,,,,,,,,,
Joy Rhodes,2026-05-01 22:38 UTC,687133,,,,,,,,,,,,,,
Juju,2026-05-01 22:38 UTC,3082623,,,,,,,,,,,,,,
Julia Church,2026-05-01 22:38 UTC,4305550,,,,,,,,,,,,,,
Julie Williams,2026-05-01 22:38 UTC,130916,,,,,,,,,,,,,,
JussGigi,2026-05-01 22:38 UTC,0,,,,,,,,,,,,,,
Kala,2026-05-01 22:38 UTC,0,,,,,,,,,,,,,,
Karly Bowman,2026-05-01 22:38 UTC,166790,,,,,,,,,,,,,,
Khaled,2026-05-01 22:38 UTC,2212799,,,,,,,,,,,,,,
Khan Saab,2026-05-01 22:38 UTC,11996485,,,,,,,,,,,,,,
King Kylie,2026-05-01 22:38 UTC,1065498,,,,,,,,,,,,,,
KINGH,2026-05-01 22:38 UTC,125263,,,,,,,,,,,,,,
Koilwood,2026-05-01 22:38 UTC,60793,,,,,,,,,,,,,,
KUČKA,2026-05-01 22:38 UTC,1248951,,,,,,,,,,,,,,
Kurdi Klymax,2026-05-01 22:38 UTC,20390,,,,,,,,,,,,,,
kuru,2026-05-01 22:38 UTC,255359,,,,,,,,,,,,,,
Lamb,2026-05-01 22:38 UTC,227664,,,,,,,,,,,,,,
ledysek,2026-05-01 22:38 UTC,16077,,,,,,,,,,,,,,
Lerado Khalil,2026-05-01 22:38 UTC,118067,,,,,,,,,,,,,,
Les Imprimés,2026-05-01 22:38 UTC,140375,,,,,,,,,,,,,,
Lightris,2026-05-01 22:38 UTC,759170,,,,,,,,,,,,,,
Lil B,2026-05-01 22:38 UTC,1716461,,,,,,,,,,,,,,
Lil Righteous,2026-05-01 22:38 UTC,0,,,,,,,,,,,,,,
Loui Henderson,2026-05-01 22:38 UTC,160431,,,,,,,,,,,,,,
Luke Armstrong,2026-05-01 22:38 UTC,6687,,,,,,,,,,,,,,
M4IA,2026-05-01 22:38 UTC,189544,,,,,,,,,,,,,,
MAGIC SOUND WOLF,2026-05-01 22:38 UTC,628634,,,,,,,,,,,,,,
Malcolm Todd,2026-05-01 22:38 UTC,23226871,,,,,,,,,,,,,,
Maphra,2026-05-01 22:38 UTC,1152774,,,,,,,,,,,,,,
marquitos,2026-05-01 22:38 UTC,574524,,,,,,,,,,,,,,
Maviler,2026-05-01 22:38 UTC,776215,,,,,,,,,,,,,,
Merry Lamb Lamb,2026-05-01 22:38 UTC,23479,,,,,,,,,,,,,,
Mijabella Marie,2026-05-01 22:38 UTC,23850,,,,,,,,,,,,,,
MIKE,2026-05-01 22:38 UTC,809551,,,,,,,,,,,,,,
Momo Boyd,2026-05-01 22:38 UTC,2582367,,,,,,,,,,,,,,
Mr Dutt,2026-05-01 22:38 UTC,2262695,,,,,,,,,,,,,,
Mumu Fresh,2026-05-01 22:38 UTC,57717,,,,,,,,,,,,,,
My New Band Believe,2026-05-01 22:38 UTC,240309,,,,,,,,,,,,,,
Naarly,2026-05-01 22:38 UTC,5323013,,,,,,,,,,,,,,
Naod,2026-05-01 22:38 UTC,308470,,,,,,,,,,,,,,
Nickatnite,2026-05-01 22:38 UTC,15355,,,,,,,,,,,,,,
Nine Vicious,2026-05-01 22:38 UTC,1319293,,,,,,,,,,,,,,
nocashfromparents,2026-05-01 22:38 UTC,1028505,,,,,,,,,,,,,,
North West,2026-05-01 22:38 UTC,582297,,,,,,,,,,,,,,
NPD,2026-05-01 22:38 UTC,1577041,,,,,,,,,,,,,,
OK Alva,2026-05-01 22:38 UTC,29428,,,,,,,,,,,,,,
OKI,2026-05-01 22:38 UTC,2491387,,,,,,,,,,,,,,
Olga Myko,2026-05-01 22:38 UTC,2194798,,,,,,,,,,,,,,
Olof Dreijer,2026-05-01 22:38 UTC,76945,,,,,,,,,,,,,,
osa,2026-05-01 22:38 UTC,115042,,,,,,,,,,,,,,
Oxis,2026-05-01 22:38 UTC,262219,,,,,,,,,,,,,,
Pocket,2026-05-01 22:38 UTC,132937,,,,,,,,,,,,,,
Pretty Pinkk,2026-05-01 22:38 UTC,53461,,,,,,,,,,,,,,
Pz',2026-05-01 22:38 UTC,332080,,,,,,,,,,,,,,
Rian Brazil,2026-05-01 22:38 UTC,55509,,,,,,,,,,,,,,
rjtheweirdo,2026-05-01 22:38 UTC,452520,,,,,,,,,,,,,,
Rocket Reese,2026-05-01 22:38 UTC,133269,,,,,,,,,,,,,,
S1RENA,2026-05-01 22:38 UTC,217722,,,,,,,,,,,,,,
Sa!koro,2026-05-01 22:38 UTC,85409,,,,,,,,,,,,,,
Sara Landry,2026-05-01 22:38 UTC,1292143,,,,,,,,,,,,,,
Sébastien Tellier,2026-05-01 22:38 UTC,1485934,,,,,,,,,,,,,,
ShawtyRokk,2026-05-01 22:38 UTC,35069,,,,,,,,,,,,,,
shonci,2026-05-01 22:38 UTC,4374061,,,,,,,,,,,,,,
Slayr,2026-05-01 22:38 UTC,1073412,,,,,,,,,,,,,,
Slayyyter,2026-05-01 22:38 UTC,4400872,,,,,,,,,,,,,,
Slim Jxmmy,2026-05-01 22:38 UTC,37635,,,,,,,,,,,,,,
Sofiane Pamart,2026-05-01 22:38 UTC,4110821,,,,,,,,,,,,,,
Sons of Yusuf,2026-05-01 22:38 UTC,1642549,,,,,,,,,,,,,,
Southsidesilhouette,2026-05-01 22:38 UTC,167736,,,,,,,,,,,,,,
Specialist Moss,2026-05-01 22:38 UTC,607561,,,,,,,,,,,,,,
SPELLLING,2026-05-01 22:38 UTC,97495,,,,,,,,,,,,,,
Sreemani,2026-05-01 22:38 UTC,2618054,,,,,,,,,,,,,,
STELLA LEFTY,2026-05-01 22:38 UTC,7420899,,,,,,,,,,,,,,
Street Fever,2026-05-01 22:38 UTC,187587,,,,,,,,,,,,,,
Sunday Service Choir,2026-05-01 22:38 UTC,427632,,,,,,,,,,,,,,
SURF GANG,2026-05-01 22:38 UTC,688271,,,,,,,,,,,,,,
Swizz Beatz,2026-05-01 22:38 UTC,905617,,,,,,,,,,,,,,
T.O.P,2026-05-01 22:38 UTC,1844175,,,,,,,,,,,,,,
Tabi Gervis,2026-05-01 22:38 UTC,20665,,,,,,,,,,,,,,
Temper City,2026-05-01 22:38 UTC,9612602,,,,,,,,,,,,,,
Tezzus,2026-05-01 22:38 UTC,410954,,,,,,,,,,,,,,
The Long Faces,2026-05-01 22:38 UTC,4406171,,,,,,,,,,,,,,
The Twins,2026-05-01 22:38 UTC,71818,,,,,,,,,,,,,,
THELMA,2026-05-01 22:38 UTC,50329,,,,,,,,,,,,,,
Tiffany Day,2026-05-01 22:38 UTC,1298387,,,,,,,,,,,,,,
Tom Did It,2026-05-01 22:38 UTC,1205834,,,,,,,,,,,,,,
Tom Right,2026-05-01 22:38 UTC,883071,,,,,,,,,,,,,,
TOMORA,2026-05-01 22:38 UTC,925525,,,,,,,,,,,,,,
Trim,2026-05-01 22:38 UTC,2392531,,,,,,,,,,,,,,
Tsatsamis,2026-05-01 22:38 UTC,253803,,,,,,,,,,,,,,
twentythree,2026-05-01 22:38 UTC,1320613,,,,,,,,,,,,,,
TXKUMOON,2026-05-01 22:38 UTC,964950,,,,,,,,,,,,,,
Vaibhav Gupta,2026-05-01 22:38 UTC,2186998,,,,,,,,,,,,,,
waera,2026-05-01 22:38 UTC,235656,,,,,,,,,,,,,,
Warren Roob,2026-05-01 22:38 UTC,552304,,,,,,,,,,,,,,
Welwitschia,2026-05-01 22:38 UTC,991198,,,,,,,,,,,,,,
Will Sass,2026-05-01 22:38 UTC,601355,,,,,,,,,,,,,,
Wtm Solid,2026-05-01 22:38 UTC,12169,,,,,,,,,,,,,,
Yaeger,2026-05-01 22:38 UTC,341923,,,,,,,,,,,,,,
YASP,2026-05-01 22:38 UTC,29713,,,,,,,,,,,,,,
Ye,2026-05-01 22:38 UTC,16694254,,,,,,,,,,,,,,
Yonusa,2026-05-01 22:38 UTC,177297,,,,,,,,,,,,,,
YUNA,2026-05-01 22:38 UTC,1301711,,,,,,,,,,,,,,
Yuyu19,2026-05-01 22:38 UTC,1324293,,,,,,,,,,,,,,
Zycan,2026-05-01 22:38 UTC,1979519,,,,,,,,,,,,,,
drug bug,2026-05-01 22:38 UTC,55940,,,,,,,,,,,,,,
ILYAH,2026-05-01 22:38 UTC,603129,,,,,,,,,,,,,,
Los Brasileros,2026-05-01 22:38 UTC,1443201,,,,,,,,,,,,,,
am7iri,2026-05-01 22:38 UTC,1207651,,,,,,,,,,,,,,
Los Buyer,2026-05-01 22:38 UTC,801865,,,,,,,,,,,,,,
Pikeras,2026-05-01 22:38 UTC,1225572,,,,,,,,,,,,,,
Heitor Santos,2026-05-01 22:38 UTC,1731563,,,,,,,,,,,,,,
Melly,2026-05-01 22:38 UTC,924767,,,,,,,,,,,,,,
OT The Real,2026-05-01 22:38 UTC,217281,,,,,,,,,,,,,,
Big Papa313,2026-05-01 22:38 UTC,1688168,,,,,,,,,,,,,,
kortani,2026-05-01 22:38 UTC,396256,,,,,,,,,,,,,,
daydreamers,2026-05-01 22:38 UTC,256510,,,,,,,,,,,,,,
Amma,2026-05-01 22:38 UTC,973226,,,,,,,,,,,,,,
IngaRose,2026-05-01 22:38 UTC,1614738,,,,,,,,,,,,,,
FRIDAY*,2026-05-01 22:38 UTC,9457,,,,,,,,,,,,,,
aoif3,2026-05-01 22:38 UTC,1067,,,,,,,,,,,,,,
Uche,2026-05-01 22:38 UTC,23149,,,,,,,,,,,,,,
Maxx Moor,2026-05-01 22:38 UTC,492,,,,,,,,,,,,,,
Swethings,2026-05-01 22:38 UTC,26216,,,,,,,,,,,,,,
22xlstl,2026-05-01 22:38 UTC,232644,,,,,,,,,,,,,,
Greg Gonzales,2026-05-01 22:38 UTC,2005388,,,,,,,,,,,,,,
Lyla George,2026-05-01 22:38 UTC,214642,,,,,,,,,,,,,,
Marlo Rex,2026-05-01 22:38 UTC,1197152,,,,,,,,,,,,,,
Cobrah,2026-05-01 22:38 UTC,2283379,,,,,,,,,,,,,,
Asha Banks,2026-05-01 22:38 UTC,263632,,,,,,,,,,,,,,
Stanclickin,2026-05-01 22:38 UTC,28615,,,,,,,,,,,,,,
Ebony Riley,2026-05-01 22:38 UTC,123473,,,,,,,,,,,,,,
Knut€,2026-05-01 22:38 UTC,24278,,,,,,,,,,,,,,
SALIMATA,2026-05-01 22:38 UTC,374366,,,,,,,,,,,,,,
Tracy,2026-05-01 22:38 UTC,390535,,,,,,,,,,,,,,
GENER8ION,2026-05-01 22:38 UTC,626594,,,,,,,,,,,,,,
BJOERN,2026-05-01 22:38 UTC,377825,,,,,,,,,,,,,,
Olwin,2026-05-01 22:38 UTC,30633,,,,,,,,,,,,,,
Fred Durst,2026-05-01 22:38 UTC,1426652,,,,,,,,,,,,,,
Twoske,2026-05-01 22:38 UTC,50629,,,,,,,,,,,,,,
Los Gofiones,2026-05-01 22:38 UTC,883912,,,,,,,,,,,,,,
Chase Belly,2026-05-01 22:38 UTC,262290,,,,,,,,,,,,,,
CDB,2026-05-01 22:38 UTC,2623225,,,,,,,,,,,,,,
Cornfed Ted,2026-05-01 22:38 UTC,13414,,,,,,,,,,,,,,
Claar,2026-05-01 22:38 UTC,23355,,,,,,,,,,,,,,
KARLEE GIRL,2026-05-01 22:38 UTC,490968,,,,,,,,,,,,,,
Warhol.SS,2026-05-01 22:38 UTC,582393,,,,,,,,,,,,,,
Lola Blue,2026-05-01 22:38 UTC,115451,,,,,,,,,,,,,,
AZIEDOESNTEXIST,2026-05-01 22:38 UTC,367312,,,,,,,,,,,,,,
Eliah Sternhardt,2026-05-01 22:38 UTC,199516,,,,,,,,,,,,,,
$t3PPA,2026-05-02 22:27 UTC,143017,,,,,,,,,,,,,,
1 Umbrella,2026-05-02 22:27 UTC,230306,,,,,,,,,,,,,,
318dman,2026-05-02 22:27 UTC,148587,,,,,,,,,,,,,,
A2ANTI,2026-05-02 22:27 UTC,1281925,,,,,,,,,,,,,,
Addison Dean,2026-05-02 22:27 UTC,7413,,,,,,,,,,,,,,
Aksomaniac,2026-05-02 22:27 UTC,1806923,,,,,,,,,,,,,,
Andre Troutman,2026-05-02 22:27 UTC,7261607,,,,,,,,,,,,,,
Angine de Poitrine,2026-05-02 22:27 UTC,2444699,,,,,,,,,,,,,,
Anik Khan,2026-05-02 22:27 UTC,192967,,,,,,,,,,,,,,
AQUAFINNA,2026-05-02 22:27 UTC,23998,,,,,,,,,,,,,,
Biggs money,2026-05-02 22:27 UTC,34039,,,,,,,,,,,,,,
Boi-1da,2026-05-02 22:27 UTC,640275,,,,,,,,,,,,,,
BossMan Pac,2026-05-02 22:27 UTC,124718,,,,,,,,,,,,,,
Brittany Aldean,2026-05-02 22:27 UTC,291522,,,,,,,,,,,,,,
Bryan Countach,2026-05-02 22:27 UTC,234240,,,,,,,,,,,,,,
Canada Soccer,2026-05-02 22:27 UTC,605977,,,,,,,,,,,,,,
Canyon,2026-05-02 22:27 UTC,38012,,,,,,,,,,,,,,
Cap1talA,2026-05-02 22:27 UTC,247562,,,,,,,,,,,,,,
Carter Faith,2026-05-02 22:27 UTC,3491263,,,,,,,,,,,,,,
Che,2026-05-02 22:27 UTC,1223914,,,,,,,,,,,,,,
Chyno Miranda,2026-05-02 22:27 UTC,2038997,,,,,,,,,,,,,,
Corridos del Rey,2026-05-02 22:27 UTC,1445301,,,,,,,,,,,,,,
Dale Move,2026-05-02 22:27 UTC,181107,,,,,,,,,,,,,,
Daniel Žižka,2026-05-02 22:27 UTC,130200,,,,,,,,,,,,,,
Dante,2026-05-02 22:27 UTC,538175,,,,,,,,,,,,,,
Dean Turnley,2026-05-02 22:27 UTC,1492487,,,,,,,,,,,,,,
Delta Ash,2026-05-02 22:27 UTC,486802,,,,,,,,,,,,,,
DETO BLACK,2026-05-02 22:27 UTC,514054,,,,,,,,,,,,,,
Devault,2026-05-02 22:27 UTC,2724403,,,,,,,,,,,,,,
Dexter and The Moonrocks,2026-05-02 22:27 UTC,6514784,,,,,,,,,,,,,,
diamond*,2026-05-02 22:27 UTC,368874,,,,,,,,,,,,,,
Diana Pilquist,2026-05-02 22:27 UTC,3050,,,,,,,,,,,,,,
DJ B7 o Piranhão,2026-05-02 22:27 UTC,2710312,,,,,,,,,,,,,,
DJ Holiday,2026-05-02 22:27 UTC,195403,,,,,,,,,,,,,,
dóttir.x,2026-05-02 22:27 UTC,76155,,,,,,,,,,,,,,
Druski,2026-05-02 22:27 UTC,1289758,,,,,,,,,,,,,,
Dubioza Kolektive,2026-05-02 22:27 UTC,571920,,,,,,,,,,,,,,
dunderjeppe,2026-05-02 22:27 UTC,28770,,,,,,,,,,,,,,
Duskydemise archive,2026-05-02 22:27 UTC,406911,,,,,,,,,,,,,,
Duygu Edis,2026-05-02 22:27 UTC,2586221,,,,,,,,,,,,,,
Dwarde,2026-05-02 22:27 UTC,18814,,,,,,,,,,,,,,
EA TJ,2026-05-02 22:27 UTC,52268,,,,,,,,,,,,,,
EL DEMOON,2026-05-02 22:27 UTC,58429,,,,,,,,,,,,,,
Emanazul,2026-05-02 22:27 UTC,555764,,,,,,,,,,,,,,
Emelie Trahan,2026-05-02 22:27 UTC,103395,,,,,,,,,,,,,,
EMJIE,2026-05-02 22:27 UTC,217564,,,,,,,,,,,,,,
ERISTHEPLANET,2026-05-02 22:27 UTC,65240,,,,,,,,,,,,,,
F3miii,2026-05-02 22:27 UTC,4428519,,,,,,,,,,,,,,
Fcukers,2026-05-02 22:27 UTC,2089499,,,,,,,,,,,,,,
FIFA Sound,2026-05-02 22:27 UTC,2626801,,,,,,,,,,,,,,
FLO,2026-05-02 22:27 UTC,3506200,,,,,,,,,,,,,,
Frost Children,2026-05-02 22:27 UTC,556682,,,,,,,,,,,,,,
frozz,2026-05-02 22:27 UTC,1019730,,,,,,,,,,,,,,
G3B,2026-05-02 22:27 UTC,153250,,,,,,,,,,,,,,
Ghetto Beisha,2026-05-02 22:27 UTC,55124,,,,,,,,,,,,,,
Ghostfacekush,2026-05-02 22:27 UTC,76985,,,,,,,,,,,,,,
Girl Scout,2026-05-02 22:27 UTC,109226,,,,,,,,,,,,,,
girl_irl,2026-05-02 22:27 UTC,111500,,,,,,,,,,,,,,
girlsweetvoiced,2026-05-02 22:27 UTC,758413,,,,,,,,,,,,,,
Glizzy Glow,2026-05-02 22:27 UTC,14714,,,,,,,,,,,,,,
gnawvs,2026-05-02 22:27 UTC,3049,,,,,,,,,,,,,,
Godtripper,2026-05-02 22:27 UTC,393337,,,,,,,,,,,,,,
Grupo Primer Grado,2026-05-02 22:27 UTC,2624041,,,,,,,,,,,,,,
H. Hawkline,2026-05-02 22:27 UTC,213867,,,,,,,,,,,,,,
Harrd Luck,2026-05-02 22:27 UTC,108940,,,,,,,,,,,,,,
HittMan,2026-05-02 22:27 UTC,30283,,,,,,,,,,,,,,
Iguana Death Cult,2026-05-02 22:27 UTC,71623,,,,,,,,,,,,,,
Indeevar,2026-05-02 22:27 UTC,3690970,,,,,,,,,,,,,,
Indigo De Souza,2026-05-02 22:27 UTC,1720967,,,,,,,,,,,,,,
Infinity Song,2026-05-02 22:27 UTC,955597,,,,,,,,,,,,,,
isa in eutopia,2026-05-02 22:27 UTC,38443,,,,,,,,,,,,,,
JADA,2026-05-02 22:27 UTC,33820,,,,,,,,,,,,,,
Jadasea,2026-05-02 22:27 UTC,157549,,,,,,,,,,,,,,
jalda,2026-05-02 22:27 UTC,63770,,,,,,,,,,,,,,
Jimmy Butler,2026-05-02 22:27 UTC,66875,,,,,,,,,,,,,,
JJerome87,2026-05-02 22:27 UTC,380685,,,,,,,,,,,,,,
Joy Rhodes,2026-05-02 22:27 UTC,711209,,,,,,,,,,,,,,
Juju,2026-05-02 22:27 UTC,3105565,,,,,,,,,,,,,,
Julia Church,2026-05-02 22:27 UTC,4350263,,,,,,,,,,,,,,
Julie Williams,2026-05-02 22:27 UTC,134520,,,,,,,,,,,,,,
JussGigi,2026-05-02 22:27 UTC,0,,,,,,,,,,,,,,
Kala,2026-05-02 22:27 UTC,0,,,,,,,,,,,,,,
Karly Bowman,2026-05-02 22:27 UTC,166980,,,,,,,,,,,,,,
Khaled,2026-05-02 22:27 UTC,2179785,,,,,,,,,,,,,,
Khan Saab,2026-05-02 22:27 UTC,11889692,,,,,,,,,,,,,,
King Kylie,2026-05-02 22:27 UTC,1021797,,,,,,,,,,,,,,
KINGH,2026-05-02 22:27 UTC,125883,,,,,,,,,,,,,,
Koilwood,2026-05-02 22:27 UTC,61715,,,,,,,,,,,,,,
KUČKA,2026-05-02 22:27 UTC,1144832,,,,,,,,,,,,,,
Kurdi Klymax,2026-05-02 22:27 UTC,20334,,,,,,,,,,,,,,
kuru,2026-05-02 22:27 UTC,259096,,,,,,,,,,,,,,
Lamb,2026-05-02 22:27 UTC,220143,,,,,,,,,,,,,,
ledysek,2026-05-02 22:27 UTC,16025,,,,,,,,,,,,,,
Lerado Khalil,2026-05-02 22:27 UTC,106029,,,,,,,,,,,,,,
Les Imprimés,2026-05-02 22:27 UTC,141362,,,,,,,,,,,,,,
Lightris,2026-05-02 22:27 UTC,757655,,,,,,,,,,,,,,
Lil B,2026-05-02 22:27 UTC,1756487,,,,,,,,,,,,,,
Lil Righteous,2026-05-02 22:27 UTC,0,,,,,,,,,,,,,,
Loui Henderson,2026-05-02 22:27 UTC,165231,,,,,,,,,,,,,,
Luke Armstrong,2026-05-02 22:27 UTC,6957,,,,,,,,,,,,,,
M4IA,2026-05-02 22:27 UTC,175741,,,,,,,,,,,,,,
MAGIC SOUND WOLF,2026-05-02 22:27 UTC,637643,,,,,,,,,,,,,,
Malcolm Todd,2026-05-02 22:27 UTC,23493593,,,,,,,,,,,,,,
Maphra,2026-05-02 22:27 UTC,1175164,,,,,,,,,,,,,,
marquitos,2026-05-02 22:27 UTC,555798,,,,,,,,,,,,,,
Maviler,2026-05-02 22:27 UTC,748627,,,,,,,,,,,,,,
Merry Lamb Lamb,2026-05-02 22:27 UTC,23797,,,,,,,,,,,,,,
Mijabella Marie,2026-05-02 22:27 UTC,23991,,,,,,,,,,,,,,
MIKE,2026-05-02 22:27 UTC,787827,,,,,,,,,,,,,,
Momo Boyd,2026-05-02 22:27 UTC,2593066,,,,,,,,,,,,,,
Mr Dutt,2026-05-02 22:27 UTC,2244717,,,,,,,,,,,,,,
Mumu Fresh,2026-05-02 22:27 UTC,58944,,,,,,,,,,,,,,
My New Band Believe,2026-05-02 22:27 UTC,244816,,,,,,,,,,,,,,
Naarly,2026-05-02 22:27 UTC,5359223,,,,,,,,,,,,,,
Naod,2026-05-02 22:27 UTC,313385,,,,,,,,,,,,,,
Nickatnite,2026-05-02 22:27 UTC,15424,,,,,,,,,,,,,,
Nine Vicious,2026-05-02 22:27 UTC,1301777,,,,,,,,,,,,,,
nocashfromparents,2026-05-02 22:27 UTC,1002839,,,,,,,,,,,,,,
North West,2026-05-02 22:27 UTC,666809,,,,,,,,,,,,,,
NPD,2026-05-02 22:27 UTC,1570122,,,,,,,,,,,,,,
OK Alva,2026-05-02 22:27 UTC,31158,,,,,,,,,,,,,,
OKI,2026-05-02 22:27 UTC,2511185,,,,,,,,,,,,,,
Olga Myko,2026-05-02 22:27 UTC,2228326,,,,,,,,,,,,,,
Olof Dreijer,2026-05-02 22:27 UTC,77399,,,,,,,,,,,,,,
osa,2026-05-02 22:27 UTC,116467,,,,,,,,,,,,,,
Oxis,2026-05-02 22:27 UTC,273864,,,,,,,,,,,,,,
Pocket,2026-05-02 22:27 UTC,135518,,,,,,,,,,,,,,
Pretty Pinkk,2026-05-02 22:27 UTC,55128,,,,,,,,,,,,,,
Pz',2026-05-02 22:27 UTC,332169,,,,,,,,,,,,,,
Rian Brazil,2026-05-02 22:27 UTC,55491,,,,,,,,,,,,,,
rjtheweirdo,2026-05-02 22:27 UTC,463059,,,,,,,,,,,,,,
Rocket Reese,2026-05-02 22:27 UTC,133260,,,,,,,,,,,,,,
S1RENA,2026-05-02 22:27 UTC,212776,,,,,,,,,,,,,,
Sa!koro,2026-05-02 22:27 UTC,86175,,,,,,,,,,,,,,
Sara Landry,2026-05-02 22:27 UTC,1293571,,,,,,,,,,,,,,
Sébastien Tellier,2026-05-02 22:27 UTC,1506444,,,,,,,,,,,,,,
ShawtyRokk,2026-05-02 22:27 UTC,35409,,,,,,,,,,,,,,
shonci,2026-05-02 22:27 UTC,4458797,,,,,,,,,,,,,,
Slayr,2026-05-02 22:27 UTC,1057275,,,,,,,,,,,,,,
Slayyyter,2026-05-02 22:27 UTC,4417770,,,,,,,,,,,,,,
Slim Jxmmy,2026-05-02 22:27 UTC,37637,,,,,,,,,,,,,,
Sofiane Pamart,2026-05-02 22:27 UTC,4172094,,,,,,,,,,,,,,
Sons of Yusuf,2026-05-02 22:27 UTC,1609705,,,,,,,,,,,,,,
Southsidesilhouette,2026-05-02 22:27 UTC,168711,,,,,,,,,,,,,,
Specialist Moss,2026-05-02 22:27 UTC,611338,,,,,,,,,,,,,,
SPELLLING,2026-05-02 22:27 UTC,99591,,,,,,,,,,,,,,
Sreemani,2026-05-02 22:27 UTC,2625199,,,,,,,,,,,,,,
STELLA LEFTY,2026-05-02 22:27 UTC,7801273,,,,,,,,,,,,,,
Street Fever,2026-05-02 22:27 UTC,189668,,,,,,,,,,,,,,
Sunday Service Choir,2026-05-02 22:27 UTC,425399,,,,,,,,,,,,,,
SURF GANG,2026-05-02 22:27 UTC,648876,,,,,,,,,,,,,,
Swizz Beatz,2026-05-02 22:27 UTC,874075,,,,,,,,,,,,,,
T.O.P,2026-05-02 22:27 UTC,1818778,,,,,,,,,,,,,,
Tabi Gervis,2026-05-02 22:27 UTC,20559,,,,,,,,,,,,,,
Temper City,2026-05-02 22:27 UTC,10166236,,,,,,,,,,,,,,
Tezzus,2026-05-02 22:27 UTC,417152,,,,,,,,,,,,,,
The Long Faces,2026-05-02 22:27 UTC,4432954,,,,,,,,,,,,,,
The Twins,2026-05-02 22:27 UTC,71245,,,,,,,,,,,,,,
THELMA,2026-05-02 22:27 UTC,51771,,,,,,,,,,,,,,
Tiffany Day,2026-05-02 22:27 UTC,1304157,,,,,,,,,,,,,,
Tom Did It,2026-05-02 22:27 UTC,1199484,,,,,,,,,,,,,,
Tom Right,2026-05-02 22:27 UTC,911786,,,,,,,,,,,,,,
TOMORA,2026-05-02 22:27 UTC,903180,,,,,,,,,,,,,,
Trim,2026-05-02 22:27 UTC,2365677,,,,,,,,,,,,,,
Tsatsamis,2026-05-02 22:27 UTC,237344,,,,,,,,,,,,,,
twentythree,2026-05-02 22:27 UTC,1307918,,,,,,,,,,,,,,
TXKUMOON,2026-05-02 22:27 UTC,983302,,,,,,,,,,,,,,
Vaibhav Gupta,2026-05-02 22:27 UTC,2145336,,,,,,,,,,,,,,
waera,2026-05-02 22:27 UTC,232441,,,,,,,,,,,,,,
Warren Roob,2026-05-02 22:27 UTC,529811,,,,,,,,,,,,,,
Welwitschia,2026-05-02 22:27 UTC,984805,,,,,,,,,,,,,,
Will Sass,2026-05-02 22:27 UTC,596409,,,,,,,,,,,,,,
Wtm Solid,2026-05-02 22:27 UTC,12217,,,,,,,,,,,,,,
Yaeger,2026-05-02 22:27 UTC,347801,,,,,,,,,,,,,,
YASP,2026-05-02 22:27 UTC,30198,,,,,,,,,,,,,,
Ye,2026-05-02 22:27 UTC,15777092,,,,,,,,,,,,,,
Yonusa,2026-05-02 22:27 UTC,165056,,,,,,,,,,,,,,
YUNA,2026-05-02 22:27 UTC,1288819,,,,,,,,,,,,,,
Yuyu19,2026-05-02 22:27 UTC,1338449,,,,,,,,,,,,,,
Zycan,2026-05-02 22:27 UTC,1916269,,,,,,,,,,,,,,
drug bug,2026-05-02 22:27 UTC,56535,,,,,,,,,,,,,,
ILYAH,2026-05-02 22:27 UTC,620189,,,,,,,,,,,,,,
Los Brasileros,2026-05-02 22:27 UTC,1487394,,,,,,,,,,,,,,
am7iri,2026-05-02 22:27 UTC,1253762,,,,,,,,,,,,,,
Los Buyer,2026-05-02 22:27 UTC,848031,,,,,,,,,,,,,,
Pikeras,2026-05-02 22:27 UTC,1274951,,,,,,,,,,,,,,
Heitor Santos,2026-05-02 22:27 UTC,1810870,,,,,,,,,,,,,,
Melly,2026-05-02 22:27 UTC,938517,,,,,,,,,,,,,,
OT The Real,2026-05-02 22:27 UTC,221007,,,,,,,,,,,,,,
Big Papa313,2026-05-02 22:27 UTC,1728996,,,,,,,,,,,,,,
kortani,2026-05-02 22:27 UTC,403864,,,,,,,,,,,,,,
daydreamers,2026-05-02 22:27 UTC,260747,,,,,,,,,,,,,,
Amma,2026-05-02 22:27 UTC,1024845,,,,,,,,,,,,,,
IngaRose,2026-05-02 22:27 UTC,1675082,,,,,,,,,,,,,,
FRIDAY*,2026-05-02 22:27 UTC,9533,,,,,,,,,,,,,,
aoif3,2026-05-02 22:27 UTC,1049,,,,,,,,,,,,,,
Uche,2026-05-02 22:27 UTC,23212,,,,,,,,,,,,,,
Maxx Moor,2026-05-02 22:27 UTC,495,,,,,,,,,,,,,,
Swethings,2026-05-02 22:27 UTC,28297,,,,,,,,,,,,,,
22xlstl,2026-05-02 22:27 UTC,247623,,,,,,,,,,,,,,
Greg Gonzales,2026-05-02 22:27 UTC,2268097,,,,,,,,,,,,,,
Lyla George,2026-05-02 22:27 UTC,250402,,,,,,,,,,,,,,
Marlo Rex,2026-05-02 22:27 UTC,1217808,,,,,,,,,,,,,,
Cobrah,2026-05-02 22:27 UTC,2335852,,,,,,,,,,,,,,
Asha Banks,2026-05-02 22:27 UTC,276234,,,,,,,,,,,,,,
Stanclickin,2026-05-02 22:27 UTC,28463,,,,,,,,,,,,,,
Ebony Riley,2026-05-02 22:27 UTC,132508,,,,,,,,,,,,,,
Knut€,2026-05-02 22:27 UTC,24800,,,,,,,,,,,,,,
SALIMATA,2026-05-02 22:27 UTC,395826,,,,,,,,,,,,,,
Tracy,2026-05-02 22:27 UTC,402249,,,,,,,,,,,,,,
GENER8ION,2026-05-02 22:27 UTC,806786,,,,,,,,,,,,,,
BJOERN,2026-05-02 22:27 UTC,405124,,,,,,,,,,,,,,
Olwin,2026-05-02 22:27 UTC,32575,,,,,,,,,,,,,,
Fred Durst,2026-05-02 22:27 UTC,1507357,,,,,,,,,,,,,,
Twoske,2026-05-02 22:27 UTC,52966,,,,,,,,,,,,,,
Los Gofiones,2026-05-02 22:27 UTC,956979,,,,,,,,,,,,,,
Chase Belly,2026-05-02 22:27 UTC,277092,,,,,,,,,,,,,,
CDB,2026-05-02 22:27 UTC,2778463,,,,,,,,,,,,,,
Cornfed Ted,2026-05-02 22:27 UTC,13748,,,,,,,,,,,,,,
Claar,2026-05-02 22:27 UTC,24098,,,,,,,,,,,,,,
KARLEE GIRL,2026-05-02 22:27 UTC,525261,,,,,,,,,,,,,,
Warhol.SS,2026-05-02 22:27 UTC,581631,,,,,,,,,,,,,,
Lola Blue,2026-05-02 22:27 UTC,115495,,,,,,,,,,,,,,
AZIEDOESNTEXIST,2026-05-02 22:27 UTC,403053,,,,,,,,,,,,,,
Eliah Sternhardt,2026-05-02 22:27 UTC,212731,,,,,,,,,,,,,,
$t3PPA,2026-05-03 22:28 UTC,142125,,,,,,,,,,,,,,
1 Umbrella,2026-05-03 22:28 UTC,231254,,,,,,,,,,,,,,
318dman,2026-05-03 22:28 UTC,153672,,,,,,,,,,,,,,
A2ANTI,2026-05-03 22:28 UTC,1258246,,,,,,,,,,,,,,
Addison Dean,2026-05-03 22:28 UTC,7476,,,,,,,,,,,,,,
Aksomaniac,2026-05-03 22:28 UTC,1869172,,,,,,,,,,,,,,
Andre Troutman,2026-05-03 22:28 UTC,6901746,,,,,,,,,,,,,,
Angine de Poitrine,2026-05-03 22:28 UTC,2410490,,,,,,,,,,,,,,
Anik Khan,2026-05-03 22:28 UTC,194888,,,,,,,,,,,,,,
AQUAFINNA,2026-05-03 22:28 UTC,23837,,,,,,,,,,,,,,
Biggs money,2026-05-03 22:28 UTC,34499,,,,,,,,,,,,,,
Boi-1da,2026-05-03 22:28 UTC,647022,,,,,,,,,,,,,,
BossMan Pac,2026-05-03 22:28 UTC,124480,,,,,,,,,,,,,,
Brittany Aldean,2026-05-03 22:28 UTC,295352,,,,,,,,,,,,,,
Bryan Countach,2026-05-03 22:28 UTC,229199,,,,,,,,,,,,,,
Canada Soccer,2026-05-03 22:28 UTC,622961,,,,,,,,,,,,,,
Canyon,2026-05-03 22:28 UTC,37068,,,,,,,,,,,,,,
Cap1talA,2026-05-03 22:28 UTC,249777,,,,,,,,,,,,,,
Carter Faith,2026-05-03 22:28 UTC,3568707,,,,,,,,,,,,,,
Che,2026-05-03 22:28 UTC,1221363,,,,,,,,,,,,,,
Chyno Miranda,2026-05-03 22:28 UTC,2078032,,,,,,,,,,,,,,
Corridos del Rey,2026-05-03 22:28 UTC,1458593,,,,,,,,,,,,,,
Dale Move,2026-05-03 22:28 UTC,177174,,,,,,,,,,,,,,
Daniel Žižka,2026-05-03 22:28 UTC,130889,,,,,,,,,,,,,,
Dante,2026-05-03 22:28 UTC,526962,,,,,,,,,,,,,,
Dean Turnley,2026-05-03 22:28 UTC,1495855,,,,,,,,,,,,,,
Delta Ash,2026-05-03 22:28 UTC,489791,,,,,,,,,,,,,,
DETO BLACK,2026-05-03 22:28 UTC,527752,,,,,,,,,,,,,,
Devault,2026-05-03 22:28 UTC,2766407,,,,,,,,,,,,,,
Dexter and The Moonrocks,2026-05-03 22:28 UTC,6660370,,,,,,,,,,,,,,
diamond*,2026-05-03 22:28 UTC,369875,,,,,,,,,,,,,,
Diana Pilquist,2026-05-03 22:28 UTC,3165,,,,,,,,,,,,,,
DJ B7 o Piranhão,2026-05-03 22:28 UTC,2819454,,,,,,,,,,,,,,
DJ Holiday,2026-05-03 22:28 UTC,196478,,,,,,,,,,,,,,
dóttir.x,2026-05-03 22:28 UTC,76476,,,,,,,,,,,,,,
Druski,2026-05-03 22:28 UTC,1306130,,,,,,,,,,,,,,
Dubioza Kolektive,2026-05-03 22:28 UTC,557753,,,,,,,,,,,,,,
dunderjeppe,2026-05-03 22:28 UTC,28157,,,,,,,,,,,,,,
Duskydemise archive,2026-05-03 22:28 UTC,404140,,,,,,,,,,,,,,
Duygu Edis,2026-05-03 22:28 UTC,2538907,,,,,,,,,,,,,,
Dwarde,2026-05-03 22:28 UTC,18880,,,,,,,,,,,,,,
EA TJ,2026-05-03 22:28 UTC,52895,,,,,,,,,,,,,,
EL DEMOON,2026-05-03 22:28 UTC,58286,,,,,,,,,,,,,,
Emanazul,2026-05-03 22:28 UTC,565509,,,,,,,,,,,,,,
Emelie Trahan,2026-05-03 22:28 UTC,98940,,,,,,,,,,,,,,
EMJIE,2026-05-03 22:28 UTC,218217,,,,,,,,,,,,,,
ERISTHEPLANET,2026-05-03 22:28 UTC,66270,,,,,,,,,,,,,,
F3miii,2026-05-03 22:28 UTC,4662072,,,,,,,,,,,,,,
Fcukers,2026-05-03 22:28 UTC,2086218,,,,,,,,,,,,,,
FIFA Sound,2026-05-03 22:28 UTC,2650170,,,,,,,,,,,,,,
FLO,2026-05-03 22:28 UTC,3501304,,,,,,,,,,,,,,
Frost Children,2026-05-03 22:28 UTC,557175,,,,,,,,,,,,,,
frozz,2026-05-03 22:28 UTC,1009986,,,,,,,,,,,,,,
G3B,2026-05-03 22:28 UTC,155432,,,,,,,,,,,,,,
Ghetto Beisha,2026-05-03 22:28 UTC,56347,,,,,,,,,,,,,,
Ghostfacekush,2026-05-03 22:28 UTC,77946,,,,,,,,,,,,,,
Girl Scout,2026-05-03 22:28 UTC,107771,,,,,,,,,,,,,,
girl_irl,2026-05-03 22:28 UTC,110286,,,,,,,,,,,,,,
girlsweetvoiced,2026-05-03 22:28 UTC,738769,,,,,,,,,,,,,,
Glizzy Glow,2026-05-03 22:28 UTC,14990,,,,,,,,,,,,,,
gnawvs,2026-05-03 22:28 UTC,3037,,,,,,,,,,,,,,
Godtripper,2026-05-03 22:28 UTC,399177,,,,,,,,,,,,,,
Grupo Primer Grado,2026-05-03 22:28 UTC,2606941,,,,,,,,,,,,,,
H. Hawkline,2026-05-03 22:28 UTC,216548,,,,,,,,,,,,,,
Harrd Luck,2026-05-03 22:28 UTC,104057,,,,,,,,,,,,,,
HittMan,2026-05-03 22:28 UTC,30538,,,,,,,,,,,,,,
Iguana Death Cult,2026-05-03 22:28 UTC,71455,,,,,,,,,,,,,,
Indeevar,2026-05-03 22:28 UTC,3718230,,,,,,,,,,,,,,
Indigo De Souza,2026-05-03 22:28 UTC,1728590,,,,,,,,,,,,,,
Infinity Song,2026-05-03 22:28 UTC,972738,,,,,,,,,,,,,,
isa in eutopia,2026-05-03 22:28 UTC,39194,,,,,,,,,,,,,,
JADA,2026-05-03 22:28 UTC,34821,,,,,,,,,,,,,,
Jadasea,2026-05-03 22:28 UTC,142206,,,,,,,,,,,,,,
jalda,2026-05-03 22:28 UTC,66954,,,,,,,,,,,,,,
Jimmy Butler,2026-05-03 22:28 UTC,68464,,,,,,,,,,,,,,
JJerome87,2026-05-03 22:28 UTC,389366,,,,,,,,,,,,,,
Joy Rhodes,2026-05-03 22:28 UTC,731378,,,,,,,,,,,,,,
Juju,2026-05-03 22:28 UTC,3122689,,,,,,,,,,,,,,
Julia Church,2026-05-03 22:28 UTC,4374840,,,,,,,,,,,,,,
Julie Williams,2026-05-03 22:28 UTC,136923,,,,,,,,,,,,,,
JussGigi,2026-05-03 22:28 UTC,0,,,,,,,,,,,,,,
Kala,2026-05-03 22:28 UTC,0,,,,,,,,,,,,,,
Karly Bowman,2026-05-03 22:28 UTC,167109,,,,,,,,,,,,,,
Khaled,2026-05-03 22:28 UTC,2156538,,,,,,,,,,,,,,
Khan Saab,2026-05-03 22:28 UTC,11769040,,,,,,,,,,,,,,
King Kylie,2026-05-03 22:28 UTC,985683,,,,,,,,,,,,,,
KINGH,2026-05-03 22:28 UTC,125905,,,,,,,,,,,,,,
Koilwood,2026-05-03 22:28 UTC,62363,,,,,,,,,,,,,,
KUČKA,2026-05-03 22:28 UTC,1107420,,,,,,,,,,,,,,
Kurdi Klymax,2026-05-03 22:28 UTC,20446,,,,,,,,,,,,,,
kuru,2026-05-03 22:28 UTC,261512,,,,,,,,,,,,,,
Lamb,2026-05-03 22:28 UTC,215538,,,,,,,,,,,,,,
ledysek,2026-05-03 22:28 UTC,16004,,,,,,,,,,,,,,
Lerado Khalil,2026-05-03 22:28 UTC,98308,,,,,,,,,,,,,,
Les Imprimés,2026-05-03 22:28 UTC,142286,,,,,,,,,,,,,,
Lightris,2026-05-03 22:28 UTC,753350,,,,,,,,,,,,,,
Lil B,2026-05-03 22:28 UTC,1796916,,,,,,,,,,,,,,
Lil Righteous,2026-05-03 22:28 UTC,0,,,,,,,,,,,,,,
Loui Henderson,2026-05-03 22:28 UTC,170431,,,,,,,,,,,,,,
Luke Armstrong,2026-05-03 22:28 UTC,7189,,,,,,,,,,,,,,
M4IA,2026-05-03 22:28 UTC,162178,,,,,,,,,,,,,,
MAGIC SOUND WOLF,2026-05-03 22:28 UTC,644652,,,,,,,,,,,,,,
Malcolm Todd,2026-05-03 22:28 UTC,23709041,,,,,,,,,,,,,,
Maphra,2026-05-03 22:28 UTC,1195537,,,,,,,,,,,,,,
marquitos,2026-05-03 22:28 UTC,541550,,,,,,,,,,,,,,
Maviler,2026-05-03 22:28 UTC,724396,,,,,,,,,,,,,,
Merry Lamb Lamb,2026-05-03 22:28 UTC,23947,,,,,,,,,,,,,,
Mijabella Marie,2026-05-03 22:28 UTC,24105,,,,,,,,,,,,,,
MIKE,2026-05-03 22:28 UTC,773528,,,,,,,,,,,,,,
Momo Boyd,2026-05-03 22:28 UTC,2594856,,,,,,,,,,,,,,
Mr Dutt,2026-05-03 22:28 UTC,2225868,,,,,,,,,,,,,,
Mumu Fresh,2026-05-03 22:28 UTC,59685,,,,,,,,,,,,,,
My New Band Believe,2026-05-03 22:28 UTC,246911,,,,,,,,,,,,,,
Naarly,2026-05-03 22:28 UTC,5375355,,,,,,,,,,,,,,
Naod,2026-05-03 22:28 UTC,317690,,,,,,,,,,,,,,
Nickatnite,2026-05-03 22:28 UTC,15507,,,,,,,,,,,,,,
Nine Vicious,2026-05-03 22:28 UTC,1291745,,,,,,,,,,,,,,
nocashfromparents,2026-05-03 22:28 UTC,997125,,,,,,,,,,,,,,
North West,2026-05-03 22:28 UTC,739694,,,,,,,,,,,,,,
NPD,2026-05-03 22:28 UTC,1556179,,,,,,,,,,,,,,
OK Alva,2026-05-03 22:28 UTC,32681,,,,,,,,,,,,,,
OKI,2026-05-03 22:28 UTC,2528390,,,,,,,,,,,,,,
Olga Myko,2026-05-03 22:28 UTC,2245764,,,,,,,,,,,,,,
Olof Dreijer,2026-05-03 22:28 UTC,77542,,,,,,,,,,,,,,
osa,2026-05-03 22:28 UTC,117596,,,,,,,,,,,,,,
Oxis,2026-05-03 22:28 UTC,284844,,,,,,,,,,,,,,
Pocket,2026-05-03 22:28 UTC,137359,,,,,,,,,,,,,,
Pretty Pinkk,2026-05-03 22:28 UTC,56353,,,,,,,,,,,,,,
Pz',2026-05-03 22:28 UTC,332301,,,,,,,,,,,,,,
Rian Brazil,2026-05-03 22:28 UTC,55471,,,,,,,,,,,,,,
rjtheweirdo,2026-05-03 22:28 UTC,470549,,,,,,,,,,,,,,
Rocket Reese,2026-05-03 22:28 UTC,133117,,,,,,,,,,,,,,
S1RENA,2026-05-03 22:28 UTC,208538,,,,,,,,,,,,,,
Sa!koro,2026-05-03 22:28 UTC,86707,,,,,,,,,,,,,,
Sara Landry,2026-05-03 22:28 UTC,1292665,,,,,,,,,,,,,,
Sébastien Tellier,2026-05-03 22:28 UTC,1524915,,,,,,,,,,,,,,
ShawtyRokk,2026-05-03 22:28 UTC,35671,,,,,,,,,,,,,,
shonci,2026-05-03 22:28 UTC,4541922,,,,,,,,,,,,,,
Slayr,2026-05-03 22:28 UTC,1047024,,,,,,,,,,,,,,
Slayyyter,2026-05-03 22:28 UTC,4447312,,,,,,,,,,,,,,
Slim Jxmmy,2026-05-03 22:28 UTC,37584,,,,,,,,,,,,,,
Sofiane Pamart,2026-05-03 22:28 UTC,4208068,,,,,,,,,,,,,,
Sons of Yusuf,2026-05-03 22:28 UTC,1589527,,,,,,,,,,,,,,
Southsidesilhouette,2026-05-03 22:28 UTC,169273,,,,,,,,,,,,,,
Specialist Moss,2026-05-03 22:28 UTC,613090,,,,,,,,,,,,,,
SPELLLING,2026-05-03 22:28 UTC,100519,,,,,,,,,,,,,,
Sreemani,2026-05-03 22:28 UTC,2632304,,,,,,,,,,,,,,
STELLA LEFTY,2026-05-03 22:28 UTC,8119659,,,,,,,,,,,,,,
Street Fever,2026-05-03 22:28 UTC,190832,,,,,,,,,,,,,,
Sunday Service Choir,2026-05-03 22:28 UTC,422911,,,,,,,,,,,,,,
SURF GANG,2026-05-03 22:28 UTC,625257,,,,,,,,,,,,,,
Swizz Beatz,2026-05-03 22:28 UTC,837087,,,,,,,,,,,,,,
T.O.P,2026-05-03 22:28 UTC,1797063,,,,,,,,,,,,,,
Tabi Gervis,2026-05-03 22:28 UTC,20229,,,,,,,,,,,,,,
Temper City,2026-05-03 22:28 UTC,10642604,,,,,,,,,,,,,,
Tezzus,2026-05-03 22:28 UTC,420459,,,,,,,,,,,,,,
The Long Faces,2026-05-03 22:28 UTC,4468458,,,,,,,,,,,,,,
The Twins,2026-05-03 22:28 UTC,70991,,,,,,,,,,,,,,
THELMA,2026-05-03 22:28 UTC,52791,,,,,,,,,,,,,,
Tiffany Day,2026-05-03 22:28 UTC,1303233,,,,,,,,,,,,,,
Tom Did It,2026-05-03 22:28 UTC,1198355,,,,,,,,,,,,,,
Tom Right,2026-05-03 22:28 UTC,941624,,,,,,,,,,,,,,
TOMORA,2026-05-03 22:28 UTC,899077,,,,,,,,,,,,,,
Trim,2026-05-03 22:28 UTC,2353219,,,,,,,,,,,,,,
Tsatsamis,2026-05-03 22:28 UTC,228943,,,,,,,,,,,,,,
twentythree,2026-05-03 22:28 UTC,1296236,,,,,,,,,,,,,,
TXKUMOON,2026-05-03 22:28 UTC,1000331,,,,,,,,,,,,,,
Vaibhav Gupta,2026-05-03 22:28 UTC,2105037,,,,,,,,,,,,,,
waera,2026-05-03 22:28 UTC,228822,,,,,,,,,,,,,,
Warren Roob,2026-05-03 22:28 UTC,502291,,,,,,,,,,,,,,
Welwitschia,2026-05-03 22:28 UTC,977825,,,,,,,,,,,,,,
Will Sass,2026-05-03 22:28 UTC,597456,,,,,,,,,,,,,,
Wtm Solid,2026-05-03 22:28 UTC,11753,,,,,,,,,,,,,,
Yaeger,2026-05-03 22:28 UTC,350577,,,,,,,,,,,,,,
YASP,2026-05-03 22:28 UTC,30593,,,,,,,,,,,,,,
Ye,2026-05-03 22:28 UTC,15169138,,,,,,,,,,,,,,
Yonusa,2026-05-03 22:28 UTC,153672,,,,,,,,,,,,,,
YUNA,2026-05-03 22:28 UTC,1276495,,,,,,,,,,,,,,
Yuyu19,2026-05-03 22:28 UTC,1350900,,,,,,,,,,,,,,
Zycan,2026-05-03 22:28 UTC,1839242,,,,,,,,,,,,,,
drug bug,2026-05-03 22:28 UTC,57020,,,,,,,,,,,,,,
ILYAH,2026-05-03 22:28 UTC,634420,,,,,,,,,,,,,,
Los Brasileros,2026-05-03 22:28 UTC,1525969,,,,,,,,,,,,,,
am7iri,2026-05-03 22:28 UTC,1310195,,,,,,,,,,,,,,
Los Buyer,2026-05-03 22:28 UTC,887253,,,,,,,,,,,,,,
Pikeras,2026-05-03 22:28 UTC,1314114,,,,,,,,,,,,,,
Heitor Santos,2026-05-03 22:28 UTC,1878209,,,,,,,,,,,,,,
Melly,2026-05-03 22:28 UTC,948637,,,,,,,,,,,,,,
OT The Real,2026-05-03 22:28 UTC,223134,,,,,,,,,,,,,,
Big Papa313,2026-05-03 22:28 UTC,1760527,,,,,,,,,,,,,,
kortani,2026-05-03 22:28 UTC,410185,,,,,,,,,,,,,,
daydreamers,2026-05-03 22:28 UTC,264079,,,,,,,,,,,,,,
Amma,2026-05-03 22:28 UTC,1068118,,,,,,,,,,,,,,
IngaRose,2026-05-03 22:28 UTC,1741325,,,,,,,,,,,,,,
FRIDAY*,2026-05-03 22:28 UTC,9533,,,,,,,,,,,,,,
aoif3,2026-05-03 22:28 UTC,1041,,,,,,,,,,,,,,
Uche,2026-05-03 22:28 UTC,23511,,,,,,,,,,,,,,
Maxx Moor,2026-05-03 22:28 UTC,494,,,,,,,,,,,,,,
Swethings,2026-05-03 22:28 UTC,30290,,,,,,,,,,,,,,
22xlstl,2026-05-03 22:28 UTC,265727,,,,,,,,,,,,,,
Greg Gonzales,2026-05-03 22:28 UTC,2441487,,,,,,,,,,,,,,
Lyla George,2026-05-03 22:28 UTC,274583,,,,,,,,,,,,,,
Marlo Rex,2026-05-03 22:28 UTC,1235043,,,,,,,,,,,,,,
Cobrah,2026-05-03 22:28 UTC,2361463,,,,,,,,,,,,,,
Asha Banks,2026-05-03 22:28 UTC,285066,,,,,,,,,,,,,,
Stanclickin,2026-05-03 22:28 UTC,28539,,,,,,,,,,,,,,
Ebony Riley,2026-05-03 22:28 UTC,140873,,,,,,,,,,,,,,
Knut€,2026-05-03 22:28 UTC,25194,,,,,,,,,,,,,,
SALIMATA,2026-05-03 22:28 UTC,412367,,,,,,,,,,,,,,
Tracy,2026-05-03 22:28 UTC,412865,,,,,,,,,,,,,,
GENER8ION,2026-05-03 22:28 UTC,916695,,,,,,,,,,,,,,
BJOERN,2026-05-03 22:28 UTC,423586,,,,,,,,,,,,,,
Olwin,2026-05-03 22:28 UTC,34671,,,,,,,,,,,,,,
Fred Durst,2026-05-03 22:28 UTC,1557660,,,,,,,,,,,,,,
Twoske,2026-05-03 22:28 UTC,54092,,,,,,,,,,,,,,
Los Gofiones,2026-05-03 22:28 UTC,1018287,,,,,,,,,,,,,,
Chase Belly,2026-05-03 22:28 UTC,284365,,,,,,,,,,,,,,
CDB,2026-05-03 22:28 UTC,2914498,,,,,,,,,,,,,,
Cornfed Ted,2026-05-03 22:28 UTC,14033,,,,,,,,,,,,,,
Claar,2026-05-03 22:28 UTC,24718,,,,,,,,,,,,,,
KARLEE GIRL,2026-05-03 22:28 UTC,557778,,,,,,,,,,,,,,
Warhol.SS,2026-05-03 22:28 UTC,581751,,,,,,,,,,,,,,
Lola Blue,2026-05-03 22:28 UTC,115918,,,,,,,,,,,,,,
AZIEDOESNTEXIST,2026-05-03 22:28 UTC,436632,,,,,,,,,,,,,,
Eliah Sternhardt,2026-05-03 22:28 UTC,222727,,,,,,,,,,,,,,
$t3PPA,2026-05-04 22:45 UTC,142583,,,,,,,,,,,,,,
1 Umbrella,2026-05-04 22:45 UTC,231561,,,,,,,,,,,,,,
318dman,2026-05-04 22:45 UTC,157999,,,,,,,,,,,,,,
A2ANTI,2026-05-04 22:45 UTC,1238229,,,,,,,,,,,,,,
Addison Dean,2026-05-04 22:45 UTC,7529,,,,,,,,,,,,,,
Aksomaniac,2026-05-04 22:45 UTC,1930989,,,,,,,,,,,,,,
Andre Troutman,2026-05-04 22:45 UTC,6600229,,,,,,,,,,,,,,
Angine de Poitrine,2026-05-04 22:45 UTC,2382049,,,,,,,,,,,,,,
Anik Khan,2026-05-04 22:45 UTC,196170,,,,,,,,,,,,,,
AQUAFINNA,2026-05-04 22:45 UTC,23661,,,,,,,,,,,,,,
Biggs money,2026-05-04 22:45 UTC,34945,,,,,,,,,,,,,,
Boi-1da,2026-05-04 22:45 UTC,651772,,,,,,,,,,,,,,
BossMan Pac,2026-05-04 22:45 UTC,124192,,,,,,,,,,,,,,
Brittany Aldean,2026-05-04 22:45 UTC,297105,,,,,,,,,,,,,,
Bryan Countach,2026-05-04 22:45 UTC,225067,,,,,,,,,,,,,,
Canada Soccer,2026-05-04 22:45 UTC,636445,,,,,,,,,,,,,,
Canyon,2026-05-04 22:45 UTC,36298,,,,,,,,,,,,,,
Cap1talA,2026-05-04 22:45 UTC,251001,,,,,,,,,,,,,,
Carter Faith,2026-05-04 22:45 UTC,3626899,,,,,,,,,,,,,,
Che,2026-05-04 22:45 UTC,1218707,,,,,,,,,,,,,,
Chyno Miranda,2026-05-04 22:45 UTC,2108240,,,,,,,,,,,,,,
Corridos del Rey,2026-05-04 22:45 UTC,1468905,,,,,,,,,,,,,,
Dale Move,2026-05-04 22:45 UTC,174493,,,,,,,,,,,,,,
Daniel Žižka,2026-05-04 22:45 UTC,132286,,,,,,,,,,,,,,
Dante,2026-05-04 22:45 UTC,513996,,,,,,,,,,,,,,
Dean Turnley,2026-05-04 22:45 UTC,1500052,,,,,,,,,,,,,,
Delta Ash,2026-05-04 22:45 UTC,492651,,,,,,,,,,,,,,
DETO BLACK,2026-05-04 22:45 UTC,539616,,,,,,,,,,,,,,
Devault,2026-05-04 22:45 UTC,2798449,,,,,,,,,,,,,,
Dexter and The Moonrocks,2026-05-04 22:45 UTC,6793903,,,,,,,,,,,,,,
diamond*,2026-05-04 22:45 UTC,370850,,,,,,,,,,,,,,
Diana Pilquist,2026-05-04 22:45 UTC,3231,,,,,,,,,,,,,,
DJ B7 o Piranhão,2026-05-04 22:45 UTC,2928575,,,,,,,,,,,,,,
DJ Holiday,2026-05-04 22:45 UTC,197510,,,,,,,,,,,,,,
dóttir.x,2026-05-04 22:45 UTC,76766,,,,,,,,,,,,,,
Druski,2026-05-04 22:45 UTC,1319720,,,,,,,,,,,,,,
Dubioza Kolektive,2026-05-04 22:45 UTC,543488,,,,,,,,,,,,,,
dunderjeppe,2026-05-04 22:45 UTC,27592,,,,,,,,,,,,,,
Duskydemise archive,2026-05-04 22:45 UTC,404932,,,,,,,,,,,,,,
Duygu Edis,2026-05-04 22:45 UTC,2483843,,,,,,,,,,,,,,
Dwarde,2026-05-04 22:45 UTC,18929,,,,,,,,,,,,,,
EA TJ,2026-05-04 22:45 UTC,53258,,,,,,,,,,,,,,
EL DEMOON,2026-05-04 22:45 UTC,58060,,,,,,,,,,,,,,
Emanazul,2026-05-04 22:45 UTC,573291,,,,,,,,,,,,,,
Emelie Trahan,2026-05-04 22:45 UTC,94710,,,,,,,,,,,,,,
EMJIE,2026-05-04 22:45 UTC,218447,,,,,,,,,,,,,,
ERISTHEPLANET,2026-05-04 22:45 UTC,67058,,,,,,,,,,,,,,
F3miii,2026-05-04 22:45 UTC,4872518,,,,,,,,,,,,,,
Fcukers,2026-05-04 22:45 UTC,2085333,,,,,,,,,,,,,,
FIFA Sound,2026-05-04 22:45 UTC,2651553,,,,,,,,,,,,,,
FLO,2026-05-04 22:45 UTC,3497825,,,,,,,,,,,,,,
Frost Children,2026-05-04 22:45 UTC,557390,,,,,,,,,,,,,,
frozz,2026-05-04 22:45 UTC,999899,,,,,,,,,,,,,,
G3B,2026-05-04 22:45 UTC,157035,,,,,,,,,,,,,,
Ghetto Beisha,2026-05-04 22:45 UTC,57179,,,,,,,,,,,,,,
Ghostfacekush,2026-05-04 22:45 UTC,78802,,,,,,,,,,,,,,
Girl Scout,2026-05-04 22:45 UTC,106206,,,,,,,,,,,,,,
girl_irl,2026-05-04 22:45 UTC,109606,,,,,,,,,,,,,,
girlsweetvoiced,2026-05-04 22:45 UTC,720105,,,,,,,,,,,,,,
Glizzy Glow,2026-05-04 22:45 UTC,15204,,,,,,,,,,,,,,
gnawvs,2026-05-04 22:45 UTC,3043,,,,,,,,,,,,,,
Godtripper,2026-05-04 22:45 UTC,404051,,,,,,,,,,,,,,
Grupo Primer Grado,2026-05-04 22:45 UTC,2591998,,,,,,,,,,,,,,
H. Hawkline,2026-05-04 22:45 UTC,218723,,,,,,,,,,,,,,
Harrd Luck,2026-05-04 22:45 UTC,99729,,,,,,,,,,,,,,
HittMan,2026-05-04 22:45 UTC,30753,,,,,,,,,,,,,,
Iguana Death Cult,2026-05-04 22:45 UTC,71613,,,,,,,,,,,,,,
Indeevar,2026-05-04 22:45 UTC,3766625,,,,,,,,,,,,,,
Indigo De Souza,2026-05-04 22:45 UTC,1733499,,,,,,,,,,,,,,
Infinity Song,2026-05-04 22:45 UTC,985172,,,,,,,,,,,,,,
isa in eutopia,2026-05-04 22:45 UTC,39697,,,,,,,,,,,,,,
JADA,2026-05-04 22:45 UTC,35480,,,,,,,,,,,,,,
Jadasea,2026-05-04 22:45 UTC,132889,,,,,,,,,,,,,,
jalda,2026-05-04 22:45 UTC,68978,,,,,,,,,,,,,,
Jimmy Butler,2026-05-04 22:45 UTC,70226,,,,,,,,,,,,,,
JJerome87,2026-05-04 22:45 UTC,395445,,,,,,,,,,,,,,
Joy Rhodes,2026-05-04 22:45 UTC,750153,,,,,,,,,,,,,,
Juju,2026-05-04 22:45 UTC,3130825,,,,,,,,,,,,,,
Julia Church,2026-05-04 22:45 UTC,4393617,,,,,,,,,,,,,,
Julie Williams,2026-05-04 22:45 UTC,138692,,,,,,,,,,,,,,
JussGigi,2026-05-04 22:45 UTC,0,,,,,,,,,,,,,,
Kala,2026-05-04 22:45 UTC,0,,,,,,,,,,,,,,
Karly Bowman,2026-05-04 22:45 UTC,167074,,,,,,,,,,,,,,
Khaled,2026-05-04 22:45 UTC,2135064,,,,,,,,,,,,,,
Khan Saab,2026-05-04 22:45 UTC,11673994,,,,,,,,,,,,,,
King Kylie,2026-05-04 22:45 UTC,954853,,,,,,,,,,,,,,
KINGH,2026-05-04 22:45 UTC,126177,,,,,,,,,,,,,,
Koilwood,2026-05-04 22:45 UTC,62998,,,,,,,,,,,,,,
KUČKA,2026-05-04 22:45 UTC,1078369,,,,,,,,,,,,,,
Kurdi Klymax,2026-05-04 22:45 UTC,20341,,,,,,,,,,,,,,
kuru,2026-05-04 22:45 UTC,263884,,,,,,,,,,,,,,
Lamb,2026-05-04 22:45 UTC,211244,,,,,,,,,,,,,,
ledysek,2026-05-04 22:45 UTC,15986,,,,,,,,,,,,,,
Lerado Khalil,2026-05-04 22:45 UTC,93583,,,,,,,,,,,,,,
Les Imprimés,2026-05-04 22:45 UTC,142665,,,,,,,,,,,,,,
Lightris,2026-05-04 22:45 UTC,748673,,,,,,,,,,,,,,
Lil B,2026-05-04 22:45 UTC,1831793,,,,,,,,,,,,,,
Lil Righteous,2026-05-04 22:45 UTC,0,,,,,,,,,,,,,,
Loui Henderson,2026-05-04 22:45 UTC,173350,,,,,,,,,,,,,,
Luke Armstrong,2026-05-04 22:45 UTC,7400,,,,,,,,,,,,,,
M4IA,2026-05-04 22:45 UTC,149877,,,,,,,,,,,,,,
MAGIC SOUND WOLF,2026-05-04 22:45 UTC,649110,,,,,,,,,,,,,,
Malcolm Todd,2026-05-04 22:45 UTC,23889663,,,,,,,,,,,,,,
Maphra,2026-05-04 22:45 UTC,1201809,,,,,,,,,,,,,,
marquitos,2026-05-04 22:45 UTC,530946,,,,,,,,,,,,,,
Maviler,2026-05-04 22:45 UTC,703472,,,,,,,,,,,,,,
Merry Lamb Lamb,2026-05-04 22:45 UTC,24060,,,,,,,,,,,,,,
Mijabella Marie,2026-05-04 22:45 UTC,24172,,,,,,,,,,,,,,
MIKE,2026-05-04 22:45 UTC,761355,,,,,,,,,,,,,,
Momo Boyd,2026-05-04 22:45 UTC,2591437,,,,,,,,,,,,,,
Mr Dutt,2026-05-04 22:45 UTC,2207301,,,,,,,,,,,,,,
Mumu Fresh,2026-05-04 22:45 UTC,60206,,,,,,,,,,,,,,
My New Band Believe,2026-05-04 22:45 UTC,248628,,,,,,,,,,,,,,
Naarly,2026-05-04 22:45 UTC,5375449,,,,,,,,,,,,,,
Naod,2026-05-04 22:45 UTC,319762,,,,,,,,,,,,,,
Nickatnite,2026-05-04 22:45 UTC,14929,,,,,,,,,,,,,,
Nine Vicious,2026-05-04 22:45 UTC,1280612,,,,,,,,,,,,,,
nocashfromparents,2026-05-04 22:45 UTC,989826,,,,,,,,,,,,,,
North West,2026-05-04 22:45 UTC,795677,,,,,,,,,,,,,,
NPD,2026-05-04 22:45 UTC,1537716,,,,,,,,,,,,,,
OK Alva,2026-05-04 22:45 UTC,34224,,,,,,,,,,,,,,
OKI,2026-05-04 22:45 UTC,2539069,,,,,,,,,,,,,,
Olga Myko,2026-05-04 22:45 UTC,2265160,,,,,,,,,,,,,,
Olof Dreijer,2026-05-04 22:45 UTC,77851,,,,,,,,,,,,,,
osa,2026-05-04 22:45 UTC,119000,,,,,,,,,,,,,,
Oxis,2026-05-04 22:45 UTC,295533,,,,,,,,,,,,,,
Pocket,2026-05-04 22:45 UTC,138803,,,,,,,,,,,,,,
Pretty Pinkk,2026-05-04 22:45 UTC,57194,,,,,,,,,,,,,,
Pz',2026-05-04 22:45 UTC,332943,,,,,,,,,,,,,,
Rian Brazil,2026-05-04 22:45 UTC,55534,,,,,,,,,,,,,,
rjtheweirdo,2026-05-04 22:45 UTC,475765,,,,,,,,,,,,,,
Rocket Reese,2026-05-04 22:45 UTC,132707,,,,,,,,,,,,,,
S1RENA,2026-05-04 22:45 UTC,203065,,,,,,,,,,,,,,
Sa!koro,2026-05-04 22:45 UTC,87231,,,,,,,,,,,,,,
Sara Landry,2026-05-04 22:45 UTC,1293507,,,,,,,,,,,,,,
Sébastien Tellier,2026-05-04 22:45 UTC,1535242,,,,,,,,,,,,,,
ShawtyRokk,2026-05-04 22:45 UTC,35938,,,,,,,,,,,,,,
shonci,2026-05-04 22:45 UTC,4605450,,,,,,,,,,,,,,
Slayr,2026-05-04 22:45 UTC,1039167,,,,,,,,,,,,,,
Slayyyter,2026-05-04 22:45 UTC,4474889,,,,,,,,,,,,,,
Slim Jxmmy,2026-05-04 22:45 UTC,37636,,,,,,,,,,,,,,
Sofiane Pamart,2026-05-04 22:45 UTC,4246877,,,,,,,,,,,,,,
Sons of Yusuf,2026-05-04 22:45 UTC,1567132,,,,,,,,,,,,,,
Southsidesilhouette,2026-05-04 22:45 UTC,170048,,,,,,,,,,,,,,
Specialist Moss,2026-05-04 22:45 UTC,615399,,,,,,,,,,,,,,
SPELLLING,2026-05-04 22:45 UTC,101259,,,,,,,,,,,,,,
Sreemani,2026-05-04 22:45 UTC,2642566,,,,,,,,,,,,,,
STELLA LEFTY,2026-05-04 22:45 UTC,8380075,,,,,,,,,,,,,,
Street Fever,2026-05-04 22:45 UTC,191917,,,,,,,,,,,,,,
Sunday Service Choir,2026-05-04 22:45 UTC,413450,,,,,,,,,,,,,,
SURF GANG,2026-05-04 22:45 UTC,606021,,,,,,,,,,,,,,
Swizz Beatz,2026-05-04 22:45 UTC,798793,,,,,,,,,,,,,,
T.O.P,2026-05-04 22:45 UTC,1783670,,,,,,,,,,,,,,
Tabi Gervis,2026-05-04 22:45 UTC,19434,,,,,,,,,,,,,,
Temper City,2026-05-04 22:45 UTC,11078521,,,,,,,,,,,,,,
Tezzus,2026-05-04 22:45 UTC,422761,,,,,,,,,,,,,,
The Long Faces,2026-05-04 22:45 UTC,4515032,,,,,,,,,,,,,,
The Twins,2026-05-04 22:45 UTC,70703,,,,,,,,,,,,,,
THELMA,2026-05-04 22:45 UTC,53691,,,,,,,,,,,,,,
Tiffany Day,2026-05-04 22:45 UTC,1291812,,,,,,,,,,,,,,
Tom Did It,2026-05-04 22:45 UTC,1193933,,,,,,,,,,,,,,
Tom Right,2026-05-04 22:45 UTC,965935,,,,,,,,,,,,,,
TOMORA,2026-05-04 22:45 UTC,897017,,,,,,,,,,,,,,
Trim,2026-05-04 22:45 UTC,2349063,,,,,,,,,,,,,,
Tsatsamis,2026-05-04 22:45 UTC,223029,,,,,,,,,,,,,,
twentythree,2026-05-04 22:45 UTC,1284631,,,,,,,,,,,,,,
TXKUMOON,2026-05-04 22:45 UTC,1012228,,,,,,,,,,,,,,
Vaibhav Gupta,2026-05-04 22:45 UTC,2070326,,,,,,,,,,,,,,
waera,2026-05-04 22:45 UTC,224086,,,,,,,,,,,,,,
Warren Roob,2026-05-04 22:45 UTC,486438,,,,,,,,,,,,,,
Welwitschia,2026-05-04 22:45 UTC,968178,,,,,,,,,,,,,,
Will Sass,2026-05-04 22:45 UTC,596908,,,,,,,,,,,,,,
Wtm Solid,2026-05-04 22:45 UTC,11185,,,,,,,,,,,,,,
Yaeger,2026-05-04 22:45 UTC,352411,,,,,,,,,,,,,,
YASP,2026-05-04 22:45 UTC,30848,,,,,,,,,,,,,,
Ye,2026-05-04 22:45 UTC,14686029,,,,,,,,,,,,,,
Yonusa,2026-05-04 22:45 UTC,143101,,,,,,,,,,,,,,
YUNA,2026-05-04 22:45 UTC,1259410,,,,,,,,,,,,,,
Yuyu19,2026-05-04 22:45 UTC,1359772,,,,,,,,,,,,,,
Zycan,2026-05-04 22:45 UTC,1758124,,,,,,,,,,,,,,
drug bug,2026-05-04 22:45 UTC,57389,,,,,,,,,,,,,,
ILYAH,2026-05-04 22:45 UTC,646468,,,,,,,,,,,,,,
Los Brasileros,2026-05-04 22:45 UTC,1556422,,,,,,,,,,,,,,
am7iri,2026-05-04 22:45 UTC,1361460,,,,,,,,,,,,,,
Los Buyer,2026-05-04 22:45 UTC,917730,,,,,,,,,,,,,,
Pikeras,2026-05-04 22:45 UTC,1345492,,,,,,,,,,,,,,
Heitor Santos,2026-05-04 22:45 UTC,1931732,,,,,,,,,,,,,,
Melly,2026-05-04 22:45 UTC,955022,,,,,,,,,,,,,,
OT The Real,2026-05-04 22:45 UTC,224840,,,,,,,,,,,,,,
Big Papa313,2026-05-04 22:45 UTC,1785435,,,,,,,,,,,,,,
kortani,2026-05-04 22:45 UTC,415554,,,,,,,,,,,,,,
daydreamers,2026-05-04 22:45 UTC,266093,,,,,,,,,,,,,,
Amma,2026-05-04 22:45 UTC,1105636,,,,,,,,,,,,,,
IngaRose,2026-05-04 22:45 UTC,1802623,,,,,,,,,,,,,,
FRIDAY*,2026-05-04 22:45 UTC,9566,,,,,,,,,,,,,,
aoif3,2026-05-04 22:45 UTC,1032,,,,,,,,,,,,,,
Uche,2026-05-04 22:45 UTC,23546,,,,,,,,,,,,,,
Maxx Moor,2026-05-04 22:45 UTC,498,,,,,,,,,,,,,,
Swethings,2026-05-04 22:45 UTC,31566,,,,,,,,,,,,,,
22xlstl,2026-05-04 22:45 UTC,284832,,,,,,,,,,,,,,
Greg Gonzales,2026-05-04 22:45 UTC,2577990,,,,,,,,,,,,,,
Lyla George,2026-05-04 22:45 UTC,294115,,,,,,,,,,,,,,
Marlo Rex,2026-05-04 22:45 UTC,1250670,,,,,,,,,,,,,,
Cobrah,2026-05-04 22:45 UTC,2382517,,,,,,,,,,,,,,
Asha Banks,2026-05-04 22:45 UTC,291927,,,,,,,,,,,,,,
Stanclickin,2026-05-04 22:45 UTC,28764,,,,,,,,,,,,,,
Ebony Riley,2026-05-04 22:45 UTC,148060,,,,,,,,,,,,,,
Knut€,2026-05-04 22:45 UTC,25740,,,,,,,,,,,,,,
SALIMATA,2026-05-04 22:45 UTC,423424,,,,,,,,,,,,,,
Tracy,2026-05-04 22:45 UTC,421447,,,,,,,,,,,,,,
GENER8ION,2026-05-04 22:45 UTC,1007291,,,,,,,,,,,,,,
BJOERN,2026-05-04 22:45 UTC,439671,,,,,,,,,,,,,,
Olwin,2026-05-04 22:45 UTC,36424,,,,,,,,,,,,,,
Fred Durst,2026-05-04 22:45 UTC,1594403,,,,,,,,,,,,,,
Twoske,2026-05-04 22:45 UTC,55105,,,,,,,,,,,,,,
Los Gofiones,2026-05-04 22:45 UTC,1068373,,,,,,,,,,,,,,
Chase Belly,2026-05-04 22:45 UTC,289807,,,,,,,,,,,,,,
CDB,2026-05-04 22:45 UTC,3035890,,,,,,,,,,,,,,
Cornfed Ted,2026-05-04 22:45 UTC,14282,,,,,,,,,,,,,,
Claar,2026-05-04 22:45 UTC,25131,,,,,,,,,,,,,,
KARLEE GIRL,2026-05-04 22:45 UTC,588544,,,,,,,,,,,,,,
Warhol.SS,2026-05-04 22:45 UTC,581678,,,,,,,,,,,,,,
Lola Blue,2026-05-04 22:45 UTC,115661,,,,,,,,,,,,,,
AZIEDOESNTEXIST,2026-05-04 22:45 UTC,465026,,,,,,,,,,,,,,
Eliah Sternhardt,2026-05-04 22:45 UTC,229004,,,,,,,,,,,,,,
$t3PPA,2026-05-05 22:44 UTC,143315,,,,,,,,,,,,,,
1 Umbrella,2026-05-05 22:44 UTC,231553,,,,,,,,,,,,,,
318dman,2026-05-05 22:44 UTC,161542,,,,,,,,,,,,,,
A2ANTI,2026-05-05 22:44 UTC,1218852,,,,,,,,,,,,,,
Addison Dean,2026-05-05 22:44 UTC,7607,,,,,,,,,,,,,,
Aksomaniac,2026-05-05 22:44 UTC,1976448,,,,,,,,,,,,,,
Andre Troutman,2026-05-05 22:44 UTC,6284658,,,,,,,,,,,,,,
Angine de Poitrine,2026-05-05 22:44 UTC,2350150,,,,,,,,,,,,,,
Anik Khan,2026-05-05 22:44 UTC,197464,,,,,,,,,,,,,,
AQUAFINNA,2026-05-05 22:44 UTC,23354,,,,,,,,,,,,,,
Biggs money,2026-05-05 22:44 UTC,35326,,,,,,,,,,,,,,
Boi-1da,2026-05-05 22:44 UTC,656442,,,,,,,,,,,,,,
BossMan Pac,2026-05-05 22:44 UTC,123576,,,,,,,,,,,,,,
Brittany Aldean,2026-05-05 22:44 UTC,296897,,,,,,,,,,,,,,
Bryan Countach,2026-05-05 22:44 UTC,220610,,,,,,,,,,,,,,
Canada Soccer,2026-05-05 22:44 UTC,651153,,,,,,,,,,,,,,
Canyon,2026-05-05 22:44 UTC,36670,,,,,,,,,,,,,,
Cap1talA,2026-05-05 22:44 UTC,254400,,,,,,,,,,,,,,
Carter Faith,2026-05-05 22:44 UTC,3690405,,,,,,,,,,,,,,
Che,2026-05-05 22:44 UTC,1217316,,,,,,,,,,,,,,
Chyno Miranda,2026-05-05 22:44 UTC,2138949,,,,,,,,,,,,,,
Corridos del Rey,2026-05-05 22:44 UTC,1477560,,,,,,,,,,,,,,
Dale Move,2026-05-05 22:44 UTC,174318,,,,,,,,,,,,,,
Daniel Žižka,2026-05-05 22:44 UTC,133829,,,,,,,,,,,,,,
Dante,2026-05-05 22:44 UTC,498156,,,,,,,,,,,,,,
Dean Turnley,2026-05-05 22:44 UTC,1502522,,,,,,,,,,,,,,
Delta Ash,2026-05-05 22:44 UTC,495748,,,,,,,,,,,,,,
DETO BLACK,2026-05-05 22:44 UTC,550232,,,,,,,,,,,,,,
Devault,2026-05-05 22:44 UTC,2833964,,,,,,,,,,,,,,
Dexter and The Moonrocks,2026-05-05 22:44 UTC,6930606,,,,,,,,,,,,,,
diamond*,2026-05-05 22:44 UTC,372258,,,,,,,,,,,,,,
Diana Pilquist,2026-05-05 22:44 UTC,3345,,,,,,,,,,,,,,
DJ B7 o Piranhão,2026-05-05 22:44 UTC,3024857,,,,,,,,,,,,,,
DJ Holiday,2026-05-05 22:44 UTC,198325,,,,,,,,,,,,,,
dóttir.x,2026-05-05 22:44 UTC,77442,,,,,,,,,,,,,,
Druski,2026-05-05 22:44 UTC,1332916,,,,,,,,,,,,,,
Dubioza Kolektive,2026-05-05 22:44 UTC,531103,,,,,,,,,,,,,,
dunderjeppe,2026-05-05 22:44 UTC,27494,,,,,,,,,,,,,,
Duskydemise archive,2026-05-05 22:44 UTC,406912,,,,,,,,,,,,,,
Duygu Edis,2026-05-05 22:44 UTC,2450886,,,,,,,,,,,,,,
Dwarde,2026-05-05 22:44 UTC,18993,,,,,,,,,,,,,,
EA TJ,2026-05-05 22:44 UTC,53769,,,,,,,,,,,,,,
EL DEMOON,2026-05-05 22:44 UTC,57680,,,,,,,,,,,,,,
Emanazul,2026-05-05 22:44 UTC,581834,,,,,,,,,,,,,,
Emelie Trahan,2026-05-05 22:44 UTC,89937,,,,,,,,,,,,,,
EMJIE,2026-05-05 22:44 UTC,217288,,,,,,,,,,,,,,
ERISTHEPLANET,2026-05-05 22:44 UTC,67858,,,,,,,,,,,,,,
F3miii,2026-05-05 22:44 UTC,5085387,,,,,,,,,,,,,,
Fcukers,2026-05-05 22:44 UTC,2086847,,,,,,,,,,,,,,
FIFA Sound,2026-05-05 22:44 UTC,2671370,,,,,,,,,,,,,,
FLO,2026-05-05 22:44 UTC,3490235,,,,,,,,,,,,,,
Frost Children,2026-05-05 22:44 UTC,558586,,,,,,,,,,,,,,
frozz,2026-05-05 22:44 UTC,1004589,,,,,,,,,,,,,,
G3B,2026-05-05 22:44 UTC,158875,,,,,,,,,,,,,,
Ghetto Beisha,2026-05-05 22:44 UTC,58011,,,,,,,,,,,,,,
Ghostfacekush,2026-05-05 22:44 UTC,80029,,,,,,,,,,,,,,
Girl Scout,2026-05-05 22:44 UTC,104672,,,,,,,,,,,,,,
girl_irl,2026-05-05 22:44 UTC,108629,,,,,,,,,,,,,,
girlsweetvoiced,2026-05-05 22:44 UTC,697847,,,,,,,,,,,,,,
Glizzy Glow,2026-05-05 22:44 UTC,15389,,,,,,,,,,,,,,
gnawvs,2026-05-05 22:44 UTC,3011,,,,,,,,,,,,,,
Godtripper,2026-05-05 22:44 UTC,409363,,,,,,,,,,,,,,
Grupo Primer Grado,2026-05-05 22:44 UTC,2572321,,,,,,,,,,,,,,
H. Hawkline,2026-05-05 22:44 UTC,220908,,,,,,,,,,,,,,
Harrd Luck,2026-05-05 22:44 UTC,95854,,,,,,,,,,,,,,
HittMan,2026-05-05 22:44 UTC,30945,,,,,,,,,,,,,,
Iguana Death Cult,2026-05-05 22:44 UTC,71967,,,,,,,,,,,,,,
Indeevar,2026-05-05 22:44 UTC,3792786,,,,,,,,,,,,,,
Indigo De Souza,2026-05-05 22:44 UTC,1737024,,,,,,,,,,,,,,
Infinity Song,2026-05-05 22:44 UTC,998009,,,,,,,,,,,,,,
isa in eutopia,2026-05-05 22:44 UTC,39922,,,,,,,,,,,,,,
JADA,2026-05-05 22:44 UTC,36284,,,,,,,,,,,,,,
Jadasea,2026-05-05 22:44 UTC,122812,,,,,,,,,,,,,,
jalda,2026-05-05 22:44 UTC,70961,,,,,,,,,,,,,,
Jimmy Butler,2026-05-05 22:44 UTC,71829,,,,,,,,,,,,,,
JJerome87,2026-05-05 22:44 UTC,401043,,,,,,,,,,,,,,
Joy Rhodes,2026-05-05 22:44 UTC,765858,,,,,,,,,,,,,,
Juju,2026-05-05 22:44 UTC,3144777,,,,,,,,,,,,,,
Julia Church,2026-05-05 22:44 UTC,4412964,,,,,,,,,,,,,,
Julie Williams,2026-05-05 22:44 UTC,140561,,,,,,,,,,,,,,
JussGigi,2026-05-05 22:44 UTC,0,,,,,,,,,,,,,,
Kala,2026-05-05 22:44 UTC,0,,,,,,,,,,,,,,
Karly Bowman,2026-05-05 22:44 UTC,167163,,,,,,,,,,,,,,
Khaled,2026-05-05 22:44 UTC,2111691,,,,,,,,,,,,,,
Khan Saab,2026-05-05 22:44 UTC,11559131,,,,,,,,,,,,,,
King Kylie,2026-05-05 22:44 UTC,931317,,,,,,,,,,,,,,
KINGH,2026-05-05 22:44 UTC,126519,,,,,,,,,,,,,,
Koilwood,2026-05-05 22:44 UTC,63531,,,,,,,,,,,,,,
KUČKA,2026-05-05 22:44 UTC,1054877,,,,,,,,,,,,,,
Kurdi Klymax,2026-05-05 22:44 UTC,19960,,,,,,,,,,,,,,
kuru,2026-05-05 22:44 UTC,267137,,,,,,,,,,,,,,
Lamb,2026-05-05 22:44 UTC,209146,,,,,,,,,,,,,,
ledysek,2026-05-05 22:44 UTC,15871,,,,,,,,,,,,,,
Lerado Khalil,2026-05-05 22:44 UTC,88340,,,,,,,,,,,,,,
Les Imprimés,2026-05-05 22:44 UTC,141781,,,,,,,,,,,,,,
Lightris,2026-05-05 22:44 UTC,743831,,,,,,,,,,,,,,
Lil B,2026-05-05 22:44 UTC,1866035,,,,,,,,,,,,,,
Lil Righteous,2026-05-05 22:44 UTC,0,,,,,,,,,,,,,,
Loui Henderson,2026-05-05 22:44 UTC,176587,,,,,,,,,,,,,,
Luke Armstrong,2026-05-05 22:44 UTC,7637,,,,,,,,,,,,,,
M4IA,2026-05-05 22:44 UTC,137635,,,,,,,,,,,,,,
MAGIC SOUND WOLF,2026-05-05 22:44 UTC,652804,,,,,,,,,,,,,,
Malcolm Todd,2026-05-05 22:44 UTC,24126702,,,,,,,,,,,,,,
Maphra,2026-05-05 22:44 UTC,1207014,,,,,,,,,,,,,,
marquitos,2026-05-05 22:44 UTC,513741,,,,,,,,,,,,,,
Maviler,2026-05-05 22:44 UTC,686904,,,,,,,,,,,,,,
Merry Lamb Lamb,2026-05-05 22:44 UTC,24205,,,,,,,,,,,,,,
Mijabella Marie,2026-05-05 22:44 UTC,24101,,,,,,,,,,,,,,
MIKE,2026-05-05 22:44 UTC,749640,,,,,,,,,,,,,,
Momo Boyd,2026-05-05 22:44 UTC,2585441,,,,,,,,,,,,,,
Mr Dutt,2026-05-05 22:44 UTC,2183889,,,,,,,,,,,,,,
Mumu Fresh,2026-05-05 22:44 UTC,60817,,,,,,,,,,,,,,
My New Band Believe,2026-05-05 22:44 UTC,250314,,,,,,,,,,,,,,
Naarly,2026-05-05 22:44 UTC,5378277,,,,,,,,,,,,,,
Naod,2026-05-05 22:44 UTC,321909,,,,,,,,,,,,,,
Nickatnite,2026-05-05 22:44 UTC,12952,,,,,,,,,,,,,,
Nine Vicious,2026-05-05 22:44 UTC,1270972,,,,,,,,,,,,,,
nocashfromparents,2026-05-05 22:44 UTC,987886,,,,,,,,,,,,,,
North West,2026-05-05 22:44 UTC,847273,,,,,,,,,,,,,,
NPD,2026-05-05 22:44 UTC,1512034,,,,,,,,,,,,,,
OK Alva,2026-05-05 22:44 UTC,36256,,,,,,,,,,,,,,
OKI,2026-05-05 22:44 UTC,2548725,,,,,,,,,,,,,,
Olga Myko,2026-05-05 22:44 UTC,2281284,,,,,,,,,,,,,,
Olof Dreijer,2026-05-05 22:44 UTC,78146,,,,,,,,,,,,,,
osa,2026-05-05 22:44 UTC,121522,,,,,,,,,,,,,,
Oxis,2026-05-05 22:44 UTC,306664,,,,,,,,,,,,,,
Pocket,2026-05-05 22:44 UTC,141115,,,,,,,,,,,,,,
Pretty Pinkk,2026-05-05 22:44 UTC,58031,,,,,,,,,,,,,,
Pz',2026-05-05 22:44 UTC,333239,,,,,,,,,,,,,,
Rian Brazil,2026-05-05 22:44 UTC,55695,,,,,,,,,,,,,,
rjtheweirdo,2026-05-05 22:44 UTC,481021,,,,,,,,,,,,,,
Rocket Reese,2026-05-05 22:44 UTC,131760,,,,,,,,,,,,,,
S1RENA,2026-05-05 22:44 UTC,193484,,,,,,,,,,,,,,
Sa!koro,2026-05-05 22:44 UTC,87862,,,,,,,,,,,,,,
Sara Landry,2026-05-05 22:44 UTC,1294590,,,,,,,,,,,,,,
Sébastien Tellier,2026-05-05 22:44 UTC,1550440,,,,,,,,,,,,,,
ShawtyRokk,2026-05-05 22:44 UTC,36212,,,,,,,,,,,,,,
shonci,2026-05-05 22:44 UTC,4657813,,,,,,,,,,,,,,
Slayr,2026-05-05 22:44 UTC,1032379,,,,,,,,,,,,,,
Slayyyter,2026-05-05 22:44 UTC,4511401,,,,,,,,,,,,,,
Slim Jxmmy,2026-05-05 22:44 UTC,37458,,,,,,,,,,,,,,
Sofiane Pamart,2026-05-05 22:44 UTC,4281512,,,,,,,,,,,,,,
Sons of Yusuf,2026-05-05 22:44 UTC,1544957,,,,,,,,,,,,,,
Southsidesilhouette,2026-05-05 22:44 UTC,172840,,,,,,,,,,,,,,
Specialist Moss,2026-05-05 22:44 UTC,617322,,,,,,,,,,,,,,
SPELLLING,2026-05-05 22:44 UTC,102058,,,,,,,,,,,,,,
Sreemani,2026-05-05 22:44 UTC,2644765,,,,,,,,,,,,,,
STELLA LEFTY,2026-05-05 22:44 UTC,8673156,,,,,,,,,,,,,,
Street Fever,2026-05-05 22:44 UTC,193104,,,,,,,,,,,,,,
Sunday Service Choir,2026-05-05 22:44 UTC,410865,,,,,,,,,,,,,,
SURF GANG,2026-05-05 22:44 UTC,586054,,,,,,,,,,,,,,
Swizz Beatz,2026-05-05 22:44 UTC,781458,,,,,,,,,,,,,,
T.O.P,2026-05-05 22:44 UTC,1766066,,,,,,,,,,,,,,
Tabi Gervis,2026-05-05 22:44 UTC,19261,,,,,,,,,,,,,,
Temper City,2026-05-05 22:44 UTC,11502356,,,,,,,,,,,,,,
Tezzus,2026-05-05 22:44 UTC,424969,,,,,,,,,,,,,,
The Long Faces,2026-05-05 22:44 UTC,4553311,,,,,,,,,,,,,,
The Twins,2026-05-05 22:44 UTC,70466,,,,,,,,,,,,,,
THELMA,2026-05-05 22:44 UTC,54595,,,,,,,,,,,,,,
Tiffany Day,2026-05-05 22:44 UTC,1280917,,,,,,,,,,,,,,
Tom Did It,2026-05-05 22:44 UTC,1191049,,,,,,,,,,,,,,
Tom Right,2026-05-05 22:44 UTC,990198,,,,,,,,,,,,,,
TOMORA,2026-05-05 22:44 UTC,894480,,,,,,,,,,,,,,
Trim,2026-05-05 22:44 UTC,2341099,,,,,,,,,,,,,,
Tsatsamis,2026-05-05 22:44 UTC,218062,,,,,,,,,,,,,,
twentythree,2026-05-05 22:44 UTC,1272714,,,,,,,,,,,,,,
TXKUMOON,2026-05-05 22:44 UTC,1025415,,,,,,,,,,,,,,
Vaibhav Gupta,2026-05-05 22:44 UTC,2028659,,,,,,,,,,,,,,
waera,2026-05-05 22:44 UTC,219935,,,,,,,,,,,,,,
Warren Roob,2026-05-05 22:44 UTC,476958,,,,,,,,,,,,,,
Welwitschia,2026-05-05 22:44 UTC,962241,,,,,,,,,,,,,,
Will Sass,2026-05-05 22:44 UTC,596829,,,,,,,,,,,,,,
Wtm Solid,2026-05-05 22:44 UTC,10633,,,,,,,,,,,,,,
Yaeger,2026-05-05 22:44 UTC,354191,,,,,,,,,,,,,,
YASP,2026-05-05 22:44 UTC,31162,,,,,,,,,,,,,,
Ye,2026-05-05 22:44 UTC,14175553,,,,,,,,,,,,,,
Yonusa,2026-05-05 22:44 UTC,131547,,,,,,,,,,,,,,
YUNA,2026-05-05 22:44 UTC,1232149,,,,,,,,,,,,,,
Yuyu19,2026-05-05 22:44 UTC,1370751,,,,,,,,,,,,,,
Zycan,2026-05-05 22:44 UTC,1663163,,,,,,,,,,,,,,
drug bug,2026-05-05 22:44 UTC,58099,,,,,,,,,,,,,,
ILYAH,2026-05-05 22:44 UTC,656876,,,,,,,,,,,,,,
Los Brasileros,2026-05-05 22:44 UTC,1585942,,,,,,,,,,,,,,
am7iri,2026-05-05 22:44 UTC,1395825,,,,,,,,,,,,,,
Los Buyer,2026-05-05 22:44 UTC,944445,,,,,,,,,,,,,,
Pikeras,2026-05-05 22:44 UTC,1371738,,,,,,,,,,,,,,
Heitor Santos,2026-05-05 22:44 UTC,1965168,,,,,,,,,,,,,,
Melly,2026-05-05 22:44 UTC,963312,,,,,,,,,,,,,,
OT The Real,2026-05-05 22:44 UTC,227141,,,,,,,,,,,,,,
Big Papa313,2026-05-05 22:44 UTC,1804829,,,,,,,,,,,,,,
kortani,2026-05-05 22:44 UTC,419836,,,,,,,,,,,,,,
daydreamers,2026-05-05 22:44 UTC,268382,,,,,,,,,,,,,,
Amma,2026-05-05 22:44 UTC,1143719,,,,,,,,,,,,,,
IngaRose,2026-05-05 22:44 UTC,1863380,,,,,,,,,,,,,,
FRIDAY*,2026-05-05 22:44 UTC,9711,,,,,,,,,,,,,,
aoif3,2026-05-05 22:44 UTC,968,,,,,,,,,,,,,,
Uche,2026-05-05 22:44 UTC,23493,,,,,,,,,,,,,,
Maxx Moor,2026-05-05 22:44 UTC,508,,,,,,,,,,,,,,
Swethings,2026-05-05 22:44 UTC,32864,,,,,,,,,,,,,,
22xlstl,2026-05-05 22:44 UTC,316617,,,,,,,,,,,,,,
Greg Gonzales,2026-05-05 22:44 UTC,2722606,,,,,,,,,,,,,,
Lyla George,2026-05-05 22:44 UTC,312299,,,,,,,,,,,,,,
Marlo Rex,2026-05-05 22:44 UTC,1265861,,,,,,,,,,,,,,
Cobrah,2026-05-05 22:44 UTC,2406314,,,,,,,,,,,,,,
Asha Banks,2026-05-05 22:44 UTC,304312,,,,,,,,,,,,,,
Stanclickin,2026-05-05 22:44 UTC,28873,,,,,,,,,,,,,,
Ebony Riley,2026-05-05 22:44 UTC,155879,,,,,,,,,,,,,,
Knut€,2026-05-05 22:44 UTC,26595,,,,,,,,,,,,,,
SALIMATA,2026-05-05 22:44 UTC,437158,,,,,,,,,,,,,,
Tracy,2026-05-05 22:44 UTC,429285,,,,,,,,,,,,,,
GENER8ION,2026-05-05 22:44 UTC,1108103,,,,,,,,,,,,,,
BJOERN,2026-05-05 22:44 UTC,459218,,,,,,,,,,,,,,
Olwin,2026-05-05 22:44 UTC,39397,,,,,,,,,,,,,,
Fred Durst,2026-05-05 22:44 UTC,1632919,,,,,,,,,,,,,,
Twoske,2026-05-05 22:44 UTC,56066,,,,,,,,,,,,,,
Los Gofiones,2026-05-05 22:44 UTC,1132198,,,,,,,,,,,,,,
Chase Belly,2026-05-05 22:44 UTC,295533,,,,,,,,,,,,,,
CDB,2026-05-05 22:44 UTC,3110307,,,,,,,,,,,,,,
Cornfed Ted,2026-05-05 22:44 UTC,14539,,,,,,,,,,,,,,
Claar,2026-05-05 22:44 UTC,25859,,,,,,,,,,,,,,
KARLEE GIRL,2026-05-05 22:44 UTC,620929,,,,,,,,,,,,,,
Warhol.SS,2026-05-05 22:44 UTC,582607,,,,,,,,,,,,,,
Lola Blue,2026-05-05 22:44 UTC,114801,,,,,,,,,,,,,,
AZIEDOESNTEXIST,2026-05-05 22:44 UTC,496366,,,,,,,,,,,,,,
Eliah Sternhardt,2026-05-05 22:44 UTC,234743,,,,,,,,,,,,,,
$t3PPA,2026-05-06 22:38 UTC,144667,,,,,,,,,,,,,,
1 Umbrella,2026-05-06 22:38 UTC,231140,,,,,,,,,,,,,,
318dman,2026-05-06 22:38 UTC,164220,,,,,,,,,,,,,,
A2ANTI,2026-05-06 22:38 UTC,1197098,,,,,,,,,,,,,,
Addison Dean,2026-05-06 22:38 UTC,7613,,,,,,,,,,,,,,
Aksomaniac,2026-05-06 22:38 UTC,2028000,,,,,,,,,,,,,,
Andre Troutman,2026-05-06 22:38 UTC,5981067,,,,,,,,,,,,,,
Angine de Poitrine,2026-05-06 22:38 UTC,2308734,,,,,,,,,,,,,,
Anik Khan,2026-05-06 22:38 UTC,198810,,,,,,,,,,,,,,
AQUAFINNA,2026-05-06 22:38 UTC,23019,,,,,,,,,,,,,,
Biggs money,2026-05-06 22:38 UTC,35622,,,,,,,,,,,,,,
Boi-1da,2026-05-06 22:38 UTC,662138,,,,,,,,,,,,,,
BossMan Pac,2026-05-06 22:38 UTC,122866,,,,,,,,,,,,,,
Brittany Aldean,2026-05-06 22:38 UTC,296694,,,,,,,,,,,,,,
Bryan Countach,2026-05-06 22:38 UTC,215629,,,,,,,,,,,,,,
Canada Soccer,2026-05-06 22:38 UTC,665480,,,,,,,,,,,,,,
Canyon,2026-05-06 22:38 UTC,36303,,,,,,,,,,,,,,
Cap1talA,2026-05-06 22:38 UTC,258988,,,,,,,,,,,,,,
Carter Faith,2026-05-06 22:38 UTC,3755396,,,,,,,,,,,,,,
Che,2026-05-06 22:38 UTC,1214559,,,,,,,,,,,,,,
Chyno Miranda,2026-05-06 22:38 UTC,2169634,,,,,,,,,,,,,,
Corridos del Rey,2026-05-06 22:38 UTC,1486450,,,,,,,,,,,,,,
Dale Move,2026-05-06 22:38 UTC,173012,,,,,,,,,,,,,,
Daniel Žižka,2026-05-06 22:38 UTC,135933,,,,,,,,,,,,,,
Dante,2026-05-06 22:38 UTC,482074,,,,,,,,,,,,,,
Dean Turnley,2026-05-06 22:38 UTC,1503435,,,,,,,,,,,,,,
Delta Ash,2026-05-06 22:38 UTC,497610,,,,,,,,,,,,,,
DETO BLACK,2026-05-06 22:38 UTC,558481,,,,,,,,,,,,,,
Devault,2026-05-06 22:38 UTC,2869996,,,,,,,,,,,,,,
Dexter and The Moonrocks,2026-05-06 22:38 UTC,7062159,,,,,,,,,,,,,,
diamond*,2026-05-06 22:38 UTC,373326,,,,,,,,,,,,,,
Diana Pilquist,2026-05-06 22:38 UTC,3426,,,,,,,,,,,,,,
DJ B7 o Piranhão,2026-05-06 22:38 UTC,3067995,,,,,,,,,,,,,,
DJ Holiday,2026-05-06 22:38 UTC,199350,,,,,,,,,,,,,,
dóttir.x,2026-05-06 22:38 UTC,78262,,,,,,,,,,,,,,
Druski,2026-05-06 22:38 UTC,1342765,,,,,,,,,,,,,,
Dubioza Kolektive,2026-05-06 22:38 UTC,523798,,,,,,,,,,,,,,
dunderjeppe,2026-05-06 22:38 UTC,27339,,,,,,,,,,,,,,
Duskydemise archive,2026-05-06 22:38 UTC,409792,,,,,,,,,,,,,,
Duygu Edis,2026-05-06 22:38 UTC,2411956,,,,,,,,,,,,,,
Dwarde,2026-05-06 22:38 UTC,19084,,,,,,,,,,,,,,
EA TJ,2026-05-06 22:38 UTC,54249,,,,,,,,,,,,,,
EL DEMOON,2026-05-06 22:38 UTC,57411,,,,,,,,,,,,,,
Emanazul,2026-05-06 22:38 UTC,589708,,,,,,,,,,,,,,
Emelie Trahan,2026-05-06 22:38 UTC,84936,,,,,,,,,,,,,,
EMJIE,2026-05-06 22:38 UTC,214195,,,,,,,,,,,,,,
ERISTHEPLANET,2026-05-06 22:38 UTC,68780,,,,,,,,,,,,,,
F3miii,2026-05-06 22:38 UTC,5305173,,,,,,,,,,,,,,
Fcukers,2026-05-06 22:38 UTC,2084108,,,,,,,,,,,,,,
FIFA Sound,2026-05-06 22:38 UTC,2685849,,,,,,,,,,,,,,
FLO,2026-05-06 22:38 UTC,3475114,,,,,,,,,,,,,,
Frost Children,2026-05-06 22:38 UTC,558240,,,,,,,,,,,,,,
frozz,2026-05-06 22:38 UTC,995263,,,,,,,,,,,,,,
G3B,2026-05-06 22:38 UTC,160419,,,,,,,,,,,,,,
Ghetto Beisha,2026-05-06 22:38 UTC,58910,,,,,,,,,,,,,,
Ghostfacekush,2026-05-06 22:38 UTC,81251,,,,,,,,,,,,,,
Girl Scout,2026-05-06 22:38 UTC,102912,,,,,,,,,,,,,,
girl_irl,2026-05-06 22:38 UTC,106852,,,,,,,,,,,,,,
girlsweetvoiced,2026-05-06 22:38 UTC,673892,,,,,,,,,,,,,,
Glizzy Glow,2026-05-06 22:38 UTC,15551,,,,,,,,,,,,,,
gnawvs,2026-05-06 22:38 UTC,2992,,,,,,,,,,,,,,
Godtripper,2026-05-06 22:38 UTC,414935,,,,,,,,,,,,,,
Grupo Primer Grado,2026-05-06 22:38 UTC,2559357,,,,,,,,,,,,,,
H. Hawkline,2026-05-06 22:38 UTC,223650,,,,,,,,,,,,,,
Harrd Luck,2026-05-06 22:38 UTC,92205,,,,,,,,,,,,,,
HittMan,2026-05-06 22:38 UTC,31157,,,,,,,,,,,,,,
Iguana Death Cult,2026-05-06 22:38 UTC,72315,,,,,,,,,,,,,,
Indeevar,2026-05-06 22:38 UTC,3836170,,,,,,,,,,,,,,
Indigo De Souza,2026-05-06 22:38 UTC,1739465,,,,,,,,,,,,,,
Infinity Song,2026-05-06 22:38 UTC,1009399,,,,,,,,,,,,,,
isa in eutopia,2026-05-06 22:38 UTC,38304,,,,,,,,,,,,,,
JADA,2026-05-06 22:38 UTC,37081,,,,,,,,,,,,,,
Jadasea,2026-05-06 22:38 UTC,112959,,,,,,,,,,,,,,
jalda,2026-05-06 22:38 UTC,72866,,,,,,,,,,,,,,
Jimmy Butler,2026-05-06 22:38 UTC,73210,,,,,,,,,,,,,,
JJerome87,2026-05-06 22:38 UTC,406868,,,,,,,,,,,,,,
Joy Rhodes,2026-05-06 22:38 UTC,784708,,,,,,,,,,,,,,
Juju,2026-05-06 22:38 UTC,3157209,,,,,,,,,,,,,,
Julia Church,2026-05-06 22:38 UTC,4429566,,,,,,,,,,,,,,
Julie Williams,2026-05-06 22:38 UTC,142408,,,,,,,,,,,,,,
JussGigi,2026-05-06 22:38 UTC,0,,,,,,,,,,,,,,
Kala,2026-05-06 22:38 UTC,0,,,,,,,,,,,,,,
Karly Bowman,2026-05-06 22:38 UTC,166961,,,,,,,,,,,,,,
Khaled,2026-05-06 22:38 UTC,2095998,,,,,,,,,,,,,,
Khan Saab,2026-05-06 22:38 UTC,11460375,,,,,,,,,,,,,,
King Kylie,2026-05-06 22:38 UTC,901166,,,,,,,,,,,,,,
KINGH,2026-05-06 22:38 UTC,126661,,,,,,,,,,,,,,
Koilwood,2026-05-06 22:38 UTC,63826,,,,,,,,,,,,,,
KUČKA,2026-05-06 22:38 UTC,1023480,,,,,,,,,,,,,,
Kurdi Klymax,2026-05-06 22:38 UTC,20221,,,,,,,,,,,,,,
kuru,2026-05-06 22:38 UTC,269842,,,,,,,,,,,,,,
Lamb,2026-05-06 22:38 UTC,206191,,,,,,,,,,,,,,
ledysek,2026-05-06 22:38 UTC,15724,,,,,,,,,,,,,,
Lerado Khalil,2026-05-06 22:38 UTC,83097,,,,,,,,,,,,,,
Les Imprimés,2026-05-06 22:38 UTC,140739,,,,,,,,,,,,,,
Lightris,2026-05-06 22:38 UTC,738036,,,,,,,,,,,,,,
Lil B,2026-05-06 22:38 UTC,1899185,,,,,,,,,,,,,,
Lil Righteous,2026-05-06 22:38 UTC,0,,,,,,,,,,,,,,
Loui Henderson,2026-05-06 22:38 UTC,178871,,,,,,,,,,,,,,
Luke Armstrong,2026-05-06 22:38 UTC,8009,,,,,,,,,,,,,,
M4IA,2026-05-06 22:38 UTC,125491,,,,,,,,,,,,,,
MAGIC SOUND WOLF,2026-05-06 22:38 UTC,656340,,,,,,,,,,,,,,
Malcolm Todd,2026-05-06 22:38 UTC,24328010,,,,,,,,,,,,,,
Maphra,2026-05-06 22:38 UTC,1208720,,,,,,,,,,,,,,
marquitos,2026-05-06 22:38 UTC,494005,,,,,,,,,,,,,,
Maviler,2026-05-06 22:38 UTC,667604,,,,,,,,,,,,,,
Merry Lamb Lamb,2026-05-06 22:38 UTC,24346,,,,,,,,,,,,,,
Mijabella Marie,2026-05-06 22:38 UTC,24060,,,,,,,,,,,,,,
MIKE,2026-05-06 22:38 UTC,736149,,,,,,,,,,,,,,
Momo Boyd,2026-05-06 22:38 UTC,2580721,,,,,,,,,,,,,,
Mr Dutt,2026-05-06 22:38 UTC,2151545,,,,,,,,,,,,,,
Mumu Fresh,2026-05-06 22:38 UTC,61463,,,,,,,,,,,,,,
My New Band Believe,2026-05-06 22:38 UTC,252172,,,,,,,,,,,,,,
Naarly,2026-05-06 22:38 UTC,5387290,,,,,,,,,,,,,,
Naod,2026-05-06 22:38 UTC,324005,,,,,,,,,,,,,,
Nickatnite,2026-05-06 22:38 UTC,11949,,,,,,,,,,,,,,
Nine Vicious,2026-05-06 22:38 UTC,1260827,,,,,,,,,,,,,,
nocashfromparents,2026-05-06 22:38 UTC,980372,,,,,,,,,,,,,,
North West,2026-05-06 22:38 UTC,884241,,,,,,,,,,,,,,
NPD,2026-05-06 22:38 UTC,1490924,,,,,,,,,,,,,,
OK Alva,2026-05-06 22:38 UTC,37611,,,,,,,,,,,,,,
OKI,2026-05-06 22:38 UTC,2546908,,,,,,,,,,,,,,
Olga Myko,2026-05-06 22:38 UTC,2299935,,,,,,,,,,,,,,
Olof Dreijer,2026-05-06 22:38 UTC,78381,,,,,,,,,,,,,,
osa,2026-05-06 22:38 UTC,127262,,,,,,,,,,,,,,
Oxis,2026-05-06 22:38 UTC,315832,,,,,,,,,,,,,,
Pocket,2026-05-06 22:38 UTC,143432,,,,,,,,,,,,,,
Pretty Pinkk,2026-05-06 22:38 UTC,58925,,,,,,,,,,,,,,
Pz',2026-05-06 22:38 UTC,333772,,,,,,,,,,,,,,
Rian Brazil,2026-05-06 22:38 UTC,55747,,,,,,,,,,,,,,
rjtheweirdo,2026-05-06 22:38 UTC,488196,,,,,,,,,,,,,,
Rocket Reese,2026-05-06 22:38 UTC,130559,,,,,,,,,,,,,,
S1RENA,2026-05-06 22:38 UTC,190307,,,,,,,,,,,,,,
Sa!koro,2026-05-06 22:38 UTC,88412,,,,,,,,,,,,,,
Sara Landry,2026-05-06 22:38 UTC,1294357,,,,,,,,,,,,,,
Sébastien Tellier,2026-05-06 22:38 UTC,1568490,,,,,,,,,,,,,,
ShawtyRokk,2026-05-06 22:38 UTC,36539,,,,,,,,,,,,,,
shonci,2026-05-06 22:38 UTC,4705828,,,,,,,,,,,,,,
Slayr,2026-05-06 22:38 UTC,1025593,,,,,,,,,,,,,,
Slayyyter,2026-05-06 22:38 UTC,4542401,,,,,,,,,,,,,,
Slim Jxmmy,2026-05-06 22:38 UTC,37339,,,,,,,,,,,,,,
Sofiane Pamart,2026-05-06 22:38 UTC,4315219,,,,,,,,,,,,,,
Sons of Yusuf,2026-05-06 22:38 UTC,1528385,,,,,,,,,,,,,,
Southsidesilhouette,2026-05-06 22:38 UTC,174004,,,,,,,,,,,,,,
Specialist Moss,2026-05-06 22:38 UTC,619400,,,,,,,,,,,,,,
SPELLLING,2026-05-06 22:38 UTC,102814,,,,,,,,,,,,,,
Sreemani,2026-05-06 22:38 UTC,2646317,,,,,,,,,,,,,,
STELLA LEFTY,2026-05-06 22:38 UTC,8930480,,,,,,,,,,,,,,
Street Fever,2026-05-06 22:38 UTC,193958,,,,,,,,,,,,,,
Sunday Service Choir,2026-05-06 22:38 UTC,409515,,,,,,,,,,,,,,
SURF GANG,2026-05-06 22:38 UTC,561529,,,,,,,,,,,,,,
Swizz Beatz,2026-05-06 22:38 UTC,763340,,,,,,,,,,,,,,
T.O.P,2026-05-06 22:38 UTC,1729773,,,,,,,,,,,,,,
Tabi Gervis,2026-05-06 22:38 UTC,19044,,,,,,,,,,,,,,
Temper City,2026-05-06 22:38 UTC,11952431,,,,,,,,,,,,,,
Tezzus,2026-05-06 22:38 UTC,426892,,,,,,,,,,,,,,
The Long Faces,2026-05-06 22:38 UTC,4594152,,,,,,,,,,,,,,
The Twins,2026-05-06 22:38 UTC,70373,,,,,,,,,,,,,,
THELMA,2026-05-06 22:38 UTC,55433,,,,,,,,,,,,,,
Tiffany Day,2026-05-06 22:38 UTC,1266247,,,,,,,,,,,,,,
Tom Did It,2026-05-06 22:38 UTC,1189512,,,,,,,,,,,,,,
Tom Right,2026-05-06 22:38 UTC,1015611,,,,,,,,,,,,,,
TOMORA,2026-05-06 22:38 UTC,889503,,,,,,,,,,,,,,
Trim,2026-05-06 22:38 UTC,2332948,,,,,,,,,,,,,,
Tsatsamis,2026-05-06 22:38 UTC,211543,,,,,,,,,,,,,,
twentythree,2026-05-06 22:38 UTC,1253493,,,,,,,,,,,,,,
TXKUMOON,2026-05-06 22:38 UTC,1040564,,,,,,,,,,,,,,
Vaibhav Gupta,2026-05-06 22:38 UTC,1988912,,,,,,,,,,,,,,
waera,2026-05-06 22:38 UTC,216290,,,,,,,,,,,,,,
Warren Roob,2026-05-06 22:38 UTC,474823,,,,,,,,,,,,,,
Welwitschia,2026-05-06 22:38 UTC,954678,,,,,,,,,,,,,,
Will Sass,2026-05-06 22:38 UTC,596620,,,,,,,,,,,,,,
Wtm Solid,2026-05-06 22:38 UTC,9862,,,,,,,,,,,,,,
Yaeger,2026-05-06 22:38 UTC,356372,,,,,,,,,,,,,,
YASP,2026-05-06 22:38 UTC,31436,,,,,,,,,,,,,,
Ye,2026-05-06 22:38 UTC,13664227,,,,,,,,,,,,,,
Yonusa,2026-05-06 22:38 UTC,119581,,,,,,,,,,,,,,
YUNA,2026-05-06 22:38 UTC,1217111,,,,,,,,,,,,,,
Yuyu19,2026-05-06 22:38 UTC,1378985,,,,,,,,,,,,,,
Zycan,2026-05-06 22:38 UTC,1573554,,,,,,,,,,,,,,
drug bug,2026-05-06 22:38 UTC,58566,,,,,,,,,,,,,,
ILYAH,2026-05-06 22:38 UTC,666569,,,,,,,,,,,,,,
Los Brasileros,2026-05-06 22:38 UTC,1615364,,,,,,,,,,,,,,
am7iri,2026-05-06 22:38 UTC,1431352,,,,,,,,,,,,,,
Los Buyer,2026-05-06 22:38 UTC,972719,,,,,,,,,,,,,,
Pikeras,2026-05-06 22:38 UTC,1399598,,,,,,,,,,,,,,
Heitor Santos,2026-05-06 22:38 UTC,1997459,,,,,,,,,,,,,,
Melly,2026-05-06 22:38 UTC,971206,,,,,,,,,,,,,,
OT The Real,2026-05-06 22:38 UTC,229874,,,,,,,,,,,,,,
Big Papa313,2026-05-06 22:38 UTC,1828860,,,,,,,,,,,,,,
kortani,2026-05-06 22:38 UTC,423846,,,,,,,,,,,,,,
daydreamers,2026-05-06 22:38 UTC,270508,,,,,,,,,,,,,,
Amma,2026-05-06 22:38 UTC,1180728,,,,,,,,,,,,,,
IngaRose,2026-05-06 22:38 UTC,1927965,,,,,,,,,,,,,,
FRIDAY*,2026-05-06 22:38 UTC,9771,,,,,,,,,,,,,,
aoif3,2026-05-06 22:38 UTC,958,,,,,,,,,,,,,,
Uche,2026-05-06 22:38 UTC,21431,,,,,,,,,,,,,,
Maxx Moor,2026-05-06 22:38 UTC,508,,,,,,,,,,,,,,
Swethings,2026-05-06 22:38 UTC,34172,,,,,,,,,,,,,,
22xlstl,2026-05-06 22:38 UTC,345127,,,,,,,,,,,,,,
Greg Gonzales,2026-05-06 22:38 UTC,2855982,,,,,,,,,,,,,,
Lyla George,2026-05-06 22:38 UTC,330404,,,,,,,,,,,,,,
Marlo Rex,2026-05-06 22:38 UTC,1278577,,,,,,,,,,,,,,
Cobrah,2026-05-06 22:38 UTC,2417878,,,,,,,,,,,,,,
Asha Banks,2026-05-06 22:38 UTC,314571,,,,,,,,,,,,,,
Stanclickin,2026-05-06 22:38 UTC,28713,,,,,,,,,,,,,,
Ebony Riley,2026-05-06 22:38 UTC,162489,,,,,,,,,,,,,,
Knut€,2026-05-06 22:38 UTC,27101,,,,,,,,,,,,,,
SALIMATA,2026-05-06 22:38 UTC,453782,,,,,,,,,,,,,,
Tracy,2026-05-06 22:38 UTC,436249,,,,,,,,,,,,,,
GENER8ION,2026-05-06 22:38 UTC,1193059,,,,,,,,,,,,,,
BJOERN,2026-05-06 22:38 UTC,477552,,,,,,,,,,,,,,
Olwin,2026-05-06 22:38 UTC,41484,,,,,,,,,,,,,,
Fred Durst,2026-05-06 22:38 UTC,1669463,,,,,,,,,,,,,,
Twoske,2026-05-06 22:38 UTC,57003,,,,,,,,,,,,,,
Los Gofiones,2026-05-06 22:38 UTC,1183983,,,,,,,,,,,,,,
Chase Belly,2026-05-06 22:38 UTC,301001,,,,,,,,,,,,,,
CDB,2026-05-06 22:38 UTC,3189026,,,,,,,,,,,,,,
Cornfed Ted,2026-05-06 22:38 UTC,14833,,,,,,,,,,,,,,
Claar,2026-05-06 22:38 UTC,26868,,,,,,,,,,,,,,
KARLEE GIRL,2026-05-06 22:38 UTC,677544,,,,,,,,,,,,,,
Warhol.SS,2026-05-06 22:38 UTC,582654,,,,,,,,,,,,,,
Lola Blue,2026-05-06 22:38 UTC,113592,,,,,,,,,,,,,,
AZIEDOESNTEXIST,2026-05-06 22:38 UTC,526616,,,,,,,,,,,,,,
Eliah Sternhardt,2026-05-06 22:38 UTC,240107,,,,,,,,,,,,,,
$t3PPA,2026-05-07 22:48 UTC,145650,,,,,,,,,,,,,,
1 Umbrella,2026-05-07 22:48 UTC,230702,,,,,,,,,,,,,,
318dman,2026-05-07 22:48 UTC,168050,,,,,,,,,,,,,,
A2ANTI,2026-05-07 22:48 UTC,1169879,,,,,,,,,,,,,,
Addison Dean,2026-05-07 22:48 UTC,7212,,,,,,,,,,,,,,
Aksomaniac,2026-05-07 22:48 UTC,2071658,,,,,,,,,,,,,,
Andre Troutman,2026-05-07 22:48 UTC,5728113,,,,,,,,,,,,,,
Angine de Poitrine,2026-05-07 22:48 UTC,2265158,,,,,,,,,,,,,,
Anik Khan,2026-05-07 22:48 UTC,200028,,,,,,,,,,,,,,
AQUAFINNA,2026-05-07 22:48 UTC,22794,,,,,,,,,,,,,,
Biggs money,2026-05-07 22:48 UTC,35894,,,,,,,,,,,,,,
Boi-1da,2026-05-07 22:48 UTC,665663,,,,,,,,,,,,,,
BossMan Pac,2026-05-07 22:48 UTC,122045,,,,,,,,,,,,,,
Brittany Aldean,2026-05-07 22:48 UTC,297038,,,,,,,,,,,,,,
Bryan Countach,2026-05-07 22:48 UTC,211179,,,,,,,,,,,,,,
Canada Soccer,2026-05-07 22:48 UTC,677647,,,,,,,,,,,,,,
Canyon,2026-05-07 22:48 UTC,35796,,,,,,,,,,,,,,
Cap1talA,2026-05-07 22:48 UTC,263526,,,,,,,,,,,,,,
Carter Faith,2026-05-07 22:48 UTC,3812644,,,,,,,,,,,,,,
Che,2026-05-07 22:48 UTC,1210877,,,,,,,,,,,,,,
Chyno Miranda,2026-05-07 22:48 UTC,2192386,,,,,,,,,,,,,,
Corridos del Rey,2026-05-07 22:48 UTC,1492113,,,,,,,,,,,,,,
Dale Move,2026-05-07 22:48 UTC,170794,,,,,,,,,,,,,,
Daniel Žižka,2026-05-07 22:48 UTC,138741,,,,,,,,,,,,,,
Dante,2026-05-07 22:48 UTC,466153,,,,,,,,,,,,,,
Dean Turnley,2026-05-07 22:48 UTC,1504085,,,,,,,,,,,,,,
Delta Ash,2026-05-07 22:48 UTC,501168,,,,,,,,,,,,,,
DETO BLACK,2026-05-07 22:48 UTC,568718,,,,,,,,,,,,,,
Devault,2026-05-07 22:48 UTC,2902401,,,,,,,,,,,,,,
Dexter and The Moonrocks,2026-05-07 22:48 UTC,7177733,,,,,,,,,,,,,,
diamond*,2026-05-07 22:48 UTC,374077,,,,,,,,,,,,,,
Diana Pilquist,2026-05-07 22:48 UTC,3500,,,,,,,,,,,,,,
DJ B7 o Piranhão,2026-05-07 22:48 UTC,3110237,,,,,,,,,,,,,,
DJ Holiday,2026-05-07 22:48 UTC,200050,,,,,,,,,,,,,,
dóttir.x,2026-05-07 22:48 UTC,79290,,,,,,,,,,,,,,
Druski,2026-05-07 22:48 UTC,1351773,,,,,,,,,,,,,,
Dubioza Kolektive,2026-05-07 22:48 UTC,517358,,,,,,,,,,,,,,
dunderjeppe,2026-05-07 22:48 UTC,27087,,,,,,,,,,,,,,
Duskydemise archive,2026-05-07 22:48 UTC,412015,,,,,,,,,,,,,,
Duygu Edis,2026-05-07 22:48 UTC,2363337,,,,,,,,,,,,,,
Dwarde,2026-05-07 22:48 UTC,19132,,,,,,,,,,,,,,
EA TJ,2026-05-07 22:48 UTC,54648,,,,,,,,,,,,,,
EL DEMOON,2026-05-07 22:48 UTC,57095,,,,,,,,,,,,,,
Emanazul,2026-05-07 22:48 UTC,598147,,,,,,,,,,,,,,
Emelie Trahan,2026-05-07 22:48 UTC,79887,,,,,,,,,,,,,,
EMJIE,2026-05-07 22:48 UTC,210890,,,,,,,,,,,,,,
ERISTHEPLANET,2026-05-07 22:48 UTC,69926,,,,,,,,,,,,,,
F3miii,2026-05-07 22:48 UTC,5531354,,,,,,,,,,,,,,
Fcukers,2026-05-07 22:48 UTC,2075211,,,,,,,,,,,,,,
FIFA Sound,2026-05-07 22:48 UTC,2696013,,,,,,,,,,,,,,
FLO,2026-05-07 22:48 UTC,3484430,,,,,,,,,,,,,,
Frost Children,2026-05-07 22:48 UTC,558259,,,,,,,,,,,,,,
frozz,2026-05-07 22:48 UTC,983948,,,,,,,,,,,,,,
G3B,2026-05-07 22:48 UTC,162144,,,,,,,,,,,,,,
Ghetto Beisha,2026-05-07 22:48 UTC,60281,,,,,,,,,,,,,,
Ghostfacekush,2026-05-07 22:48 UTC,82446,,,,,,,,,,,,,,
Girl Scout,2026-05-07 22:48 UTC,101039,,,,,,,,,,,,,,
girl_irl,2026-05-07 22:48 UTC,105845,,,,,,,,,,,,,,
girlsweetvoiced,2026-05-07 22:48 UTC,648791,,,,,,,,,,,,,,
Glizzy Glow,2026-05-07 22:48 UTC,15708,,,,,,,,,,,,,,
gnawvs,2026-05-07 22:48 UTC,3015,,,,,,,,,,,,,,
Godtripper,2026-05-07 22:48 UTC,420540,,,,,,,,,,,,,,
Grupo Primer Grado,2026-05-07 22:48 UTC,2547451,,,,,,,,,,,,,,
H. Hawkline,2026-05-07 22:48 UTC,226607,,,,,,,,,,,,,,
Harrd Luck,2026-05-07 22:48 UTC,88770,,,,,,,,,,,,,,
HittMan,2026-05-07 22:48 UTC,31345,,,,,,,,,,,,,,
Iguana Death Cult,2026-05-07 22:48 UTC,72624,,,,,,,,,,,,,,
Indeevar,2026-05-07 22:48 UTC,3890505,,,,,,,,,,,,,,
Indigo De Souza,2026-05-07 22:48 UTC,1739898,,,,,,,,,,,,,,
Infinity Song,2026-05-07 22:48 UTC,1020723,,,,,,,,,,,,,,
isa in eutopia,2026-05-07 22:48 UTC,37765,,,,,,,,,,,,,,
JADA,2026-05-07 22:48 UTC,38256,,,,,,,,,,,,,,
Jadasea,2026-05-07 22:48 UTC,104245,,,,,,,,,,,,,,
jalda,2026-05-07 22:48 UTC,75643,,,,,,,,,,,,,,
Jimmy Butler,2026-05-07 22:48 UTC,74586,,,,,,,,,,,,,,
JJerome87,2026-05-07 22:48 UTC,413458,,,,,,,,,,,,,,
Joy Rhodes,2026-05-07 22:48 UTC,806550,,,,,,,,,,,,,,
Juju,2026-05-07 22:48 UTC,3169159,,,,,,,,,,,,,,
Julia Church,2026-05-07 22:48 UTC,4447974,,,,,,,,,,,,,,
Julie Williams,2026-05-07 22:48 UTC,144354,,,,,,,,,,,,,,
JussGigi,2026-05-07 22:48 UTC,0,,,,,,,,,,,,,,
Kala,2026-05-07 22:48 UTC,0,,,,,,,,,,,,,,
Karly Bowman,2026-05-07 22:48 UTC,166744,,,,,,,,,,,,,,
Khaled,2026-05-07 22:48 UTC,2077163,,,,,,,,,,,,,,
Khan Saab,2026-05-07 22:48 UTC,11357856,,,,,,,,,,,,,,
King Kylie,2026-05-07 22:48 UTC,866744,,,,,,,,,,,,,,
KINGH,2026-05-07 22:48 UTC,126975,,,,,,,,,,,,,,
Koilwood,2026-05-07 22:48 UTC,64215,,,,,,,,,,,,,,
KUČKA,2026-05-07 22:48 UTC,987024,,,,,,,,,,,,,,
Kurdi Klymax,2026-05-07 22:48 UTC,20379,,,,,,,,,,,,,,
kuru,2026-05-07 22:48 UTC,272782,,,,,,,,,,,,,,
Lamb,2026-05-07 22:48 UTC,204355,,,,,,,,,,,,,,
ledysek,2026-05-07 22:48 UTC,15668,,,,,,,,,,,,,,
Lerado Khalil,2026-05-07 22:48 UTC,78678,,,,,,,,,,,,,,
Les Imprimés,2026-05-07 22:48 UTC,140967,,,,,,,,,,,,,,
Lightris,2026-05-07 22:48 UTC,735747,,,,,,,,,,,,,,
Lil B,2026-05-07 22:48 UTC,1925211,,,,,,,,,,,,,,
Lil Righteous,2026-05-07 22:48 UTC,0,,,,,,,,,,,,,,
Loui Henderson,2026-05-07 22:48 UTC,181121,,,,,,,,,,,,,,
Luke Armstrong,2026-05-07 22:48 UTC,11474,,,,,,,,,,,,,,
M4IA,2026-05-07 22:48 UTC,112305,,,,,,,,,,,,,,
MAGIC SOUND WOLF,2026-05-07 22:48 UTC,655216,,,,,,,,,,,,,,
Malcolm Todd,2026-05-07 22:48 UTC,24564228,,,,,,,,,,,,,,
Maphra,2026-05-07 22:48 UTC,1208646,,,,,,,,,,,,,,
marquitos,2026-05-07 22:48 UTC,478012,,,,,,,,,,,,,,
Maviler,2026-05-07 22:48 UTC,646037,,,,,,,,,,,,,,
Merry Lamb Lamb,2026-05-07 22:48 UTC,24489,,,,,,,,,,,,,,
Mijabella Marie,2026-05-07 22:48 UTC,24074,,,,,,,,,,,,,,
MIKE,2026-05-07 22:48 UTC,720370,,,,,,,,,,,,,,
Momo Boyd,2026-05-07 22:48 UTC,2577519,,,,,,,,,,,,,,
Mr Dutt,2026-05-07 22:48 UTC,2115168,,,,,,,,,,,,,,
Mumu Fresh,2026-05-07 22:48 UTC,62080,,,,,,,,,,,,,,
My New Band Believe,2026-05-07 22:48 UTC,253674,,,,,,,,,,,,,,
Naarly,2026-05-07 22:48 UTC,5378564,,,,,,,,,,,,,,
Naod,2026-05-07 22:48 UTC,325796,,,,,,,,,,,,,,
Nickatnite,2026-05-07 22:48 UTC,11448,,,,,,,,,,,,,,
Nine Vicious,2026-05-07 22:48 UTC,1248103,,,,,,,,,,,,,,
nocashfromparents,2026-05-07 22:48 UTC,973176,,,,,,,,,,,,,,
North West,2026-05-07 22:48 UTC,920368,,,,,,,,,,,,,,
NPD,2026-05-07 22:48 UTC,1476438,,,,,,,,,,,,,,
OK Alva,2026-05-07 22:48 UTC,38593,,,,,,,,,,,,,,
OKI,2026-05-07 22:48 UTC,2550678,,,,,,,,,,,,,,
Olga Myko,2026-05-07 22:48 UTC,2314209,,,,,,,,,,,,,,
Olof Dreijer,2026-05-07 22:48 UTC,78682,,,,,,,,,,,,,,
osa,2026-05-07 22:48 UTC,132622,,,,,,,,,,,,,,
Oxis,2026-05-07 22:48 UTC,324466,,,,,,,,,,,,,,
Pocket,2026-05-07 22:48 UTC,145475,,,,,,,,,,,,,,
Pretty Pinkk,2026-05-07 22:48 UTC,60300,,,,,,,,,,,,,,
Pz',2026-05-07 22:48 UTC,334594,,,,,,,,,,,,,,
Rian Brazil,2026-05-07 22:48 UTC,55756,,,,,,,,,,,,,,
rjtheweirdo,2026-05-07 22:48 UTC,494045,,,,,,,,,,,,,,
Rocket Reese,2026-05-07 22:48 UTC,129023,,,,,,,,,,,,,,
S1RENA,2026-05-07 22:48 UTC,188157,,,,,,,,,,,,,,
Sa!koro,2026-05-07 22:48 UTC,88835,,,,,,,,,,,,,,
Sara Landry,2026-05-07 22:48 UTC,1300048,,,,,,,,,,,,,,
Sébastien Tellier,2026-05-07 22:48 UTC,1587480,,,,,,,,,,,,,,
ShawtyRokk,2026-05-07 22:48 UTC,36868,,,,,,,,,,,,,,
shonci,2026-05-07 22:48 UTC,4741111,,,,,,,,,,,,,,
Slayr,2026-05-07 22:48 UTC,1017942,,,,,,,,,,,,,,
Slayyyter,2026-05-07 22:48 UTC,4575959,,,,,,,,,,,,,,
Slim Jxmmy,2026-05-07 22:48 UTC,37243,,,,,,,,,,,,,,
Sofiane Pamart,2026-05-07 22:48 UTC,4348424,,,,,,,,,,,,,,
Sons of Yusuf,2026-05-07 22:48 UTC,1509495,,,,,,,,,,,,,,
Southsidesilhouette,2026-05-07 22:48 UTC,175885,,,,,,,,,,,,,,
Specialist Moss,2026-05-07 22:48 UTC,619408,,,,,,,,,,,,,,
SPELLLING,2026-05-07 22:48 UTC,103570,,,,,,,,,,,,,,
Sreemani,2026-05-07 22:48 UTC,2651974,,,,,,,,,,,,,,
STELLA LEFTY,2026-05-07 22:48 UTC,9129984,,,,,,,,,,,,,,
Street Fever,2026-05-07 22:48 UTC,190478,,,,,,,,,,,,,,
Sunday Service Choir,2026-05-07 22:48 UTC,408322,,,,,,,,,,,,,,
SURF GANG,2026-05-07 22:48 UTC,539227,,,,,,,,,,,,,,
Swizz Beatz,2026-05-07 22:48 UTC,742204,,,,,,,,,,,,,,
T.O.P,2026-05-07 22:48 UTC,1674036,,,,,,,,,,,,,,
Tabi Gervis,2026-05-07 22:48 UTC,18196,,,,,,,,,,,,,,
Temper City,2026-05-07 22:48 UTC,12321868,,,,,,,,,,,,,,
Tezzus,2026-05-07 22:48 UTC,428027,,,,,,,,,,,,,,
The Long Faces,2026-05-07 22:48 UTC,4648769,,,,,,,,,,,,,,
The Twins,2026-05-07 22:48 UTC,71028,,,,,,,,,,,,,,
THELMA,2026-05-07 22:48 UTC,56273,,,,,,,,,,,,,,
Tiffany Day,2026-05-07 22:48 UTC,1245372,,,,,,,,,,,,,,
Tom Did It,2026-05-07 22:48 UTC,1182972,,,,,,,,,,,,,,
Tom Right,2026-05-07 22:48 UTC,1054959,,,,,,,,,,,,,,
TOMORA,2026-05-07 22:48 UTC,888651,,,,,,,,,,,,,,
Trim,2026-05-07 22:48 UTC,2321629,,,,,,,,,,,,,,
Tsatsamis,2026-05-07 22:48 UTC,204471,,,,,,,,,,,,,,
twentythree,2026-05-07 22:48 UTC,1236578,,,,,,,,,,,,,,
TXKUMOON,2026-05-07 22:48 UTC,1056901,,,,,,,,,,,,,,
Vaibhav Gupta,2026-05-07 22:48 UTC,1950537,,,,,,,,,,,,,,
waera,2026-05-07 22:48 UTC,212861,,,,,,,,,,,,,,
Warren Roob,2026-05-07 22:48 UTC,470609,,,,,,,,,,,,,,
Welwitschia,2026-05-07 22:48 UTC,946036,,,,,,,,,,,,,,
Will Sass,2026-05-07 22:48 UTC,597481,,,,,,,,,,,,,,
Wtm Solid,2026-05-07 22:48 UTC,8929,,,,,,,,,,,,,,
Yaeger,2026-05-07 22:48 UTC,358250,,,,,,,,,,,,,,
YASP,2026-05-07 22:48 UTC,31660,,,,,,,,,,,,,,
Ye,2026-05-07 22:48 UTC,13175873,,,,,,,,,,,,,,
Yonusa,2026-05-07 22:48 UTC,107431,,,,,,,,,,,,,,
YUNA,2026-05-07 22:48 UTC,1202105,,,,,,,,,,,,,,
Yuyu19,2026-05-07 22:48 UTC,1385952,,,,,,,,,,,,,,
Zycan,2026-05-07 22:48 UTC,1496495,,,,,,,,,,,,,,
drug bug,2026-05-07 22:48 UTC,58550,,,,,,,,,,,,,,
ILYAH,2026-05-07 22:48 UTC,675883,,,,,,,,,,,,,,
Los Brasileros,2026-05-07 22:48 UTC,1646151,,,,,,,,,,,,,,
am7iri,2026-05-07 22:48 UTC,1473893,,,,,,,,,,,,,,
Los Buyer,2026-05-07 22:48 UTC,999975,,,,,,,,,,,,,,
Pikeras,2026-05-07 22:48 UTC,1420465,,,,,,,,,,,,,,
Heitor Santos,2026-05-07 22:48 UTC,2035348,,,,,,,,,,,,,,
Melly,2026-05-07 22:48 UTC,978706,,,,,,,,,,,,,,
OT The Real,2026-05-07 22:48 UTC,232623,,,,,,,,,,,,,,
Big Papa313,2026-05-07 22:48 UTC,1851376,,,,,,,,,,,,,,
kortani,2026-05-07 22:48 UTC,426270,,,,,,,,,,,,,,
daydreamers,2026-05-07 22:48 UTC,271785,,,,,,,,,,,,,,
Amma,2026-05-07 22:48 UTC,1217152,,,,,,,,,,,,,,
IngaRose,2026-05-07 22:48 UTC,1990880,,,,,,,,,,,,,,
FRIDAY*,2026-05-07 22:48 UTC,9764,,,,,,,,,,,,,,
aoif3,2026-05-07 22:48 UTC,962,,,,,,,,,,,,,,
Uche,2026-05-07 22:48 UTC,21591,,,,,,,,,,,,,,
Maxx Moor,2026-05-07 22:48 UTC,505,,,,,,,,,,,,,,
Swethings,2026-05-07 22:48 UTC,35422,,,,,,,,,,,,,,
22xlstl,2026-05-07 22:48 UTC,367300,,,,,,,,,,,,,,
Greg Gonzales,2026-05-07 22:48 UTC,3000029,,,,,,,,,,,,,,
Lyla George,2026-05-07 22:48 UTC,344165,,,,,,,,,,,,,,
Marlo Rex,2026-05-07 22:48 UTC,1289830,,,,,,,,,,,,,,
Cobrah,2026-05-07 22:48 UTC,2432147,,,,,,,,,,,,,,
Asha Banks,2026-05-07 22:48 UTC,323907,,,,,,,,,,,,,,
Stanclickin,2026-05-07 22:48 UTC,28868,,,,,,,,,,,,,,
Ebony Riley,2026-05-07 22:48 UTC,169061,,,,,,,,,,,,,,
Knut€,2026-05-07 22:48 UTC,27283,,,,,,,,,,,,,,
SALIMATA,2026-05-07 22:48 UTC,470330,,,,,,,,,,,,,,
Tracy,2026-05-07 22:48 UTC,446256,,,,,,,,,,,,,,
GENER8ION,2026-05-07 22:48 UTC,1277953,,,,,,,,,,,,,,
BJOERN,2026-05-07 22:48 UTC,493966,,,,,,,,,,,,,,
Olwin,2026-05-07 22:48 UTC,43217,,,,,,,,,,,,,,
Fred Durst,2026-05-07 22:48 UTC,1707991,,,,,,,,,,,,,,
Twoske,2026-05-07 22:48 UTC,57866,,,,,,,,,,,,,,
Los Gofiones,2026-05-07 22:48 UTC,1223327,,,,,,,,,,,,,,
Chase Belly,2026-05-07 22:48 UTC,305580,,,,,,,,,,,,,,
CDB,2026-05-07 22:48 UTC,3263505,,,,,,,,,,,,,,
Cornfed Ted,2026-05-07 22:48 UTC,15094,,,,,,,,,,,,,,
Claar,2026-05-07 22:48 UTC,27382,,,,,,,,,,,,,,
KARLEE GIRL,2026-05-07 22:48 UTC,721132,,,,,,,,,,,,,,
Warhol.SS,2026-05-07 22:48 UTC,583379,,,,,,,,,,,,,,
Lola Blue,2026-05-07 22:48 UTC,113644,,,,,,,,,,,,,,
AZIEDOESNTEXIST,2026-05-07 22:48 UTC,556754,,,,,,,,,,,,,,
Eliah Sternhardt,2026-05-07 22:48 UTC,243804,,,,,,,,,,,,,,
$t3PPA,2026-05-08 22:42 UTC,146487,,,,,,,,,,,,,,
1 Umbrella,2026-05-08 22:42 UTC,229723,,,,,,,,,,,,,,
318dman,2026-05-08 22:42 UTC,173549,,,,,,,,,,,,,,
A2ANTI,2026-05-08 22:42 UTC,1144911,,,,,,,,,,,,,,
Addison Dean,2026-05-08 22:42 UTC,6705,,,,,,,,,,,,,,
Aksomaniac,2026-05-08 22:42 UTC,2114669,,,,,,,,,,,,,,
Andre Troutman,2026-05-08 22:42 UTC,5476750,,,,,,,,,,,,,,
Angine de Poitrine,2026-05-08 22:42 UTC,2214202,,,,,,,,,,,,,,
Anik Khan,2026-05-08 22:42 UTC,200695,,,,,,,,,,,,,,
AQUAFINNA,2026-05-08 22:42 UTC,22501,,,,,,,,,,,,,,
Biggs money,2026-05-08 22:42 UTC,36202,,,,,,,,,,,,,,
Boi-1da,2026-05-08 22:42 UTC,667240,,,,,,,,,,,,,,
BossMan Pac,2026-05-08 22:42 UTC,121013,,,,,,,,,,,,,,
Brittany Aldean,2026-05-08 22:42 UTC,295533,,,,,,,,,,,,,,
Bryan Countach,2026-05-08 22:42 UTC,206954,,,,,,,,,,,,,,
Canada Soccer,2026-05-08 22:42 UTC,688322,,,,,,,,,,,,,,
Canyon,2026-05-08 22:42 UTC,35875,,,,,,,,,,,,,,
Cap1talA,2026-05-08 22:42 UTC,268758,,,,,,,,,,,,,,
Carter Faith,2026-05-08 22:42 UTC,3864869,,,,,,,,,,,,,,
Che,2026-05-08 22:42 UTC,1209052,,,,,,,,,,,,,,
Chyno Miranda,2026-05-08 22:42 UTC,2193136,,,,,,,,,,,,,,
Corridos del Rey,2026-05-08 22:42 UTC,1498926,,,,,,,,,,,,,,
Dale Move,2026-05-08 22:42 UTC,168566,,,,,,,,,,,,,,
Daniel Žižka,2026-05-08 22:42 UTC,142262,,,,,,,,,,,,,,
Dante,2026-05-08 22:42 UTC,450387,,,,,,,,,,,,,,
Dean Turnley,2026-05-08 22:42 UTC,1504168,,,,,,,,,,,,,,
Delta Ash,2026-05-08 22:42 UTC,507309,,,,,,,,,,,,,,
DETO BLACK,2026-05-08 22:42 UTC,582455,,,,,,,,,,,,,,
Devault,2026-05-08 22:42 UTC,2933343,,,,,,,,,,,,,,
Dexter and The Moonrocks,2026-05-08 22:42 UTC,7271374,,,,,,,,,,,,,,
diamond*,2026-05-08 22:42 UTC,374702,,,,,,,,,,,,,,
Diana Pilquist,2026-05-08 22:42 UTC,3570,,,,,,,,,,,,,,
DJ B7 o Piranhão,2026-05-08 22:42 UTC,3155477,,,,,,,,,,,,,,
DJ Holiday,2026-05-08 22:42 UTC,200952,,,,,,,,,,,,,,
dóttir.x,2026-05-08 22:42 UTC,82116,,,,,,,,,,,,,,
Druski,2026-05-08 22:42 UTC,1360612,,,,,,,,,,,,,,
Dubioza Kolektive,2026-05-08 22:42 UTC,513123,,,,,,,,,,,,,,
dunderjeppe,2026-05-08 22:42 UTC,26870,,,,,,,,,,,,,,
Duskydemise archive,2026-05-08 22:42 UTC,411926,,,,,,,,,,,,,,
Duygu Edis,2026-05-08 22:42 UTC,2320328,,,,,,,,,,,,,,
Dwarde,2026-05-08 22:42 UTC,19229,,,,,,,,,,,,,,
EA TJ,2026-05-08 22:42 UTC,55031,,,,,,,,,,,,,,
EL DEMOON,2026-05-08 22:42 UTC,56439,,,,,,,,,,,,,,
Emanazul,2026-05-08 22:42 UTC,606115,,,,,,,,,,,,,,
Emelie Trahan,2026-05-08 22:42 UTC,73237,,,,,,,,,,,,,,
EMJIE,2026-05-08 22:42 UTC,208757,,,,,,,,,,,,,,
ERISTHEPLANET,2026-05-08 22:42 UTC,71367,,,,,,,,,,,,,,
F3miii,2026-05-08 22:42 UTC,5744535,,,,,,,,,,,,,,
Fcukers,2026-05-08 22:42 UTC,2065308,,,,,,,,,,,,,,
FIFA Sound,2026-05-08 22:42 UTC,2716252,,,,,,,,,,,,,,
FLO,2026-05-08 22:42 UTC,3492428,,,,,,,,,,,,,,
Frost Children,2026-05-08 22:42 UTC,558300,,,,,,,,,,,,,,
frozz,2026-05-08 22:42 UTC,977842,,,,,,,,,,,,,,
G3B,2026-05-08 22:42 UTC,163644,,,,,,,,,,,,,,
Ghetto Beisha,2026-05-08 22:42 UTC,61630,,,,,,,,,,,,,,
Ghostfacekush,2026-05-08 22:42 UTC,83519,,,,,,,,,,,,,,
Girl Scout,2026-05-08 22:42 UTC,98696,,,,,,,,,,,,,,
girl_irl,2026-05-08 22:42 UTC,104572,,,,,,,,,,,,,,
girlsweetvoiced,2026-05-08 22:42 UTC,617761,,,,,,,,,,,,,,
Glizzy Glow,2026-05-08 22:42 UTC,15919,,,,,,,,,,,,,,
gnawvs,2026-05-08 22:42 UTC,3037,,,,,,,,,,,,,,
Godtripper,2026-05-08 22:42 UTC,425584,,,,,,,,,,,,,,
Grupo Primer Grado,2026-05-08 22:42 UTC,2531962,,,,,,,,,,,,,,
H. Hawkline,2026-05-08 22:42 UTC,227001,,,,,,,,,,,,,,
Harrd Luck,2026-05-08 22:42 UTC,85680,,,,,,,,,,,,,,
HittMan,2026-05-08 22:42 UTC,31506,,,,,,,,,,,,,,
Iguana Death Cult,2026-05-08 22:42 UTC,72685,,,,,,,,,,,,,,
Indeevar,2026-05-08 22:42 UTC,3958887,,,,,,,,,,,,,,
Indigo De Souza,2026-05-08 22:42 UTC,1739942,,,,,,,,,,,,,,
Infinity Song,2026-05-08 22:42 UTC,1032400,,,,,,,,,,,,,,
isa in eutopia,2026-05-08 22:42 UTC,37636,,,,,,,,,,,,,,
JADA,2026-05-08 22:42 UTC,39094,,,,,,,,,,,,,,
Jadasea,2026-05-08 22:42 UTC,97129,,,,,,,,,,,,,,
jalda,2026-05-08 22:42 UTC,78796,,,,,,,,,,,,,,
Jimmy Butler,2026-05-08 22:42 UTC,75678,,,,,,,,,,,,,,
JJerome87,2026-05-08 22:42 UTC,419330,,,,,,,,,,,,,,
Joy Rhodes,2026-05-08 22:42 UTC,830120,,,,,,,,,,,,,,
Juju,2026-05-08 22:42 UTC,3178912,,,,,,,,,,,,,,
Julia Church,2026-05-08 22:42 UTC,4466273,,,,,,,,,,,,,,
Julie Williams,2026-05-08 22:42 UTC,145905,,,,,,,,,,,,,,
JussGigi,2026-05-08 22:42 UTC,0,,,,,,,,,,,,,,
Kala,2026-05-08 22:42 UTC,0,,,,,,,,,,,,,,
Karly Bowman,2026-05-08 22:42 UTC,166159,,,,,,,,,,,,,,
Khaled,2026-05-08 22:42 UTC,2054607,,,,,,,,,,,,,,
Khan Saab,2026-05-08 22:42 UTC,11257053,,,,,,,,,,,,,,
King Kylie,2026-05-08 22:42 UTC,828332,,,,,,,,,,,,,,
KINGH,2026-05-08 22:42 UTC,127532,,,,,,,,,,,,,,
Koilwood,2026-05-08 22:42 UTC,64480,,,,,,,,,,,,,,
KUČKA,2026-05-08 22:42 UTC,954364,,,,,,,,,,,,,,
Kurdi Klymax,2026-05-08 22:42 UTC,20295,,,,,,,,,,,,,,
kuru,2026-05-08 22:42 UTC,275693,,,,,,,,,,,,,,
Lamb,2026-05-08 22:42 UTC,202245,,,,,,,,,,,,,,
ledysek,2026-05-08 22:42 UTC,15692,,,,,,,,,,,,,,
Lerado Khalil,2026-05-08 22:42 UTC,75395,,,,,,,,,,,,,,
Les Imprimés,2026-05-08 22:42 UTC,141357,,,,,,,,,,,,,,
Lightris,2026-05-08 22:42 UTC,733564,,,,,,,,,,,,,,
Lil B,2026-05-08 22:42 UTC,1951842,,,,,,,,,,,,,,
Lil Righteous,2026-05-08 22:42 UTC,0,,,,,,,,,,,,,,
Loui Henderson,2026-05-08 22:42 UTC,183024,,,,,,,,,,,,,,
Luke Armstrong,2026-05-08 22:42 UTC,14352,,,,,,,,,,,,,,
M4IA,2026-05-08 22:42 UTC,99474,,,,,,,,,,,,,,
MAGIC SOUND WOLF,2026-05-08 22:42 UTC,653600,,,,,,,,,,,,,,
Malcolm Todd,2026-05-08 22:42 UTC,24740364,,,,,,,,,,,,,,
Maphra,2026-05-08 22:42 UTC,1214904,,,,,,,,,,,,,,
marquitos,2026-05-08 22:42 UTC,458462,,,,,,,,,,,,,,
Maviler,2026-05-08 22:42 UTC,622532,,,,,,,,,,,,,,
Merry Lamb Lamb,2026-05-08 22:42 UTC,24514,,,,,,,,,,,,,,
Mijabella Marie,2026-05-08 22:42 UTC,24098,,,,,,,,,,,,,,
MIKE,2026-05-08 22:42 UTC,708419,,,,,,,,,,,,,,
Momo Boyd,2026-05-08 22:42 UTC,2565901,,,,,,,,,,,,,,
Mr Dutt,2026-05-08 22:42 UTC,2069867,,,,,,,,,,,,,,
Mumu Fresh,2026-05-08 22:42 UTC,62545,,,,,,,,,,,,,,
My New Band Believe,2026-05-08 22:42 UTC,254223,,,,,,,,,,,,,,
Naarly,2026-05-08 22:42 UTC,5365398,,,,,,,,,,,,,,
Naod,2026-05-08 22:42 UTC,327806,,,,,,,,,,,,,,
Nickatnite,2026-05-08 22:42 UTC,10812,,,,,,,,,,,,,,
Nine Vicious,2026-05-08 22:42 UTC,1227619,,,,,,,,,,,,,,
nocashfromparents,2026-05-08 22:42 UTC,965498,,,,,,,,,,,,,,
North West,2026-05-08 22:42 UTC,957439,,,,,,,,,,,,,,
NPD,2026-05-08 22:42 UTC,1459903,,,,,,,,,,,,,,
OK Alva,2026-05-08 22:42 UTC,39216,,,,,,,,,,,,,,
OKI,2026-05-08 22:42 UTC,2538404,,,,,,,,,,,,,,
Olga Myko,2026-05-08 22:42 UTC,2327952,,,,,,,,,,,,,,
Olof Dreijer,2026-05-08 22:42 UTC,78774,,,,,,,,,,,,,,
osa,2026-05-08 22:42 UTC,138309,,,,,,,,,,,,,,
Oxis,2026-05-08 22:42 UTC,333775,,,,,,,,,,,,,,
Pocket,2026-05-08 22:42 UTC,147138,,,,,,,,,,,,,,
Pretty Pinkk,2026-05-08 22:42 UTC,61655,,,,,,,,,,,,,,
Pz',2026-05-08 22:42 UTC,334603,,,,,,,,,,,,,,
Rian Brazil,2026-05-08 22:42 UTC,55846,,,,,,,,,,,,,,
rjtheweirdo,2026-05-08 22:42 UTC,497442,,,,,,,,,,,,,,
Rocket Reese,2026-05-08 22:42 UTC,127496,,,,,,,,,,,,,,
S1RENA,2026-05-08 22:42 UTC,186196,,,,,,,,,,,,,,
Sa!koro,2026-05-08 22:42 UTC,88173,,,,,,,,,,,,,,
Sara Landry,2026-05-08 22:42 UTC,1304382,,,,,,,,,,,,,,
Sébastien Tellier,2026-05-08 22:42 UTC,1605207,,,,,,,,,,,,,,
ShawtyRokk,2026-05-08 22:42 UTC,37076,,,,,,,,,,,,,,
shonci,2026-05-08 22:42 UTC,4780879,,,,,,,,,,,,,,
Slayr,2026-05-08 22:42 UTC,1008672,,,,,,,,,,,,,,
Slayyyter,2026-05-08 22:42 UTC,4614882,,,,,,,,,,,,,,
Slim Jxmmy,2026-05-08 22:42 UTC,37271,,,,,,,,,,,,,,
Sofiane Pamart,2026-05-08 22:42 UTC,4384739,,,,,,,,,,,,,,
Sons of Yusuf,2026-05-08 22:42 UTC,1486629,,,,,,,,,,,,,,
Southsidesilhouette,2026-05-08 22:42 UTC,177736,,,,,,,,,,,,,,
Specialist Moss,2026-05-08 22:42 UTC,620865,,,,,,,,,,,,,,
SPELLLING,2026-05-08 22:42 UTC,104123,,,,,,,,,,,,,,
Sreemani,2026-05-08 22:42 UTC,2656657,,,,,,,,,,,,,,
STELLA LEFTY,2026-05-08 22:42 UTC,9329995,,,,,,,,,,,,,,
Street Fever,2026-05-08 22:42 UTC,188355,,,,,,,,,,,,,,
Sunday Service Choir,2026-05-08 22:42 UTC,407190,,,,,,,,,,,,,,
SURF GANG,2026-05-08 22:42 UTC,518873,,,,,,,,,,,,,,
Swizz Beatz,2026-05-08 22:42 UTC,718978,,,,,,,,,,,,,,
T.O.P,2026-05-08 22:42 UTC,1640093,,,,,,,,,,,,,,
Tabi Gervis,2026-05-08 22:42 UTC,17518,,,,,,,,,,,,,,
Temper City,2026-05-08 22:42 UTC,12665163,,,,,,,,,,,,,,
Tezzus,2026-05-08 22:42 UTC,428103,,,,,,,,,,,,,,
The Long Faces,2026-05-08 22:42 UTC,4701412,,,,,,,,,,,,,,
The Twins,2026-05-08 22:42 UTC,70155,,,,,,,,,,,,,,
THELMA,2026-05-08 22:42 UTC,57026,,,,,,,,,,,,,,
Tiffany Day,2026-05-08 22:42 UTC,1237168,,,,,,,,,,,,,,
Tom Did It,2026-05-08 22:42 UTC,1178774,,,,,,,,,,,,,,
Tom Right,2026-05-08 22:42 UTC,1091434,,,,,,,,,,,,,,
TOMORA,2026-05-08 22:42 UTC,889116,,,,,,,,,,,,,,
Trim,2026-05-08 22:42 UTC,2309284,,,,,,,,,,,,,,
Tsatsamis,2026-05-08 22:42 UTC,196095,,,,,,,,,,,,,,
twentythree,2026-05-08 22:42 UTC,1220174,,,,,,,,,,,,,,
TXKUMOON,2026-05-08 22:42 UTC,1067668,,,,,,,,,,,,,,
Vaibhav Gupta,2026-05-08 22:42 UTC,1910095,,,,,,,,,,,,,,
waera,2026-05-08 22:42 UTC,209263,,,,,,,,,,,,,,
Warren Roob,2026-05-08 22:42 UTC,434030,,,,,,,,,,,,,,
Welwitschia,2026-05-08 22:42 UTC,937957,,,,,,,,,,,,,,
Will Sass,2026-05-08 22:42 UTC,594512,,,,,,,,,,,,,,
Wtm Solid,2026-05-08 22:42 UTC,7570,,,,,,,,,,,,,,
Yaeger,2026-05-08 22:42 UTC,359606,,,,,,,,,,,,,,
YASP,2026-05-08 22:42 UTC,31950,,,,,,,,,,,,,,
Ye,2026-05-08 22:42 UTC,12685961,,,,,,,,,,,,,,
Yonusa,2026-05-08 22:42 UTC,94940,,,,,,,,,,,,,,
YUNA,2026-05-08 22:42 UTC,1191248,,,,,,,,,,,,,,
Yuyu19,2026-05-08 22:42 UTC,1393289,,,,,,,,,,,,,,
Zycan,2026-05-08 22:42 UTC,1405004,,,,,,,,,,,,,,
drug bug,2026-05-08 22:42 UTC,59823,,,,,,,,,,,,,,
ILYAH,2026-05-08 22:42 UTC,683151,,,,,,,,,,,,,,
Los Brasileros,2026-05-08 22:42 UTC,1673695,,,,,,,,,,,,,,
am7iri,2026-05-08 22:42 UTC,1510612,,,,,,,,,,,,,,
Los Buyer,2026-05-08 22:42 UTC,1027579,,,,,,,,,,,,,,
Pikeras,2026-05-08 22:42 UTC,1442120,,,,,,,,,,,,,,
Heitor Santos,2026-05-08 22:42 UTC,2077021,,,,,,,,,,,,,,
Melly,2026-05-08 22:42 UTC,986786,,,,,,,,,,,,,,
OT The Real,2026-05-08 22:42 UTC,235918,,,,,,,,,,,,,,
Big Papa313,2026-05-08 22:42 UTC,1874854,,,,,,,,,,,,,,
kortani,2026-05-08 22:42 UTC,426317,,,,,,,,,,,,,,
daydreamers,2026-05-08 22:42 UTC,273099,,,,,,,,,,,,,,
Amma,2026-05-08 22:42 UTC,1253473,,,,,,,,,,,,,,
IngaRose,2026-05-08 22:42 UTC,2057913,,,,,,,,,,,,,,
FRIDAY*,2026-05-08 22:42 UTC,9735,,,,,,,,,,,,,,
aoif3,2026-05-08 22:42 UTC,930,,,,,,,,,,,,,,
Uche,2026-05-08 22:42 UTC,21956,,,,,,,,,,,,,,
Maxx Moor,2026-05-08 22:42 UTC,493,,,,,,,,,,,,,,
Swethings,2026-05-08 22:42 UTC,36825,,,,,,,,,,,,,,
22xlstl,2026-05-08 22:42 UTC,385889,,,,,,,,,,,,,,
Greg Gonzales,2026-05-08 22:42 UTC,3147492,,,,,,,,,,,,,,
Lyla George,2026-05-08 22:42 UTC,356174,,,,,,,,,,,,,,
Marlo Rex,2026-05-08 22:42 UTC,1300926,,,,,,,,,,,,,,
Cobrah,2026-05-08 22:42 UTC,2442821,,,,,,,,,,,,,,
Asha Banks,2026-05-08 22:42 UTC,332513,,,,,,,,,,,,,,
Stanclickin,2026-05-08 22:42 UTC,29028,,,,,,,,,,,,,,
Ebony Riley,2026-05-08 22:42 UTC,175278,,,,,,,,,,,,,,
Knut€,2026-05-08 22:42 UTC,27422,,,,,,,,,,,,,,
SALIMATA,2026-05-08 22:42 UTC,483862,,,,,,,,,,,,,,
Tracy,2026-05-08 22:42 UTC,453046,,,,,,,,,,,,,,
GENER8ION,2026-05-08 22:42 UTC,1371393,,,,,,,,,,,,,,
BJOERN,2026-05-08 22:42 UTC,509841,,,,,,,,,,,,,,
Olwin,2026-05-08 22:42 UTC,44784,,,,,,,,,,,,,,
Fred Durst,2026-05-08 22:42 UTC,1776118,,,,,,,,,,,,,,
Twoske,2026-05-08 22:42 UTC,58562,,,,,,,,,,,,,,
Los Gofiones,2026-05-08 22:42 UTC,1258717,,,,,,,,,,,,,,
Chase Belly,2026-05-08 22:42 UTC,309440,,,,,,,,,,,,,,
CDB,2026-05-08 22:42 UTC,3333954,,,,,,,,,,,,,,
Cornfed Ted,2026-05-08 22:42 UTC,15326,,,,,,,,,,,,,,
Claar,2026-05-08 22:42 UTC,27753,,,,,,,,,,,,,,
KARLEE GIRL,2026-05-08 22:42 UTC,764238,,,,,,,,,,,,,,
Warhol.SS,2026-05-08 22:42 UTC,583912,,,,,,,,,,,,,,
Lola Blue,2026-05-08 22:42 UTC,112824,,,,,,,,,,,,,,
AZIEDOESNTEXIST,2026-05-08 22:42 UTC,585859,,,,,,,,,,,,,,
Eliah Sternhardt,2026-05-08 22:42 UTC,247126,,,,,,,,,,,,,,
$t3PPA,2026-05-09 22:30 UTC,147522,,,,,,,,,,,,,,
1 Umbrella,2026-05-09 22:30 UTC,211629,,,,,,,,,,,,,,
318dman,2026-05-09 22:30 UTC,178785,,,,,,,,,,,,,,
A2ANTI,2026-05-09 22:30 UTC,1123888,,,,,,,,,,,,,,
Addison Dean,2026-05-09 22:30 UTC,6573,,,,,,,,,,,,,,
Aksomaniac,2026-05-09 22:30 UTC,2154650,,,,,,,,,,,,,,
Andre Troutman,2026-05-09 22:30 UTC,5250839,,,,,,,,,,,,,,
Angine de Poitrine,2026-05-09 22:30 UTC,2147524,,,,,,,,,,,,,,
Anik Khan,2026-05-09 22:30 UTC,202933,,,,,,,,,,,,,,
AQUAFINNA,2026-05-09 22:30 UTC,21976,,,,,,,,,,,,,,
Biggs money,2026-05-09 22:30 UTC,36444,,,,,,,,,,,,,,
Boi-1da,2026-05-09 22:30 UTC,613202,,,,,,,,,,,,,,
BossMan Pac,2026-05-09 22:30 UTC,112409,,,,,,,,,,,,,,
Brittany Aldean,2026-05-09 22:30 UTC,292010,,,,,,,,,,,,,,
Bryan Countach,2026-05-09 22:30 UTC,203106,,,,,,,,,,,,,,
Canada Soccer,2026-05-09 22:30 UTC,645578,,,,,,,,,,,,,,
Canyon,2026-05-09 22:30 UTC,36281,,,,,,,,,,,,,,
Cap1talA,2026-05-09 22:30 UTC,272869,,,,,,,,,,,,,,
Carter Faith,2026-05-09 22:30 UTC,3705283,,,,,,,,,,,,,,
Che,2026-05-09 22:30 UTC,1207533,,,,,,,,,,,,,,
Chyno Miranda,2026-05-09 22:30 UTC,2107544,,,,,,,,,,,,,,
Corridos del Rey,2026-05-09 22:30 UTC,1505782,,,,,,,,,,,,,,
Dale Move,2026-05-09 22:30 UTC,166047,,,,,,,,,,,,,,
Daniel Žižka,2026-05-09 22:30 UTC,146292,,,,,,,,,,,,,,
Dante,2026-05-09 22:30 UTC,431940,,,,,,,,,,,,,,
Dean Turnley,2026-05-09 22:30 UTC,1506268,,,,,,,,,,,,,,
Delta Ash,2026-05-09 22:30 UTC,515663,,,,,,,,,,,,,,
DETO BLACK,2026-05-09 22:30 UTC,591171,,,,,,,,,,,,,,
Devault,2026-05-09 22:30 UTC,3032240,,,,,,,,,,,,,,
Dexter and The Moonrocks,2026-05-09 22:30 UTC,7362999,,,,,,,,,,,,,,
diamond*,2026-05-09 22:30 UTC,375105,,,,,,,,,,,,,,
Diana Pilquist,2026-05-09 22:30 UTC,3663,,,,,,,,,,,,,,
DJ B7 o Piranhão,2026-05-09 22:30 UTC,3198689,,,,,,,,,,,,,,
DJ Holiday,2026-05-09 22:30 UTC,202085,,,,,,,,,,,,,,
dóttir.x,2026-05-09 22:30 UTC,79179,,,,,,,,,,,,,,
Druski,2026-05-09 22:30 UTC,1367995,,,,,,,,,,,,,,
Dubioza Kolektive,2026-05-09 22:30 UTC,515944,,,,,,,,,,,,,,
dunderjeppe,2026-05-09 22:30 UTC,26811,,,,,,,,,,,,,,
Duskydemise archive,2026-05-09 22:30 UTC,413176,,,,,,,,,,,,,,
Duygu Edis,2026-05-09 22:30 UTC,2269393,,,,,,,,,,,,,,
Dwarde,2026-05-09 22:30 UTC,19346,,,,,,,,,,,,,,
EA TJ,2026-05-09 22:30 UTC,55425,,,,,,,,,,,,,,
EL DEMOON,2026-05-09 22:30 UTC,55940,,,,,,,,,,,,,,
Emanazul,2026-05-09 22:30 UTC,615086,,,,,,,,,,,,,,
Emelie Trahan,2026-05-09 22:30 UTC,80131,,,,,,,,,,,,,,
EMJIE,2026-05-09 22:30 UTC,209591,,,,,,,,,,,,,,
ERISTHEPLANET,2026-05-09 22:30 UTC,72685,,,,,,,,,,,,,,
F3miii,2026-05-09 22:30 UTC,5959662,,,,,,,,,,,,,,
Fcukers,2026-05-09 22:30 UTC,2056710,,,,,,,,,,,,,,
FIFA Sound,2026-05-09 22:30 UTC,2828670,,,,,,,,,,,,,,
FLO,2026-05-09 22:30 UTC,3602523,,,,,,,,,,,,,,
Frost Children,2026-05-09 22:30 UTC,553985,,,,,,,,,,,,,,
frozz,2026-05-09 22:30 UTC,945399,,,,,,,,,,,,,,
G3B,2026-05-09 22:30 UTC,157324,,,,,,,,,,,,,,
Ghetto Beisha,2026-05-09 22:30 UTC,62709,,,,,,,,,,,,,,
Ghostfacekush,2026-05-09 22:30 UTC,84709,,,,,,,,,,,,,,
Girl Scout,2026-05-09 22:30 UTC,95299,,,,,,,,,,,,,,
girl_irl,2026-05-09 22:30 UTC,95162,,,,,,,,,,,,,,
girlsweetvoiced,2026-05-09 22:30 UTC,588506,,,,,,,,,,,,,,
Glizzy Glow,2026-05-09 22:30 UTC,16195,,,,,,,,,,,,,,
gnawvs,2026-05-09 22:30 UTC,3047,,,,,,,,,,,,,,
Godtripper,2026-05-09 22:30 UTC,377703,,,,,,,,,,,,,,
Grupo Primer Grado,2026-05-09 22:30 UTC,2500029,,,,,,,,,,,,,,
H. Hawkline,2026-05-09 22:30 UTC,199808,,,,,,,,,,,,,,
Harrd Luck,2026-05-09 22:30 UTC,82079,,,,,,,,,,,,,,
HittMan,2026-05-09 22:30 UTC,31681,,,,,,,,,,,,,,
Iguana Death Cult,2026-05-09 22:30 UTC,71903,,,,,,,,,,,,,,
Indeevar,2026-05-09 22:30 UTC,4038990,,,,,,,,,,,,,,
Indigo De Souza,2026-05-09 22:30 UTC,1733476,,,,,,,,,,,,,,
Infinity Song,2026-05-09 22:30 UTC,956009,,,,,,,,,,,,,,
isa in eutopia,2026-05-09 22:30 UTC,36911,,,,,,,,,,,,,,
JADA,2026-05-09 22:30 UTC,38285,,,,,,,,,,,,,,
Jadasea,2026-05-09 22:30 UTC,92112,,,,,,,,,,,,,,
jalda,2026-05-09 22:30 UTC,72927,,,,,,,,,,,,,,
Jimmy Butler,2026-05-09 22:30 UTC,76981,,,,,,,,,,,,,,
JJerome87,2026-05-09 22:30 UTC,436647,,,,,,,,,,,,,,
Joy Rhodes,2026-05-09 22:30 UTC,845987,,,,,,,,,,,,,,
Juju,2026-05-09 22:30 UTC,3119674,,,,,,,,,,,,,,
Julia Church,2026-05-09 22:30 UTC,4498094,,,,,,,,,,,,,,
Julie Williams,2026-05-09 22:30 UTC,122315,,,,,,,,,,,,,,
JussGigi,2026-05-09 22:30 UTC,0,,,,,,,,,,,,,,
Kala,2026-05-09 22:30 UTC,0,,,,,,,,,,,,,,
Karly Bowman,2026-05-09 22:30 UTC,166446,,,,,,,,,,,,,,
Khaled,2026-05-09 22:30 UTC,2035406,,,,,,,,,,,,,,
Khan Saab,2026-05-09 22:30 UTC,11150206,,,,,,,,,,,,,,
King Kylie,2026-05-09 22:30 UTC,804652,,,,,,,,,,,,,,
KINGH,2026-05-09 22:30 UTC,127785,,,,,,,,,,,,,,
Koilwood,2026-05-09 22:30 UTC,49068,,,,,,,,,,,,,,
KUČKA,2026-05-09 22:30 UTC,931324,,,,,,,,,,,,,,
Kurdi Klymax,2026-05-09 22:30 UTC,21323,,,,,,,,,,,,,,
kuru,2026-05-09 22:30 UTC,278780,,,,,,,,,,,,,,
Lamb,2026-05-09 22:30 UTC,201314,,,,,,,,,,,,,,
ledysek,2026-05-09 22:30 UTC,15751,,,,,,,,,,,,,,
Lerado Khalil,2026-05-09 22:30 UTC,73146,,,,,,,,,,,,,,
Les Imprimés,2026-05-09 22:30 UTC,134616,,,,,,,,,,,,,,
Lightris,2026-05-09 22:30 UTC,732176,,,,,,,,,,,,,,
Lil B,2026-05-09 22:30 UTC,1976696,,,,,,,,,,,,,,
Lil Righteous,2026-05-09 22:30 UTC,0,,,,,,,,,,,,,,
Loui Henderson,2026-05-09 22:30 UTC,187251,,,,,,,,,,,,,,
Luke Armstrong,2026-05-09 22:30 UTC,17214,,,,,,,,,,,,,,
M4IA,2026-05-09 22:30 UTC,98560,,,,,,,,,,,,,,
MAGIC SOUND WOLF,2026-05-09 22:30 UTC,650447,,,,,,,,,,,,,,
Malcolm Todd,2026-05-09 22:30 UTC,24939855,,,,,,,,,,,,,,
Maphra,2026-05-09 22:30 UTC,1211090,,,,,,,,,,,,,,
marquitos,2026-05-09 22:30 UTC,435815,,,,,,,,,,,,,,
Maviler,2026-05-09 22:30 UTC,602059,,,,,,,,,,,,,,
Merry Lamb Lamb,2026-05-09 22:30 UTC,19926,,,,,,,,,,,,,,
Mijabella Marie,2026-05-09 22:30 UTC,23862,,,,,,,,,,,,,,
MIKE,2026-05-09 22:30 UTC,699162,,,,,,,,,,,,,,
Momo Boyd,2026-05-09 22:30 UTC,2471867,,,,,,,,,,,,,,
Mr Dutt,2026-05-09 22:30 UTC,2018971,,,,,,,,,,,,,,
Mumu Fresh,2026-05-09 22:30 UTC,63993,,,,,,,,,,,,,,
My New Band Believe,2026-05-09 22:30 UTC,234622,,,,,,,,,,,,,,
Naarly,2026-05-09 22:30 UTC,5373517,,,,,,,,,,,,,,
Naod,2026-05-09 22:30 UTC,330212,,,,,,,,,,,,,,
Nickatnite,2026-05-09 22:30 UTC,10101,,,,,,,,,,,,,,
Nine Vicious,2026-05-09 22:30 UTC,1216496,,,,,,,,,,,,,,
nocashfromparents,2026-05-09 22:30 UTC,966649,,,,,,,,,,,,,,
North West,2026-05-09 22:30 UTC,989127,,,,,,,,,,,,,,
NPD,2026-05-09 22:30 UTC,1446085,,,,,,,,,,,,,,
OK Alva,2026-05-09 22:30 UTC,39505,,,,,,,,,,,,,,
OKI,2026-05-09 22:30 UTC,2428373,,,,,,,,,,,,,,
Olga Myko,2026-05-09 22:30 UTC,2344083,,,,,,,,,,,,,,
Olof Dreijer,2026-05-09 22:30 UTC,82792,,,,,,,,,,,,,,
osa,2026-05-09 22:30 UTC,139461,,,,,,,,,,,,,,
Oxis,2026-05-09 22:30 UTC,346277,,,,,,,,,,,,,,
Pocket,2026-05-09 22:30 UTC,149167,,,,,,,,,,,,,,
Pretty Pinkk,2026-05-09 22:30 UTC,62727,,,,,,,,,,,,,,
Pz',2026-05-09 22:30 UTC,334112,,,,,,,,,,,,,,
Rian Brazil,2026-05-09 22:30 UTC,53582,,,,,,,,,,,,,,
rjtheweirdo,2026-05-09 22:30 UTC,505141,,,,,,,,,,,,,,
Rocket Reese,2026-05-09 22:30 UTC,126373,,,,,,,,,,,,,,
S1RENA,2026-05-09 22:30 UTC,184300,,,,,,,,,,,,,,
Sa!koro,2026-05-09 22:30 UTC,85263,,,,,,,,,,,,,,
Sara Landry,2026-05-09 22:30 UTC,1262502,,,,,,,,,,,,,,
Sébastien Tellier,2026-05-09 22:30 UTC,1625131,,,,,,,,,,,,,,
ShawtyRokk,2026-05-09 22:30 UTC,36970,,,,,,,,,,,,,,
shonci,2026-05-09 22:30 UTC,4788333,,,,,,,,,,,,,,
Slayr,2026-05-09 22:30 UTC,1003726,,,,,,,,,,,,,,
Slayyyter,2026-05-09 22:30 UTC,4665560,,,,,,,,,,,,,,
Slim Jxmmy,2026-05-09 22:30 UTC,37319,,,,,,,,,,,,,,
Sofiane Pamart,2026-05-09 22:30 UTC,4441499,,,,,,,,,,,,,,
Sons of Yusuf,2026-05-09 22:30 UTC,1468734,,,,,,,,,,,,,,
Southsidesilhouette,2026-05-09 22:30 UTC,179023,,,,,,,,,,,,,,
Specialist Moss,2026-05-09 22:30 UTC,624031,,,,,,,,,,,,,,
SPELLLING,2026-05-09 22:30 UTC,106517,,,,,,,,,,,,,,
Sreemani,2026-05-09 22:30 UTC,2661719,,,,,,,,,,,,,,
STELLA LEFTY,2026-05-09 22:30 UTC,9522015,,,,,,,,,,,,,,
Street Fever,2026-05-09 22:30 UTC,149875,,,,,,,,,,,,,,
Sunday Service Choir,2026-05-09 22:30 UTC,406113,,,,,,,,,,,,,,
SURF GANG,2026-05-09 22:30 UTC,500414,,,,,,,,,,,,,,
Swizz Beatz,2026-05-09 22:30 UTC,712753,,,,,,,,,,,,,,
T.O.P,2026-05-09 22:30 UTC,1597260,,,,,,,,,,,,,,
Tabi Gervis,2026-05-09 22:30 UTC,16981,,,,,,,,,,,,,,
Temper City,2026-05-09 22:30 UTC,12985433,,,,,,,,,,,,,,
Tezzus,2026-05-09 22:30 UTC,429102,,,,,,,,,,,,,,
The Long Faces,2026-05-09 22:30 UTC,4744760,,,,,,,,,,,,,,
The Twins,2026-05-09 22:30 UTC,69722,,,,,,,,,,,,,,
THELMA,2026-05-09 22:30 UTC,57841,,,,,,,,,,,,,,
Tiffany Day,2026-05-09 22:30 UTC,1239278,,,,,,,,,,,,,,
Tom Did It,2026-05-09 22:30 UTC,1174248,,,,,,,,,,,,,,
Tom Right,2026-05-09 22:30 UTC,1120066,,,,,,,,,,,,,,
TOMORA,2026-05-09 22:30 UTC,910358,,,,,,,,,,,,,,
Trim,2026-05-09 22:30 UTC,2339141,,,,,,,,,,,,,,
Tsatsamis,2026-05-09 22:30 UTC,194008,,,,,,,,,,,,,,
twentythree,2026-05-09 22:30 UTC,1218553,,,,,,,,,,,,,,
TXKUMOON,2026-05-09 22:30 UTC,1084814,,,,,,,,,,,,,,
Vaibhav Gupta,2026-05-09 22:30 UTC,1869945,,,,,,,,,,,,,,
waera,2026-05-09 22:30 UTC,206866,,,,,,,,,,,,,,
Warren Roob,2026-05-09 22:30 UTC,406753,,,,,,,,,,,,,,
Welwitschia,2026-05-09 22:30 UTC,904595,,,,,,,,,,,,,,
Will Sass,2026-05-09 22:30 UTC,591817,,,,,,,,,,,,,,
Wtm Solid,2026-05-09 22:30 UTC,6527,,,,,,,,,,,,,,
Yaeger,2026-05-09 22:30 UTC,314448,,,,,,,,,,,,,,
YASP,2026-05-09 22:30 UTC,32088,,,,,,,,,,,,,,
Ye,2026-05-09 22:30 UTC,12225519,,,,,,,,,,,,,,
Yonusa,2026-05-09 22:30 UTC,80348,,,,,,,,,,,,,,
YUNA,2026-05-09 22:30 UTC,1172861,,,,,,,,,,,,,,
Yuyu19,2026-05-09 22:30 UTC,1341699,,,,,,,,,,,,,,
Zycan,2026-05-09 22:30 UTC,1309763,,,,,,,,,,,,,,
drug bug,2026-05-09 22:30 UTC,61031,,,,,,,,,,,,,,
ILYAH,2026-05-09 22:30 UTC,694956,,,,,,,,,,,,,,
Los Brasileros,2026-05-09 22:30 UTC,1703948,,,,,,,,,,,,,,
am7iri,2026-05-09 22:30 UTC,1544526,,,,,,,,,,,,,,
Los Buyer,2026-05-09 22:30 UTC,1057781,,,,,,,,,,,,,,
Pikeras,2026-05-09 22:30 UTC,1487012,,,,,,,,,,,,,,
Heitor Santos,2026-05-09 22:30 UTC,2124414,,,,,,,,,,,,,,
Melly,2026-05-09 22:30 UTC,997227,,,,,,,,,,,,,,
OT The Real,2026-05-09 22:30 UTC,238598,,,,,,,,,,,,,,
Big Papa313,2026-05-09 22:30 UTC,1903476,,,,,,,,,,,,,,
kortani,2026-05-09 22:30 UTC,426176,,,,,,,,,,,,,,
daydreamers,2026-05-09 22:30 UTC,274809,,,,,,,,,,,,,,
Amma,2026-05-09 22:30 UTC,1283681,,,,,,,,,,,,,,
IngaRose,2026-05-09 22:30 UTC,2117246,,,,,,,,,,,,,,
FRIDAY*,2026-05-09 22:30 UTC,9707,,,,,,,,,,,,,,
aoif3,2026-05-09 22:30 UTC,911,,,,,,,,,,,,,,
Uche,2026-05-09 22:30 UTC,22191,,,,,,,,,,,,,,
Maxx Moor,2026-05-09 22:30 UTC,496,,,,,,,,,,,,,,
Swethings,2026-05-09 22:30 UTC,38241,,,,,,,,,,,,,,
22xlstl,2026-05-09 22:30 UTC,403048,,,,,,,,,,,,,,
Greg Gonzales,2026-05-09 22:30 UTC,3329923,,,,,,,,,,,,,,
Lyla George,2026-05-09 22:30 UTC,368413,,,,,,,,,,,,,,
Marlo Rex,2026-05-09 22:30 UTC,1314329,,,,,,,,,,,,,,
Cobrah,2026-05-09 22:30 UTC,2465590,,,,,,,,,,,,,,
Asha Banks,2026-05-09 22:30 UTC,341536,,,,,,,,,,,,,,
Stanclickin,2026-05-09 22:30 UTC,29265,,,,,,,,,,,,,,
Ebony Riley,2026-05-09 22:30 UTC,179891,,,,,,,,,,,,,,
Knut€,2026-05-09 22:30 UTC,27429,,,,,,,,,,,,,,
SALIMATA,2026-05-09 22:30 UTC,502661,,,,,,,,,,,,,,
Tracy,2026-05-09 22:30 UTC,462494,,,,,,,,,,,,,,
GENER8ION,2026-05-09 22:30 UTC,1548000,,,,,,,,,,,,,,
BJOERN,2026-05-09 22:30 UTC,530830,,,,,,,,,,,,,,
Olwin,2026-05-09 22:30 UTC,46228,,,,,,,,,,,,,,
Fred Durst,2026-05-09 22:30 UTC,1869101,,,,,,,,,,,,,,
Twoske,2026-05-09 22:30 UTC,59177,,,,,,,,,,,,,,
Los Gofiones,2026-05-09 22:30 UTC,1292412,,,,,,,,,,,,,,
Chase Belly,2026-05-09 22:30 UTC,312164,,,,,,,,,,,,,,
CDB,2026-05-09 22:30 UTC,3416280,,,,,,,,,,,,,,
Cornfed Ted,2026-05-09 22:30 UTC,15534,,,,,,,,,,,,,,
Claar,2026-05-09 22:30 UTC,28102,,,,,,,,,,,,,,
KARLEE GIRL,2026-05-09 22:30 UTC,809529,,,,,,,,,,,,,,
Warhol.SS,2026-05-09 22:30 UTC,582638,,,,,,,,,,,,,,
Lola Blue,2026-05-09 22:30 UTC,112229,,,,,,,,,,,,,,
AZIEDOESNTEXIST,2026-05-09 22:30 UTC,625610,,,,,,,,,,,,,,
Eliah Sternhardt,2026-05-09 22:30 UTC,244160,,,,,,,,,,,,,,
$t3PPA,2026-05-10 22:34 UTC,147901,,,,,,,,,,,,,,
1 Umbrella,2026-05-10 22:34 UTC,202284,,,,,,,,,,,,,,
318dman,2026-05-10 22:34 UTC,184910,,,,,,,,,,,,,,
A2ANTI,2026-05-10 22:34 UTC,1104545,,,,,,,,,,,,,,
Addison Dean,2026-05-10 22:34 UTC,6462,,,,,,,,,,,,,,
Aksomaniac,2026-05-10 22:34 UTC,2191391,,,,,,,,,,,,,,
Andre Troutman,2026-05-10 22:34 UTC,5072343,,,,,,,,,,,,,,
Angine de Poitrine,2026-05-10 22:34 UTC,2095776,,,,,,,,,,,,,,
Anik Khan,2026-05-10 22:34 UTC,203894,,,,,,,,,,,,,,
AQUAFINNA,2026-05-10 22:34 UTC,21675,,,,,,,,,,,,,,
Biggs money,2026-05-10 22:34 UTC,36715,,,,,,,,,,,,,,
Boi-1da,2026-05-10 22:34 UTC,601051,,,,,,,,,,,,,,
BossMan Pac,2026-05-10 22:34 UTC,105085,,,,,,,,,,,,,,
Brittany Aldean,2026-05-10 22:34 UTC,287849,,,,,,,,,,,,,,
Bryan Countach,2026-05-10 22:34 UTC,199616,,,,,,,,,,,,,,
Canada Soccer,2026-05-10 22:34 UTC,641737,,,,,,,,,,,,,,
Canyon,2026-05-10 22:34 UTC,36133,,,,,,,,,,,,,,
Cap1talA,2026-05-10 22:34 UTC,276098,,,,,,,,,,,,,,
Carter Faith,2026-05-10 22:34 UTC,3666510,,,,,,,,,,,,,,
Che,2026-05-10 22:34 UTC,1207607,,,,,,,,,,,,,,
Chyno Miranda,2026-05-10 22:34 UTC,2072027,,,,,,,,,,,,,,
Corridos del Rey,2026-05-10 22:34 UTC,1514381,,,,,,,,,,,,,,
Dale Move,2026-05-10 22:34 UTC,165854,,,,,,,,,,,,,,
Daniel Žižka,2026-05-10 22:34 UTC,151802,,,,,,,,,,,,,,
Dante,2026-05-10 22:34 UTC,417162,,,,,,,,,,,,,,
Dean Turnley,2026-05-10 22:34 UTC,1509655,,,,,,,,,,,,,,
Delta Ash,2026-05-10 22:34 UTC,524311,,,,,,,,,,,,,,
DETO BLACK,2026-05-10 22:34 UTC,599788,,,,,,,,,,,,,,
Devault,2026-05-10 22:34 UTC,3080749,,,,,,,,,,,,,,
Dexter and The Moonrocks,2026-05-10 22:34 UTC,7443623,,,,,,,,,,,,,,
diamond*,2026-05-10 22:34 UTC,375676,,,,,,,,,,,,,,
Diana Pilquist,2026-05-10 22:34 UTC,3729,,,,,,,,,,,,,,
DJ B7 o Piranhão,2026-05-10 22:34 UTC,3254053,,,,,,,,,,,,,,
DJ Holiday,2026-05-10 22:34 UTC,203329,,,,,,,,,,,,,,
dóttir.x,2026-05-10 22:34 UTC,79143,,,,,,,,,,,,,,
Druski,2026-05-10 22:34 UTC,1370679,,,,,,,,,,,,,,
Dubioza Kolektive,2026-05-10 22:34 UTC,515086,,,,,,,,,,,,,,
dunderjeppe,2026-05-10 22:34 UTC,26941,,,,,,,,,,,,,,
Duskydemise archive,2026-05-10 22:34 UTC,414892,,,,,,,,,,,,,,
Duygu Edis,2026-05-10 22:34 UTC,2226194,,,,,,,,,,,,,,
Dwarde,2026-05-10 22:34 UTC,19434,,,,,,,,,,,,,,
EA TJ,2026-05-10 22:34 UTC,55825,,,,,,,,,,,,,,
EL DEMOON,2026-05-10 22:34 UTC,55440,,,,,,,,,,,,,,
Emanazul,2026-05-10 22:34 UTC,624098,,,,,,,,,,,,,,
Emelie Trahan,2026-05-10 22:34 UTC,82812,,,,,,,,,,,,,,
EMJIE,2026-05-10 22:34 UTC,219655,,,,,,,,,,,,,,
ERISTHEPLANET,2026-05-10 22:34 UTC,74050,,,,,,,,,,,,,,
F3miii,2026-05-10 22:34 UTC,6166573,,,,,,,,,,,,,,
Fcukers,2026-05-10 22:34 UTC,2061177,,,,,,,,,,,,,,
FIFA Sound,2026-05-10 22:34 UTC,2891016,,,,,,,,,,,,,,
FLO,2026-05-10 22:34 UTC,3650740,,,,,,,,,,,,,,
Frost Children,2026-05-10 22:34 UTC,550515,,,,,,,,,,,,,,
frozz,2026-05-10 22:34 UTC,913517,,,,,,,,,,,,,,
G3B,2026-05-10 22:34 UTC,154279,,,,,,,,,,,,,,
Ghetto Beisha,2026-05-10 22:34 UTC,63567,,,,,,,,,,,,,,
Ghostfacekush,2026-05-10 22:34 UTC,85811,,,,,,,,,,,,,,
Girl Scout,2026-05-10 22:34 UTC,94162,,,,,,,,,,,,,,
girl_irl,2026-05-10 22:34 UTC,91404,,,,,,,,,,,,,,
girlsweetvoiced,2026-05-10 22:34 UTC,574324,,,,,,,,,,,,,,
Glizzy Glow,2026-05-10 22:34 UTC,16384,,,,,,,,,,,,,,
gnawvs,2026-05-10 22:34 UTC,3060,,,,,,,,,,,,,,
Godtripper,2026-05-10 22:34 UTC,356610,,,,,,,,,,,,,,
Grupo Primer Grado,2026-05-10 22:34 UTC,2464634,,,,,,,,,,,,,,
H. Hawkline,2026-05-10 22:34 UTC,193818,,,,,,,,,,,,,,
Harrd Luck,2026-05-10 22:34 UTC,79212,,,,,,,,,,,,,,
HittMan,2026-05-10 22:34 UTC,31872,,,,,,,,,,,,,,
Iguana Death Cult,2026-05-10 22:34 UTC,71382,,,,,,,,,,,,,,
Indeevar,2026-05-10 22:34 UTC,4104130,,,,,,,,,,,,,,
Indigo De Souza,2026-05-10 22:34 UTC,1723141,,,,,,,,,,,,,,
Infinity Song,2026-05-10 22:34 UTC,928362,,,,,,,,,,,,,,
isa in eutopia,2026-05-10 22:34 UTC,36591,,,,,,,,,,,,,,
JADA,2026-05-10 22:34 UTC,37671,,,,,,,,,,,,,,
Jadasea,2026-05-10 22:34 UTC,87667,,,,,,,,,,,,,,
jalda,2026-05-10 22:34 UTC,73626,,,,,,,,,,,,,,
Jimmy Butler,2026-05-10 22:34 UTC,78076,,,,,,,,,,,,,,
JJerome87,2026-05-10 22:34 UTC,442762,,,,,,,,,,,,,,
Joy Rhodes,2026-05-10 22:34 UTC,861143,,,,,,,,,,,,,,
Juju,2026-05-10 22:34 UTC,3110323,,,,,,,,,,,,,,
Julia Church,2026-05-10 22:34 UTC,4514365,,,,,,,,,,,,,,
Julie Williams,2026-05-10 22:34 UTC,112498,,,,,,,,,,,,,,
JussGigi,2026-05-10 22:34 UTC,0,,,,,,,,,,,,,,
Kala,2026-05-10 22:34 UTC,0,,,,,,,,,,,,,,
Karly Bowman,2026-05-10 22:34 UTC,167076,,,,,,,,,,,,,,
Khaled,2026-05-10 22:34 UTC,2013612,,,,,,,,,,,,,,
Khan Saab,2026-05-10 22:34 UTC,11055846,,,,,,,,,,,,,,
King Kylie,2026-05-10 22:34 UTC,786021,,,,,,,,,,,,,,
KINGH,2026-05-10 22:34 UTC,128740,,,,,,,,,,,,,,
Koilwood,2026-05-10 22:34 UTC,43219,,,,,,,,,,,,,,
KUČKA,2026-05-10 22:34 UTC,918448,,,,,,,,,,,,,,
Kurdi Klymax,2026-05-10 22:34 UTC,22552,,,,,,,,,,,,,,
kuru,2026-05-10 22:34 UTC,281929,,,,,,,,,,,,,,
Lamb,2026-05-10 22:34 UTC,200262,,,,,,,,,,,,,,
ledysek,2026-05-10 22:34 UTC,15786,,,,,,,,,,,,,,
Lerado Khalil,2026-05-10 22:34 UTC,71259,,,,,,,,,,,,,,
Les Imprimés,2026-05-10 22:34 UTC,131683,,,,,,,,,,,,,,
Lightris,2026-05-10 22:34 UTC,729225,,,,,,,,,,,,,,
Lil B,2026-05-10 22:34 UTC,1998455,,,,,,,,,,,,,,
Lil Righteous,2026-05-10 22:34 UTC,0,,,,,,,,,,,,,,
Loui Henderson,2026-05-10 22:34 UTC,191394,,,,,,,,,,,,,,
Luke Armstrong,2026-05-10 22:34 UTC,20814,,,,,,,,,,,,,,
M4IA,2026-05-10 22:34 UTC,100041,,,,,,,,,,,,,,
MAGIC SOUND WOLF,2026-05-10 22:34 UTC,646937,,,,,,,,,,,,,,
Malcolm Todd,2026-05-10 22:34 UTC,25191096,,,,,,,,,,,,,,
Maphra,2026-05-10 22:34 UTC,1209408,,,,,,,,,,,,,,
marquitos,2026-05-10 22:34 UTC,413896,,,,,,,,,,,,,,
Maviler,2026-05-10 22:34 UTC,568495,,,,,,,,,,,,,,
Merry Lamb Lamb,2026-05-10 22:34 UTC,18039,,,,,,,,,,,,,,
Mijabella Marie,2026-05-10 22:34 UTC,20760,,,,,,,,,,,,,,
MIKE,2026-05-10 22:34 UTC,691883,,,,,,,,,,,,,,
Momo Boyd,2026-05-10 22:34 UTC,2429257,,,,,,,,,,,,,,
Mr Dutt,2026-05-10 22:34 UTC,1968839,,,,,,,,,,,,,,
Mumu Fresh,2026-05-10 22:34 UTC,65807,,,,,,,,,,,,,,
My New Band Believe,2026-05-10 22:34 UTC,221337,,,,,,,,,,,,,,
Naarly,2026-05-10 22:34 UTC,5389855,,,,,,,,,,,,,,
Naod,2026-05-10 22:34 UTC,331877,,,,,,,,,,,,,,
Nickatnite,2026-05-10 22:34 UTC,9483,,,,,,,,,,,,,,
Nine Vicious,2026-05-10 22:34 UTC,1208023,,,,,,,,,,,,,,
nocashfromparents,2026-05-10 22:34 UTC,967564,,,,,,,,,,,,,,
North West,2026-05-10 22:34 UTC,1011760,,,,,,,,,,,,,,
NPD,2026-05-10 22:34 UTC,1430150,,,,,,,,,,,,,,
OK Alva,2026-05-10 22:34 UTC,39712,,,,,,,,,,,,,,
OKI,2026-05-10 22:34 UTC,2392337,,,,,,,,,,,,,,
Olga Myko,2026-05-10 22:34 UTC,2350818,,,,,,,,,,,,,,
Olof Dreijer,2026-05-10 22:34 UTC,87190,,,,,,,,,,,,,,
osa,2026-05-10 22:34 UTC,140012,,,,,,,,,,,,,,
Oxis,2026-05-10 22:34 UTC,353516,,,,,,,,,,,,,,
Pocket,2026-05-10 22:34 UTC,150201,,,,,,,,,,,,,,
Pretty Pinkk,2026-05-10 22:34 UTC,63582,,,,,,,,,,,,,,
Pz',2026-05-10 22:34 UTC,334104,,,,,,,,,,,,,,
Rian Brazil,2026-05-10 22:34 UTC,52709,,,,,,,,,,,,,,
rjtheweirdo,2026-05-10 22:34 UTC,510151,,,,,,,,,,,,,,
Rocket Reese,2026-05-10 22:34 UTC,125295,,,,,,,,,,,,,,
S1RENA,2026-05-10 22:34 UTC,181950,,,,,,,,,,,,,,
Sa!koro,2026-05-10 22:34 UTC,83441,,,,,,,,,,,,,,
Sara Landry,2026-05-10 22:34 UTC,1245400,,,,,,,,,,,,,,
Sébastien Tellier,2026-05-10 22:34 UTC,1642916,,,,,,,,,,,,,,
ShawtyRokk,2026-05-10 22:34 UTC,37137,,,,,,,,,,,,,,
shonci,2026-05-10 22:34 UTC,4826144,,,,,,,,,,,,,,
Slayr,2026-05-10 22:34 UTC,999655,,,,,,,,,,,,,,
Slayyyter,2026-05-10 22:34 UTC,4718235,,,,,,,,,,,,,,
Slim Jxmmy,2026-05-10 22:34 UTC,37188,,,,,,,,,,,,,,
Sofiane Pamart,2026-05-10 22:34 UTC,4467483,,,,,,,,,,,,,,
Sons of Yusuf,2026-05-10 22:34 UTC,1449038,,,,,,,,,,,,,,
Southsidesilhouette,2026-05-10 22:34 UTC,180052,,,,,,,,,,,,,,
Specialist Moss,2026-05-10 22:34 UTC,625586,,,,,,,,,,,,,,
SPELLLING,2026-05-10 22:34 UTC,107430,,,,,,,,,,,,,,
Sreemani,2026-05-10 22:34 UTC,2668489,,,,,,,,,,,,,,
STELLA LEFTY,2026-05-10 22:34 UTC,9741354,,,,,,,,,,,,,,
Street Fever,2026-05-10 22:34 UTC,135299,,,,,,,,,,,,,,
Sunday Service Choir,2026-05-10 22:34 UTC,404219,,,,,,,,,,,,,,
SURF GANG,2026-05-10 22:34 UTC,486087,,,,,,,,,,,,,,
Swizz Beatz,2026-05-10 22:34 UTC,706500,,,,,,,,,,,,,,
T.O.P,2026-05-10 22:34 UTC,1528168,,,,,,,,,,,,,,
Tabi Gervis,2026-05-10 22:34 UTC,16648,,,,,,,,,,,,,,
Temper City,2026-05-10 22:34 UTC,13323015,,,,,,,,,,,,,,
Tezzus,2026-05-10 22:34 UTC,430584,,,,,,,,,,,,,,
The Long Faces,2026-05-10 22:34 UTC,4797485,,,,,,,,,,,,,,
The Twins,2026-05-10 22:34 UTC,69227,,,,,,,,,,,,,,
THELMA,2026-05-10 22:34 UTC,58522,,,,,,,,,,,,,,
Tiffany Day,2026-05-10 22:34 UTC,1237193,,,,,,,,,,,,,,
Tom Did It,2026-05-10 22:34 UTC,1165707,,,,,,,,,,,,,,
Tom Right,2026-05-10 22:34 UTC,1162208,,,,,,,,,,,,,,
TOMORA,2026-05-10 22:34 UTC,920047,,,,,,,,,,,,,,
Trim,2026-05-10 22:34 UTC,2365952,,,,,,,,,,,,,,
Tsatsamis,2026-05-10 22:34 UTC,193302,,,,,,,,,,,,,,
twentythree,2026-05-10 22:34 UTC,1212228,,,,,,,,,,,,,,
TXKUMOON,2026-05-10 22:34 UTC,1097697,,,,,,,,,,,,,,
Vaibhav Gupta,2026-05-10 22:34 UTC,1828593,,,,,,,,,,,,,,
waera,2026-05-10 22:34 UTC,203343,,,,,,,,,,,,,,
Warren Roob,2026-05-10 22:34 UTC,361314,,,,,,,,,,,,,,
Welwitschia,2026-05-10 22:34 UTC,873150,,,,,,,,,,,,,,
Will Sass,2026-05-10 22:34 UTC,590037,,,,,,,,,,,,,,
Wtm Solid,2026-05-10 22:34 UTC,6202,,,,,,,,,,,,,,
Yaeger,2026-05-10 22:34 UTC,299979,,,,,,,,,,,,,,
YASP,2026-05-10 22:34 UTC,32131,,,,,,,,,,,,,,
Ye,2026-05-10 22:34 UTC,11872849,,,,,,,,,,,,,,
Yonusa,2026-05-10 22:34 UTC,64914,,,,,,,,,,,,,,
YUNA,2026-05-10 22:34 UTC,1156867,,,,,,,,,,,,,,
Yuyu19,2026-05-10 22:34 UTC,1313592,,,,,,,,,,,,,,
Zycan,2026-05-10 22:34 UTC,1197547,,,,,,,,,,,,,,
drug bug,2026-05-10 22:34 UTC,61807,,,,,,,,,,,,,,
ILYAH,2026-05-10 22:34 UTC,705037,,,,,,,,,,,,,,
Los Brasileros,2026-05-10 22:34 UTC,1732767,,,,,,,,,,,,,,
am7iri,2026-05-10 22:34 UTC,1593341,,,,,,,,,,,,,,
Los Buyer,2026-05-10 22:34 UTC,1088598,,,,,,,,,,,,,,
Pikeras,2026-05-10 22:34 UTC,1517943,,,,,,,,,,,,,,
Heitor Santos,2026-05-10 22:34 UTC,2168454,,,,,,,,,,,,,,
Melly,2026-05-10 22:34 UTC,1007055,,,,,,,,,,,,,,
OT The Real,2026-05-10 22:34 UTC,240484,,,,,,,,,,,,,,
Big Papa313,2026-05-10 22:34 UTC,1923770,,,,,,,,,,,,,,
kortani,2026-05-10 22:34 UTC,421239,,,,,,,,,,,,,,
daydreamers,2026-05-10 22:34 UTC,276057,,,,,,,,,,,,,,
Amma,2026-05-10 22:34 UTC,1313335,,,,,,,,,,,,,,
IngaRose,2026-05-10 22:34 UTC,2186706,,,,,,,,,,,,,,
FRIDAY*,2026-05-10 22:34 UTC,9666,,,,,,,,,,,,,,
aoif3,2026-05-10 22:34 UTC,908,,,,,,,,,,,,,,
Uche,2026-05-10 22:34 UTC,22704,,,,,,,,,,,,,,
Maxx Moor,2026-05-10 22:34 UTC,480,,,,,,,,,,,,,,
Swethings,2026-05-10 22:34 UTC,39726,,,,,,,,,,,,,,
22xlstl,2026-05-10 22:34 UTC,419957,,,,,,,,,,,,,,
Greg Gonzales,2026-05-10 22:34 UTC,3459718,,,,,,,,,,,,,,
Lyla George,2026-05-10 22:34 UTC,375943,,,,,,,,,,,,,,
Marlo Rex,2026-05-10 22:34 UTC,1324826,,,,,,,,,,,,,,
Cobrah,2026-05-10 22:34 UTC,2472692,,,,,,,,,,,,,,
Asha Banks,2026-05-10 22:34 UTC,347658,,,,,,,,,,,,,,
Stanclickin,2026-05-10 22:34 UTC,29524,,,,,,,,,,,,,,
Ebony Riley,2026-05-10 22:34 UTC,183661,,,,,,,,,,,,,,
Knut€,2026-05-10 22:34 UTC,27432,,,,,,,,,,,,,,
SALIMATA,2026-05-10 22:34 UTC,516776,,,,,,,,,,,,,,
Tracy,2026-05-10 22:34 UTC,468526,,,,,,,,,,,,,,
GENER8ION,2026-05-10 22:34 UTC,1649096,,,,,,,,,,,,,,
BJOERN,2026-05-10 22:34 UTC,546761,,,,,,,,,,,,,,
Olwin,2026-05-10 22:34 UTC,47350,,,,,,,,,,,,,,
Fred Durst,2026-05-10 22:34 UTC,1933570,,,,,,,,,,,,,,
Twoske,2026-05-10 22:34 UTC,59721,,,,,,,,,,,,,,
Los Gofiones,2026-05-10 22:34 UTC,1322407,,,,,,,,,,,,,,
Chase Belly,2026-05-10 22:34 UTC,314257,,,,,,,,,,,,,,
CDB,2026-05-10 22:34 UTC,3517040,,,,,,,,,,,,,,
Cornfed Ted,2026-05-10 22:34 UTC,15719,,,,,,,,,,,,,,
Claar,2026-05-10 22:34 UTC,28360,,,,,,,,,,,,,,
KARLEE GIRL,2026-05-10 22:34 UTC,849946,,,,,,,,,,,,,,
Warhol.SS,2026-05-10 22:34 UTC,583385,,,,,,,,,,,,,,
Lola Blue,2026-05-10 22:34 UTC,112228,,,,,,,,,,,,,,
AZIEDOESNTEXIST,2026-05-10 22:34 UTC,659725,,,,,,,,,,,,,,
Eliah Sternhardt,2026-05-10 22:34 UTC,241837,,,,,,,,,,,,,,
$t3PPA,2026-05-11 22:43 UTC,147869,,,,,,,,,,,,,,
1 Umbrella,2026-05-11 22:43 UTC,194076,,,,,,,,,,,,,,
318dman,2026-05-11 22:43 UTC,190540,,,,,,,,,,,,,,
A2ANTI,2026-05-11 22:43 UTC,1085895,,,,,,,,,,,,,,
Addison Dean,2026-05-11 22:43 UTC,6254,,,,,,,,,,,,,,
Aksomaniac,2026-05-11 22:43 UTC,2225227,,,,,,,,,,,,,,
Andre Troutman,2026-05-11 22:43 UTC,4921256,,,,,,,,,,,,,,
Angine de Poitrine,2026-05-11 22:43 UTC,2045860,,,,,,,,,,,,,,
Anik Khan,2026-05-11 22:43 UTC,204336,,,,,,,,,,,,,,
AQUAFINNA,2026-05-11 22:43 UTC,21564,,,,,,,,,,,,,,
Biggs money,2026-05-11 22:43 UTC,36933,,,,,,,,,,,,,,
Boi-1da,2026-05-11 22:43 UTC,591521,,,,,,,,,,,,,,
BossMan Pac,2026-05-11 22:43 UTC,99592,,,,,,,,,,,,,,
Brittany Aldean,2026-05-11 22:43 UTC,285177,,,,,,,,,,,,,,
Bryan Countach,2026-05-11 22:43 UTC,196425,,,,,,,,,,,,,,
Canada Soccer,2026-05-11 22:43 UTC,638749,,,,,,,,,,,,,,
Canyon,2026-05-11 22:43 UTC,35993,,,,,,,,,,,,,,
Cap1talA,2026-05-11 22:43 UTC,279417,,,,,,,,,,,,,,
Carter Faith,2026-05-11 22:43 UTC,3634706,,,,,,,,,,,,,,
Che,2026-05-11 22:43 UTC,1207535,,,,,,,,,,,,,,
Chyno Miranda,2026-05-11 22:43 UTC,2055508,,,,,,,,,,,,,,
Corridos del Rey,2026-05-11 22:43 UTC,1522438,,,,,,,,,,,,,,
Dale Move,2026-05-11 22:43 UTC,163770,,,,,,,,,,,,,,
Daniel Žižka,2026-05-11 22:43 UTC,158232,,,,,,,,,,,,,,
Dante,2026-05-11 22:43 UTC,409041,,,,,,,,,,,,,,
Dean Turnley,2026-05-11 22:43 UTC,1511889,,,,,,,,,,,,,,
Delta Ash,2026-05-11 22:43 UTC,530708,,,,,,,,,,,,,,
DETO BLACK,2026-05-11 22:43 UTC,606928,,,,,,,,,,,,,,
Devault,2026-05-11 22:43 UTC,3116055,,,,,,,,,,,,,,
Dexter and The Moonrocks,2026-05-11 22:43 UTC,7513228,,,,,,,,,,,,,,
diamond*,2026-05-11 22:43 UTC,376313,,,,,,,,,,,,,,
Diana Pilquist,2026-05-11 22:43 UTC,3770,,,,,,,,,,,,,,
DJ B7 o Piranhão,2026-05-11 22:43 UTC,3297561,,,,,,,,,,,,,,
DJ Holiday,2026-05-11 22:43 UTC,203986,,,,,,,,,,,,,,
dóttir.x,2026-05-11 22:43 UTC,79613,,,,,,,,,,,,,,
Druski,2026-05-11 22:43 UTC,1350551,,,,,,,,,,,,,,
Dubioza Kolektive,2026-05-11 22:43 UTC,514483,,,,,,,,,,,,,,
dunderjeppe,2026-05-11 22:43 UTC,27087,,,,,,,,,,,,,,
Duskydemise archive,2026-05-11 22:43 UTC,417730,,,,,,,,,,,,,,
Duygu Edis,2026-05-11 22:43 UTC,2178575,,,,,,,,,,,,,,
Dwarde,2026-05-11 22:43 UTC,19424,,,,,,,,,,,,,,
EA TJ,2026-05-11 22:43 UTC,56230,,,,,,,,,,,,,,
EL DEMOON,2026-05-11 22:43 UTC,54821,,,,,,,,,,,,,,
Emanazul,2026-05-11 22:43 UTC,633089,,,,,,,,,,,,,,
Emelie Trahan,2026-05-11 22:43 UTC,84210,,,,,,,,,,,,,,
EMJIE,2026-05-11 22:43 UTC,227266,,,,,,,,,,,,,,
ERISTHEPLANET,2026-05-11 22:43 UTC,75268,,,,,,,,,,,,,,
F3miii,2026-05-11 22:43 UTC,6363796,,,,,,,,,,,,,,
Fcukers,2026-05-11 22:43 UTC,2063625,,,,,,,,,,,,,,
FIFA Sound,2026-05-11 22:43 UTC,2929425,,,,,,,,,,,,,,
FLO,2026-05-11 22:43 UTC,3671074,,,,,,,,,,,,,,
Frost Children,2026-05-11 22:43 UTC,550423,,,,,,,,,,,,,,
frozz,2026-05-11 22:43 UTC,879244,,,,,,,,,,,,,,
G3B,2026-05-11 22:43 UTC,150257,,,,,,,,,,,,,,
Ghetto Beisha,2026-05-11 22:43 UTC,64356,,,,,,,,,,,,,,
Ghostfacekush,2026-05-11 22:43 UTC,86642,,,,,,,,,,,,,,
Girl Scout,2026-05-11 22:43 UTC,93037,,,,,,,,,,,,,,
girl_irl,2026-05-11 22:43 UTC,88566,,,,,,,,,,,,,,
girlsweetvoiced,2026-05-11 22:43 UTC,564757,,,,,,,,,,,,,,
Glizzy Glow,2026-05-11 22:43 UTC,16519,,,,,,,,,,,,,,
gnawvs,2026-05-11 22:43 UTC,3066,,,,,,,,,,,,,,
Godtripper,2026-05-11 22:43 UTC,344032,,,,,,,,,,,,,,
Grupo Primer Grado,2026-05-11 22:43 UTC,2439559,,,,,,,,,,,,,,
H. Hawkline,2026-05-11 22:43 UTC,191636,,,,,,,,,,,,,,
Harrd Luck,2026-05-11 22:43 UTC,77286,,,,,,,,,,,,,,
HittMan,2026-05-11 22:43 UTC,32085,,,,,,,,,,,,,,
Iguana Death Cult,2026-05-11 22:43 UTC,70239,,,,,,,,,,,,,,
Indeevar,2026-05-11 22:43 UTC,4173045,,,,,,,,,,,,,,
Indigo De Souza,2026-05-11 22:43 UTC,1710854,,,,,,,,,,,,,,
Infinity Song,2026-05-11 22:43 UTC,915550,,,,,,,,,,,,,,
isa in eutopia,2026-05-11 22:43 UTC,36595,,,,,,,,,,,,,,
JADA,2026-05-11 22:43 UTC,37396,,,,,,,,,,,,,,
Jadasea,2026-05-11 22:43 UTC,84218,,,,,,,,,,,,,,
jalda,2026-05-11 22:43 UTC,74129,,,,,,,,,,,,,,
Jimmy Butler,2026-05-11 22:43 UTC,79552,,,,,,,,,,,,,,
JJerome87,2026-05-11 22:43 UTC,446188,,,,,,,,,,,,,,
Joy Rhodes,2026-05-11 22:43 UTC,880933,,,,,,,,,,,,,,
Juju,2026-05-11 22:43 UTC,3100042,,,,,,,,,,,,,,
Julia Church,2026-05-11 22:43 UTC,4523937,,,,,,,,,,,,,,
Julie Williams,2026-05-11 22:43 UTC,106704,,,,,,,,,,,,,,
JussGigi,2026-05-11 22:43 UTC,0,,,,,,,,,,,,,,
Kala,2026-05-11 22:43 UTC,0,,,,,,,,,,,,,,
Karly Bowman,2026-05-11 22:43 UTC,167458,,,,,,,,,,,,,,
Khaled,2026-05-11 22:43 UTC,1989475,,,,,,,,,,,,,,
Khan Saab,2026-05-11 22:43 UTC,10942523,,,,,,,,,,,,,,
King Kylie,2026-05-11 22:43 UTC,769662,,,,,,,,,,,,,,
KINGH,2026-05-11 22:43 UTC,128900,,,,,,,,,,,,,,
Koilwood,2026-05-11 22:43 UTC,40161,,,,,,,,,,,,,,
KUČKA,2026-05-11 22:43 UTC,911576,,,,,,,,,,,,,,
Kurdi Klymax,2026-05-11 22:43 UTC,23262,,,,,,,,,,,,,,
kuru,2026-05-11 22:43 UTC,284363,,,,,,,,,,,,,,
Lamb,2026-05-11 22:43 UTC,198976,,,,,,,,,,,,,,
ledysek,2026-05-11 22:43 UTC,15833,,,,,,,,,,,,,,
Lerado Khalil,2026-05-11 22:43 UTC,69590,,,,,,,,,,,,,,
Les Imprimés,2026-05-11 22:43 UTC,129091,,,,,,,,,,,,,,
Lightris,2026-05-11 22:43 UTC,727175,,,,,,,,,,,,,,
Lil B,2026-05-11 22:43 UTC,1999631,,,,,,,,,,,,,,
Lil Righteous,2026-05-11 22:43 UTC,0,,,,,,,,,,,,,,
Loui Henderson,2026-05-11 22:43 UTC,194008,,,,,,,,,,,,,,
Luke Armstrong,2026-05-11 22:43 UTC,22618,,,,,,,,,,,,,,
M4IA,2026-05-11 22:43 UTC,100559,,,,,,,,,,,,,,
MAGIC SOUND WOLF,2026-05-11 22:43 UTC,644573,,,,,,,,,,,,,,
Malcolm Todd,2026-05-11 22:43 UTC,25404810,,,,,,,,,,,,,,
Maphra,2026-05-11 22:43 UTC,1220700,,,,,,,,,,,,,,
marquitos,2026-05-11 22:43 UTC,395344,,,,,,,,,,,,,,
Maviler,2026-05-11 22:43 UTC,534646,,,,,,,,,,,,,,
Merry Lamb Lamb,2026-05-11 22:43 UTC,16600,,,,,,,,,,,,,,
Mijabella Marie,2026-05-11 22:43 UTC,18364,,,,,,,,,,,,,,
MIKE,2026-05-11 22:43 UTC,684996,,,,,,,,,,,,,,
Momo Boyd,2026-05-11 22:43 UTC,2404561,,,,,,,,,,,,,,
Mr Dutt,2026-05-11 22:43 UTC,1920725,,,,,,,,,,,,,,
Mumu Fresh,2026-05-11 22:43 UTC,66618,,,,,,,,,,,,,,
My New Band Believe,2026-05-11 22:43 UTC,212658,,,,,,,,,,,,,,
Naarly,2026-05-11 22:43 UTC,5390079,,,,,,,,,,,,,,
Naod,2026-05-11 22:43 UTC,333014,,,,,,,,,,,,,,
Nickatnite,2026-05-11 22:43 UTC,8852,,,,,,,,,,,,,,
Nine Vicious,2026-05-11 22:43 UTC,1207601,,,,,,,,,,,,,,
nocashfromparents,2026-05-11 22:43 UTC,969638,,,,,,,,,,,,,,
North West,2026-05-11 22:43 UTC,1029882,,,,,,,,,,,,,,
NPD,2026-05-11 22:43 UTC,1413102,,,,,,,,,,,,,,
OK Alva,2026-05-11 22:43 UTC,39772,,,,,,,,,,,,,,
OKI,2026-05-11 22:43 UTC,2370861,,,,,,,,,,,,,,
Olga Myko,2026-05-11 22:43 UTC,2357474,,,,,,,,,,,,,,
Olof Dreijer,2026-05-11 22:43 UTC,89620,,,,,,,,,,,,,,
osa,2026-05-11 22:43 UTC,140704,,,,,,,,,,,,,,
Oxis,2026-05-11 22:43 UTC,358846,,,,,,,,,,,,,,
Pocket,2026-05-11 22:43 UTC,150890,,,,,,,,,,,,,,
Pretty Pinkk,2026-05-11 22:43 UTC,64367,,,,,,,,,,,,,,
Pz',2026-05-11 22:43 UTC,336304,,,,,,,,,,,,,,
Rian Brazil,2026-05-11 22:43 UTC,52257,,,,,,,,,,,,,,
rjtheweirdo,2026-05-11 22:43 UTC,512469,,,,,,,,,,,,,,
Rocket Reese,2026-05-11 22:43 UTC,124440,,,,,,,,,,,,,,
S1RENA,2026-05-11 22:43 UTC,179754,,,,,,,,,,,,,,
Sa!koro,2026-05-11 22:43 UTC,82600,,,,,,,,,,,,,,
Sara Landry,2026-05-11 22:43 UTC,1234453,,,,,,,,,,,,,,
Sébastien Tellier,2026-05-11 22:43 UTC,1654920,,,,,,,,,,,,,,
ShawtyRokk,2026-05-11 22:43 UTC,37290,,,,,,,,,,,,,,
shonci,2026-05-11 22:43 UTC,4855271,,,,,,,,,,,,,,
Slayr,2026-05-11 22:43 UTC,995858,,,,,,,,,,,,,,
Slayyyter,2026-05-11 22:43 UTC,4755872,,,,,,,,,,,,,,
Slim Jxmmy,2026-05-11 22:43 UTC,37125,,,,,,,,,,,,,,
Sofiane Pamart,2026-05-11 22:43 UTC,4491524,,,,,,,,,,,,,,
Sons of Yusuf,2026-05-11 22:43 UTC,1425508,,,,,,,,,,,,,,
Southsidesilhouette,2026-05-11 22:43 UTC,181593,,,,,,,,,,,,,,
Specialist Moss,2026-05-11 22:43 UTC,626224,,,,,,,,,,,,,,
SPELLLING,2026-05-11 22:43 UTC,107770,,,,,,,,,,,,,,
Sreemani,2026-05-11 22:43 UTC,2668508,,,,,,,,,,,,,,
STELLA LEFTY,2026-05-11 22:43 UTC,9910637,,,,,,,,,,,,,,
Street Fever,2026-05-11 22:43 UTC,127469,,,,,,,,,,,,,,
Sunday Service Choir,2026-05-11 22:43 UTC,402600,,,,,,,,,,,,,,
SURF GANG,2026-05-11 22:43 UTC,476047,,,,,,,,,,,,,,
Swizz Beatz,2026-05-11 22:43 UTC,700207,,,,,,,,,,,,,,
T.O.P,2026-05-11 22:43 UTC,1475795,,,,,,,,,,,,,,
Tabi Gervis,2026-05-11 22:43 UTC,16269,,,,,,,,,,,,,,
Temper City,2026-05-11 22:43 UTC,13629543,,,,,,,,,,,,,,
Tezzus,2026-05-11 22:43 UTC,431666,,,,,,,,,,,,,,
The Long Faces,2026-05-11 22:43 UTC,4834663,,,,,,,,,,,,,,
The Twins,2026-05-11 22:43 UTC,68860,,,,,,,,,,,,,,
THELMA,2026-05-11 22:43 UTC,59110,,,,,,,,,,,,,,
Tiffany Day,2026-05-11 22:43 UTC,1230764,,,,,,,,,,,,,,
Tom Did It,2026-05-11 22:43 UTC,1160665,,,,,,,,,,,,,,
Tom Right,2026-05-11 22:43 UTC,1192028,,,,,,,,,,,,,,
TOMORA,2026-05-11 22:43 UTC,925582,,,,,,,,,,,,,,
Trim,2026-05-11 22:43 UTC,2382516,,,,,,,,,,,,,,
Tsatsamis,2026-05-11 22:43 UTC,191842,,,,,,,,,,,,,,
twentythree,2026-05-11 22:43 UTC,1216273,,,,,,,,,,,,,,
TXKUMOON,2026-05-11 22:43 UTC,1111238,,,,,,,,,,,,,,
Vaibhav Gupta,2026-05-11 22:43 UTC,1788646,,,,,,,,,,,,,,
waera,2026-05-11 22:43 UTC,198038,,,,,,,,,,,,,,
Warren Roob,2026-05-11 22:43 UTC,309456,,,,,,,,,,,,,,
Welwitschia,2026-05-11 22:43 UTC,840745,,,,,,,,,,,,,,
Will Sass,2026-05-11 22:43 UTC,587825,,,,,,,,,,,,,,
Wtm Solid,2026-05-11 22:43 UTC,6003,,,,,,,,,,,,,,
Yaeger,2026-05-11 22:43 UTC,290562,,,,,,,,,,,,,,
YASP,2026-05-11 22:43 UTC,32218,,,,,,,,,,,,,,
Ye,2026-05-11 22:43 UTC,11579905,,,,,,,,,,,,,,
Yonusa,2026-05-11 22:43 UTC,49043,,,,,,,,,,,,,,
YUNA,2026-05-11 22:43 UTC,1138298,,,,,,,,,,,,,,
Yuyu19,2026-05-11 22:43 UTC,1290922,,,,,,,,,,,,,,
Zycan,2026-05-11 22:43 UTC,1074432,,,,,,,,,,,,,,
drug bug,2026-05-11 22:43 UTC,62475,,,,,,,,,,,,,,
ILYAH,2026-05-11 22:43 UTC,712626,,,,,,,,,,,,,,
Los Brasileros,2026-05-11 22:43 UTC,1755633,,,,,,,,,,,,,,
am7iri,2026-05-11 22:43 UTC,1639457,,,,,,,,,,,,,,
Los Buyer,2026-05-11 22:43 UTC,1112129,,,,,,,,,,,,,,
Pikeras,2026-05-11 22:43 UTC,1539128,,,,,,,,,,,,,,
Heitor Santos,2026-05-11 22:43 UTC,2203944,,,,,,,,,,,,,,
Melly,2026-05-11 22:43 UTC,1017964,,,,,,,,,,,,,,
OT The Real,2026-05-11 22:43 UTC,241894,,,,,,,,,,,,,,
Big Papa313,2026-05-11 22:43 UTC,1930928,,,,,,,,,,,,,,
kortani,2026-05-11 22:43 UTC,416910,,,,,,,,,,,,,,
daydreamers,2026-05-11 22:43 UTC,277055,,,,,,,,,,,,,,
Amma,2026-05-11 22:43 UTC,1338261,,,,,,,,,,,,,,
IngaRose,2026-05-11 22:43 UTC,2227562,,,,,,,,,,,,,,
FRIDAY*,2026-05-11 22:43 UTC,9615,,,,,,,,,,,,,,
aoif3,2026-05-11 22:43 UTC,911,,,,,,,,,,,,,,
Uche,2026-05-11 22:43 UTC,23348,,,,,,,,,,,,,,
Maxx Moor,2026-05-11 22:43 UTC,474,,,,,,,,,,,,,,
Swethings,2026-05-11 22:43 UTC,40675,,,,,,,,,,,,,,
22xlstl,2026-05-11 22:43 UTC,431950,,,,,,,,,,,,,,
Greg Gonzales,2026-05-11 22:43 UTC,3556817,,,,,,,,,,,,,,
Lyla George,2026-05-11 22:43 UTC,382408,,,,,,,,,,,,,,
Marlo Rex,2026-05-11 22:43 UTC,1330137,,,,,,,,,,,,,,
Cobrah,2026-05-11 22:43 UTC,2474930,,,,,,,,,,,,,,
Asha Banks,2026-05-11 22:43 UTC,353287,,,,,,,,,,,,,,
Stanclickin,2026-05-11 22:43 UTC,29634,,,,,,,,,,,,,,
Ebony Riley,2026-05-11 22:43 UTC,186752,,,,,,,,,,,,,,
Knut€,2026-05-11 22:43 UTC,27433,,,,,,,,,,,,,,
SALIMATA,2026-05-11 22:43 UTC,527155,,,,,,,,,,,,,,
Tracy,2026-05-11 22:43 UTC,471401,,,,,,,,,,,,,,
GENER8ION,2026-05-11 22:43 UTC,1717117,,,,,,,,,,,,,,
BJOERN,2026-05-11 22:43 UTC,557748,,,,,,,,,,,,,,
Olwin,2026-05-11 22:43 UTC,48050,,,,,,,,,,,,,,
Fred Durst,2026-05-11 22:43 UTC,1979025,,,,,,,,,,,,,,
Twoske,2026-05-11 22:43 UTC,60190,,,,,,,,,,,,,,
Los Gofiones,2026-05-11 22:43 UTC,1345900,,,,,,,,,,,,,,
Chase Belly,2026-05-11 22:43 UTC,315856,,,,,,,,,,,,,,
CDB,2026-05-11 22:43 UTC,3607970,,,,,,,,,,,,,,
Cornfed Ted,2026-05-11 22:43 UTC,15876,,,,,,,,,,,,,,
Claar,2026-05-11 22:43 UTC,28577,,,,,,,,,,,,,,
KARLEE GIRL,2026-05-11 22:43 UTC,891968,,,,,,,,,,,,,,
Warhol.SS,2026-05-11 22:43 UTC,582952,,,,,,,,,,,,,,
Lola Blue,2026-05-11 22:43 UTC,112246,,,,,,,,,,,,,,
AZIEDOESNTEXIST,2026-05-11 22:43 UTC,688245,,,,,,,,,,,,,,
Eliah Sternhardt,2026-05-11 22:43 UTC,239470,,,,,,,,,,,,,,
$t3PPA,2026-05-12 22:51 UTC,148061,,,,,,,,,,,,,,
1 Umbrella,2026-05-12 22:51 UTC,184315,,,,,,,,,,,,,,
318dman,2026-05-12 22:51 UTC,196042,,,,,,,,,,,,,,
A2ANTI,2026-05-12 22:51 UTC,1063914,,,,,,,,,,,,,,
Addison Dean,2026-05-12 22:51 UTC,5916,,,,,,,,,,,,,,
Aksomaniac,2026-05-12 22:51 UTC,2255990,,,,,,,,,,,,,,
Andre Troutman,2026-05-12 22:51 UTC,4763045,,,,,,,,,,,,,,
Angine de Poitrine,2026-05-12 22:51 UTC,1994933,,,,,,,,,,,,,,
Anik Khan,2026-05-12 22:51 UTC,204963,,,,,,,,,,,,,,
AQUAFINNA,2026-05-12 22:51 UTC,21480,,,,,,,,,,,,,,
Biggs money,2026-05-12 22:51 UTC,37265,,,,,,,,,,,,,,
Boi-1da,2026-05-12 22:51 UTC,580520,,,,,,,,,,,,,,
BossMan Pac,2026-05-12 22:51 UTC,93767,,,,,,,,,,,,,,
Brittany Aldean,2026-05-12 22:51 UTC,283134,,,,,,,,,,,,,,
Bryan Countach,2026-05-12 22:51 UTC,192272,,,,,,,,,,,,,,
Canada Soccer,2026-05-12 22:51 UTC,633619,,,,,,,,,,,,,,
Canyon,2026-05-12 22:51 UTC,36220,,,,,,,,,,,,,,
Cap1talA,2026-05-12 22:51 UTC,284918,,,,,,,,,,,,,,
Carter Faith,2026-05-12 22:51 UTC,3581790,,,,,,,,,,,,,,
Che,2026-05-12 22:51 UTC,1208975,,,,,,,,,,,,,,
Chyno Miranda,2026-05-12 22:51 UTC,2032216,,,,,,,,,,,,,,
Corridos del Rey,2026-05-12 22:51 UTC,1526927,,,,,,,,,,,,,,
Dale Move,2026-05-12 22:51 UTC,162996,,,,,,,,,,,,,,
Daniel Žižka,2026-05-12 22:51 UTC,167014,,,,,,,,,,,,,,
Dante,2026-05-12 22:51 UTC,400584,,,,,,,,,,,,,,
Dean Turnley,2026-05-12 22:51 UTC,1513964,,,,,,,,,,,,,,
Delta Ash,2026-05-12 22:51 UTC,536683,,,,,,,,,,,,,,
DETO BLACK,2026-05-12 22:51 UTC,615064,,,,,,,,,,,,,,
Devault,2026-05-12 22:51 UTC,3151876,,,,,,,,,,,,,,
Dexter and The Moonrocks,2026-05-12 22:51 UTC,7588729,,,,,,,,,,,,,,
diamond*,2026-05-12 22:51 UTC,377315,,,,,,,,,,,,,,
Diana Pilquist,2026-05-12 22:51 UTC,3837,,,,,,,,,,,,,,
DJ B7 o Piranhão,2026-05-12 22:51 UTC,3333513,,,,,,,,,,,,,,
DJ Holiday,2026-05-12 22:51 UTC,204499,,,,,,,,,,,,,,
dóttir.x,2026-05-12 22:51 UTC,81497,,,,,,,,,,,,,,
Druski,2026-05-12 22:51 UTC,1308189,,,,,,,,,,,,,,
Dubioza Kolektive,2026-05-12 22:51 UTC,514413,,,,,,,,,,,,,,
dunderjeppe,2026-05-12 22:51 UTC,26762,,,,,,,,,,,,,,
Duskydemise archive,2026-05-12 22:51 UTC,418685,,,,,,,,,,,,,,
Duygu Edis,2026-05-12 22:51 UTC,2134252,,,,,,,,,,,,,,
Dwarde,2026-05-12 22:51 UTC,19476,,,,,,,,,,,,,,
EA TJ,2026-05-12 22:51 UTC,56589,,,,,,,,,,,,,,
EL DEMOON,2026-05-12 22:51 UTC,54118,,,,,,,,,,,,,,
Emanazul,2026-05-12 22:51 UTC,642304,,,,,,,,,,,,,,
Emelie Trahan,2026-05-12 22:51 UTC,86315,,,,,,,,,,,,,,
EMJIE,2026-05-12 22:51 UTC,232245,,,,,,,,,,,,,,
ERISTHEPLANET,2026-05-12 22:51 UTC,76305,,,,,,,,,,,,,,
F3miii,2026-05-12 22:51 UTC,6562034,,,,,,,,,,,,,,
Fcukers,2026-05-12 22:51 UTC,2064820,,,,,,,,,,,,,,
FIFA Sound,2026-05-12 22:51 UTC,2964027,,,,,,,,,,,,,,
FLO,2026-05-12 22:51 UTC,3711348,,,,,,,,,,,,,,
Frost Children,2026-05-12 22:51 UTC,551419,,,,,,,,,,,,,,
frozz,2026-05-12 22:51 UTC,849429,,,,,,,,,,,,,,
G3B,2026-05-12 22:51 UTC,146939,,,,,,,,,,,,,,
Ghetto Beisha,2026-05-12 22:51 UTC,64923,,,,,,,,,,,,,,
Ghostfacekush,2026-05-12 22:51 UTC,87416,,,,,,,,,,,,,,
Girl Scout,2026-05-12 22:51 UTC,91824,,,,,,,,,,,,,,
girl_irl,2026-05-12 22:51 UTC,85745,,,,,,,,,,,,,,
girlsweetvoiced,2026-05-12 22:51 UTC,558128,,,,,,,,,,,,,,
Glizzy Glow,2026-05-12 22:51 UTC,16624,,,,,,,,,,,,,,
gnawvs,2026-05-12 22:51 UTC,3064,,,,,,,,,,,,,,
Godtripper,2026-05-12 22:51 UTC,331534,,,,,,,,,,,,,,
Grupo Primer Grado,2026-05-12 22:51 UTC,2406543,,,,,,,,,,,,,,
H. Hawkline,2026-05-12 22:51 UTC,188112,,,,,,,,,,,,,,
Harrd Luck,2026-05-12 22:51 UTC,75123,,,,,,,,,,,,,,
HittMan,2026-05-12 22:51 UTC,32277,,,,,,,,,,,,,,
Iguana Death Cult,2026-05-12 22:51 UTC,67741,,,,,,,,,,,,,,
Indeevar,2026-05-12 22:51 UTC,4228791,,,,,,,,,,,,,,
Indigo De Souza,2026-05-12 22:51 UTC,1703013,,,,,,,,,,,,,,
Infinity Song,2026-05-12 22:51 UTC,903596,,,,,,,,,,,,,,
isa in eutopia,2026-05-12 22:51 UTC,36772,,,,,,,,,,,,,,
JADA,2026-05-12 22:51 UTC,37309,,,,,,,,,,,,,,
Jadasea,2026-05-12 22:51 UTC,80656,,,,,,,,,,,,,,
jalda,2026-05-12 22:51 UTC,74926,,,,,,,,,,,,,,
Jimmy Butler,2026-05-12 22:51 UTC,81067,,,,,,,,,,,,,,
JJerome87,2026-05-12 22:51 UTC,449342,,,,,,,,,,,,,,
Joy Rhodes,2026-05-12 22:51 UTC,900379,,,,,,,,,,,,,,
Juju,2026-05-12 22:51 UTC,3082720,,,,,,,,,,,,,,
Julia Church,2026-05-12 22:51 UTC,4538394,,,,,,,,,,,,,,
Julie Williams,2026-05-12 22:51 UTC,100435,,,,,,,,,,,,,,
JussGigi,2026-05-12 22:51 UTC,0,,,,,,,,,,,,,,
Kala,2026-05-12 22:51 UTC,0,,,,,,,,,,,,,,
Karly Bowman,2026-05-12 22:51 UTC,167313,,,,,,,,,,,,,,
Khaled,2026-05-12 22:51 UTC,1969095,,,,,,,,,,,,,,
Khan Saab,2026-05-12 22:51 UTC,10830890,,,,,,,,,,,,,,
King Kylie,2026-05-12 22:51 UTC,749635,,,,,,,,,,,,,,
KINGH,2026-05-12 22:51 UTC,129003,,,,,,,,,,,,,,
Koilwood,2026-05-12 22:51 UTC,36926,,,,,,,,,,,,,,
KUČKA,2026-05-12 22:51 UTC,905429,,,,,,,,,,,,,,
Kurdi Klymax,2026-05-12 22:51 UTC,23892,,,,,,,,,,,,,,
kuru,2026-05-12 22:51 UTC,287223,,,,,,,,,,,,,,
Lamb,2026-05-12 22:51 UTC,197811,,,,,,,,,,,,,,
ledysek,2026-05-12 22:51 UTC,15966,,,,,,,,,,,,,,
Lerado Khalil,2026-05-12 22:51 UTC,67619,,,,,,,,,,,,,,
Les Imprimés,2026-05-12 22:51 UTC,125343,,,,,,,,,,,,,,
Lightris,2026-05-12 22:51 UTC,723473,,,,,,,,,,,,,,
Lil B,2026-05-12 22:51 UTC,1980453,,,,,,,,,,,,,,
Lil Righteous,2026-05-12 22:51 UTC,0,,,,,,,,,,,,,,
Loui Henderson,2026-05-12 22:51 UTC,196264,,,,,,,,,,,,,,
Luke Armstrong,2026-05-12 22:51 UTC,23188,,,,,,,,,,,,,,
M4IA,2026-05-12 22:51 UTC,100785,,,,,,,,,,,,,,
MAGIC SOUND WOLF,2026-05-12 22:51 UTC,642181,,,,,,,,,,,,,,
Malcolm Todd,2026-05-12 22:51 UTC,25647260,,,,,,,,,,,,,,
Maphra,2026-05-12 22:51 UTC,1244214,,,,,,,,,,,,,,
marquitos,2026-05-12 22:51 UTC,378143,,,,,,,,,,,,,,
Maviler,2026-05-12 22:51 UTC,503182,,,,,,,,,,,,,,
Merry Lamb Lamb,2026-05-12 22:51 UTC,14873,,,,,,,,,,,,,,
Mijabella Marie,2026-05-12 22:51 UTC,16660,,,,,,,,,,,,,,
MIKE,2026-05-12 22:51 UTC,678644,,,,,,,,,,,,,,
Momo Boyd,2026-05-12 22:51 UTC,2380473,,,,,,,,,,,,,,
Mr Dutt,2026-05-12 22:51 UTC,1871394,,,,,,,,,,,,,,
Mumu Fresh,2026-05-12 22:51 UTC,67291,,,,,,,,,,,,,,
My New Band Believe,2026-05-12 22:51 UTC,203064,,,,,,,,,,,,,,
Naarly,2026-05-12 22:51 UTC,5395304,,,,,,,,,,,,,,
Naod,2026-05-12 22:51 UTC,333864,,,,,,,,,,,,,,
Nickatnite,2026-05-12 22:51 UTC,8194,,,,,,,,,,,,,,
Nine Vicious,2026-05-12 22:51 UTC,1208309,,,,,,,,,,,,,,
nocashfromparents,2026-05-12 22:51 UTC,970198,,,,,,,,,,,,,,
North West,2026-05-12 22:51 UTC,1046721,,,,,,,,,,,,,,
NPD,2026-05-12 22:51 UTC,1408144,,,,,,,,,,,,,,
OK Alva,2026-05-12 22:51 UTC,39872,,,,,,,,,,,,,,
OKI,2026-05-12 22:51 UTC,2349346,,,,,,,,,,,,,,
Olga Myko,2026-05-12 22:51 UTC,2365240,,,,,,,,,,,,,,
Olof Dreijer,2026-05-12 22:51 UTC,93132,,,,,,,,,,,,,,
osa,2026-05-12 22:51 UTC,141147,,,,,,,,,,,,,,
Oxis,2026-05-12 22:51 UTC,369859,,,,,,,,,,,,,,
Pocket,2026-05-12 22:51 UTC,152150,,,,,,,,,,,,,,
Pretty Pinkk,2026-05-12 22:51 UTC,64936,,,,,,,,,,,,,,
Pz',2026-05-12 22:51 UTC,339939,,,,,,,,,,,,,,
Rian Brazil,2026-05-12 22:51 UTC,51662,,,,,,,,,,,,,,
rjtheweirdo,2026-05-12 22:51 UTC,514663,,,,,,,,,,,,,,
Rocket Reese,2026-05-12 22:51 UTC,123124,,,,,,,,,,,,,,
S1RENA,2026-05-12 22:51 UTC,178183,,,,,,,,,,,,,,
Sa!koro,2026-05-12 22:51 UTC,81983,,,,,,,,,,,,,,
Sara Landry,2026-05-12 22:51 UTC,1224008,,,,,,,,,,,,,,
Sébastien Tellier,2026-05-12 22:51 UTC,1666722,,,,,,,,,,,,,,
ShawtyRokk,2026-05-12 22:51 UTC,37301,,,,,,,,,,,,,,
shonci,2026-05-12 22:51 UTC,4887657,,,,,,,,,,,,,,
Slayr,2026-05-12 22:51 UTC,997560,,,,,,,,,,,,,,
Slayyyter,2026-05-12 22:51 UTC,4794084,,,,,,,,,,,,,,
Slim Jxmmy,2026-05-12 22:51 UTC,37111,,,,,,,,,,,,,,
Sofiane Pamart,2026-05-12 22:51 UTC,4506818,,,,,,,,,,,,,,
Sons of Yusuf,2026-05-12 22:51 UTC,1407102,,,,,,,,,,,,,,
Southsidesilhouette,2026-05-12 22:51 UTC,182532,,,,,,,,,,,,,,
Specialist Moss,2026-05-12 22:51 UTC,628276,,,,,,,,,,,,,,
SPELLLING,2026-05-12 22:51 UTC,108134,,,,,,,,,,,,,,
Sreemani,2026-05-12 22:51 UTC,2674216,,,,,,,,,,,,,,
STELLA LEFTY,2026-05-12 22:51 UTC,10046793,,,,,,,,,,,,,,
Street Fever,2026-05-12 22:51 UTC,118407,,,,,,,,,,,,,,
Sunday Service Choir,2026-05-12 22:51 UTC,401194,,,,,,,,,,,,,,
SURF GANG,2026-05-12 22:51 UTC,465651,,,,,,,,,,,,,,
Swizz Beatz,2026-05-12 22:51 UTC,693998,,,,,,,,,,,,,,
T.O.P,2026-05-12 22:51 UTC,1434466,,,,,,,,,,,,,,
Tabi Gervis,2026-05-12 22:51 UTC,15581,,,,,,,,,,,,,,
Temper City,2026-05-12 22:51 UTC,13910808,,,,,,,,,,,,,,
Tezzus,2026-05-12 22:51 UTC,433291,,,,,,,,,,,,,,
The Long Faces,2026-05-12 22:51 UTC,4872620,,,,,,,,,,,,,,
The Twins,2026-05-12 22:51 UTC,68556,,,,,,,,,,,,,,
THELMA,2026-05-12 22:51 UTC,59745,,,,,,,,,,,,,,
Tiffany Day,2026-05-12 22:51 UTC,1232697,,,,,,,,,,,,,,
Tom Did It,2026-05-12 22:51 UTC,1154609,,,,,,,,,,,,,,
Tom Right,2026-05-12 22:51 UTC,1212573,,,,,,,,,,,,,,
TOMORA,2026-05-12 22:51 UTC,931980,,,,,,,,,,,,,,
Trim,2026-05-12 22:51 UTC,2410567,,,,,,,,,,,,,,
Tsatsamis,2026-05-12 22:51 UTC,189908,,,,,,,,,,,,,,
twentythree,2026-05-12 22:51 UTC,1219602,,,,,,,,,,,,,,
TXKUMOON,2026-05-12 22:51 UTC,1115543,,,,,,,,,,,,,,
Vaibhav Gupta,2026-05-12 22:51 UTC,1751225,,,,,,,,,,,,,,
waera,2026-05-12 22:51 UTC,194800,,,,,,,,,,,,,,
Warren Roob,2026-05-12 22:51 UTC,303103,,,,,,,,,,,,,,
Welwitschia,2026-05-12 22:51 UTC,813796,,,,,,,,,,,,,,
Will Sass,2026-05-12 22:51 UTC,586290,,,,,,,,,,,,,,
Wtm Solid,2026-05-12 22:51 UTC,5749,,,,,,,,,,,,,,
Yaeger,2026-05-12 22:51 UTC,280713,,,,,,,,,,,,,,
YASP,2026-05-12 22:51 UTC,32132,,,,,,,,,,,,,,
Ye,2026-05-12 22:51 UTC,11283332,,,,,,,,,,,,,,
Yonusa,2026-05-12 22:51 UTC,31922,,,,,,,,,,,,,,
YUNA,2026-05-12 22:51 UTC,1121567,,,,,,,,,,,,,,
Yuyu19,2026-05-12 22:51 UTC,1271036,,,,,,,,,,,,,,
Zycan,2026-05-12 22:51 UTC,955254,,,,,,,,,,,,,,
drug bug,2026-05-12 22:51 UTC,62882,,,,,,,,,,,,,,
ILYAH,2026-05-12 22:51 UTC,718900,,,,,,,,,,,,,,
Los Brasileros,2026-05-12 22:51 UTC,1778117,,,,,,,,,,,,,,
am7iri,2026-05-12 22:51 UTC,1677756,,,,,,,,,,,,,,
Los Buyer,2026-05-12 22:51 UTC,1134997,,,,,,,,,,,,,,
Pikeras,2026-05-12 22:51 UTC,1562393,,,,,,,,,,,,,,
Heitor Santos,2026-05-12 22:51 UTC,2220108,,,,,,,,,,,,,,
Melly,2026-05-12 22:51 UTC,1029165,,,,,,,,,,,,,,
OT The Real,2026-05-12 22:51 UTC,243718,,,,,,,,,,,,,,
Big Papa313,2026-05-12 22:51 UTC,1942829,,,,,,,,,,,,,,
kortani,2026-05-12 22:51 UTC,413156,,,,,,,,,,,,,,
daydreamers,2026-05-12 22:51 UTC,278381,,,,,,,,,,,,,,
Amma,2026-05-12 22:51 UTC,1361261,,,,,,,,,,,,,,
IngaRose,2026-05-12 22:51 UTC,2263104,,,,,,,,,,,,,,
FRIDAY*,2026-05-12 22:51 UTC,9800,,,,,,,,,,,,,,
aoif3,2026-05-12 22:51 UTC,919,,,,,,,,,,,,,,
Uche,2026-05-12 22:51 UTC,23654,,,,,,,,,,,,,,
Maxx Moor,2026-05-12 22:51 UTC,462,,,,,,,,,,,,,,
Swethings,2026-05-12 22:51 UTC,41550,,,,,,,,,,,,,,
22xlstl,2026-05-12 22:51 UTC,443303,,,,,,,,,,,,,,
Greg Gonzales,2026-05-12 22:51 UTC,3649764,,,,,,,,,,,,,,
Lyla George,2026-05-12 22:51 UTC,389476,,,,,,,,,,,,,,
Marlo Rex,2026-05-12 22:51 UTC,1338006,,,,,,,,,,,,,,
Cobrah,2026-05-12 22:51 UTC,2480787,,,,,,,,,,,,,,
Asha Banks,2026-05-12 22:51 UTC,358533,,,,,,,,,,,,,,
Stanclickin,2026-05-12 22:51 UTC,29752,,,,,,,,,,,,,,
Ebony Riley,2026-05-12 22:51 UTC,190364,,,,,,,,,,,,,,
Knut€,2026-05-12 22:51 UTC,27445,,,,,,,,,,,,,,
SALIMATA,2026-05-12 22:51 UTC,536644,,,,,,,,,,,,,,
Tracy,2026-05-12 22:51 UTC,472969,,,,,,,,,,,,,,
GENER8ION,2026-05-12 22:51 UTC,1783967,,,,,,,,,,,,,,
BJOERN,2026-05-12 22:51 UTC,570788,,,,,,,,,,,,,,
Olwin,2026-05-12 22:51 UTC,48969,,,,,,,,,,,,,,
Fred Durst,2026-05-12 22:51 UTC,2031198,,,,,,,,,,,,,,
Twoske,2026-05-12 22:51 UTC,60599,,,,,,,,,,,,,,
Los Gofiones,2026-05-12 22:51 UTC,1372338,,,,,,,,,,,,,,
Chase Belly,2026-05-12 22:51 UTC,317384,,,,,,,,,,,,,,
CDB,2026-05-12 22:51 UTC,3653033,,,,,,,,,,,,,,
Cornfed Ted,2026-05-12 22:51 UTC,15752,,,,,,,,,,,,,,
Claar,2026-05-12 22:51 UTC,28873,,,,,,,,,,,,,,
KARLEE GIRL,2026-05-12 22:51 UTC,935902,,,,,,,,,,,,,,
Warhol.SS,2026-05-12 22:51 UTC,582370,,,,,,,,,,,,,,
Lola Blue,2026-05-12 22:51 UTC,112212,,,,,,,,,,,,,,
AZIEDOESNTEXIST,2026-05-12 22:51 UTC,716244,,,,,,,,,,,,,,
Eliah Sternhardt,2026-05-12 22:51 UTC,238175,,,,,,,,,,,,,,
$t3PPA,2026-05-13 22:54 UTC,148001,,,,,,,,,,,,,,
1 Umbrella,2026-05-13 22:54 UTC,175475,,,,,,,,,,,,,,
318dman,2026-05-13 22:54 UTC,200934,,,,,,,,,,,,,,
A2ANTI,2026-05-13 22:54 UTC,1041369,,,,,,,,,,,,,,
Addison Dean,2026-05-13 22:54 UTC,5581,,,,,,,,,,,,,,
Aksomaniac,2026-05-13 22:54 UTC,2277088,,,,,,,,,,,,,,
Andre Troutman,2026-05-13 22:54 UTC,4610652,,,,,,,,,,,,,,
Angine de Poitrine,2026-05-13 22:54 UTC,1942964,,,,,,,,,,,,,,
Anik Khan,2026-05-13 22:54 UTC,205221,,,,,,,,,,,,,,
AQUAFINNA,2026-05-13 22:54 UTC,21452,,,,,,,,,,,,,,
Biggs money,2026-05-13 22:54 UTC,37545,,,,,,,,,,,,,,
Boi-1da,2026-05-13 22:54 UTC,563184,,,,,,,,,,,,,,
BossMan Pac,2026-05-13 22:54 UTC,89889,,,,,,,,,,,,,,
Brittany Aldean,2026-05-13 22:54 UTC,280312,,,,,,,,,,,,,,
Bryan Countach,2026-05-13 22:54 UTC,187468,,,,,,,,,,,,,,
Canada Soccer,2026-05-13 22:54 UTC,622159,,,,,,,,,,,,,,
Canyon,2026-05-13 22:54 UTC,36163,,,,,,,,,,,,,,
Cap1talA,2026-05-13 22:54 UTC,290607,,,,,,,,,,,,,,
Carter Faith,2026-05-13 22:54 UTC,3511774,,,,,,,,,,,,,,
Che,2026-05-13 22:54 UTC,1209173,,,,,,,,,,,,,,
Chyno Miranda,2026-05-13 22:54 UTC,1992824,,,,,,,,,,,,,,
Corridos del Rey,2026-05-13 22:54 UTC,1528238,,,,,,,,,,,,,,
Dale Move,2026-05-13 22:54 UTC,161489,,,,,,,,,,,,,,
Daniel Žižka,2026-05-13 22:54 UTC,178337,,,,,,,,,,,,,,
Dante,2026-05-13 22:54 UTC,392227,,,,,,,,,,,,,,
Dean Turnley,2026-05-13 22:54 UTC,1513649,,,,,,,,,,,,,,
Delta Ash,2026-05-13 22:54 UTC,540781,,,,,,,,,,,,,,
DETO BLACK,2026-05-13 22:54 UTC,621198,,,,,,,,,,,,,,
Devault,2026-05-13 22:54 UTC,3183727,,,,,,,,,,,,,,
Dexter and The Moonrocks,2026-05-13 22:54 UTC,7644357,,,,,,,,,,,,,,
diamond*,2026-05-13 22:54 UTC,377745,,,,,,,,,,,,,,
Diana Pilquist,2026-05-13 22:54 UTC,3920,,,,,,,,,,,,,,
DJ B7 o Piranhão,2026-05-13 22:54 UTC,3350414,,,,,,,,,,,,,,
DJ Holiday,2026-05-13 22:54 UTC,205061,,,,,,,,,,,,,,
dóttir.x,2026-05-13 22:54 UTC,82829,,,,,,,,,,,,,,
Druski,2026-05-13 22:54 UTC,1263084,,,,,,,,,,,,,,
Dubioza Kolektive,2026-05-13 22:54 UTC,514423,,,,,,,,,,,,,,
dunderjeppe,2026-05-13 22:54 UTC,26453,,,,,,,,,,,,,,
Duskydemise archive,2026-05-13 22:54 UTC,420599,,,,,,,,,,,,,,
Duygu Edis,2026-05-13 22:54 UTC,2097888,,,,,,,,,,,,,,
Dwarde,2026-05-13 22:54 UTC,19505,,,,,,,,,,,,,,
EA TJ,2026-05-13 22:54 UTC,56892,,,,,,,,,,,,,,
EL DEMOON,2026-05-13 22:54 UTC,53338,,,,,,,,,,,,,,
Emanazul,2026-05-13 22:54 UTC,649770,,,,,,,,,,,,,,
Emelie Trahan,2026-05-13 22:54 UTC,88614,,,,,,,,,,,,,,
EMJIE,2026-05-13 22:54 UTC,236760,,,,,,,,,,,,,,
ERISTHEPLANET,2026-05-13 22:54 UTC,77203,,,,,,,,,,,,,,
F3miii,2026-05-13 22:54 UTC,6731521,,,,,,,,,,,,,,
Fcukers,2026-05-13 22:54 UTC,2056371,,,,,,,,,,,,,,
FIFA Sound,2026-05-13 22:54 UTC,2993730,,,,,,,,,,,,,,
FLO,2026-05-13 22:54 UTC,3737416,,,,,,,,,,,,,,
Frost Children,2026-05-13 22:54 UTC,551771,,,,,,,,,,,,,,
frozz,2026-05-13 22:54 UTC,817681,,,,,,,,,,,,,,
G3B,2026-05-13 22:54 UTC,142962,,,,,,,,,,,,,,
Ghetto Beisha,2026-05-13 22:54 UTC,65380,,,,,,,,,,,,,,
Ghostfacekush,2026-05-13 22:54 UTC,87719,,,,,,,,,,,,,,
Girl Scout,2026-05-13 22:54 UTC,90274,,,,,,,,,,,,,,
girl_irl,2026-05-13 22:54 UTC,82459,,,,,,,,,,,,,,
girlsweetvoiced,2026-05-13 22:54 UTC,548390,,,,,,,,,,,,,,
Glizzy Glow,2026-05-13 22:54 UTC,16732,,,,,,,,,,,,,,
gnawvs,2026-05-13 22:54 UTC,3073,,,,,,,,,,,,,,
Godtripper,2026-05-13 22:54 UTC,318465,,,,,,,,,,,,,,
Grupo Primer Grado,2026-05-13 22:54 UTC,2368885,,,,,,,,,,,,,,
H. Hawkline,2026-05-13 22:54 UTC,183613,,,,,,,,,,,,,,
Harrd Luck,2026-05-13 22:54 UTC,72747,,,,,,,,,,,,,,
HittMan,2026-05-13 22:54 UTC,32469,,,,,,,,,,,,,,
Iguana Death Cult,2026-05-13 22:54 UTC,65679,,,,,,,,,,,,,,
Indeevar,2026-05-13 22:54 UTC,4285831,,,,,,,,,,,,,,
Indigo De Souza,2026-05-13 22:54 UTC,1694666,,,,,,,,,,,,,,
Infinity Song,2026-05-13 22:54 UTC,889188,,,,,,,,,,,,,,
isa in eutopia,2026-05-13 22:54 UTC,36838,,,,,,,,,,,,,,
JADA,2026-05-13 22:54 UTC,37248,,,,,,,,,,,,,,
Jadasea,2026-05-13 22:54 UTC,77411,,,,,,,,,,,,,,
jalda,2026-05-13 22:54 UTC,75307,,,,,,,,,,,,,,
Jimmy Butler,2026-05-13 22:54 UTC,82311,,,,,,,,,,,,,,
JJerome87,2026-05-13 22:54 UTC,450687,,,,,,,,,,,,,,
Joy Rhodes,2026-05-13 22:54 UTC,917479,,,,,,,,,,,,,,
Juju,2026-05-13 22:54 UTC,3060510,,,,,,,,,,,,,,
Julia Church,2026-05-13 22:54 UTC,4547496,,,,,,,,,,,,,,
Julie Williams,2026-05-13 22:54 UTC,94424,,,,,,,,,,,,,,
JussGigi,2026-05-13 22:54 UTC,0,,,,,,,,,,,,,,
Kala,2026-05-13 22:54 UTC,0,,,,,,,,,,,,,,
Karly Bowman,2026-05-13 22:54 UTC,166961,,,,,,,,,,,,,,
Khaled,2026-05-13 22:54 UTC,1949874,,,,,,,,,,,,,,
Khan Saab,2026-05-13 22:54 UTC,10714057,,,,,,,,,,,,,,
King Kylie,2026-05-13 22:54 UTC,729934,,,,,,,,,,,,,,
KINGH,2026-05-13 22:54 UTC,129138,,,,,,,,,,,,,,
Koilwood,2026-05-13 22:54 UTC,33942,,,,,,,,,,,,,,
KUČKA,2026-05-13 22:54 UTC,894884,,,,,,,,,,,,,,
Kurdi Klymax,2026-05-13 22:54 UTC,24587,,,,,,,,,,,,,,
kuru,2026-05-13 22:54 UTC,289820,,,,,,,,,,,,,,
Lamb,2026-05-13 22:54 UTC,195980,,,,,,,,,,,,,,
ledysek,2026-05-13 22:54 UTC,16043,,,,,,,,,,,,,,
Lerado Khalil,2026-05-13 22:54 UTC,65808,,,,,,,,,,,,,,
Les Imprimés,2026-05-13 22:54 UTC,120463,,,,,,,,,,,,,,
Lightris,2026-05-13 22:54 UTC,719536,,,,,,,,,,,,,,
Lil B,2026-05-13 22:54 UTC,1952392,,,,,,,,,,,,,,
Lil Righteous,2026-05-13 22:54 UTC,0,,,,,,,,,,,,,,
Loui Henderson,2026-05-13 22:54 UTC,198064,,,,,,,,,,,,,,
Luke Armstrong,2026-05-13 22:54 UTC,23608,,,,,,,,,,,,,,
M4IA,2026-05-13 22:54 UTC,101027,,,,,,,,,,,,,,
MAGIC SOUND WOLF,2026-05-13 22:54 UTC,639486,,,,,,,,,,,,,,
Malcolm Todd,2026-05-13 22:54 UTC,25817700,,,,,,,,,,,,,,
Maphra,2026-05-13 22:54 UTC,1266764,,,,,,,,,,,,,,
marquitos,2026-05-13 22:54 UTC,355008,,,,,,,,,,,,,,
Maviler,2026-05-13 22:54 UTC,465822,,,,,,,,,,,,,,
Merry Lamb Lamb,2026-05-13 22:54 UTC,13272,,,,,,,,,,,,,,
Mijabella Marie,2026-05-13 22:54 UTC,15694,,,,,,,,,,,,,,
MIKE,2026-05-13 22:54 UTC,670614,,,,,,,,,,,,,,
Momo Boyd,2026-05-13 22:54 UTC,2350808,,,,,,,,,,,,,,
Mr Dutt,2026-05-13 22:54 UTC,1816618,,,,,,,,,,,,,,
Mumu Fresh,2026-05-13 22:54 UTC,66004,,,,,,,,,,,,,,
My New Band Believe,2026-05-13 22:54 UTC,194047,,,,,,,,,,,,,,
Naarly,2026-05-13 22:54 UTC,5383085,,,,,,,,,,,,,,
Naod,2026-05-13 22:54 UTC,334650,,,,,,,,,,,,,,
Nickatnite,2026-05-13 22:54 UTC,7527,,,,,,,,,,,,,,
Nine Vicious,2026-05-13 22:54 UTC,1207190,,,,,,,,,,,,,,
nocashfromparents,2026-05-13 22:54 UTC,969608,,,,,,,,,,,,,,
North West,2026-05-13 22:54 UTC,1052647,,,,,,,,,,,,,,
NPD,2026-05-13 22:54 UTC,1397802,,,,,,,,,,,,,,
OK Alva,2026-05-13 22:54 UTC,39890,,,,,,,,,,,,,,
OKI,2026-05-13 22:54 UTC,2341045,,,,,,,,,,,,,,
Olga Myko,2026-05-13 22:54 UTC,2366171,,,,,,,,,,,,,,
Olof Dreijer,2026-05-13 22:54 UTC,95247,,,,,,,,,,,,,,
osa,2026-05-13 22:54 UTC,141048,,,,,,,,,,,,,,
Oxis,2026-05-13 22:54 UTC,378986,,,,,,,,,,,,,,
Pocket,2026-05-13 22:54 UTC,153219,,,,,,,,,,,,,,
Pretty Pinkk,2026-05-13 22:54 UTC,65396,,,,,,,,,,,,,,
Pz',2026-05-13 22:54 UTC,342330,,,,,,,,,,,,,,
Rian Brazil,2026-05-13 22:54 UTC,50905,,,,,,,,,,,,,,
rjtheweirdo,2026-05-13 22:54 UTC,516650,,,,,,,,,,,,,,
Rocket Reese,2026-05-13 22:54 UTC,121587,,,,,,,,,,,,,,
S1RENA,2026-05-13 22:54 UTC,176673,,,,,,,,,,,,,,
Sa!koro,2026-05-13 22:54 UTC,81569,,,,,,,,,,,,,,
Sara Landry,2026-05-13 22:54 UTC,1211751,,,,,,,,,,,,,,
Sébastien Tellier,2026-05-13 22:54 UTC,1677839,,,,,,,,,,,,,,
ShawtyRokk,2026-05-13 22:54 UTC,37399,,,,,,,,,,,,,,
shonci,2026-05-13 22:54 UTC,4907082,,,,,,,,,,,,,,
Slayr,2026-05-13 22:54 UTC,995650,,,,,,,,,,,,,,
Slayyyter,2026-05-13 22:54 UTC,4819558,,,,,,,,,,,,,,
Slim Jxmmy,2026-05-13 22:54 UTC,37051,,,,,,,,,,,,,,
Sofiane Pamart,2026-05-13 22:54 UTC,4525849,,,,,,,,,,,,,,
Sons of Yusuf,2026-05-13 22:54 UTC,1388384,,,,,,,,,,,,,,
Southsidesilhouette,2026-05-13 22:54 UTC,183317,,,,,,,,,,,,,,
Specialist Moss,2026-05-13 22:54 UTC,628063,,,,,,,,,,,,,,
SPELLLING,2026-05-13 22:54 UTC,107634,,,,,,,,,,,,,,
Sreemani,2026-05-13 22:54 UTC,2673595,,,,,,,,,,,,,,
STELLA LEFTY,2026-05-13 22:54 UTC,10178673,,,,,,,,,,,,,,
Street Fever,2026-05-13 22:54 UTC,109085,,,,,,,,,,,,,,
Sunday Service Choir,2026-05-13 22:54 UTC,399617,,,,,,,,,,,,,,
SURF GANG,2026-05-13 22:54 UTC,454278,,,,,,,,,,,,,,
Swizz Beatz,2026-05-13 22:54 UTC,687802,,,,,,,,,,,,,,
T.O.P,2026-05-13 22:54 UTC,1395954,,,,,,,,,,,,,,
Tabi Gervis,2026-05-13 22:54 UTC,14920,,,,,,,,,,,,,,
Temper City,2026-05-13 22:54 UTC,14135826,,,,,,,,,,,,,,
Tezzus,2026-05-13 22:54 UTC,434535,,,,,,,,,,,,,,
The Long Faces,2026-05-13 22:54 UTC,4898017,,,,,,,,,,,,,,
The Twins,2026-05-13 22:54 UTC,68020,,,,,,,,,,,,,,
THELMA,2026-05-13 22:54 UTC,60282,,,,,,,,,,,,,,
Tiffany Day,2026-05-13 22:54 UTC,1231794,,,,,,,,,,,,,,
Tom Did It,2026-05-13 22:54 UTC,1144156,,,,,,,,,,,,,,
Tom Right,2026-05-13 22:54 UTC,1233186,,,,,,,,,,,,,,
TOMORA,2026-05-13 22:54 UTC,937504,,,,,,,,,,,,,,
Trim,2026-05-13 22:54 UTC,2426794,,,,,,,,,,,,,,
Tsatsamis,2026-05-13 22:54 UTC,187438,,,,,,,,,,,,,,
twentythree,2026-05-13 22:54 UTC,1220322,,,,,,,,,,,,,,
TXKUMOON,2026-05-13 22:54 UTC,1120785,,,,,,,,,,,,,,
Vaibhav Gupta,2026-05-13 22:54 UTC,1713428,,,,,,,,,,,,,,
waera,2026-05-13 22:54 UTC,164396,,,,,,,,,,,,,,
Warren Roob,2026-05-13 22:54 UTC,261364,,,,,,,,,,,,,,
Welwitschia,2026-05-13 22:54 UTC,779619,,,,,,,,,,,,,,
Will Sass,2026-05-13 22:54 UTC,582275,,,,,,,,,,,,,,
Wtm Solid,2026-05-13 22:54 UTC,5447,,,,,,,,,,,,,,
Yaeger,2026-05-13 22:54 UTC,271092,,,,,,,,,,,,,,
YASP,2026-05-13 22:54 UTC,32021,,,,,,,,,,,,,,
Ye,2026-05-13 22:54 UTC,10966299,,,,,,,,,,,,,,
Yonusa,2026-05-13 22:54 UTC,21851,,,,,,,,,,,,,,
YUNA,2026-05-13 22:54 UTC,1101439,,,,,,,,,,,,,,
Yuyu19,2026-05-13 22:54 UTC,1242439,,,,,,,,,,,,,,
Zycan,2026-05-13 22:54 UTC,858315,,,,,,,,,,,,,,
drug bug,2026-05-13 22:54 UTC,62623,,,,,,,,,,,,,,
ILYAH,2026-05-13 22:54 UTC,724749,,,,,,,,,,,,,,
Los Brasileros,2026-05-13 22:54 UTC,1799400,,,,,,,,,,,,,,
am7iri,2026-05-13 22:54 UTC,1707789,,,,,,,,,,,,,,
Los Buyer,2026-05-13 22:54 UTC,1153105,,,,,,,,,,,,,,
Pikeras,2026-05-13 22:54 UTC,1579616,,,,,,,,,,,,,,
Heitor Santos,2026-05-13 22:54 UTC,2232401,,,,,,,,,,,,,,
Melly,2026-05-13 22:54 UTC,1036639,,,,,,,,,,,,,,
OT The Real,2026-05-13 22:54 UTC,245140,,,,,,,,,,,,,,
Big Papa313,2026-05-13 22:54 UTC,1951944,,,,,,,,,,,,,,
kortani,2026-05-13 22:54 UTC,409997,,,,,,,,,,,,,,
daydreamers,2026-05-13 22:54 UTC,278830,,,,,,,,,,,,,,
Amma,2026-05-13 22:54 UTC,1382098,,,,,,,,,,,,,,
IngaRose,2026-05-13 22:54 UTC,2293952,,,,,,,,,,,,,,
FRIDAY*,2026-05-13 22:54 UTC,9869,,,,,,,,,,,,,,
aoif3,2026-05-13 22:54 UTC,915,,,,,,,,,,,,,,
Uche,2026-05-13 22:54 UTC,24081,,,,,,,,,,,,,,
Maxx Moor,2026-05-13 22:54 UTC,459,,,,,,,,,,,,,,
Swethings,2026-05-13 22:54 UTC,42247,,,,,,,,,,,,,,
22xlstl,2026-05-13 22:54 UTC,453448,,,,,,,,,,,,,,
Greg Gonzales,2026-05-13 22:54 UTC,3739578,,,,,,,,,,,,,,
Lyla George,2026-05-13 22:54 UTC,396035,,,,,,,,,,,,,,
Marlo Rex,2026-05-13 22:54 UTC,1343958,,,,,,,,,,,,,,
Cobrah,2026-05-13 22:54 UTC,2479946,,,,,,,,,,,,,,
Asha Banks,2026-05-13 22:54 UTC,364217,,,,,,,,,,,,,,
Stanclickin,2026-05-13 22:54 UTC,30035,,,,,,,,,,,,,,
Ebony Riley,2026-05-13 22:54 UTC,192952,,,,,,,,,,,,,,
Knut€,2026-05-13 22:54 UTC,27431,,,,,,,,,,,,,,
SALIMATA,2026-05-13 22:54 UTC,544206,,,,,,,,,,,,,,
Tracy,2026-05-13 22:54 UTC,473166,,,,,,,,,,,,,,
GENER8ION,2026-05-13 22:54 UTC,1845587,,,,,,,,,,,,,,
BJOERN,2026-05-13 22:54 UTC,581822,,,,,,,,,,,,,,
Olwin,2026-05-13 22:54 UTC,49871,,,,,,,,,,,,,,
Fred Durst,2026-05-13 22:54 UTC,2082618,,,,,,,,,,,,,,
Twoske,2026-05-13 22:54 UTC,61142,,,,,,,,,,,,,,
Los Gofiones,2026-05-13 22:54 UTC,1394965,,,,,,,,,,,,,,
Chase Belly,2026-05-13 22:54 UTC,318706,,,,,,,,,,,,,,
CDB,2026-05-13 22:54 UTC,3700629,,,,,,,,,,,,,,
Cornfed Ted,2026-05-13 22:54 UTC,15575,,,,,,,,,,,,,,
Claar,2026-05-13 22:54 UTC,29185,,,,,,,,,,,,,,
KARLEE GIRL,2026-05-13 22:54 UTC,979676,,,,,,,,,,,,,,
Warhol.SS,2026-05-13 22:54 UTC,581380,,,,,,,,,,,,,,
Lola Blue,2026-05-13 22:54 UTC,112273,,,,,,,,,,,,,,
AZIEDOESNTEXIST,2026-05-13 22:54 UTC,748232,,,,,,,,,,,,,,
Eliah Sternhardt,2026-05-13 22:54 UTC,236932,,,,,,,,,,,,,,
$t3PPA,2026-05-14 22:46 UTC,147297,,,,,,,,,,,,,,
1 Umbrella,2026-05-14 22:46 UTC,166750,,,,,,,,,,,,,,
318dman,2026-05-14 22:46 UTC,205914,,,,,,,,,,,,,,
A2ANTI,2026-05-14 22:46 UTC,1026679,,,,,,,,,,,,,,
Addison Dean,2026-05-14 22:46 UTC,5680,,,,,,,,,,,,,,
Aksomaniac,2026-05-14 22:46 UTC,2319642,,,,,,,,,,,,,,
Andre Troutman,2026-05-14 22:46 UTC,4470373,,,,,,,,,,,,,,
Angine de Poitrine,2026-05-14 22:46 UTC,1888173,,,,,,,,,,,,,,
Anik Khan,2026-05-14 22:46 UTC,205431,,,,,,,,,,,,,,
AQUAFINNA,2026-05-14 22:46 UTC,21340,,,,,,,,,,,,,,
Biggs money,2026-05-14 22:46 UTC,37795,,,,,,,,,,,,,,
Boi-1da,2026-05-14 22:46 UTC,545208,,,,,,,,,,,,,,
BossMan Pac,2026-05-14 22:46 UTC,87064,,,,,,,,,,,,,,
Brittany Aldean,2026-05-14 22:46 UTC,277719,,,,,,,,,,,,,,
Bryan Countach,2026-05-14 22:46 UTC,183286,,,,,,,,,,,,,,
Canada Soccer,2026-05-14 22:46 UTC,609125,,,,,,,,,,,,,,
Canyon,2026-05-14 22:46 UTC,35599,,,,,,,,,,,,,,
Cap1talA,2026-05-14 22:46 UTC,292784,,,,,,,,,,,,,,
Carter Faith,2026-05-14 22:46 UTC,3430323,,,,,,,,,,,,,,
Che,2026-05-14 22:46 UTC,1214326,,,,,,,,,,,,,,
Chyno Miranda,2026-05-14 22:46 UTC,1931038,,,,,,,,,,,,,,
Corridos del Rey,2026-05-14 22:46 UTC,1532627,,,,,,,,,,,,,,
Dale Move,2026-05-14 22:46 UTC,159321,,,,,,,,,,,,,,
Daniel Žižka,2026-05-14 22:46 UTC,202622,,,,,,,,,,,,,,
Dante,2026-05-14 22:46 UTC,385491,,,,,,,,,,,,,,
Dean Turnley,2026-05-14 22:46 UTC,1511554,,,,,,,,,,,,,,
Delta Ash,2026-05-14 22:46 UTC,548055,,,,,,,,,,,,,,
DETO BLACK,2026-05-14 22:46 UTC,629895,,,,,,,,,,,,,,
Devault,2026-05-14 22:46 UTC,3171604,,,,,,,,,,,,,,
Dexter and The Moonrocks,2026-05-14 22:46 UTC,7699849,,,,,,,,,,,,,,
diamond*,2026-05-14 22:46 UTC,377293,,,,,,,,,,,,,,
Diana Pilquist,2026-05-14 22:46 UTC,3958,,,,,,,,,,,,,,
DJ B7 o Piranhão,2026-05-14 22:46 UTC,3370509,,,,,,,,,,,,,,
DJ Holiday,2026-05-14 22:46 UTC,202169,,,,,,,,,,,,,,
dóttir.x,2026-05-14 22:46 UTC,82739,,,,,,,,,,,,,,
Druski,2026-05-14 22:46 UTC,1224089,,,,,,,,,,,,,,
Dubioza Kolektive,2026-05-14 22:46 UTC,516609,,,,,,,,,,,,,,
dunderjeppe,2026-05-14 22:46 UTC,26264,,,,,,,,,,,,,,
Duskydemise archive,2026-05-14 22:46 UTC,420699,,,,,,,,,,,,,,
Duygu Edis,2026-05-14 22:46 UTC,2082251,,,,,,,,,,,,,,
Dwarde,2026-05-14 22:46 UTC,19551,,,,,,,,,,,,,,
EA TJ,2026-05-14 22:46 UTC,57320,,,,,,,,,,,,,,
EL DEMOON,2026-05-14 22:46 UTC,52374,,,,,,,,,,,,,,
Emanazul,2026-05-14 22:46 UTC,656967,,,,,,,,,,,,,,
Emelie Trahan,2026-05-14 22:46 UTC,90042,,,,,,,,,,,,,,
EMJIE,2026-05-14 22:46 UTC,242356,,,,,,,,,,,,,,
ERISTHEPLANET,2026-05-14 22:46 UTC,77494,,,,,,,,,,,,,,
F3miii,2026-05-14 22:46 UTC,6948518,,,,,,,,,,,,,,
Fcukers,2026-05-14 22:46 UTC,2056739,,,,,,,,,,,,,,
FIFA Sound,2026-05-14 22:46 UTC,3028055,,,,,,,,,,,,,,
FLO,2026-05-14 22:46 UTC,3754725,,,,,,,,,,,,,,
Frost Children,2026-05-14 22:46 UTC,551426,,,,,,,,,,,,,,
frozz,2026-05-14 22:46 UTC,776795,,,,,,,,,,,,,,
G3B,2026-05-14 22:46 UTC,138432,,,,,,,,,,,,,,
Ghetto Beisha,2026-05-14 22:46 UTC,64386,,,,,,,,,,,,,,
Ghostfacekush,2026-05-14 22:46 UTC,87767,,,,,,,,,,,,,,
Girl Scout,2026-05-14 22:46 UTC,88960,,,,,,,,,,,,,,
girl_irl,2026-05-14 22:46 UTC,79647,,,,,,,,,,,,,,
girlsweetvoiced,2026-05-14 22:46 UTC,538524,,,,,,,,,,,,,,
Glizzy Glow,2026-05-14 22:46 UTC,16812,,,,,,,,,,,,,,
gnawvs,2026-05-14 22:46 UTC,3070,,,,,,,,,,,,,,
Godtripper,2026-05-14 22:46 UTC,305859,,,,,,,,,,,,,,
Grupo Primer Grado,2026-05-14 22:46 UTC,2337018,,,,,,,,,,,,,,
H. Hawkline,2026-05-14 22:46 UTC,176246,,,,,,,,,,,,,,
Harrd Luck,2026-05-14 22:46 UTC,70262,,,,,,,,,,,,,,
HittMan,2026-05-14 22:46 UTC,32657,,,,,,,,,,,,,,
Iguana Death Cult,2026-05-14 22:46 UTC,63260,,,,,,,,,,,,,,
Indeevar,2026-05-14 22:46 UTC,4347690,,,,,,,,,,,,,,
Indigo De Souza,2026-05-14 22:46 UTC,1686687,,,,,,,,,,,,,,
Infinity Song,2026-05-14 22:46 UTC,873025,,,,,,,,,,,,,,
isa in eutopia,2026-05-14 22:46 UTC,36528,,,,,,,,,,,,,,
JADA,2026-05-14 22:46 UTC,36910,,,,,,,,,,,,,,
Jadasea,2026-05-14 22:46 UTC,74504,,,,,,,,,,,,,,
jalda,2026-05-14 22:46 UTC,75769,,,,,,,,,,,,,,
Jimmy Butler,2026-05-14 22:46 UTC,83595,,,,,,,,,,,,,,
JJerome87,2026-05-14 22:46 UTC,450566,,,,,,,,,,,,,,
Joy Rhodes,2026-05-14 22:46 UTC,931132,,,,,,,,,,,,,,
Juju,2026-05-14 22:46 UTC,3047681,,,,,,,,,,,,,,
Julia Church,2026-05-14 22:46 UTC,4516436,,,,,,,,,,,,,,
Julie Williams,2026-05-14 22:46 UTC,88438,,,,,,,,,,,,,,
JussGigi,2026-05-14 22:46 UTC,0,,,,,,,,,,,,,,
Kala,2026-05-14 22:46 UTC,0,,,,,,,,,,,,,,
Karly Bowman,2026-05-14 22:46 UTC,166585,,,,,,,,,,,,,,
Khaled,2026-05-14 22:46 UTC,1935987,,,,,,,,,,,,,,
Khan Saab,2026-05-14 22:46 UTC,10619937,,,,,,,,,,,,,,
King Kylie,2026-05-14 22:46 UTC,711573,,,,,,,,,,,,,,
KINGH,2026-05-14 22:46 UTC,129609,,,,,,,,,,,,,,
Koilwood,2026-05-14 22:46 UTC,30823,,,,,,,,,,,,,,
KUČKA,2026-05-14 22:46 UTC,888917,,,,,,,,,,,,,,
Kurdi Klymax,2026-05-14 22:46 UTC,25538,,,,,,,,,,,,,,
kuru,2026-05-14 22:46 UTC,292916,,,,,,,,,,,,,,
Lamb,2026-05-14 22:46 UTC,194454,,,,,,,,,,,,,,
ledysek,2026-05-14 22:46 UTC,16041,,,,,,,,,,,,,,
Lerado Khalil,2026-05-14 22:46 UTC,63931,,,,,,,,,,,,,,
Les Imprimés,2026-05-14 22:46 UTC,116581,,,,,,,,,,,,,,
Lightris,2026-05-14 22:46 UTC,716456,,,,,,,,,,,,,,
Lil B,2026-05-14 22:46 UTC,1925375,,,,,,,,,,,,,,
Lil Righteous,2026-05-14 22:46 UTC,0,,,,,,,,,,,,,,
Loui Henderson,2026-05-14 22:46 UTC,200661,,,,,,,,,,,,,,
Luke Armstrong,2026-05-14 22:46 UTC,23689,,,,,,,,,,,,,,
M4IA,2026-05-14 22:46 UTC,101468,,,,,,,,,,,,,,
MAGIC SOUND WOLF,2026-05-14 22:46 UTC,637834,,,,,,,,,,,,,,
Malcolm Todd,2026-05-14 22:46 UTC,25964044,,,,,,,,,,,,,,
Maphra,2026-05-14 22:46 UTC,1288239,,,,,,,,,,,,,,
marquitos,2026-05-14 22:46 UTC,344193,,,,,,,,,,,,,,
Maviler,2026-05-14 22:46 UTC,440953,,,,,,,,,,,,,,
Merry Lamb Lamb,2026-05-14 22:46 UTC,11801,,,,,,,,,,,,,,
Mijabella Marie,2026-05-14 22:46 UTC,14644,,,,,,,,,,,,,,
MIKE,2026-05-14 22:46 UTC,664332,,,,,,,,,,,,,,
Momo Boyd,2026-05-14 22:46 UTC,2319227,,,,,,,,,,,,,,
Mr Dutt,2026-05-14 22:46 UTC,1765359,,,,,,,,,,,,,,
Mumu Fresh,2026-05-14 22:46 UTC,64564,,,,,,,,,,,,,,
My New Band Believe,2026-05-14 22:46 UTC,183316,,,,,,,,,,,,,,
Naarly,2026-05-14 22:46 UTC,5389212,,,,,,,,,,,,,,
Naod,2026-05-14 22:46 UTC,337050,,,,,,,,,,,,,,
Nickatnite,2026-05-14 22:46 UTC,7136,,,,,,,,,,,,,,
Nine Vicious,2026-05-14 22:46 UTC,1210342,,,,,,,,,,,,,,
nocashfromparents,2026-05-14 22:46 UTC,971983,,,,,,,,,,,,,,
North West,2026-05-14 22:46 UTC,1057803,,,,,,,,,,,,,,
NPD,2026-05-14 22:46 UTC,1388185,,,,,,,,,,,,,,
OK Alva,2026-05-14 22:46 UTC,39975,,,,,,,,,,,,,,
OKI,2026-05-14 22:46 UTC,2330907,,,,,,,,,,,,,,
Olga Myko,2026-05-14 22:46 UTC,2364363,,,,,,,,,,,,,,
Olof Dreijer,2026-05-14 22:46 UTC,97441,,,,,,,,,,,,,,
osa,2026-05-14 22:46 UTC,140856,,,,,,,,,,,,,,
Oxis,2026-05-14 22:46 UTC,387914,,,,,,,,,,,,,,
Pocket,2026-05-14 22:46 UTC,154056,,,,,,,,,,,,,,
Pretty Pinkk,2026-05-14 22:46 UTC,64392,,,,,,,,,,,,,,
Pz',2026-05-14 22:46 UTC,343792,,,,,,,,,,,,,,
Rian Brazil,2026-05-14 22:46 UTC,49410,,,,,,,,,,,,,,
rjtheweirdo,2026-05-14 22:46 UTC,518677,,,,,,,,,,,,,,
Rocket Reese,2026-05-14 22:46 UTC,120092,,,,,,,,,,,,,,
S1RENA,2026-05-14 22:46 UTC,175322,,,,,,,,,,,,,,
Sa!koro,2026-05-14 22:46 UTC,80649,,,,,,,,,,,,,,
Sara Landry,2026-05-14 22:46 UTC,1202130,,,,,,,,,,,,,,
Sébastien Tellier,2026-05-14 22:46 UTC,1693274,,,,,,,,,,,,,,
ShawtyRokk,2026-05-14 22:46 UTC,37121,,,,,,,,,,,,,,
shonci,2026-05-14 22:46 UTC,4946511,,,,,,,,,,,,,,
Slayr,2026-05-14 22:46 UTC,994874,,,,,,,,,,,,,,
Slayyyter,2026-05-14 22:46 UTC,4853175,,,,,,,,,,,,,,
Slim Jxmmy,2026-05-14 22:46 UTC,37070,,,,,,,,,,,,,,
Sofiane Pamart,2026-05-14 22:46 UTC,4543330,,,,,,,,,,,,,,
Sons of Yusuf,2026-05-14 22:46 UTC,1370451,,,,,,,,,,,,,,
Southsidesilhouette,2026-05-14 22:46 UTC,183964,,,,,,,,,,,,,,
Specialist Moss,2026-05-14 22:46 UTC,626900,,,,,,,,,,,,,,
SPELLLING,2026-05-14 22:46 UTC,107505,,,,,,,,,,,,,,
Sreemani,2026-05-14 22:46 UTC,2679376,,,,,,,,,,,,,,
STELLA LEFTY,2026-05-14 22:46 UTC,10293693,,,,,,,,,,,,,,
Street Fever,2026-05-14 22:46 UTC,101121,,,,,,,,,,,,,,
Sunday Service Choir,2026-05-14 22:46 UTC,398598,,,,,,,,,,,,,,
SURF GANG,2026-05-14 22:46 UTC,443154,,,,,,,,,,,,,,
Swizz Beatz,2026-05-14 22:46 UTC,683818,,,,,,,,,,,,,,
T.O.P,2026-05-14 22:46 UTC,1350380,,,,,,,,,,,,,,
Tabi Gervis,2026-05-14 22:46 UTC,14605,,,,,,,,,,,,,,
Temper City,2026-05-14 22:46 UTC,14423167,,,,,,,,,,,,,,
Tezzus,2026-05-14 22:46 UTC,435787,,,,,,,,,,,,,,
The Long Faces,2026-05-14 22:46 UTC,4935665,,,,,,,,,,,,,,
The Twins,2026-05-14 22:46 UTC,67287,,,,,,,,,,,,,,
THELMA,2026-05-14 22:46 UTC,60968,,,,,,,,,,,,,,
Tiffany Day,2026-05-14 22:46 UTC,1230351,,,,,,,,,,,,,,
Tom Did It,2026-05-14 22:46 UTC,1136600,,,,,,,,,,,,,,
Tom Right,2026-05-14 22:46 UTC,1252396,,,,,,,,,,,,,,
TOMORA,2026-05-14 22:46 UTC,944307,,,,,,,,,,,,,,
Trim,2026-05-14 22:46 UTC,2455815,,,,,,,,,,,,,,
Tsatsamis,2026-05-14 22:46 UTC,185075,,,,,,,,,,,,,,
twentythree,2026-05-14 22:46 UTC,1218413,,,,,,,,,,,,,,
TXKUMOON,2026-05-14 22:46 UTC,1123908,,,,,,,,,,,,,,
Vaibhav Gupta,2026-05-14 22:46 UTC,1682764,,,,,,,,,,,,,,
waera,2026-05-14 22:46 UTC,155856,,,,,,,,,,,,,,
Warren Roob,2026-05-14 22:46 UTC,237699,,,,,,,,,,,,,,
Welwitschia,2026-05-14 22:46 UTC,730472,,,,,,,,,,,,,,
Will Sass,2026-05-14 22:46 UTC,581818,,,,,,,,,,,,,,
Wtm Solid,2026-05-14 22:46 UTC,5200,,,,,,,,,,,,,,
Yaeger,2026-05-14 22:46 UTC,262325,,,,,,,,,,,,,,
YASP,2026-05-14 22:46 UTC,31601,,,,,,,,,,,,,,
Ye,2026-05-14 22:46 UTC,10659299,,,,,,,,,,,,,,
Yonusa,2026-05-14 22:46 UTC,15822,,,,,,,,,,,,,,
YUNA,2026-05-14 22:46 UTC,1083605,,,,,,,,,,,,,,
Yuyu19,2026-05-14 22:46 UTC,1213791,,,,,,,,,,,,,,
Zycan,2026-05-14 22:46 UTC,837474,,,,,,,,,,,,,,
drug bug,2026-05-14 22:46 UTC,61629,,,,,,,,,,,,,,
ILYAH,2026-05-14 22:46 UTC,732761,,,,,,,,,,,,,,
Los Brasileros,2026-05-14 22:46 UTC,1821787,,,,,,,,,,,,,,
am7iri,2026-05-14 22:46 UTC,1681209,,,,,,,,,,,,,,
Los Buyer,2026-05-14 22:46 UTC,1174561,,,,,,,,,,,,,,
Pikeras,2026-05-14 22:46 UTC,1596465,,,,,,,,,,,,,,
Heitor Santos,2026-05-14 22:46 UTC,2253750,,,,,,,,,,,,,,
Melly,2026-05-14 22:46 UTC,1043809,,,,,,,,,,,,,,
OT The Real,2026-05-14 22:46 UTC,245233,,,,,,,,,,,,,,
Big Papa313,2026-05-14 22:46 UTC,1959061,,,,,,,,,,,,,,
kortani,2026-05-14 22:46 UTC,402329,,,,,,,,,,,,,,
daydreamers,2026-05-14 22:46 UTC,279371,,,,,,,,,,,,,,
Amma,2026-05-14 22:46 UTC,1401479,,,,,,,,,,,,,,
IngaRose,2026-05-14 22:46 UTC,2323192,,,,,,,,,,,,,,
FRIDAY*,2026-05-14 22:46 UTC,9911,,,,,,,,,,,,,,
aoif3,2026-05-14 22:46 UTC,915,,,,,,,,,,,,,,
Uche,2026-05-14 22:46 UTC,24382,,,,,,,,,,,,,,
Maxx Moor,2026-05-14 22:46 UTC,459,,,,,,,,,,,,,,
Swethings,2026-05-14 22:46 UTC,43077,,,,,,,,,,,,,,
22xlstl,2026-05-14 22:46 UTC,457656,,,,,,,,,,,,,,
Greg Gonzales,2026-05-14 22:46 UTC,3830323,,,,,,,,,,,,,,
Lyla George,2026-05-14 22:46 UTC,402093,,,,,,,,,,,,,,
Marlo Rex,2026-05-14 22:46 UTC,1353562,,,,,,,,,,,,,,
Cobrah,2026-05-14 22:46 UTC,2477828,,,,,,,,,,,,,,
Asha Banks,2026-05-14 22:46 UTC,370256,,,,,,,,,,,,,,
Stanclickin,2026-05-14 22:46 UTC,30410,,,,,,,,,,,,,,
Ebony Riley,2026-05-14 22:46 UTC,195452,,,,,,,,,,,,,,
Knut€,2026-05-14 22:46 UTC,27400,,,,,,,,,,,,,,
SALIMATA,2026-05-14 22:46 UTC,551781,,,,,,,,,,,,,,
Tracy,2026-05-14 22:46 UTC,473605,,,,,,,,,,,,,,
GENER8ION,2026-05-14 22:46 UTC,1909898,,,,,,,,,,,,,,
BJOERN,2026-05-14 22:46 UTC,592515,,,,,,,,,,,,,,
Olwin,2026-05-14 22:46 UTC,50624,,,,,,,,,,,,,,
Fred Durst,2026-05-14 22:46 UTC,2138351,,,,,,,,,,,,,,
Twoske,2026-05-14 22:46 UTC,61683,,,,,,,,,,,,,,
Los Gofiones,2026-05-14 22:46 UTC,1420227,,,,,,,,,,,,,,
Chase Belly,2026-05-14 22:46 UTC,320020,,,,,,,,,,,,,,
CDB,2026-05-14 22:46 UTC,3750838,,,,,,,,,,,,,,
Cornfed Ted,2026-05-14 22:46 UTC,15704,,,,,,,,,,,,,,
Claar,2026-05-14 22:46 UTC,29521,,,,,,,,,,,,,,
KARLEE GIRL,2026-05-14 22:46 UTC,1034707,,,,,,,,,,,,,,
Warhol.SS,2026-05-14 22:46 UTC,582540,,,,,,,,,,,,,,
Lola Blue,2026-05-14 22:46 UTC,112572,,,,,,,,,,,,,,
AZIEDOESNTEXIST,2026-05-14 22:46 UTC,780788,,,,,,,,,,,,,,
Eliah Sternhardt,2026-05-14 22:46 UTC,236262,,,,,,,,,,,,,,
$t3PPA,2026-05-15 22:42 UTC,145672,,,,,,,,,,,,,,
1 Umbrella,2026-05-15 22:42 UTC,156941,,,,,,,,,,,,,,
318dman,2026-05-15 22:42 UTC,211484,,,,,,,,,,,,,,
A2ANTI,2026-05-15 22:42 UTC,1012395,,,,,,,,,,,,,,
Addison Dean,2026-05-15 22:42 UTC,5573,,,,,,,,,,,,,,
Aksomaniac,2026-05-15 22:42 UTC,2360202,,,,,,,,,,,,,,
Andre Troutman,2026-05-15 22:42 UTC,4358285,,,,,,,,,,,,,,
Angine de Poitrine,2026-05-15 22:42 UTC,1839681,,,,,,,,,,,,,,
Anik Khan,2026-05-15 22:42 UTC,199632,,,,,,,,,,,,,,
AQUAFINNA,2026-05-15 22:42 UTC,21089,,,,,,,,,,,,,,
Biggs money,2026-05-15 22:42 UTC,37675,,,,,,,,,,,,,,
Boi-1da,2026-05-15 22:42 UTC,525120,,,,,,,,,,,,,,
BossMan Pac,2026-05-15 22:42 UTC,84917,,,,,,,,,,,,,,
Brittany Aldean,2026-05-15 22:42 UTC,273918,,,,,,,,,,,,,,
Bryan Countach,2026-05-15 22:42 UTC,178657,,,,,,,,,,,,,,
Canada Soccer,2026-05-15 22:42 UTC,593622,,,,,,,,,,,,,,
Canyon,2026-05-15 22:42 UTC,34986,,,,,,,,,,,,,,
Cap1talA,2026-05-15 22:42 UTC,291790,,,,,,,,,,,,,,
Carter Faith,2026-05-15 22:42 UTC,3336464,,,,,,,,,,,,,,
Che,2026-05-15 22:42 UTC,1217880,,,,,,,,,,,,,,
Chyno Miranda,2026-05-15 22:42 UTC,1881228,,,,,,,,,,,,,,
Corridos del Rey,2026-05-15 22:42 UTC,1537613,,,,,,,,,,,,,,
Dale Move,2026-05-15 22:42 UTC,157996,,,,,,,,,,,,,,
Daniel Žižka,2026-05-15 22:42 UTC,230512,,,,,,,,,,,,,,
Dante,2026-05-15 22:42 UTC,376995,,,,,,,,,,,,,,
Dean Turnley,2026-05-15 22:42 UTC,1508237,,,,,,,,,,,,,,
Delta Ash,2026-05-15 22:42 UTC,556973,,,,,,,,,,,,,,
DETO BLACK,2026-05-15 22:42 UTC,636690,,,,,,,,,,,,,,
Devault,2026-05-15 22:42 UTC,3167017,,,,,,,,,,,,,,
Dexter and The Moonrocks,2026-05-15 22:42 UTC,7745737,,,,,,,,,,,,,,
diamond*,2026-05-15 22:42 UTC,371448,,,,,,,,,,,,,,
Diana Pilquist,2026-05-15 22:42 UTC,3898,,,,,,,,,,,,,,
DJ B7 o Piranhão,2026-05-15 22:42 UTC,3395106,,,,,,,,,,,,,,
DJ Holiday,2026-05-15 22:42 UTC,192840,,,,,,,,,,,,,,
dóttir.x,2026-05-15 22:42 UTC,81123,,,,,,,,,,,,,,
Druski,2026-05-15 22:42 UTC,1188386,,,,,,,,,,,,,,
Dubioza Kolektive,2026-05-15 22:42 UTC,518182,,,,,,,,,,,,,,
dunderjeppe,2026-05-15 22:42 UTC,26060,,,,,,,,,,,,,,
Duskydemise archive,2026-05-15 22:42 UTC,421572,,,,,,,,,,,,,,
Duygu Edis,2026-05-15 22:42 UTC,2069646,,,,,,,,,,,,,,
Dwarde,2026-05-15 22:42 UTC,19166,,,,,,,,,,,,,,
EA TJ,2026-05-15 22:42 UTC,57267,,,,,,,,,,,,,,
EL DEMOON,2026-05-15 22:42 UTC,51194,,,,,,,,,,,,,,
Emanazul,2026-05-15 22:42 UTC,663883,,,,,,,,,,,,,,
Emelie Trahan,2026-05-15 22:42 UTC,91375,,,,,,,,,,,,,,
EMJIE,2026-05-15 22:42 UTC,247646,,,,,,,,,,,,,,
ERISTHEPLANET,2026-05-15 22:42 UTC,76756,,,,,,,,,,,,,,
F3miii,2026-05-15 22:42 UTC,7153113,,,,,,,,,,,,,,
Fcukers,2026-05-15 22:42 UTC,2057602,,,,,,,,,,,,,,
FIFA Sound,2026-05-15 22:42 UTC,3062562,,,,,,,,,,,,,,
FLO,2026-05-15 22:42 UTC,3762248,,,,,,,,,,,,,,
Frost Children,2026-05-15 22:42 UTC,551202,,,,,,,,,,,,,,
frozz,2026-05-15 22:42 UTC,750994,,,,,,,,,,,,,,
G3B,2026-05-15 22:42 UTC,133439,,,,,,,,,,,,,,
Ghetto Beisha,2026-05-15 22:42 UTC,60408,,,,,,,,,,,,,,
Ghostfacekush,2026-05-15 22:42 UTC,87604,,,,,,,,,,,,,,
Girl Scout,2026-05-15 22:42 UTC,86991,,,,,,,,,,,,,,
girl_irl,2026-05-15 22:42 UTC,76747,,,,,,,,,,,,,,
girlsweetvoiced,2026-05-15 22:42 UTC,531839,,,,,,,,,,,,,,
Glizzy Glow,2026-05-15 22:42 UTC,15604,,,,,,,,,,,,,,
gnawvs,2026-05-15 22:42 UTC,3050,,,,,,,,,,,,,,
Godtripper,2026-05-15 22:42 UTC,291852,,,,,,,,,,,,,,
Grupo Primer Grado,2026-05-15 22:42 UTC,2302215,,,,,,,,,,,,,,
H. Hawkline,2026-05-15 22:42 UTC,170218,,,,,,,,,,,,,,
Harrd Luck,2026-05-15 22:42 UTC,67920,,,,,,,,,,,,,,
HittMan,2026-05-15 22:42 UTC,32505,,,,,,,,,,,,,,
Iguana Death Cult,2026-05-15 22:42 UTC,60198,,,,,,,,,,,,,,
Indeevar,2026-05-15 22:42 UTC,4414028,,,,,,,,,,,,,,
Indigo De Souza,2026-05-15 22:42 UTC,1679637,,,,,,,,,,,,,,
Infinity Song,2026-05-15 22:42 UTC,857737,,,,,,,,,,,,,,
isa in eutopia,2026-05-15 22:42 UTC,36323,,,,,,,,,,,,,,
JADA,2026-05-15 22:42 UTC,36679,,,,,,,,,,,,,,
Jadasea,2026-05-15 22:42 UTC,71948,,,,,,,,,,,,,,
jalda,2026-05-15 22:42 UTC,75760,,,,,,,,,,,,,,
Jimmy Butler,2026-05-15 22:42 UTC,84916,,,,,,,,,,,,,,
JJerome87,2026-05-15 22:42 UTC,449543,,,,,,,,,,,,,,
Joy Rhodes,2026-05-15 22:42 UTC,945825,,,,,,,,,,,,,,
Juju,2026-05-15 22:42 UTC,3031468,,,,,,,,,,,,,,
Julia Church,2026-05-15 22:42 UTC,4487732,,,,,,,,,,,,,,
Julie Williams,2026-05-15 22:42 UTC,82705,,,,,,,,,,,,,,
JussGigi,2026-05-15 22:42 UTC,0,,,,,,,,,,,,,,
Kala,2026-05-15 22:42 UTC,0,,,,,,,,,,,,,,
Karly Bowman,2026-05-15 22:42 UTC,166031,,,,,,,,,,,,,,
Khaled,2026-05-15 22:42 UTC,1926403,,,,,,,,,,,,,,
Khan Saab,2026-05-15 22:42 UTC,10514087,,,,,,,,,,,,,,
King Kylie,2026-05-15 22:42 UTC,683990,,,,,,,,,,,,,,
KINGH,2026-05-15 22:42 UTC,129252,,,,,,,,,,,,,,
Koilwood,2026-05-15 22:42 UTC,27747,,,,,,,,,,,,,,
KUČKA,2026-05-15 22:42 UTC,884333,,,,,,,,,,,,,,
Kurdi Klymax,2026-05-15 22:42 UTC,26542,,,,,,,,,,,,,,
kuru,2026-05-15 22:42 UTC,296362,,,,,,,,,,,,,,
Lamb,2026-05-15 22:42 UTC,193000,,,,,,,,,,,,,,
ledysek,2026-05-15 22:42 UTC,16016,,,,,,,,,,,,,,
Lerado Khalil,2026-05-15 22:42 UTC,62111,,,,,,,,,,,,,,
Les Imprimés,2026-05-15 22:42 UTC,112970,,,,,,,,,,,,,,
Lightris,2026-05-15 22:42 UTC,714183,,,,,,,,,,,,,,
Lil B,2026-05-15 22:42 UTC,1894809,,,,,,,,,,,,,,
Lil Righteous,2026-05-15 22:42 UTC,0,,,,,,,,,,,,,,
Loui Henderson,2026-05-15 22:42 UTC,203274,,,,,,,,,,,,,,
Luke Armstrong,2026-05-15 22:42 UTC,23633,,,,,,,,,,,,,,
M4IA,2026-05-15 22:42 UTC,101636,,,,,,,,,,,,,,
MAGIC SOUND WOLF,2026-05-15 22:42 UTC,636827,,,,,,,,,,,,,,
Malcolm Todd,2026-05-15 22:42 UTC,26125334,,,,,,,,,,,,,,
Maphra,2026-05-15 22:42 UTC,1307995,,,,,,,,,,,,,,
marquitos,2026-05-15 22:42 UTC,336686,,,,,,,,,,,,,,
Maviler,2026-05-15 22:42 UTC,432679,,,,,,,,,,,,,,
Merry Lamb Lamb,2026-05-15 22:42 UTC,10306,,,,,,,,,,,,,,
Mijabella Marie,2026-05-15 22:42 UTC,13671,,,,,,,,,,,,,,
MIKE,2026-05-15 22:42 UTC,659145,,,,,,,,,,,,,,
Momo Boyd,2026-05-15 22:42 UTC,2289778,,,,,,,,,,,,,,
Mr Dutt,2026-05-15 22:42 UTC,1718524,,,,,,,,,,,,,,
Mumu Fresh,2026-05-15 22:42 UTC,63219,,,,,,,,,,,,,,
My New Band Believe,2026-05-15 22:42 UTC,173834,,,,,,,,,,,,,,
Naarly,2026-05-15 22:42 UTC,5411396,,,,,,,,,,,,,,
Naod,2026-05-15 22:42 UTC,338596,,,,,,,,,,,,,,
Nickatnite,2026-05-15 22:42 UTC,6764,,,,,,,,,,,,,,
Nine Vicious,2026-05-15 22:42 UTC,1214207,,,,,,,,,,,,,,
nocashfromparents,2026-05-15 22:42 UTC,970854,,,,,,,,,,,,,,
North West,2026-05-15 22:42 UTC,1060529,,,,,,,,,,,,,,
NPD,2026-05-15 22:42 UTC,1379884,,,,,,,,,,,,,,
OK Alva,2026-05-15 22:42 UTC,40074,,,,,,,,,,,,,,
OKI,2026-05-15 22:42 UTC,2312150,,,,,,,,,,,,,,
Olga Myko,2026-05-15 22:42 UTC,2363090,,,,,,,,,,,,,,
Olof Dreijer,2026-05-15 22:42 UTC,99182,,,,,,,,,,,,,,
osa,2026-05-15 22:42 UTC,140444,,,,,,,,,,,,,,
Oxis,2026-05-15 22:42 UTC,394137,,,,,,,,,,,,,,
Pocket,2026-05-15 22:42 UTC,154538,,,,,,,,,,,,,,
Pretty Pinkk,2026-05-15 22:42 UTC,60401,,,,,,,,,,,,,,
Pz',2026-05-15 22:42 UTC,344016,,,,,,,,,,,,,,
Rian Brazil,2026-05-15 22:42 UTC,47166,,,,,,,,,,,,,,
rjtheweirdo,2026-05-15 22:42 UTC,509973,,,,,,,,,,,,,,
Rocket Reese,2026-05-15 22:42 UTC,118578,,,,,,,,,,,,,,
S1RENA,2026-05-15 22:42 UTC,174308,,,,,,,,,,,,,,
Sa!koro,2026-05-15 22:42 UTC,79920,,,,,,,,,,,,,,
Sara Landry,2026-05-15 22:42 UTC,1190206,,,,,,,,,,,,,,
Sébastien Tellier,2026-05-15 22:42 UTC,1704028,,,,,,,,,,,,,,
ShawtyRokk,2026-05-15 22:42 UTC,36843,,,,,,,,,,,,,,
shonci,2026-05-15 22:42 UTC,4980372,,,,,,,,,,,,,,
Slayr,2026-05-15 22:42 UTC,993899,,,,,,,,,,,,,,
Slayyyter,2026-05-15 22:42 UTC,4875737,,,,,,,,,,,,,,
Slim Jxmmy,2026-05-15 22:42 UTC,36972,,,,,,,,,,,,,,
Sofiane Pamart,2026-05-15 22:42 UTC,4545495,,,,,,,,,,,,,,
Sons of Yusuf,2026-05-15 22:42 UTC,1359799,,,,,,,,,,,,,,
Southsidesilhouette,2026-05-15 22:42 UTC,184083,,,,,,,,,,,,,,
Specialist Moss,2026-05-15 22:42 UTC,627182,,,,,,,,,,,,,,
SPELLLING,2026-05-15 22:42 UTC,106684,,,,,,,,,,,,,,
Sreemani,2026-05-15 22:42 UTC,2681202,,,,,,,,,,,,,,
STELLA LEFTY,2026-05-15 22:42 UTC,10395760,,,,,,,,,,,,,,
Street Fever,2026-05-15 22:42 UTC,93403,,,,,,,,,,,,,,
Sunday Service Choir,2026-05-15 22:42 UTC,397030,,,,,,,,,,,,,,
SURF GANG,2026-05-15 22:42 UTC,433874,,,,,,,,,,,,,,
Swizz Beatz,2026-05-15 22:42 UTC,676850,,,,,,,,,,,,,,
T.O.P,2026-05-15 22:42 UTC,1301823,,,,,,,,,,,,,,
Tabi Gervis,2026-05-15 22:42 UTC,14431,,,,,,,,,,,,,,
Temper City,2026-05-15 22:42 UTC,14712894,,,,,,,,,,,,,,
Tezzus,2026-05-15 22:42 UTC,435517,,,,,,,,,,,,,,
The Long Faces,2026-05-15 22:42 UTC,4965776,,,,,,,,,,,,,,
The Twins,2026-05-15 22:42 UTC,66427,,,,,,,,,,,,,,
THELMA,2026-05-15 22:42 UTC,60689,,,,,,,,,,,,,,
Tiffany Day,2026-05-15 22:42 UTC,1224924,,,,,,,,,,,,,,
Tom Did It,2026-05-15 22:42 UTC,1131118,,,,,,,,,,,,,,
Tom Right,2026-05-15 22:42 UTC,1272813,,,,,,,,,,,,,,
TOMORA,2026-05-15 22:42 UTC,939883,,,,,,,,,,,,,,
Trim,2026-05-15 22:42 UTC,2488737,,,,,,,,,,,,,,
Tsatsamis,2026-05-15 22:42 UTC,182965,,,,,,,,,,,,,,
twentythree,2026-05-15 22:42 UTC,1215688,,,,,,,,,,,,,,
TXKUMOON,2026-05-15 22:42 UTC,1128421,,,,,,,,,,,,,,
Vaibhav Gupta,2026-05-15 22:42 UTC,1655237,,,,,,,,,,,,,,
waera,2026-05-15 22:42 UTC,148642,,,,,,,,,,,,,,
Warren Roob,2026-05-15 22:42 UTC,222122,,,,,,,,,,,,,,
Welwitschia,2026-05-15 22:42 UTC,697663,,,,,,,,,,,,,,
Will Sass,2026-05-15 22:42 UTC,580096,,,,,,,,,,,,,,
Wtm Solid,2026-05-15 22:42 UTC,4855,,,,,,,,,,,,,,
Yaeger,2026-05-15 22:42 UTC,252867,,,,,,,,,,,,,,
YASP,2026-05-15 22:42 UTC,30337,,,,,,,,,,,,,,
Ye,2026-05-15 22:42 UTC,10384524,,,,,,,,,,,,,,
Yonusa,2026-05-15 22:42 UTC,13253,,,,,,,,,,,,,,
YUNA,2026-05-15 22:42 UTC,1066264,,,,,,,,,,,,,,
Yuyu19,2026-05-15 22:42 UTC,1177705,,,,,,,,,,,,,,
Zycan,2026-05-15 22:42 UTC,834873,,,,,,,,,,,,,,
drug bug,2026-05-15 22:42 UTC,60623,,,,,,,,,,,,,,
ILYAH,2026-05-15 22:42 UTC,736093,,,,,,,,,,,,,,
Los Brasileros,2026-05-15 22:42 UTC,1845726,,,,,,,,,,,,,,
am7iri,2026-05-15 22:42 UTC,1666943,,,,,,,,,,,,,,
Los Buyer,2026-05-15 22:42 UTC,1195614,,,,,,,,,,,,,,
Pikeras,2026-05-15 22:42 UTC,1609534,,,,,,,,,,,,,,
Heitor Santos,2026-05-15 22:42 UTC,2269372,,,,,,,,,,,,,,
Melly,2026-05-15 22:42 UTC,1051327,,,,,,,,,,,,,,
OT The Real,2026-05-15 22:42 UTC,244359,,,,,,,,,,,,,,
Big Papa313,2026-05-15 22:42 UTC,1923468,,,,,,,,,,,,,,
kortani,2026-05-15 22:42 UTC,397169,,,,,,,,,,,,,,
daydreamers,2026-05-15 22:42 UTC,280333,,,,,,,,,,,,,,
Amma,2026-05-15 22:42 UTC,1415127,,,,,,,,,,,,,,
IngaRose,2026-05-15 22:42 UTC,2347153,,,,,,,,,,,,,,
FRIDAY*,2026-05-15 22:42 UTC,9937,,,,,,,,,,,,,,
aoif3,2026-05-15 22:42 UTC,924,,,,,,,,,,,,,,
Uche,2026-05-15 22:42 UTC,24619,,,,,,,,,,,,,,
Maxx Moor,2026-05-15 22:42 UTC,445,,,,,,,,,,,,,,
Swethings,2026-05-15 22:42 UTC,43839,,,,,,,,,,,,,,
22xlstl,2026-05-15 22:42 UTC,460909,,,,,,,,,,,,,,
Greg Gonzales,2026-05-15 22:42 UTC,3929857,,,,,,,,,,,,,,
Lyla George,2026-05-15 22:42 UTC,407454,,,,,,,,,,,,,,
Marlo Rex,2026-05-15 22:42 UTC,1361268,,,,,,,,,,,,,,
Cobrah,2026-05-15 22:42 UTC,2472578,,,,,,,,,,,,,,
Asha Banks,2026-05-15 22:42 UTC,383633,,,,,,,,,,,,,,
Stanclickin,2026-05-15 22:42 UTC,30870,,,,,,,,,,,,,,
Ebony Riley,2026-05-15 22:42 UTC,197435,,,,,,,,,,,,,,
Knut€,2026-05-15 22:42 UTC,27373,,,,,,,,,,,,,,
SALIMATA,2026-05-15 22:42 UTC,557551,,,,,,,,,,,,,,
Tracy,2026-05-15 22:42 UTC,475983,,,,,,,,,,,,,,
GENER8ION,2026-05-15 22:42 UTC,1967780,,,,,,,,,,,,,,
BJOERN,2026-05-15 22:42 UTC,601923,,,,,,,,,,,,,,
Olwin,2026-05-15 22:42 UTC,51226,,,,,,,,,,,,,,
Fred Durst,2026-05-15 22:42 UTC,2184455,,,,,,,,,,,,,,
Twoske,2026-05-15 22:42 UTC,62108,,,,,,,,,,,,,,
Los Gofiones,2026-05-15 22:42 UTC,1443525,,,,,,,,,,,,,,
Chase Belly,2026-05-15 22:42 UTC,321336,,,,,,,,,,,,,,
CDB,2026-05-15 22:42 UTC,3800880,,,,,,,,,,,,,,
Cornfed Ted,2026-05-15 22:42 UTC,15804,,,,,,,,,,,,,,
Claar,2026-05-15 22:42 UTC,29757,,,,,,,,,,,,,,
KARLEE GIRL,2026-05-15 22:42 UTC,1090766,,,,,,,,,,,,,,
Warhol.SS,2026-05-15 22:42 UTC,582729,,,,,,,,,,,,,,
Lola Blue,2026-05-15 22:42 UTC,112893,,,,,,,,,,,,,,
AZIEDOESNTEXIST,2026-05-15 22:42 UTC,811326,,,,,,,,,,,,,,
Eliah Sternhardt,2026-05-15 22:42 UTC,237734,,,,,,,,,,,,,,
$t3PPA,2026-05-16 22:33 UTC,145196,,,,,,,,,,,,,,
1 Umbrella,2026-05-16 22:33 UTC,150829,,,,,,,,,,,,,,
318dman,2026-05-16 22:33 UTC,217452,,,,,,,,,,,,,,
A2ANTI,2026-05-16 22:33 UTC,997761,,,,,,,,,,,,,,
Addison Dean,2026-05-16 22:33 UTC,5537,,,,,,,,,,,,,,
Aksomaniac,2026-05-16 22:33 UTC,2391792,,,,,,,,,,,,,,
Andre Troutman,2026-05-16 22:33 UTC,4220547,,,,,,,,,,,,,,
Angine de Poitrine,2026-05-16 22:33 UTC,1792594,,,,,,,,,,,,,,
Anik Khan,2026-05-16 22:33 UTC,166899,,,,,,,,,,,,,,
AQUAFINNA,2026-05-16 22:33 UTC,20881,,,,,,,,,,,,,,
Biggs money,2026-05-16 22:33 UTC,27645,,,,,,,,,,,,,,
Boi-1da,2026-05-16 22:33 UTC,515137,,,,,,,,,,,,,,
BossMan Pac,2026-05-16 22:33 UTC,82699,,,,,,,,,,,,,,
Brittany Aldean,2026-05-16 22:33 UTC,271050,,,,,,,,,,,,,,
Bryan Countach,2026-05-16 22:33 UTC,173249,,,,,,,,,,,,,,
Canada Soccer,2026-05-16 22:33 UTC,593490,,,,,,,,,,,,,,
Canyon,2026-05-16 22:33 UTC,34883,,,,,,,,,,,,,,
Cap1talA,2026-05-16 22:33 UTC,293217,,,,,,,,,,,,,,
Carter Faith,2026-05-16 22:33 UTC,3241688,,,,,,,,,,,,,,
Che,2026-05-16 22:33 UTC,1221996,,,,,,,,,,,,,,
Chyno Miranda,2026-05-16 22:33 UTC,1831251,,,,,,,,,,,,,,
Corridos del Rey,2026-05-16 22:33 UTC,1547277,,,,,,,,,,,,,,
Dale Move,2026-05-16 22:33 UTC,154551,,,,,,,,,,,,,,
Daniel Žižka,2026-05-16 22:33 UTC,281397,,,,,,,,,,,,,,
Dante,2026-05-16 22:33 UTC,366574,,,,,,,,,,,,,,
Dean Turnley,2026-05-16 22:33 UTC,1501301,,,,,,,,,,,,,,
Delta Ash,2026-05-16 22:33 UTC,568993,,,,,,,,,,,,,,
DETO BLACK,2026-05-16 22:33 UTC,578383,,,,,,,,,,,,,,
Devault,2026-05-16 22:33 UTC,2845806,,,,,,,,,,,,,,
Dexter and The Moonrocks,2026-05-16 22:33 UTC,7801313,,,,,,,,,,,,,,
diamond*,2026-05-16 22:33 UTC,315422,,,,,,,,,,,,,,
Diana Pilquist,2026-05-16 22:33 UTC,3826,,,,,,,,,,,,,,
DJ B7 o Piranhão,2026-05-16 22:33 UTC,3411455,,,,,,,,,,,,,,
DJ Holiday,2026-05-16 22:33 UTC,174202,,,,,,,,,,,,,,
dóttir.x,2026-05-16 22:33 UTC,80586,,,,,,,,,,,,,,
Druski,2026-05-16 22:33 UTC,1153728,,,,,,,,,,,,,,
Dubioza Kolektive,2026-05-16 22:33 UTC,516598,,,,,,,,,,,,,,
dunderjeppe,2026-05-16 22:33 UTC,25826,,,,,,,,,,,,,,
Duskydemise archive,2026-05-16 22:33 UTC,420414,,,,,,,,,,,,,,
Duygu Edis,2026-05-16 22:33 UTC,2056335,,,,,,,,,,,,,,
Dwarde,2026-05-16 22:33 UTC,16446,,,,,,,,,,,,,,
EA TJ,2026-05-16 22:33 UTC,44175,,,,,,,,,,,,,,
EL DEMOON,2026-05-16 22:33 UTC,49777,,,,,,,,,,,,,,
Emanazul,2026-05-16 22:33 UTC,605946,,,,,,,,,,,,,,
Emelie Trahan,2026-05-16 22:33 UTC,93703,,,,,,,,,,,,,,
EMJIE,2026-05-16 22:33 UTC,252399,,,,,,,,,,,,,,
ERISTHEPLANET,2026-05-16 22:33 UTC,76074,,,,,,,,,,,,,,
F3miii,2026-05-16 22:33 UTC,7280715,,,,,,,,,,,,,,
Fcukers,2026-05-16 22:33 UTC,2088597,,,,,,,,,,,,,,
FIFA Sound,2026-05-16 22:33 UTC,2965134,,,,,,,,,,,,,,
FLO,2026-05-16 22:33 UTC,3758526,,,,,,,,,,,,,,
Frost Children,2026-05-16 22:33 UTC,549912,,,,,,,,,,,,,,
frozz,2026-05-16 22:33 UTC,732402,,,,,,,,,,,,,,
G3B,2026-05-16 22:33 UTC,128489,,,,,,,,,,,,,,
Ghetto Beisha,2026-05-16 22:33 UTC,54707,,,,,,,,,,,,,,
Ghostfacekush,2026-05-16 22:33 UTC,87648,,,,,,,,,,,,,,
Girl Scout,2026-05-16 22:33 UTC,83670,,,,,,,,,,,,,,
girl_irl,2026-05-16 22:33 UTC,74601,,,,,,,,,,,,,,
girlsweetvoiced,2026-05-16 22:33 UTC,514747,,,,,,,,,,,,,,
Glizzy Glow,2026-05-16 22:33 UTC,12954,,,,,,,,,,,,,,
gnawvs,2026-05-16 22:33 UTC,2980,,,,,,,,,,,,,,
Godtripper,2026-05-16 22:33 UTC,279472,,,,,,,,,,,,,,
Grupo Primer Grado,2026-05-16 22:33 UTC,2286520,,,,,,,,,,,,,,
H. Hawkline,2026-05-16 22:33 UTC,166331,,,,,,,,,,,,,,
Harrd Luck,2026-05-16 22:33 UTC,65432,,,,,,,,,,,,,,
HittMan,2026-05-16 22:33 UTC,21869,,,,,,,,,,,,,,
Iguana Death Cult,2026-05-16 22:33 UTC,58087,,,,,,,,,,,,,,
Indeevar,2026-05-16 22:33 UTC,4480768,,,,,,,,,,,,,,
Indigo De Souza,2026-05-16 22:33 UTC,1671117,,,,,,,,,,,,,,
Infinity Song,2026-05-16 22:33 UTC,838151,,,,,,,,,,,,,,
isa in eutopia,2026-05-16 22:33 UTC,35905,,,,,,,,,,,,,,
JADA,2026-05-16 22:33 UTC,41313,,,,,,,,,,,,,,
Jadasea,2026-05-16 22:33 UTC,69452,,,,,,,,,,,,,,
jalda,2026-05-16 22:33 UTC,76398,,,,,,,,,,,,,,
Jimmy Butler,2026-05-16 22:33 UTC,79825,,,,,,,,,,,,,,
JJerome87,2026-05-16 22:33 UTC,386674,,,,,,,,,,,,,,
Joy Rhodes,2026-05-16 22:33 UTC,959108,,,,,,,,,,,,,,
Juju,2026-05-16 22:33 UTC,2993445,,,,,,,,,,,,,,
Julia Church,2026-05-16 22:33 UTC,4153313,,,,,,,,,,,,,,
Julie Williams,2026-05-16 22:33 UTC,77887,,,,,,,,,,,,,,
JussGigi,2026-05-16 22:33 UTC,0,,,,,,,,,,,,,,
Kala,2026-05-16 22:33 UTC,0,,,,,,,,,,,,,,
Karly Bowman,2026-05-16 22:33 UTC,146268,,,,,,,,,,,,,,
Khaled,2026-05-16 22:33 UTC,1919695,,,,,,,,,,,,,,
Khan Saab,2026-05-16 22:33 UTC,10425762,,,,,,,,,,,,,,
King Kylie,2026-05-16 22:33 UTC,661708,,,,,,,,,,,,,,
KINGH,2026-05-16 22:33 UTC,122468,,,,,,,,,,,,,,
Koilwood,2026-05-16 22:33 UTC,25289,,,,,,,,,,,,,,
KUČKA,2026-05-16 22:33 UTC,876946,,,,,,,,,,,,,,
Kurdi Klymax,2026-05-16 22:33 UTC,28412,,,,,,,,,,,,,,
kuru,2026-05-16 22:33 UTC,295817,,,,,,,,,,,,,,
Lamb,2026-05-16 22:33 UTC,191352,,,,,,,,,,,,,,
ledysek,2026-05-16 22:33 UTC,16023,,,,,,,,,,,,,,
Lerado Khalil,2026-05-16 22:33 UTC,60772,,,,,,,,,,,,,,
Les Imprimés,2026-05-16 22:33 UTC,110399,,,,,,,,,,,,,,
Lightris,2026-05-16 22:33 UTC,710773,,,,,,,,,,,,,,
Lil B,2026-05-16 22:33 UTC,1866840,,,,,,,,,,,,,,
Lil Righteous,2026-05-16 22:33 UTC,0,,,,,,,,,,,,,,
Loui Henderson,2026-05-16 22:33 UTC,188956,,,,,,,,,,,,,,
Luke Armstrong,2026-05-16 22:33 UTC,23557,,,,,,,,,,,,,,
M4IA,2026-05-16 22:33 UTC,101590,,,,,,,,,,,,,,
MAGIC SOUND WOLF,2026-05-16 22:33 UTC,634345,,,,,,,,,,,,,,
Malcolm Todd,2026-05-16 22:33 UTC,26279676,,,,,,,,,,,,,,
Maphra,2026-05-16 22:33 UTC,1344164,,,,,,,,,,,,,,
marquitos,2026-05-16 22:33 UTC,324916,,,,,,,,,,,,,,
Maviler,2026-05-16 22:33 UTC,430144,,,,,,,,,,,,,,
Merry Lamb Lamb,2026-05-16 22:33 UTC,9506,,,,,,,,,,,,,,
Mijabella Marie,2026-05-16 22:33 UTC,12979,,,,,,,,,,,,,,
MIKE,2026-05-16 22:33 UTC,651569,,,,,,,,,,,,,,
Momo Boyd,2026-05-16 22:33 UTC,2254465,,,,,,,,,,,,,,
Mr Dutt,2026-05-16 22:33 UTC,1699866,,,,,,,,,,,,,,
Mumu Fresh,2026-05-16 22:33 UTC,63157,,,,,,,,,,,,,,
My New Band Believe,2026-05-16 22:33 UTC,165001,,,,,,,,,,,,,,
Naarly,2026-05-16 22:33 UTC,5433037,,,,,,,,,,,,,,
Naod,2026-05-16 22:33 UTC,322786,,,,,,,,,,,,,,
Nickatnite,2026-05-16 22:33 UTC,6502,,,,,,,,,,,,,,
Nine Vicious,2026-05-16 22:33 UTC,1216796,,,,,,,,,,,,,,
nocashfromparents,2026-05-16 22:33 UTC,980137,,,,,,,,,,,,,,
North West,2026-05-16 22:33 UTC,1063409,,,,,,,,,,,,,,
NPD,2026-05-16 22:33 UTC,1371717,,,,,,,,,,,,,,
OK Alva,2026-05-16 22:33 UTC,40233,,,,,,,,,,,,,,
OKI,2026-05-16 22:33 UTC,2296757,,,,,,,,,,,,,,
Olga Myko,2026-05-16 22:33 UTC,2275427,,,,,,,,,,,,,,
Olof Dreijer,2026-05-16 22:33 UTC,100722,,,,,,,,,,,,,,
osa,2026-05-16 22:33 UTC,141379,,,,,,,,,,,,,,
Oxis,2026-05-16 22:33 UTC,396379,,,,,,,,,,,,,,
Pocket,2026-05-16 22:33 UTC,136926,,,,,,,,,,,,,,
Pretty Pinkk,2026-05-16 22:33 UTC,54706,,,,,,,,,,,,,,
Pz',2026-05-16 22:33 UTC,339107,,,,,,,,,,,,,,
Rian Brazil,2026-05-16 22:33 UTC,45850,,,,,,,,,,,,,,
rjtheweirdo,2026-05-16 22:33 UTC,434471,,,,,,,,,,,,,,
Rocket Reese,2026-05-16 22:33 UTC,117168,,,,,,,,,,,,,,
S1RENA,2026-05-16 22:33 UTC,165910,,,,,,,,,,,,,,
Sa!koro,2026-05-16 22:33 UTC,79581,,,,,,,,,,,,,,
Sara Landry,2026-05-16 22:33 UTC,1179350,,,,,,,,,,,,,,
Sébastien Tellier,2026-05-16 22:33 UTC,1507349,,,,,,,,,,,,,,
ShawtyRokk,2026-05-16 22:33 UTC,28200,,,,,,,,,,,,,,
shonci,2026-05-16 22:33 UTC,5001228,,,,,,,,,,,,,,
Slayr,2026-05-16 22:33 UTC,993612,,,,,,,,,,,,,,
Slayyyter,2026-05-16 22:33 UTC,4589356,,,,,,,,,,,,,,
Slim Jxmmy,2026-05-16 22:33 UTC,36797,,,,,,,,,,,,,,
Sofiane Pamart,2026-05-16 22:33 UTC,4300190,,,,,,,,,,,,,,
Sons of Yusuf,2026-05-16 22:33 UTC,1350500,,,,,,,,,,,,,,
Southsidesilhouette,2026-05-16 22:33 UTC,173828,,,,,,,,,,,,,,
Specialist Moss,2026-05-16 22:33 UTC,591423,,,,,,,,,,,,,,
SPELLLING,2026-05-16 22:33 UTC,95342,,,,,,,,,,,,,,
Sreemani,2026-05-16 22:33 UTC,2684828,,,,,,,,,,,,,,
STELLA LEFTY,2026-05-16 22:33 UTC,10717350,,,,,,,,,,,,,,
Street Fever,2026-05-16 22:33 UTC,87670,,,,,,,,,,,,,,
Sunday Service Choir,2026-05-16 22:33 UTC,394585,,,,,,,,,,,,,,
SURF GANG,2026-05-16 22:33 UTC,422958,,,,,,,,,,,,,,
Swizz Beatz,2026-05-16 22:33 UTC,668321,,,,,,,,,,,,,,
T.O.P,2026-05-16 22:33 UTC,1254930,,,,,,,,,,,,,,
Tabi Gervis,2026-05-16 22:33 UTC,14256,,,,,,,,,,,,,,
Temper City,2026-05-16 22:33 UTC,14999783,,,,,,,,,,,,,,
Tezzus,2026-05-16 22:33 UTC,378255,,,,,,,,,,,,,,
The Long Faces,2026-05-16 22:33 UTC,5004061,,,,,,,,,,,,,,
The Twins,2026-05-16 22:33 UTC,65421,,,,,,,,,,,,,,
THELMA,2026-05-16 22:33 UTC,54087,,,,,,,,,,,,,,
Tiffany Day,2026-05-16 22:33 UTC,1225423,,,,,,,,,,,,,,
Tom Did It,2026-05-16 22:33 UTC,1116367,,,,,,,,,,,,,,
Tom Right,2026-05-16 22:33 UTC,1290166,,,,,,,,,,,,,,
TOMORA,2026-05-16 22:33 UTC,849891,,,,,,,,,,,,,,
Trim,2026-05-16 22:33 UTC,2522201,,,,,,,,,,,,,,
Tsatsamis,2026-05-16 22:33 UTC,181304,,,,,,,,,,,,,,
twentythree,2026-05-16 22:33 UTC,1211488,,,,,,,,,,,,,,
TXKUMOON,2026-05-16 22:33 UTC,1131998,,,,,,,,,,,,,,
Vaibhav Gupta,2026-05-16 22:33 UTC,1628242,,,,,,,,,,,,,,
waera,2026-05-16 22:33 UTC,132385,,,,,,,,,,,,,,
Warren Roob,2026-05-16 22:33 UTC,202584,,,,,,,,,,,,,,
Welwitschia,2026-05-16 22:33 UTC,675899,,,,,,,,,,,,,,
Will Sass,2026-05-16 22:33 UTC,580636,,,,,,,,,,,,,,
Wtm Solid,2026-05-16 22:33 UTC,4692,,,,,,,,,,,,,,
Yaeger,2026-05-16 22:33 UTC,241487,,,,,,,,,,,,,,
YASP,2026-05-16 22:33 UTC,29542,,,,,,,,,,,,,,
Ye,2026-05-16 22:33 UTC,10056056,,,,,,,,,,,,,,
Yonusa,2026-05-16 22:33 UTC,11552,,,,,,,,,,,,,,
YUNA,2026-05-16 22:33 UTC,1038867,,,,,,,,,,,,,,
Yuyu19,2026-05-16 22:33 UTC,1134395,,,,,,,,,,,,,,
Zycan,2026-05-16 22:33 UTC,831546,,,,,,,,,,,,,,
drug bug,2026-05-16 22:33 UTC,58166,,,,,,,,,,,,,,
ILYAH,2026-05-16 22:33 UTC,657833,,,,,,,,,,,,,,
Los Brasileros,2026-05-16 22:33 UTC,1818235,,,,,,,,,,,,,,
am7iri,2026-05-16 22:33 UTC,1660670,,,,,,,,,,,,,,
Los Buyer,2026-05-16 22:33 UTC,1192759,,,,,,,,,,,,,,
Pikeras,2026-05-16 22:33 UTC,1603763,,,,,,,,,,,,,,
Heitor Santos,2026-05-16 22:33 UTC,2276325,,,,,,,,,,,,,,
Melly,2026-05-16 22:33 UTC,1002893,,,,,,,,,,,,,,
OT The Real,2026-05-16 22:33 UTC,224854,,,,,,,,,,,,,,
Big Papa313,2026-05-16 22:33 UTC,1843983,,,,,,,,,,,,,,
kortani,2026-05-16 22:33 UTC,368082,,,,,,,,,,,,,,
daydreamers,2026-05-16 22:33 UTC,261653,,,,,,,,,,,,,,
Amma,2026-05-16 22:33 UTC,1422905,,,,,,,,,,,,,,
IngaRose,2026-05-16 22:33 UTC,2374312,,,,,,,,,,,,,,
FRIDAY*,2026-05-16 22:33 UTC,9905,,,,,,,,,,,,,,
aoif3,2026-05-16 22:33 UTC,915,,,,,,,,,,,,,,
Uche,2026-05-16 22:33 UTC,25022,,,,,,,,,,,,,,
Maxx Moor,2026-05-16 22:33 UTC,427,,,,,,,,,,,,,,
Swethings,2026-05-16 22:33 UTC,44728,,,,,,,,,,,,,,
22xlstl,2026-05-16 22:33 UTC,463858,,,,,,,,,,,,,,
Greg Gonzales,2026-05-16 22:33 UTC,4063505,,,,,,,,,,,,,,
Lyla George,2026-05-16 22:33 UTC,414296,,,,,,,,,,,,,,
Marlo Rex,2026-05-16 22:33 UTC,1368941,,,,,,,,,,,,,,
Cobrah,2026-05-16 22:33 UTC,2478581,,,,,,,,,,,,,,
Asha Banks,2026-05-16 22:33 UTC,406495,,,,,,,,,,,,,,
Stanclickin,2026-05-16 22:33 UTC,30934,,,,,,,,,,,,,,
Ebony Riley,2026-05-16 22:33 UTC,199576,,,,,,,,,,,,,,
Knut€,2026-05-16 22:33 UTC,27339,,,,,,,,,,,,,,
SALIMATA,2026-05-16 22:33 UTC,533045,,,,,,,,,,,,,,
Tracy,2026-05-16 22:33 UTC,477868,,,,,,,,,,,,,,
GENER8ION,2026-05-16 22:33 UTC,2062186,,,,,,,,,,,,,,
BJOERN,2026-05-16 22:33 UTC,618408,,,,,,,,,,,,,,
Olwin,2026-05-16 22:33 UTC,51826,,,,,,,,,,,,,,
Fred Durst,2026-05-16 22:33 UTC,2254930,,,,,,,,,,,,,,
Twoske,2026-05-16 22:33 UTC,62455,,,,,,,,,,,,,,
Los Gofiones,2026-05-16 22:33 UTC,1467118,,,,,,,,,,,,,,
Chase Belly,2026-05-16 22:33 UTC,322691,,,,,,,,,,,,,,
CDB,2026-05-16 22:33 UTC,3851336,,,,,,,,,,,,,,
Cornfed Ted,2026-05-16 22:33 UTC,15825,,,,,,,,,,,,,,
Claar,2026-05-16 22:33 UTC,22295,,,,,,,,,,,,,,
KARLEE GIRL,2026-05-16 22:33 UTC,1139709,,,,,,,,,,,,,,
Warhol.SS,2026-05-16 22:33 UTC,580581,,,,,,,,,,,,,,
Lola Blue,2026-05-16 22:33 UTC,125279,,,,,,,,,,,,,,
AZIEDOESNTEXIST,2026-05-16 22:33 UTC,845990,,,,,,,,,,,,,,
Eliah Sternhardt,2026-05-16 22:33 UTC,235060,,,,,,,,,,,,,,
$t3PPA,2026-05-17 22:41 UTC,145102,,,,,,,,,,,,,,
1 Umbrella,2026-05-17 22:41 UTC,147358,,,,,,,,,,,,,,
318dman,2026-05-17 22:41 UTC,223985,,,,,,,,,,,,,,
A2ANTI,2026-05-17 22:41 UTC,986801,,,,,,,,,,,,,,
Addison Dean,2026-05-17 22:41 UTC,5427,,,,,,,,,,,,,,
Aksomaniac,2026-05-17 22:41 UTC,2430853,,,,,,,,,,,,,,
Andre Troutman,2026-05-17 22:41 UTC,4103135,,,,,,,,,,,,,,
Angine de Poitrine,2026-05-17 22:41 UTC,1742976,,,,,,,,,,,,,,
Anik Khan,2026-05-17 22:41 UTC,157448,,,,,,,,,,,,,,
AQUAFINNA,2026-05-17 22:41 UTC,20760,,,,,,,,,,,,,,
Biggs money,2026-05-17 22:41 UTC,24756,,,,,,,,,,,,,,
Boi-1da,2026-05-17 22:41 UTC,506968,,,,,,,,,,,,,,
BossMan Pac,2026-05-17 22:41 UTC,81267,,,,,,,,,,,,,,
Brittany Aldean,2026-05-17 22:41 UTC,269722,,,,,,,,,,,,,,
Bryan Countach,2026-05-17 22:41 UTC,168481,,,,,,,,,,,,,,
Canada Soccer,2026-05-17 22:41 UTC,591565,,,,,,,,,,,,,,
Canyon,2026-05-17 22:41 UTC,34620,,,,,,,,,,,,,,
Cap1talA,2026-05-17 22:41 UTC,294338,,,,,,,,,,,,,,
Carter Faith,2026-05-17 22:41 UTC,3187447,,,,,,,,,,,,,,
Che,2026-05-17 22:41 UTC,1225261,,,,,,,,,,,,,,
Chyno Miranda,2026-05-17 22:41 UTC,1777998,,,,,,,,,,,,,,
Corridos del Rey,2026-05-17 22:41 UTC,1582280,,,,,,,,,,,,,,
Dale Move,2026-05-17 22:41 UTC,151056,,,,,,,,,,,,,,
Daniel Žižka,2026-05-17 22:41 UTC,343361,,,,,,,,,,,,,,
Dante,2026-05-17 22:41 UTC,357287,,,,,,,,,,,,,,
Dean Turnley,2026-05-17 22:41 UTC,1502543,,,,,,,,,,,,,,
Delta Ash,2026-05-17 22:41 UTC,578416,,,,,,,,,,,,,,
DETO BLACK,2026-05-17 22:41 UTC,552383,,,,,,,,,,,,,,
Devault,2026-05-17 22:41 UTC,2748642,,,,,,,,,,,,,,
Dexter and The Moonrocks,2026-05-17 22:41 UTC,7807160,,,,,,,,,,,,,,
diamond*,2026-05-17 22:41 UTC,300415,,,,,,,,,,,,,,
Diana Pilquist,2026-05-17 22:41 UTC,3710,,,,,,,,,,,,,,
DJ B7 o Piranhão,2026-05-17 22:41 UTC,3427935,,,,,,,,,,,,,,
DJ Holiday,2026-05-17 22:41 UTC,157919,,,,,,,,,,,,,,
dóttir.x,2026-05-17 22:41 UTC,80595,,,,,,,,,,,,,,
Druski,2026-05-17 22:41 UTC,1125479,,,,,,,,,,,,,,
Dubioza Kolektive,2026-05-17 22:41 UTC,514969,,,,,,,,,,,,,,
dunderjeppe,2026-05-17 22:41 UTC,25653,,,,,,,,,,,,,,
Duskydemise archive,2026-05-17 22:41 UTC,421297,,,,,,,,,,,,,,
Duygu Edis,2026-05-17 22:41 UTC,2047236,,,,,,,,,,,,,,
Dwarde,2026-05-17 22:41 UTC,15418,,,,,,,,,,,,,,
EA TJ,2026-05-17 22:41 UTC,40197,,,,,,,,,,,,,,
EL DEMOON,2026-05-17 22:41 UTC,48200,,,,,,,,,,,,,,
Emanazul,2026-05-17 22:41 UTC,575725,,,,,,,,,,,,,,
Emelie Trahan,2026-05-17 22:41 UTC,94749,,,,,,,,,,,,,,
EMJIE,2026-05-17 22:41 UTC,259209,,,,,,,,,,,,,,
ERISTHEPLANET,2026-05-17 22:41 UTC,75707,,,,,,,,,,,,,,
F3miii,2026-05-17 22:41 UTC,7449439,,,,,,,,,,,,,,
Fcukers,2026-05-17 22:41 UTC,2092157,,,,,,,,,,,,,,
FIFA Sound,2026-05-17 22:41 UTC,2925624,,,,,,,,,,,,,,
FLO,2026-05-17 22:41 UTC,3763885,,,,,,,,,,,,,,
Frost Children,2026-05-17 22:41 UTC,550703,,,,,,,,,,,,,,
frozz,2026-05-17 22:41 UTC,687111,,,,,,,,,,,,,,
G3B,2026-05-17 22:41 UTC,123792,,,,,,,,,,,,,,
Ghetto Beisha,2026-05-17 22:41 UTC,49210,,,,,,,,,,,,,,
Ghostfacekush,2026-05-17 22:41 UTC,87805,,,,,,,,,,,,,,
Girl Scout,2026-05-17 22:41 UTC,81724,,,,,,,,,,,,,,
girl_irl,2026-05-17 22:41 UTC,72605,,,,,,,,,,,,,,
girlsweetvoiced,2026-05-17 22:41 UTC,509847,,,,,,,,,,,,,,
Glizzy Glow,2026-05-17 22:41 UTC,11624,,,,,,,,,,,,,,
gnawvs,2026-05-17 22:41 UTC,2944,,,,,,,,,,,,,,
Godtripper,2026-05-17 22:41 UTC,273373,,,,,,,,,,,,,,
Grupo Primer Grado,2026-05-17 22:41 UTC,2273229,,,,,,,,,,,,,,
H. Hawkline,2026-05-17 22:41 UTC,163724,,,,,,,,,,,,,,
Harrd Luck,2026-05-17 22:41 UTC,63563,,,,,,,,,,,,,,
HittMan,2026-05-17 22:41 UTC,18826,,,,,,,,,,,,,,
Iguana Death Cult,2026-05-17 22:41 UTC,56868,,,,,,,,,,,,,,
Indeevar,2026-05-17 22:41 UTC,4531103,,,,,,,,,,,,,,
Indigo De Souza,2026-05-17 22:41 UTC,1662582,,,,,,,,,,,,,,
Infinity Song,2026-05-17 22:41 UTC,831553,,,,,,,,,,,,,,
isa in eutopia,2026-05-17 22:41 UTC,35524,,,,,,,,,,,,,,
JADA,2026-05-17 22:41 UTC,43253,,,,,,,,,,,,,,
Jadasea,2026-05-17 22:41 UTC,67525,,,,,,,,,,,,,,
jalda,2026-05-17 22:41 UTC,77682,,,,,,,,,,,,,,
Jimmy Butler,2026-05-17 22:41 UTC,76112,,,,,,,,,,,,,,
JJerome87,2026-05-17 22:41 UTC,365627,,,,,,,,,,,,,,
Joy Rhodes,2026-05-17 22:41 UTC,954973,,,,,,,,,,,,,,
Juju,2026-05-17 22:41 UTC,2970144,,,,,,,,,,,,,,
Julia Church,2026-05-17 22:41 UTC,4038491,,,,,,,,,,,,,,
Julie Williams,2026-05-17 22:41 UTC,75433,,,,,,,,,,,,,,
JussGigi,2026-05-17 22:41 UTC,0,,,,,,,,,,,,,,
Kala,2026-05-17 22:41 UTC,0,,,,,,,,,,,,,,
Karly Bowman,2026-05-17 22:41 UTC,136164,,,,,,,,,,,,,,
Khaled,2026-05-17 22:41 UTC,1910525,,,,,,,,,,,,,,
Khan Saab,2026-05-17 22:41 UTC,10340298,,,,,,,,,,,,,,
King Kylie,2026-05-17 22:41 UTC,646060,,,,,,,,,,,,,,
KINGH,2026-05-17 22:41 UTC,120464,,,,,,,,,,,,,,
Koilwood,2026-05-17 22:41 UTC,24181,,,,,,,,,,,,,,
KUČKA,2026-05-17 22:41 UTC,870386,,,,,,,,,,,,,,
Kurdi Klymax,2026-05-17 22:41 UTC,29865,,,,,,,,,,,,,,
kuru,2026-05-17 22:41 UTC,296510,,,,,,,,,,,,,,
Lamb,2026-05-17 22:41 UTC,189750,,,,,,,,,,,,,,
ledysek,2026-05-17 22:41 UTC,16015,,,,,,,,,,,,,,
Lerado Khalil,2026-05-17 22:41 UTC,59707,,,,,,,,,,,,,,
Les Imprimés,2026-05-17 22:41 UTC,108834,,,,,,,,,,,,,,
Lightris,2026-05-17 22:41 UTC,703969,,,,,,,,,,,,,,
Lil B,2026-05-17 22:41 UTC,1845571,,,,,,,,,,,,,,
Lil Righteous,2026-05-17 22:41 UTC,0,,,,,,,,,,,,,,
Loui Henderson,2026-05-17 22:41 UTC,177656,,,,,,,,,,,,,,
Luke Armstrong,2026-05-17 22:41 UTC,23629,,,,,,,,,,,,,,
M4IA,2026-05-17 22:41 UTC,104197,,,,,,,,,,,,,,
MAGIC SOUND WOLF,2026-05-17 22:41 UTC,632818,,,,,,,,,,,,,,
Malcolm Todd,2026-05-17 22:41 UTC,26470564,,,,,,,,,,,,,,
Maphra,2026-05-17 22:41 UTC,1366427,,,,,,,,,,,,,,
marquitos,2026-05-17 22:41 UTC,316968,,,,,,,,,,,,,,
Maviler,2026-05-17 22:41 UTC,439055,,,,,,,,,,,,,,
Merry Lamb Lamb,2026-05-17 22:41 UTC,9175,,,,,,,,,,,,,,
Mijabella Marie,2026-05-17 22:41 UTC,12557,,,,,,,,,,,,,,
MIKE,2026-05-17 22:41 UTC,646737,,,,,,,,,,,,,,
Momo Boyd,2026-05-17 22:41 UTC,2235187,,,,,,,,,,,,,,
Mr Dutt,2026-05-17 22:41 UTC,1656212,,,,,,,,,,,,,,
Mumu Fresh,2026-05-17 22:41 UTC,63884,,,,,,,,,,,,,,
My New Band Believe,2026-05-17 22:41 UTC,159661,,,,,,,,,,,,,,
Naarly,2026-05-17 22:41 UTC,5447280,,,,,,,,,,,,,,
Naod,2026-05-17 22:41 UTC,318639,,,,,,,,,,,,,,
Nickatnite,2026-05-17 22:41 UTC,6243,,,,,,,,,,,,,,
Nine Vicious,2026-05-17 22:41 UTC,1218683,,,,,,,,,,,,,,
nocashfromparents,2026-05-17 22:41 UTC,986495,,,,,,,,,,,,,,
North West,2026-05-17 22:41 UTC,1068512,,,,,,,,,,,,,,
NPD,2026-05-17 22:41 UTC,1364320,,,,,,,,,,,,,,
OK Alva,2026-05-17 22:41 UTC,40341,,,,,,,,,,,,,,
OKI,2026-05-17 22:41 UTC,2287336,,,,,,,,,,,,,,
Olga Myko,2026-05-17 22:41 UTC,2247473,,,,,,,,,,,,,,
Olof Dreijer,2026-05-17 22:41 UTC,101488,,,,,,,,,,,,,,
osa,2026-05-17 22:41 UTC,142177,,,,,,,,,,,,,,
Oxis,2026-05-17 22:41 UTC,401153,,,,,,,,,,,,,,
Pocket,2026-05-17 22:41 UTC,129332,,,,,,,,,,,,,,
Pretty Pinkk,2026-05-17 22:41 UTC,49228,,,,,,,,,,,,,,
Pz',2026-05-17 22:41 UTC,338038,,,,,,,,,,,,,,
Rian Brazil,2026-05-17 22:41 UTC,44815,,,,,,,,,,,,,,
rjtheweirdo,2026-05-17 22:41 UTC,398999,,,,,,,,,,,,,,
Rocket Reese,2026-05-17 22:41 UTC,115982,,,,,,,,,,,,,,
S1RENA,2026-05-17 22:41 UTC,161404,,,,,,,,,,,,,,
Sa!koro,2026-05-17 22:41 UTC,79638,,,,,,,,,,,,,,
Sara Landry,2026-05-17 22:41 UTC,1175804,,,,,,,,,,,,,,
Sébastien Tellier,2026-05-17 22:41 UTC,1423871,,,,,,,,,,,,,,
ShawtyRokk,2026-05-17 22:41 UTC,25625,,,,,,,,,,,,,,
shonci,2026-05-17 22:41 UTC,5030410,,,,,,,,,,,,,,
Slayr,2026-05-17 22:41 UTC,993528,,,,,,,,,,,,,,
Slayyyter,2026-05-17 22:41 UTC,4514189,,,,,,,,,,,,,,
Slim Jxmmy,2026-05-17 22:41 UTC,36597,,,,,,,,,,,,,,
Sofiane Pamart,2026-05-17 22:41 UTC,4198741,,,,,,,,,,,,,,
Sons of Yusuf,2026-05-17 22:41 UTC,1338167,,,,,,,,,,,,,,
Southsidesilhouette,2026-05-17 22:41 UTC,170413,,,,,,,,,,,,,,
Specialist Moss,2026-05-17 22:41 UTC,571137,,,,,,,,,,,,,,
SPELLLING,2026-05-17 22:41 UTC,92003,,,,,,,,,,,,,,
Sreemani,2026-05-17 22:41 UTC,2687444,,,,,,,,,,,,,,
STELLA LEFTY,2026-05-17 22:41 UTC,10923869,,,,,,,,,,,,,,
Street Fever,2026-05-17 22:41 UTC,84315,,,,,,,,,,,,,,
Sunday Service Choir,2026-05-17 22:41 UTC,393488,,,,,,,,,,,,,,
SURF GANG,2026-05-17 22:41 UTC,414905,,,,,,,,,,,,,,
Swizz Beatz,2026-05-17 22:41 UTC,663347,,,,,,,,,,,,,,
T.O.P,2026-05-17 22:41 UTC,1224075,,,,,,,,,,,,,,
Tabi Gervis,2026-05-17 22:41 UTC,14038,,,,,,,,,,,,,,
Temper City,2026-05-17 22:41 UTC,15270748,,,,,,,,,,,,,,
Tezzus,2026-05-17 22:41 UTC,362442,,,,,,,,,,,,,,
The Long Faces,2026-05-17 22:41 UTC,5039166,,,,,,,,,,,,,,
The Twins,2026-05-17 22:41 UTC,64459,,,,,,,,,,,,,,
THELMA,2026-05-17 22:41 UTC,52194,,,,,,,,,,,,,,
Tiffany Day,2026-05-17 22:41 UTC,1223917,,,,,,,,,,,,,,
Tom Did It,2026-05-17 22:41 UTC,1106450,,,,,,,,,,,,,,
Tom Right,2026-05-17 22:41 UTC,1303766,,,,,,,,,,,,,,
TOMORA,2026-05-17 22:41 UTC,812781,,,,,,,,,,,,,,
Trim,2026-05-17 22:41 UTC,2555363,,,,,,,,,,,,,,
Tsatsamis,2026-05-17 22:41 UTC,180204,,,,,,,,,,,,,,
twentythree,2026-05-17 22:41 UTC,1207262,,,,,,,,,,,,,,
TXKUMOON,2026-05-17 22:41 UTC,1113888,,,,,,,,,,,,,,
Vaibhav Gupta,2026-05-17 22:41 UTC,1605646,,,,,,,,,,,,,,
waera,2026-05-17 22:41 UTC,126978,,,,,,,,,,,,,,
Warren Roob,2026-05-17 22:41 UTC,199656,,,,,,,,,,,,,,
Welwitschia,2026-05-17 22:41 UTC,627437,,,,,,,,,,,,,,
Will Sass,2026-05-17 22:41 UTC,582348,,,,,,,,,,,,,,
Wtm Solid,2026-05-17 22:41 UTC,4553,,,,,,,,,,,,,,
Yaeger,2026-05-17 22:41 UTC,236359,,,,,,,,,,,,,,
YASP,2026-05-17 22:41 UTC,28802,,,,,,,,,,,,,,
Ye,2026-05-17 22:41 UTC,9814099,,,,,,,,,,,,,,
Yonusa,2026-05-17 22:41 UTC,10356,,,,,,,,,,,,,,
YUNA,2026-05-17 22:41 UTC,1020890,,,,,,,,,,,,,,
Yuyu19,2026-05-17 22:41 UTC,1104400,,,,,,,,,,,,,,
Zycan,2026-05-17 22:41 UTC,826755,,,,,,,,,,,,,,
drug bug,2026-05-17 22:41 UTC,56516,,,,,,,,,,,,,,
ILYAH,2026-05-17 22:41 UTC,650978,,,,,,,,,,,,,,
Los Brasileros,2026-05-17 22:41 UTC,1789007,,,,,,,,,,,,,,
am7iri,2026-05-17 22:41 UTC,1638901,,,,,,,,,,,,,,
Los Buyer,2026-05-17 22:41 UTC,1192076,,,,,,,,,,,,,,
Pikeras,2026-05-17 22:41 UTC,1601213,,,,,,,,,,,,,,
Heitor Santos,2026-05-17 22:41 UTC,2282374,,,,,,,,,,,,,,
Melly,2026-05-17 22:41 UTC,972546,,,,,,,,,,,,,,
OT The Real,2026-05-17 22:41 UTC,216585,,,,,,,,,,,,,,
Big Papa313,2026-05-17 22:41 UTC,1791215,,,,,,,,,,,,,,
kortani,2026-05-17 22:41 UTC,354058,,,,,,,,,,,,,,
daydreamers,2026-05-17 22:41 UTC,254456,,,,,,,,,,,,,,
Amma,2026-05-17 22:41 UTC,1441898,,,,,,,,,,,,,,
IngaRose,2026-05-17 22:41 UTC,2395639,,,,,,,,,,,,,,
FRIDAY*,2026-05-17 22:41 UTC,9894,,,,,,,,,,,,,,
aoif3,2026-05-17 22:41 UTC,909,,,,,,,,,,,,,,
Uche,2026-05-17 22:41 UTC,25237,,,,,,,,,,,,,,
Maxx Moor,2026-05-17 22:41 UTC,418,,,,,,,,,,,,,,
Swethings,2026-05-17 22:41 UTC,45524,,,,,,,,,,,,,,
22xlstl,2026-05-17 22:41 UTC,465142,,,,,,,,,,,,,,
Greg Gonzales,2026-05-17 22:41 UTC,4161700,,,,,,,,,,,,,,
Lyla George,2026-05-17 22:41 UTC,418733,,,,,,,,,,,,,,
Marlo Rex,2026-05-17 22:41 UTC,1373865,,,,,,,,,,,,,,
Cobrah,2026-05-17 22:41 UTC,2479629,,,,,,,,,,,,,,
Asha Banks,2026-05-17 22:41 UTC,428119,,,,,,,,,,,,,,
Stanclickin,2026-05-17 22:41 UTC,30975,,,,,,,,,,,,,,
Ebony Riley,2026-05-17 22:41 UTC,201395,,,,,,,,,,,,,,
Knut€,2026-05-17 22:41 UTC,27212,,,,,,,,,,,,,,
SALIMATA,2026-05-17 22:41 UTC,525226,,,,,,,,,,,,,,
Tracy,2026-05-17 22:41 UTC,477882,,,,,,,,,,,,,,
GENER8ION,2026-05-17 22:41 UTC,2122395,,,,,,,,,,,,,,
BJOERN,2026-05-17 22:41 UTC,629976,,,,,,,,,,,,,,
Olwin,2026-05-17 22:41 UTC,52289,,,,,,,,,,,,,,
Fred Durst,2026-05-17 22:41 UTC,2304575,,,,,,,,,,,,,,
Twoske,2026-05-17 22:41 UTC,62795,,,,,,,,,,,,,,
Los Gofiones,2026-05-17 22:41 UTC,1490134,,,,,,,,,,,,,,
Chase Belly,2026-05-17 22:41 UTC,323912,,,,,,,,,,,,,,
CDB,2026-05-17 22:41 UTC,3900204,,,,,,,,,,,,,,
Cornfed Ted,2026-05-17 22:41 UTC,15908,,,,,,,,,,,,,,
Claar,2026-05-17 22:41 UTC,20546,,,,,,,,,,,,,,
KARLEE GIRL,2026-05-17 22:41 UTC,1192871,,,,,,,,,,,,,,
Warhol.SS,2026-05-17 22:41 UTC,580255,,,,,,,,,,,,,,
Lola Blue,2026-05-17 22:41 UTC,130854,,,,,,,,,,,,,,
AZIEDOESNTEXIST,2026-05-17 22:41 UTC,880013,,,,,,,,,,,,,,
Eliah Sternhardt,2026-05-17 22:41 UTC,231502,,,,,,,,,,,,,,
$t3PPA,2026-05-19 22:55 UTC,144799,,,,,,,,,,,,,,
1 Umbrella,2026-05-19 22:55 UTC,141958,,,,,,,,,,,,,,
318dman,2026-05-19 22:55 UTC,234390,,,,,,,,,,,,,,
A2ANTI,2026-05-19 22:55 UTC,965863,,,,,,,,,,,,,,
Addison Dean,2026-05-19 22:55 UTC,5103,,,,,,,,,,,,,,
Aksomaniac,2026-05-19 22:55 UTC,2497957,,,,,,,,,,,,,,
Andre Troutman,2026-05-19 22:55 UTC,3906891,,,,,,,,,,,,,,
Angine de Poitrine,2026-05-19 22:55 UTC,1668672,,,,,,,,,,,,,,
Anik Khan,2026-05-19 22:55 UTC,140965,,,,,,,,,,,,,,
AQUAFINNA,2026-05-19 22:55 UTC,20390,,,,,,,,,,,,,,
Biggs money,2026-05-19 22:55 UTC,21452,,,,,,,,,,,,,,
Boi-1da,2026-05-19 22:55 UTC,493609,,,,,,,,,,,,,,
BossMan Pac,2026-05-19 22:55 UTC,79283,,,,,,,,,,,,,,
Brittany Aldean,2026-05-19 22:55 UTC,265415,,,,,,,,,,,,,,
Bryan Countach,2026-05-19 22:55 UTC,159754,,,,,,,,,,,,,,
Canada Soccer,2026-05-19 22:55 UTC,587470,,,,,,,,,,,,,,
Canyon,2026-05-19 22:55 UTC,34193,,,,,,,,,,,,,,
Cap1talA,2026-05-19 22:55 UTC,295842,,,,,,,,,,,,,,
Carter Faith,2026-05-19 22:55 UTC,3125537,,,,,,,,,,,,,,
Che,2026-05-19 22:55 UTC,1229994,,,,,,,,,,,,,,
Chyno Miranda,2026-05-19 22:55 UTC,1692222,,,,,,,,,,,,,,
Corridos del Rey,2026-05-19 22:55 UTC,1627377,,,,,,,,,,,,,,
Dale Move,2026-05-19 22:55 UTC,144699,,,,,,,,,,,,,,
Daniel Žižka,2026-05-19 22:55 UTC,555794,,,,,,,,,,,,,,
Dante,2026-05-19 22:55 UTC,345481,,,,,,,,,,,,,,
Dean Turnley,2026-05-19 22:55 UTC,1516545,,,,,,,,,,,,,,
Delta Ash,2026-05-19 22:55 UTC,590960,,,,,,,,,,,,,,
DETO BLACK,2026-05-19 22:55 UTC,521615,,,,,,,,,,,,,,
Devault,2026-05-19 22:55 UTC,2635978,,,,,,,,,,,,,,
Dexter and The Moonrocks,2026-05-19 22:55 UTC,7887391,,,,,,,,,,,,,,
diamond*,2026-05-19 22:55 UTC,289293,,,,,,,,,,,,,,
Diana Pilquist,2026-05-19 22:55 UTC,3526,,,,,,,,,,,,,,
DJ B7 o Piranhão,2026-05-19 22:55 UTC,3453040,,,,,,,,,,,,,,
DJ Holiday,2026-05-19 22:55 UTC,142455,,,,,,,,,,,,,,
dóttir.x,2026-05-19 22:55 UTC,81265,,,,,,,,,,,,,,
Druski,2026-05-19 22:55 UTC,1029585,,,,,,,,,,,,,,
Dubioza Kolektive,2026-05-19 22:55 UTC,515030,,,,,,,,,,,,,,
dunderjeppe,2026-05-19 22:55 UTC,25364,,,,,,,,,,,,,,
Duskydemise archive,2026-05-19 22:55 UTC,426932,,,,,,,,,,,,,,
Duygu Edis,2026-05-19 22:55 UTC,2038253,,,,,,,,,,,,,,
Dwarde,2026-05-19 22:55 UTC,14265,,,,,,,,,,,,,,
EA TJ,2026-05-19 22:55 UTC,35813,,,,,,,,,,,,,,
EL DEMOON,2026-05-19 22:55 UTC,44080,,,,,,,,,,,,,,
Emanazul,2026-05-19 22:55 UTC,536847,,,,,,,,,,,,,,
Emelie Trahan,2026-05-19 22:55 UTC,96825,,,,,,,,,,,,,,
EMJIE,2026-05-19 22:55 UTC,270410,,,,,,,,,,,,,,
ERISTHEPLANET,2026-05-19 22:55 UTC,75308,,,,,,,,,,,,,,
F3miii,2026-05-19 22:55 UTC,7798534,,,,,,,,,,,,,,
Fcukers,2026-05-19 22:55 UTC,2100133,,,,,,,,,,,,,,
FIFA Sound,2026-05-19 22:55 UTC,2905494,,,,,,,,,,,,,,
FLO,2026-05-19 22:55 UTC,3754774,,,,,,,,,,,,,,
Frost Children,2026-05-19 22:55 UTC,550923,,,,,,,,,,,,,,
frozz,2026-05-19 22:55 UTC,584028,,,,,,,,,,,,,,
G3B,2026-05-19 22:55 UTC,117642,,,,,,,,,,,,,,
Ghetto Beisha,2026-05-19 22:55 UTC,43238,,,,,,,,,,,,,,
Ghostfacekush,2026-05-19 22:55 UTC,86702,,,,,,,,,,,,,,
Girl Scout,2026-05-19 22:55 UTC,79731,,,,,,,,,,,,,,
girl_irl,2026-05-19 22:55 UTC,69002,,,,,,,,,,,,,,
girlsweetvoiced,2026-05-19 22:55 UTC,498327,,,,,,,,,,,,,,
Glizzy Glow,2026-05-19 22:55 UTC,10036,,,,,,,,,,,,,,
gnawvs,2026-05-19 22:55 UTC,2793,,,,,,,,,,,,,,
Godtripper,2026-05-19 22:55 UTC,265210,,,,,,,,,,,,,,
Grupo Primer Grado,2026-05-19 22:55 UTC,2240038,,,,,,,,,,,,,,
H. Hawkline,2026-05-19 22:55 UTC,162484,,,,,,,,,,,,,,
Harrd Luck,2026-05-19 22:55 UTC,60015,,,,,,,,,,,,,,
HittMan,2026-05-19 22:55 UTC,15746,,,,,,,,,,,,,,
Iguana Death Cult,2026-05-19 22:55 UTC,55146,,,,,,,,,,,,,,
Indeevar,2026-05-19 22:55 UTC,4614750,,,,,,,,,,,,,,
Indigo De Souza,2026-05-19 22:55 UTC,1645411,,,,,,,,,,,,,,
Infinity Song,2026-05-19 22:55 UTC,822823,,,,,,,,,,,,,,
isa in eutopia,2026-05-19 22:55 UTC,34598,,,,,,,,,,,,,,
JADA,2026-05-19 22:55 UTC,46282,,,,,,,,,,,,,,
Jadasea,2026-05-19 22:55 UTC,64183,,,,,,,,,,,,,,
jalda,2026-05-19 22:55 UTC,81560,,,,,,,,,,,,,,
Jimmy Butler,2026-05-19 22:55 UTC,69369,,,,,,,,,,,,,,
JJerome87,2026-05-19 22:55 UTC,333267,,,,,,,,,,,,,,
Joy Rhodes,2026-05-19 22:55 UTC,958177,,,,,,,,,,,,,,
Juju,2026-05-19 22:55 UTC,2939915,,,,,,,,,,,,,,
Julia Church,2026-05-19 22:55 UTC,3910069,,,,,,,,,,,,,,
Julie Williams,2026-05-19 22:55 UTC,71544,,,,,,,,,,,,,,
JussGigi,2026-05-19 22:55 UTC,0,,,,,,,,,,,,,,
Kala,2026-05-19 22:55 UTC,0,,,,,,,,,,,,,,
Karly Bowman,2026-05-19 22:55 UTC,121940,,,,,,,,,,,,,,
Khaled,2026-05-19 22:55 UTC,1883078,,,,,,,,,,,,,,
Khan Saab,2026-05-19 22:55 UTC,10188279,,,,,,,,,,,,,,
King Kylie,2026-05-19 22:55 UTC,619604,,,,,,,,,,,,,,
KINGH,2026-05-19 22:55 UTC,117055,,,,,,,,,,,,,,
Koilwood,2026-05-19 22:55 UTC,22874,,,,,,,,,,,,,,
KUČKA,2026-05-19 22:55 UTC,862107,,,,,,,,,,,,,,
Kurdi Klymax,2026-05-19 22:55 UTC,31783,,,,,,,,,,,,,,
kuru,2026-05-19 22:55 UTC,294765,,,,,,,,,,,,,,
Lamb,2026-05-19 22:55 UTC,186691,,,,,,,,,,,,,,
ledysek,2026-05-19 22:55 UTC,16296,,,,,,,,,,,,,,
Lerado Khalil,2026-05-19 22:55 UTC,57641,,,,,,,,,,,,,,
Les Imprimés,2026-05-19 22:55 UTC,106008,,,,,,,,,,,,,,
Lightris,2026-05-19 22:55 UTC,697412,,,,,,,,,,,,,,
Lil B,2026-05-19 22:55 UTC,1768714,,,,,,,,,,,,,,
Lil Righteous,2026-05-19 22:55 UTC,0,,,,,,,,,,,,,,
Loui Henderson,2026-05-19 22:55 UTC,164525,,,,,,,,,,,,,,
Luke Armstrong,2026-05-19 22:55 UTC,24518,,,,,,,,,,,,,,
M4IA,2026-05-19 22:55 UTC,102245,,,,,,,,,,,,,,
MAGIC SOUND WOLF,2026-05-19 22:55 UTC,629483,,,,,,,,,,,,,,
Malcolm Todd,2026-05-19 22:55 UTC,26772516,,,,,,,,,,,,,,
Maphra,2026-05-19 22:55 UTC,1403710,,,,,,,,,,,,,,
marquitos,2026-05-19 22:55 UTC,310396,,,,,,,,,,,,,,
Maviler,2026-05-19 22:55 UTC,442052,,,,,,,,,,,,,,
Merry Lamb Lamb,2026-05-19 22:55 UTC,8616,,,,,,,,,,,,,,
Mijabella Marie,2026-05-19 22:55 UTC,12089,,,,,,,,,,,,,,
MIKE,2026-05-19 22:55 UTC,636705,,,,,,,,,,,,,,
Momo Boyd,2026-05-19 22:55 UTC,2202650,,,,,,,,,,,,,,
Mr Dutt,2026-05-19 22:55 UTC,1636707,,,,,,,,,,,,,,
Mumu Fresh,2026-05-19 22:55 UTC,64214,,,,,,,,,,,,,,
My New Band Believe,2026-05-19 22:55 UTC,150504,,,,,,,,,,,,,,
Naarly,2026-05-19 22:55 UTC,5461477,,,,,,,,,,,,,,
Naod,2026-05-19 22:55 UTC,312291,,,,,,,,,,,,,,
Nickatnite,2026-05-19 22:55 UTC,5836,,,,,,,,,,,,,,
Nine Vicious,2026-05-19 22:55 UTC,1222145,,,,,,,,,,,,,,
nocashfromparents,2026-05-19 22:55 UTC,1004470,,,,,,,,,,,,,,
North West,2026-05-19 22:55 UTC,1070429,,,,,,,,,,,,,,
NPD,2026-05-19 22:55 UTC,1341944,,,,,,,,,,,,,,
OK Alva,2026-05-19 22:55 UTC,40471,,,,,,,,,,,,,,
OKI,2026-05-19 22:55 UTC,2285981,,,,,,,,,,,,,,
Olga Myko,2026-05-19 22:55 UTC,2208533,,,,,,,,,,,,,,
Olof Dreijer,2026-05-19 22:55 UTC,102607,,,,,,,,,,,,,,
osa,2026-05-19 22:55 UTC,147106,,,,,,,,,,,,,,
Oxis,2026-05-19 22:55 UTC,415332,,,,,,,,,,,,,,
Pocket,2026-05-19 22:55 UTC,118708,,,,,,,,,,,,,,
Pretty Pinkk,2026-05-19 22:55 UTC,43227,,,,,,,,,,,,,,
Pz',2026-05-19 22:55 UTC,335504,,,,,,,,,,,,,,
Rian Brazil,2026-05-19 22:55 UTC,43024,,,,,,,,,,,,,,
rjtheweirdo,2026-05-19 22:55 UTC,363850,,,,,,,,,,,,,,
Rocket Reese,2026-05-19 22:55 UTC,113490,,,,,,,,,,,,,,
S1RENA,2026-05-19 22:55 UTC,155383,,,,,,,,,,,,,,
Sa!koro,2026-05-19 22:55 UTC,79237,,,,,,,,,,,,,,
Sara Landry,2026-05-19 22:55 UTC,1172632,,,,,,,,,,,,,,
Sébastien Tellier,2026-05-19 22:55 UTC,1303607,,,,,,,,,,,,,,
ShawtyRokk,2026-05-19 22:55 UTC,23097,,,,,,,,,,,,,,
shonci,2026-05-19 22:55 UTC,5081452,,,,,,,,,,,,,,
Slayr,2026-05-19 22:55 UTC,992252,,,,,,,,,,,,,,
Slayyyter,2026-05-19 22:55 UTC,4420923,,,,,,,,,,,,,,
Slim Jxmmy,2026-05-19 22:55 UTC,36298,,,,,,,,,,,,,,
Sofiane Pamart,2026-05-19 22:55 UTC,3992635,,,,,,,,,,,,,,
Sons of Yusuf,2026-05-19 22:55 UTC,1313747,,,,,,,,,,,,,,
Southsidesilhouette,2026-05-19 22:55 UTC,165437,,,,,,,,,,,,,,
Specialist Moss,2026-05-19 22:55 UTC,543187,,,,,,,,,,,,,,
SPELLLING,2026-05-19 22:55 UTC,86648,,,,,,,,,,,,,,
Sreemani,2026-05-19 22:55 UTC,2684177,,,,,,,,,,,,,,
STELLA LEFTY,2026-05-19 22:55 UTC,11227727,,,,,,,,,,,,,,
Street Fever,2026-05-19 22:55 UTC,80155,,,,,,,,,,,,,,
Sunday Service Choir,2026-05-19 22:55 UTC,390387,,,,,,,,,,,,,,
SURF GANG,2026-05-19 22:55 UTC,400938,,,,,,,,,,,,,,
Swizz Beatz,2026-05-19 22:55 UTC,655136,,,,,,,,,,,,,,
T.O.P,2026-05-19 22:55 UTC,1183563,,,,,,,,,,,,,,
Tabi Gervis,2026-05-19 22:55 UTC,13568,,,,,,,,,,,,,,
Temper City,2026-05-19 22:55 UTC,15773979,,,,,,,,,,,,,,
Tezzus,2026-05-19 22:55 UTC,341327,,,,,,,,,,,,,,
The Long Faces,2026-05-19 22:55 UTC,5112987,,,,,,,,,,,,,,
The Twins,2026-05-19 22:55 UTC,62716,,,,,,,,,,,,,,
THELMA,2026-05-19 22:55 UTC,49303,,,,,,,,,,,,,,
Tiffany Day,2026-05-19 22:55 UTC,1216320,,,,,,,,,,,,,,
Tom Did It,2026-05-19 22:55 UTC,1094976,,,,,,,,,,,,,,
Tom Right,2026-05-19 22:55 UTC,1331232,,,,,,,,,,,,,,
TOMORA,2026-05-19 22:55 UTC,766661,,,,,,,,,,,,,,
Trim,2026-05-19 22:55 UTC,2620673,,,,,,,,,,,,,,
Tsatsamis,2026-05-19 22:55 UTC,179148,,,,,,,,,,,,,,
twentythree,2026-05-19 22:55 UTC,1194289,,,,,,,,,,,,,,
TXKUMOON,2026-05-19 22:55 UTC,1083282,,,,,,,,,,,,,,
Vaibhav Gupta,2026-05-19 22:55 UTC,1566272,,,,,,,,,,,,,,
waera,2026-05-19 22:55 UTC,119742,,,,,,,,,,,,,,
Warren Roob,2026-05-19 22:55 UTC,198813,,,,,,,,,,,,,,
Welwitschia,2026-05-19 22:55 UTC,516308,,,,,,,,,,,,,,
Will Sass,2026-05-19 22:55 UTC,588051,,,,,,,,,,,,,,
Wtm Solid,2026-05-19 22:55 UTC,4277,,,,,,,,,,,,,,
Yaeger,2026-05-19 22:55 UTC,229576,,,,,,,,,,,,,,
YASP,2026-05-19 22:55 UTC,28271,,,,,,,,,,,,,,
Ye,2026-05-19 22:55 UTC,9440140,,,,,,,,,,,,,,
Yonusa,2026-05-19 22:55 UTC,8291,,,,,,,,,,,,,,
YUNA,2026-05-19 22:55 UTC,988869,,,,,,,,,,,,,,
Yuyu19,2026-05-19 22:55 UTC,1071437,,,,,,,,,,,,,,
Zycan,2026-05-19 22:55 UTC,802614,,,,,,,,,,,,,,
drug bug,2026-05-19 22:55 UTC,55062,,,,,,,,,,,,,,
ILYAH,2026-05-19 22:55 UTC,634926,,,,,,,,,,,,,,
Los Brasileros,2026-05-19 22:55 UTC,1732162,,,,,,,,,,,,,,
am7iri,2026-05-19 22:55 UTC,1623167,,,,,,,,,,,,,,
Los Buyer,2026-05-19 22:55 UTC,1180345,,,,,,,,,,,,,,
Pikeras,2026-05-19 22:55 UTC,1585560,,,,,,,,,,,,,,
Heitor Santos,2026-05-19 22:55 UTC,2283754,,,,,,,,,,,,,,
Melly,2026-05-19 22:55 UTC,923589,,,,,,,,,,,,,,
OT The Real,2026-05-19 22:55 UTC,207436,,,,,,,,,,,,,,
Big Papa313,2026-05-19 22:55 UTC,1694425,,,,,,,,,,,,,,
kortani,2026-05-19 22:55 UTC,330060,,,,,,,,,,,,,,
daydreamers,2026-05-19 22:55 UTC,242927,,,,,,,,,,,,,,
Amma,2026-05-19 22:55 UTC,1470523,,,,,,,,,,,,,,
IngaRose,2026-05-19 22:55 UTC,2445368,,,,,,,,,,,,,,
FRIDAY*,2026-05-19 22:55 UTC,9916,,,,,,,,,,,,,,
aoif3,2026-05-19 22:55 UTC,913,,,,,,,,,,,,,,
Uche,2026-05-19 22:55 UTC,25677,,,,,,,,,,,,,,
Maxx Moor,2026-05-19 22:55 UTC,415,,,,,,,,,,,,,,
Swethings,2026-05-19 22:55 UTC,46650,,,,,,,,,,,,,,
22xlstl,2026-05-19 22:55 UTC,477498,,,,,,,,,,,,,,
Greg Gonzales,2026-05-19 22:55 UTC,4306511,,,,,,,,,,,,,,
Lyla George,2026-05-19 22:55 UTC,426561,,,,,,,,,,,,,,
Marlo Rex,2026-05-19 22:55 UTC,1385142,,,,,,,,,,,,,,
Cobrah,2026-05-19 22:55 UTC,2479391,,,,,,,,,,,,,,
Asha Banks,2026-05-19 22:55 UTC,492398,,,,,,,,,,,,,,
Stanclickin,2026-05-19 22:55 UTC,30770,,,,,,,,,,,,,,
Ebony Riley,2026-05-19 22:55 UTC,205074,,,,,,,,,,,,,,
Knut€,2026-05-19 22:55 UTC,27082,,,,,,,,,,,,,,
SALIMATA,2026-05-19 22:55 UTC,517895,,,,,,,,,,,,,,
Tracy,2026-05-19 22:55 UTC,481427,,,,,,,,,,,,,,
GENER8ION,2026-05-19 22:55 UTC,2206089,,,,,,,,,,,,,,
BJOERN,2026-05-19 22:55 UTC,652872,,,,,,,,,,,,,,
Olwin,2026-05-19 22:55 UTC,53283,,,,,,,,,,,,,,
Fred Durst,2026-05-19 22:55 UTC,2377905,,,,,,,,,,,,,,
Twoske,2026-05-19 22:55 UTC,63142,,,,,,,,,,,,,,
Los Gofiones,2026-05-19 22:55 UTC,1525494,,,,,,,,,,,,,,
Chase Belly,2026-05-19 22:55 UTC,325990,,,,,,,,,,,,,,
CDB,2026-05-19 22:55 UTC,3925831,,,,,,,,,,,,,,
Cornfed Ted,2026-05-19 22:55 UTC,16284,,,,,,,,,,,,,,
Claar,2026-05-19 22:55 UTC,18933,,,,,,,,,,,,,,
KARLEE GIRL,2026-05-19 22:55 UTC,1290157,,,,,,,,,,,,,,
Warhol.SS,2026-05-19 22:55 UTC,573265,,,,,,,,,,,,,,
Lola Blue,2026-05-19 22:55 UTC,138422,,,,,,,,,,,,,,
AZIEDOESNTEXIST,2026-05-19 22:55 UTC,941685,,,,,,,,,,,,,,
Eliah Sternhardt,2026-05-19 22:55 UTC,229290,,,,,,,,,,,,,,
$t3PPA,2026-05-20 23:02 UTC,144089,,,,,,,,,,,,,,
1 Umbrella,2026-05-20 23:02 UTC,138717,,,,,,,,,,,,,,
318dman,2026-05-20 23:02 UTC,239591,,,,,,,,,,,,,,
A2ANTI,2026-05-20 23:02 UTC,954465,,,,,,,,,,,,,,
Addison Dean,2026-05-20 23:02 UTC,4985,,,,,,,,,,,,,,
Aksomaniac,2026-05-20 23:02 UTC,2516459,,,,,,,,,,,,,,
Andre Troutman,2026-05-20 23:02 UTC,3812239,,,,,,,,,,,,,,
Angine de Poitrine,2026-05-20 23:02 UTC,1636713,,,,,,,,,,,,,,
Anik Khan,2026-05-20 23:02 UTC,132359,,,,,,,,,,,,,,
AQUAFINNA,2026-05-20 23:02 UTC,20214,,,,,,,,,,,,,,
Biggs money,2026-05-20 23:02 UTC,19808,,,,,,,,,,,,,,
Boi-1da,2026-05-20 23:02 UTC,481652,,,,,,,,,,,,,,
BossMan Pac,2026-05-20 23:02 UTC,78367,,,,,,,,,,,,,,
Brittany Aldean,2026-05-20 23:02 UTC,259825,,,,,,,,,,,,,,
Bryan Countach,2026-05-20 23:02 UTC,155360,,,,,,,,,,,,,,
Canada Soccer,2026-05-20 23:02 UTC,579164,,,,,,,,,,,,,,
Canyon,2026-05-20 23:02 UTC,34043,,,,,,,,,,,,,,
Cap1talA,2026-05-20 23:02 UTC,296798,,,,,,,,,,,,,,
Carter Faith,2026-05-20 23:02 UTC,3083912,,,,,,,,,,,,,,
Che,2026-05-20 23:02 UTC,1231990,,,,,,,,,,,,,,
Chyno Miranda,2026-05-20 23:02 UTC,1648819,,,,,,,,,,,,,,
Corridos del Rey,2026-05-20 23:02 UTC,1676288,,,,,,,,,,,,,,
Dale Move,2026-05-20 23:02 UTC,141631,,,,,,,,,,,,,,
Daniel Žižka,2026-05-20 23:02 UTC,600946,,,,,,,,,,,,,,
Dante,2026-05-20 23:02 UTC,340446,,,,,,,,,,,,,,
Dean Turnley,2026-05-20 23:02 UTC,1516072,,,,,,,,,,,,,,
Delta Ash,2026-05-20 23:02 UTC,600534,,,,,,,,,,,,,,
DETO BLACK,2026-05-20 23:02 UTC,503290,,,,,,,,,,,,,,
Devault,2026-05-20 23:02 UTC,2563657,,,,,,,,,,,,,,
Dexter and The Moonrocks,2026-05-20 23:02 UTC,8001147,,,,,,,,,,,,,,
diamond*,2026-05-20 23:02 UTC,282613,,,,,,,,,,,,,,
Diana Pilquist,2026-05-20 23:02 UTC,3445,,,,,,,,,,,,,,
DJ B7 o Piranhão,2026-05-20 23:02 UTC,3466702,,,,,,,,,,,,,,
DJ Holiday,2026-05-20 23:02 UTC,136261,,,,,,,,,,,,,,
dóttir.x,2026-05-20 23:02 UTC,81394,,,,,,,,,,,,,,
Druski,2026-05-20 23:02 UTC,977966,,,,,,,,,,,,,,
Dubioza Kolektive,2026-05-20 23:02 UTC,514647,,,,,,,,,,,,,,
dunderjeppe,2026-05-20 23:02 UTC,25255,,,,,,,,,,,,,,
Duskydemise archive,2026-05-20 23:02 UTC,428685,,,,,,,,,,,,,,
Duygu Edis,2026-05-20 23:02 UTC,2027363,,,,,,,,,,,,,,
Dwarde,2026-05-20 23:02 UTC,13643,,,,,,,,,,,,,,
EA TJ,2026-05-20 23:02 UTC,32894,,,,,,,,,,,,,,
EL DEMOON,2026-05-20 23:02 UTC,40795,,,,,,,,,,,,,,
Emanazul,2026-05-20 23:02 UTC,520794,,,,,,,,,,,,,,
Emelie Trahan,2026-05-20 23:02 UTC,98378,,,,,,,,,,,,,,
EMJIE,2026-05-20 23:02 UTC,274068,,,,,,,,,,,,,,
ERISTHEPLANET,2026-05-20 23:02 UTC,74874,,,,,,,,,,,,,,
F3miii,2026-05-20 23:02 UTC,8035123,,,,,,,,,,,,,,
Fcukers,2026-05-20 23:02 UTC,2106892,,,,,,,,,,,,,,
FIFA Sound,2026-05-20 23:02 UTC,2906529,,,,,,,,,,,,,,
FLO,2026-05-20 23:02 UTC,3757552,,,,,,,,,,,,,,
Frost Children,2026-05-20 23:02 UTC,552264,,,,,,,,,,,,,,
frozz,2026-05-20 23:02 UTC,537433,,,,,,,,,,,,,,
G3B,2026-05-20 23:02 UTC,115220,,,,,,,,,,,,,,
Ghetto Beisha,2026-05-20 23:02 UTC,40676,,,,,,,,,,,,,,
Ghostfacekush,2026-05-20 23:02 UTC,85911,,,,,,,,,,,,,,
Girl Scout,2026-05-20 23:02 UTC,78624,,,,,,,,,,,,,,
girl_irl,2026-05-20 23:02 UTC,67627,,,,,,,,,,,,,,
girlsweetvoiced,2026-05-20 23:02 UTC,494593,,,,,,,,,,,,,,
Glizzy Glow,2026-05-20 23:02 UTC,9041,,,,,,,,,,,,,,
gnawvs,2026-05-20 23:02 UTC,2509,,,,,,,,,,,,,,
Godtripper,2026-05-20 23:02 UTC,259782,,,,,,,,,,,,,,
Grupo Primer Grado,2026-05-20 23:02 UTC,2234727,,,,,,,,,,,,,,
H. Hawkline,2026-05-20 23:02 UTC,161661,,,,,,,,,,,,,,
Harrd Luck,2026-05-20 23:02 UTC,57801,,,,,,,,,,,,,,
HittMan,2026-05-20 23:02 UTC,14273,,,,,,,,,,,,,,
Iguana Death Cult,2026-05-20 23:02 UTC,54650,,,,,,,,,,,,,,
Indeevar,2026-05-20 23:02 UTC,4654469,,,,,,,,,,,,,,
Indigo De Souza,2026-05-20 23:02 UTC,1634594,,,,,,,,,,,,,,
Infinity Song,2026-05-20 23:02 UTC,818992,,,,,,,,,,,,,,
isa in eutopia,2026-05-20 23:02 UTC,34134,,,,,,,,,,,,,,
JADA,2026-05-20 23:02 UTC,48251,,,,,,,,,,,,,,
Jadasea,2026-05-20 23:02 UTC,62439,,,,,,,,,,,,,,
jalda,2026-05-20 23:02 UTC,83711,,,,,,,,,,,,,,
Jimmy Butler,2026-05-20 23:02 UTC,64947,,,,,,,,,,,,,,
JJerome87,2026-05-20 23:02 UTC,314896,,,,,,,,,,,,,,
Joy Rhodes,2026-05-20 23:02 UTC,958246,,,,,,,,,,,,,,
Juju,2026-05-20 23:02 UTC,2919079,,,,,,,,,,,,,,
Julia Church,2026-05-20 23:02 UTC,3829433,,,,,,,,,,,,,,
Julie Williams,2026-05-20 23:02 UTC,68986,,,,,,,,,,,,,,
JussGigi,2026-05-20 23:02 UTC,0,,,,,,,,,,,,,,
Kala,2026-05-20 23:02 UTC,0,,,,,,,,,,,,,,
Karly Bowman,2026-05-20 23:02 UTC,113783,,,,,,,,,,,,,,
Khaled,2026-05-20 23:02 UTC,1870965,,,,,,,,,,,,,,
Khan Saab,2026-05-20 23:02 UTC,10123761,,,,,,,,,,,,,,
King Kylie,2026-05-20 23:02 UTC,605717,,,,,,,,,,,,,,
KINGH,2026-05-20 23:02 UTC,115015,,,,,,,,,,,,,,
Koilwood,2026-05-20 23:02 UTC,22020,,,,,,,,,,,,,,
KUČKA,2026-05-20 23:02 UTC,854671,,,,,,,,,,,,,,
Kurdi Klymax,2026-05-20 23:02 UTC,32933,,,,,,,,,,,,,,
kuru,2026-05-20 23:02 UTC,294177,,,,,,,,,,,,,,
Lamb,2026-05-20 23:02 UTC,185292,,,,,,,,,,,,,,
ledysek,2026-05-20 23:02 UTC,16625,,,,,,,,,,,,,,
Lerado Khalil,2026-05-20 23:02 UTC,55519,,,,,,,,,,,,,,
Les Imprimés,2026-05-20 23:02 UTC,105133,,,,,,,,,,,,,,
Lightris,2026-05-20 23:02 UTC,694852,,,,,,,,,,,,,,
Lil B,2026-05-20 23:02 UTC,1724050,,,,,,,,,,,,,,
Lil Righteous,2026-05-20 23:02 UTC,0,,,,,,,,,,,,,,
Loui Henderson,2026-05-20 23:02 UTC,157560,,,,,,,,,,,,,,
Luke Armstrong,2026-05-20 23:02 UTC,25550,,,,,,,,,,,,,,
M4IA,2026-05-20 23:02 UTC,100663,,,,,,,,,,,,,,
MAGIC SOUND WOLF,2026-05-20 23:02 UTC,627655,,,,,,,,,,,,,,
Malcolm Todd,2026-05-20 23:02 UTC,26995153,,,,,,,,,,,,,,
Maphra,2026-05-20 23:02 UTC,1417970,,,,,,,,,,,,,,
marquitos,2026-05-20 23:02 UTC,306365,,,,,,,,,,,,,,
Maviler,2026-05-20 23:02 UTC,439162,,,,,,,,,,,,,,
Merry Lamb Lamb,2026-05-20 23:02 UTC,8132,,,,,,,,,,,,,,
Mijabella Marie,2026-05-20 23:02 UTC,11812,,,,,,,,,,,,,,
MIKE,2026-05-20 23:02 UTC,630349,,,,,,,,,,,,,,
Momo Boyd,2026-05-20 23:02 UTC,2185304,,,,,,,,,,,,,,
Mr Dutt,2026-05-20 23:02 UTC,1632729,,,,,,,,,,,,,,
Mumu Fresh,2026-05-20 23:02 UTC,63815,,,,,,,,,,,,,,
My New Band Believe,2026-05-20 23:02 UTC,145139,,,,,,,,,,,,,,
Naarly,2026-05-20 23:02 UTC,5462931,,,,,,,,,,,,,,
Naod,2026-05-20 23:02 UTC,309635,,,,,,,,,,,,,,
Nickatnite,2026-05-20 23:02 UTC,5687,,,,,,,,,,,,,,
Nine Vicious,2026-05-20 23:02 UTC,1226687,,,,,,,,,,,,,,
nocashfromparents,2026-05-20 23:02 UTC,1009022,,,,,,,,,,,,,,
North West,2026-05-20 23:02 UTC,1071681,,,,,,,,,,,,,,
NPD,2026-05-20 23:02 UTC,1335075,,,,,,,,,,,,,,
OK Alva,2026-05-20 23:02 UTC,40524,,,,,,,,,,,,,,
OKI,2026-05-20 23:02 UTC,2280936,,,,,,,,,,,,,,
Olga Myko,2026-05-20 23:02 UTC,2186655,,,,,,,,,,,,,,
Olof Dreijer,2026-05-20 23:02 UTC,103518,,,,,,,,,,,,,,
osa,2026-05-20 23:02 UTC,153377,,,,,,,,,,,,,,
Oxis,2026-05-20 23:02 UTC,422952,,,,,,,,,,,,,,
Pocket,2026-05-20 23:02 UTC,112694,,,,,,,,,,,,,,
Pretty Pinkk,2026-05-20 23:02 UTC,40665,,,,,,,,,,,,,,
Pz',2026-05-20 23:02 UTC,333641,,,,,,,,,,,,,,
Rian Brazil,2026-05-20 23:02 UTC,42481,,,,,,,,,,,,,,
rjtheweirdo,2026-05-20 23:02 UTC,344151,,,,,,,,,,,,,,
Rocket Reese,2026-05-20 23:02 UTC,112790,,,,,,,,,,,,,,
S1RENA,2026-05-20 23:02 UTC,152802,,,,,,,,,,,,,,
Sa!koro,2026-05-20 23:02 UTC,78108,,,,,,,,,,,,,,
Sara Landry,2026-05-20 23:02 UTC,1170226,,,,,,,,,,,,,,
Sébastien Tellier,2026-05-20 23:02 UTC,1239195,,,,,,,,,,,,,,
ShawtyRokk,2026-05-20 23:02 UTC,22160,,,,,,,,,,,,,,
shonci,2026-05-20 23:02 UTC,5112226,,,,,,,,,,,,,,
Slayr,2026-05-20 23:02 UTC,991054,,,,,,,,,,,,,,
Slayyyter,2026-05-20 23:02 UTC,4367822,,,,,,,,,,,,,,
Slim Jxmmy,2026-05-20 23:02 UTC,36163,,,,,,,,,,,,,,
Sofiane Pamart,2026-05-20 23:02 UTC,3901208,,,,,,,,,,,,,,
Sons of Yusuf,2026-05-20 23:02 UTC,1302611,,,,,,,,,,,,,,
Southsidesilhouette,2026-05-20 23:02 UTC,163875,,,,,,,,,,,,,,
Specialist Moss,2026-05-20 23:02 UTC,530401,,,,,,,,,,,,,,
SPELLLING,2026-05-20 23:02 UTC,83370,,,,,,,,,,,,,,
Sreemani,2026-05-20 23:02 UTC,2686305,,,,,,,,,,,,,,
STELLA LEFTY,2026-05-20 23:02 UTC,11401463,,,,,,,,,,,,,,
Street Fever,2026-05-20 23:02 UTC,77984,,,,,,,,,,,,,,
Sunday Service Choir,2026-05-20 23:02 UTC,389050,,,,,,,,,,,,,,
SURF GANG,2026-05-20 23:02 UTC,392909,,,,,,,,,,,,,,
Swizz Beatz,2026-05-20 23:02 UTC,649682,,,,,,,,,,,,,,
T.O.P,2026-05-20 23:02 UTC,1160846,,,,,,,,,,,,,,
Tabi Gervis,2026-05-20 23:02 UTC,13485,,,,,,,,,,,,,,
Temper City,2026-05-20 23:02 UTC,16084501,,,,,,,,,,,,,,
Tezzus,2026-05-20 23:02 UTC,334636,,,,,,,,,,,,,,
The Long Faces,2026-05-20 23:02 UTC,5151970,,,,,,,,,,,,,,
The Twins,2026-05-20 23:02 UTC,61906,,,,,,,,,,,,,,
THELMA,2026-05-20 23:02 UTC,47558,,,,,,,,,,,,,,
Tiffany Day,2026-05-20 23:02 UTC,1215555,,,,,,,,,,,,,,
Tom Did It,2026-05-20 23:02 UTC,1081430,,,,,,,,,,,,,,
Tom Right,2026-05-20 23:02 UTC,1346537,,,,,,,,,,,,,,
TOMORA,2026-05-20 23:02 UTC,741336,,,,,,,,,,,,,,
Trim,2026-05-20 23:02 UTC,2649977,,,,,,,,,,,,,,
Tsatsamis,2026-05-20 23:02 UTC,179124,,,,,,,,,,,,,,
twentythree,2026-05-20 23:02 UTC,1185566,,,,,,,,,,,,,,
TXKUMOON,2026-05-20 23:02 UTC,1066165,,,,,,,,,,,,,,
Vaibhav Gupta,2026-05-20 23:02 UTC,1549449,,,,,,,,,,,,,,
waera,2026-05-20 23:02 UTC,119544,,,,,,,,,,,,,,
Warren Roob,2026-05-20 23:02 UTC,198605,,,,,,,,,,,,,,
Welwitschia,2026-05-20 23:02 UTC,464551,,,,,,,,,,,,,,
Will Sass,2026-05-20 23:02 UTC,587716,,,,,,,,,,,,,,
Wtm Solid,2026-05-20 23:02 UTC,4161,,,,,,,,,,,,,,
Yaeger,2026-05-20 23:02 UTC,224972,,,,,,,,,,,,,,
YASP,2026-05-20 23:02 UTC,28043,,,,,,,,,,,,,,
Ye,2026-05-20 23:02 UTC,9230638,,,,,,,,,,,,,,
Yonusa,2026-05-20 23:02 UTC,7430,,,,,,,,,,,,,,
YUNA,2026-05-20 23:02 UTC,977802,,,,,,,,,,,,,,
Yuyu19,2026-05-20 23:02 UTC,1051864,,,,,,,,,,,,,,
Zycan,2026-05-20 23:02 UTC,798231,,,,,,,,,,,,,,
drug bug,2026-05-20 23:02 UTC,54610,,,,,,,,,,,,,,
ILYAH,2026-05-20 23:02 UTC,627063,,,,,,,,,,,,,,
Los Brasileros,2026-05-20 23:02 UTC,1712344,,,,,,,,,,,,,,
am7iri,2026-05-20 23:02 UTC,1606251,,,,,,,,,,,,,,
Los Buyer,2026-05-20 23:02 UTC,1170975,,,,,,,,,,,,,,
Pikeras,2026-05-20 23:02 UTC,1575822,,,,,,,,,,,,,,
Heitor Santos,2026-05-20 23:02 UTC,2273265,,,,,,,,,,,,,,
Melly,2026-05-20 23:02 UTC,909798,,,,,,,,,,,,,,
OT The Real,2026-05-20 23:02 UTC,203096,,,,,,,,,,,,,,
Big Papa313,2026-05-20 23:02 UTC,1644989,,,,,,,,,,,,,,
kortani,2026-05-20 23:02 UTC,314537,,,,,,,,,,,,,,
daydreamers,2026-05-20 23:02 UTC,239654,,,,,,,,,,,,,,
Amma,2026-05-20 23:02 UTC,1486125,,,,,,,,,,,,,,
IngaRose,2026-05-20 23:02 UTC,2476186,,,,,,,,,,,,,,
FRIDAY*,2026-05-20 23:02 UTC,9847,,,,,,,,,,,,,,
aoif3,2026-05-20 23:02 UTC,883,,,,,,,,,,,,,,
Uche,2026-05-20 23:02 UTC,25671,,,,,,,,,,,,,,
Maxx Moor,2026-05-20 23:02 UTC,408,,,,,,,,,,,,,,
Swethings,2026-05-20 23:02 UTC,47139,,,,,,,,,,,,,,
22xlstl,2026-05-20 23:02 UTC,485846,,,,,,,,,,,,,,
Greg Gonzales,2026-05-20 23:02 UTC,4384173,,,,,,,,,,,,,,
Lyla George,2026-05-20 23:02 UTC,430372,,,,,,,,,,,,,,
Marlo Rex,2026-05-20 23:02 UTC,1392793,,,,,,,,,,,,,,
Cobrah,2026-05-20 23:02 UTC,2480485,,,,,,,,,,,,,,
Asha Banks,2026-05-20 23:02 UTC,537437,,,,,,,,,,,,,,
Stanclickin,2026-05-20 23:02 UTC,30881,,,,,,,,,,,,,,
Ebony Riley,2026-05-20 23:02 UTC,206573,,,,,,,,,,,,,,
Knut€,2026-05-20 23:02 UTC,27090,,,,,,,,,,,,,,
SALIMATA,2026-05-20 23:02 UTC,508186,,,,,,,,,,,,,,
Tracy,2026-05-20 23:02 UTC,482206,,,,,,,,,,,,,,
GENER8ION,2026-05-20 23:02 UTC,2248743,,,,,,,,,,,,,,
BJOERN,2026-05-20 23:02 UTC,662681,,,,,,,,,,,,,,
Olwin,2026-05-20 23:02 UTC,53926,,,,,,,,,,,,,,
Fred Durst,2026-05-20 23:02 UTC,2377201,,,,,,,,,,,,,,
Twoske,2026-05-20 23:02 UTC,63341,,,,,,,,,,,,,,
Los Gofiones,2026-05-20 23:02 UTC,1542317,,,,,,,,,,,,,,
Chase Belly,2026-05-20 23:02 UTC,327373,,,,,,,,,,,,,,
CDB,2026-05-20 23:02 UTC,3914102,,,,,,,,,,,,,,
Cornfed Ted,2026-05-20 23:02 UTC,16444,,,,,,,,,,,,,,
Claar,2026-05-20 23:02 UTC,18054,,,,,,,,,,,,,,
KARLEE GIRL,2026-05-20 23:02 UTC,1333698,,,,,,,,,,,,,,
Warhol.SS,2026-05-20 23:02 UTC,570902,,,,,,,,,,,,,,
Lola Blue,2026-05-20 23:02 UTC,143449,,,,,,,,,,,,,,
AZIEDOESNTEXIST,2026-05-20 23:02 UTC,966926,,,,,,,,,,,,,,
Eliah Sternhardt,2026-05-20 23:02 UTC,226659,,,,,,,,,,,,,,
$t3PPA,2026-05-26 22:58 UTC,132225,,,,,,,,,,,,,,
1 Umbrella,2026-05-26 22:58 UTC,121289,,,,,,,,,,,,,,
318dman,2026-05-26 22:58 UTC,274109,,,,,,,,,,,,,,
A2ANTI,2026-05-26 22:58 UTC,913939,,,,,,,,,,,,,,
Addison Dean,2026-05-26 22:58 UTC,5659,,,,,,,,,,,,,,
Aksomaniac,2026-05-26 22:58 UTC,2698629,,,,,,,,,,,,,,
Andre Troutman,2026-05-26 22:58 UTC,3379566,,,,,,,,,,,,,,
Angine de Poitrine,2026-05-26 22:58 UTC,1478725,,,,,,,,,,,,,,
Anik Khan,2026-05-26 22:58 UTC,98044,,,,,,,,,,,,,,
AQUAFINNA,2026-05-26 22:58 UTC,18646,,,,,,,,,,,,,,
Biggs money,2026-05-26 22:58 UTC,15809,,,,,,,,,,,,,,
Boi-1da,2026-05-26 22:58 UTC,461656,,,,,,,,,,,,,,
BossMan Pac,2026-05-26 22:58 UTC,71019,,,,,,,,,,,,,,
Brittany Aldean,2026-05-26 22:58 UTC,178166,,,,,,,,,,,,,,
Bryan Countach,2026-05-26 22:58 UTC,134995,,,,,,,,,,,,,,
Canada Soccer,2026-05-26 22:58 UTC,525606,,,,,,,,,,,,,,
Canyon,2026-05-26 22:58 UTC,33120,,,,,,,,,,,,,,
Cap1talA,2026-05-26 22:58 UTC,307174,,,,,,,,,,,,,,
Carter Faith,2026-05-26 22:58 UTC,2952840,,,,,,,,,,,,,,
Che,2026-05-26 22:58 UTC,1220141,,,,,,,,,,,,,,
Chyno Miranda,2026-05-26 22:58 UTC,1413455,,,,,,,,,,,,,,
Corridos del Rey,2026-05-26 22:58 UTC,1932814,,,,,,,,,,,,,,
Dale Move,2026-05-26 22:58 UTC,138522,,,,,,,,,,,,,,
Daniel Žižka,2026-05-26 22:58 UTC,731950,,,,,,,,,,,,,,
Dante,2026-05-26 22:58 UTC,307038,,,,,,,,,,,,,,
Dean Turnley,2026-05-26 22:58 UTC,1568643,,,,,,,,,,,,,,
Delta Ash,2026-05-26 22:58 UTC,644053,,,,,,,,,,,,,,
DETO BLACK,2026-05-26 22:58 UTC,402133,,,,,,,,,,,,,,
Devault,2026-05-26 22:58 UTC,2317465,,,,,,,,,,,,,,
Dexter and The Moonrocks,2026-05-26 22:58 UTC,8182342,,,,,,,,,,,,,,
diamond*,2026-05-26 22:58 UTC,261493,,,,,,,,,,,,,,
Diana Pilquist,2026-05-26 22:58 UTC,2937,,,,,,,,,,,,,,
DJ B7 o Piranhão,2026-05-26 22:58 UTC,3605389,,,,,,,,,,,,,,
DJ Holiday,2026-05-26 22:58 UTC,117079,,,,,,,,,,,,,,
dóttir.x,2026-05-26 22:58 UTC,85028,,,,,,,,,,,,,,
Druski,2026-05-26 22:58 UTC,773634,,,,,,,,,,,,,,
Dubioza Kolektive,2026-05-26 22:58 UTC,522202,,,,,,,,,,,,,,
dunderjeppe,2026-05-26 22:58 UTC,25679,,,,,,,,,,,,,,
Duskydemise archive,2026-05-26 22:58 UTC,439106,,,,,,,,,,,,,,
Duygu Edis,2026-05-26 22:58 UTC,1901388,,,,,,,,,,,,,,
Dwarde,2026-05-26 22:58 UTC,13170,,,,,,,,,,,,,,
EA TJ,2026-05-26 22:58 UTC,25648,,,,,,,,,,,,,,
EL DEMOON,2026-05-26 22:58 UTC,12167,,,,,,,,,,,,,,
Emanazul,2026-05-26 22:58 UTC,452743,,,,,,,,,,,,,,
Emelie Trahan,2026-05-26 22:58 UTC,111350,,,,,,,,,,,,,,
EMJIE,2026-05-26 22:58 UTC,311368,,,,,,,,,,,,,,
ERISTHEPLANET,2026-05-26 22:58 UTC,78077,,,,,,,,,,,,,,
F3miii,2026-05-26 22:58 UTC,9487146,,,,,,,,,,,,,,
Fcukers,2026-05-26 22:58 UTC,2110706,,,,,,,,,,,,,,
FIFA Sound,2026-05-26 22:58 UTC,4293240,,,,,,,,,,,,,,
FLO,2026-05-26 22:58 UTC,3782146,,,,,,,,,,,,,,
Frost Children,2026-05-26 22:58 UTC,540206,,,,,,,,,,,,,,
frozz,2026-05-26 22:58 UTC,397227,,,,,,,,,,,,,,
G3B,2026-05-26 22:58 UTC,100813,,,,,,,,,,,,,,
Ghetto Beisha,2026-05-26 22:58 UTC,29176,,,,,,,,,,,,,,
Ghostfacekush,2026-05-26 22:58 UTC,73804,,,,,,,,,,,,,,
Girl Scout,2026-05-26 22:58 UTC,74953,,,,,,,,,,,,,,
girl_irl,2026-05-26 22:58 UTC,61397,,,,,,,,,,,,,,
girlsweetvoiced,2026-05-26 22:58 UTC,441451,,,,,,,,,,,,,,
Glizzy Glow,2026-05-26 22:58 UTC,6528,,,,,,,,,,,,,,
gnawvs,2026-05-26 22:58 UTC,1567,,,,,,,,,,,,,,
Godtripper,2026-05-26 22:58 UTC,234537,,,,,,,,,,,,,,
Grupo Primer Grado,2026-05-26 22:58 UTC,2184169,,,,,,,,,,,,,,
H. Hawkline,2026-05-26 22:58 UTC,161274,,,,,,,,,,,,,,
Harrd Luck,2026-05-26 22:58 UTC,48612,,,,,,,,,,,,,,
HittMan,2026-05-26 22:58 UTC,11089,,,,,,,,,,,,,,
Iguana Death Cult,2026-05-26 22:58 UTC,48874,,,,,,,,,,,,,,
Indeevar,2026-05-26 22:58 UTC,4486280,,,,,,,,,,,,,,
Indigo De Souza,2026-05-26 22:58 UTC,1554558,,,,,,,,,,,,,,
Infinity Song,2026-05-26 22:58 UTC,760385,,,,,,,,,,,,,,
isa in eutopia,2026-05-26 22:58 UTC,32426,,,,,,,,,,,,,,
JADA,2026-05-26 22:58 UTC,51531,,,,,,,,,,,,,,
Jadasea,2026-05-26 22:58 UTC,55527,,,,,,,,,,,,,,
jalda,2026-05-26 22:58 UTC,112199,,,,,,,,,,,,,,
Jimmy Butler,2026-05-26 22:58 UTC,52446,,,,,,,,,,,,,,
JJerome87,2026-05-26 22:58 UTC,222300,,,,,,,,,,,,,,
Joy Rhodes,2026-05-26 22:58 UTC,957791,,,,,,,,,,,,,,
Juju,2026-05-26 22:58 UTC,2849780,,,,,,,,,,,,,,
Julia Church,2026-05-26 22:58 UTC,3576289,,,,,,,,,,,,,,
Julie Williams,2026-05-26 22:58 UTC,54727,,,,,,,,,,,,,,
JussGigi,2026-05-26 22:58 UTC,0,,,,,,,,,,,,,,
Kala,2026-05-26 22:58 UTC,0,,,,,,,,,,,,,,
Karly Bowman,2026-05-26 22:58 UTC,88527,,,,,,,,,,,,,,
Khaled,2026-05-26 22:58 UTC,1862345,,,,,,,,,,,,,,
Khan Saab,2026-05-26 22:58 UTC,9802073,,,,,,,,,,,,,,
King Kylie,2026-05-26 22:58 UTC,550679,,,,,,,,,,,,,,
KINGH,2026-05-26 22:58 UTC,108489,,,,,,,,,,,,,,
Koilwood,2026-05-26 22:58 UTC,24618,,,,,,,,,,,,,,
KUČKA,2026-05-26 22:58 UTC,813079,,,,,,,,,,,,,,
Kurdi Klymax,2026-05-26 22:58 UTC,38780,,,,,,,,,,,,,,
kuru,2026-05-26 22:58 UTC,293665,,,,,,,,,,,,,,
Lamb,2026-05-26 22:58 UTC,218096,,,,,,,,,,,,,,
ledysek,2026-05-26 22:58 UTC,16690,,,,,,,,,,,,,,
Lerado Khalil,2026-05-26 22:58 UTC,45540,,,,,,,,,,,,,,
Les Imprimés,2026-05-26 22:58 UTC,101528,,,,,,,,,,,,,,
Lightris,2026-05-26 22:58 UTC,693642,,,,,,,,,,,,,,
Lil B,2026-05-26 22:58 UTC,1552649,,,,,,,,,,,,,,
Lil Righteous,2026-05-26 22:58 UTC,0,,,,,,,,,,,,,,
Loui Henderson,2026-05-26 22:58 UTC,123581,,,,,,,,,,,,,,
Luke Armstrong,2026-05-26 22:58 UTC,26742,,,,,,,,,,,,,,
M4IA,2026-05-26 22:58 UTC,81135,,,,,,,,,,,,,,
MAGIC SOUND WOLF,2026-05-26 22:58 UTC,613250,,,,,,,,,,,,,,
Malcolm Todd,2026-05-26 22:58 UTC,28335862,,,,,,,,,,,,,,
Maphra,2026-05-26 22:58 UTC,1432850,,,,,,,,,,,,,,
marquitos,2026-05-26 22:58 UTC,270100,,,,,,,,,,,,,,
Maviler,2026-05-26 22:58 UTC,443278,,,,,,,,,,,,,,
Merry Lamb Lamb,2026-05-26 22:58 UTC,6084,,,,,,,,,,,,,,
Mijabella Marie,2026-05-26 22:58 UTC,10225,,,,,,,,,,,,,,
MIKE,2026-05-26 22:58 UTC,611014,,,,,,,,,,,,,,
Momo Boyd,2026-05-26 22:58 UTC,2062282,,,,,,,,,,,,,,
Mr Dutt,2026-05-26 22:58 UTC,1613552,,,,,,,,,,,,,,
Mumu Fresh,2026-05-26 22:58 UTC,65494,,,,,,,,,,,,,,
My New Band Believe,2026-05-26 22:58 UTC,123025,,,,,,,,,,,,,,
Naarly,2026-05-26 22:58 UTC,5677667,,,,,,,,,,,,,,
Naod,2026-05-26 22:58 UTC,307012,,,,,,,,,,,,,,
Nickatnite,2026-05-26 22:58 UTC,3881,,,,,,,,,,,,,,
Nine Vicious,2026-05-26 22:58 UTC,1170291,,,,,,,,,,,,,,
nocashfromparents,2026-05-26 22:58 UTC,960467,,,,,,,,,,,,,,
North West,2026-05-26 22:58 UTC,1071983,,,,,,,,,,,,,,
NPD,2026-05-26 22:58 UTC,1322525,,,,,,,,,,,,,,
OK Alva,2026-05-26 22:58 UTC,36809,,,,,,,,,,,,,,
OKI,2026-05-26 22:58 UTC,2250444,,,,,,,,,,,,,,
Olga Myko,2026-05-26 22:58 UTC,2103777,,,,,,,,,,,,,,
Olof Dreijer,2026-05-26 22:58 UTC,106113,,,,,,,,,,,,,,
osa,2026-05-26 22:58 UTC,165754,,,,,,,,,,,,,,
Oxis,2026-05-26 22:58 UTC,462107,,,,,,,,,,,,,,
Pocket,2026-05-26 22:58 UTC,91008,,,,,,,,,,,,,,
Pretty Pinkk,2026-05-26 22:58 UTC,29175,,,,,,,,,,,,,,
Pz',2026-05-26 22:58 UTC,335653,,,,,,,,,,,,,,
Rian Brazil,2026-05-26 22:58 UTC,66375,,,,,,,,,,,,,,
rjtheweirdo,2026-05-26 22:58 UTC,273935,,,,,,,,,,,,,,
Rocket Reese,2026-05-26 22:58 UTC,111831,,,,,,,,,,,,,,
S1RENA,2026-05-26 22:58 UTC,145122,,,,,,,,,,,,,,
Sa!koro,2026-05-26 22:58 UTC,76091,,,,,,,,,,,,,,
Sara Landry,2026-05-26 22:58 UTC,1155871,,,,,,,,,,,,,,
Sébastien Tellier,2026-05-26 22:58 UTC,1007409,,,,,,,,,,,,,,
ShawtyRokk,2026-05-26 22:58 UTC,20664,,,,,,,,,,,,,,
shonci,2026-05-26 22:58 UTC,5292890,,,,,,,,,,,,,,
Slayr,2026-05-26 22:58 UTC,1021667,,,,,,,,,,,,,,
Slayyyter,2026-05-26 22:58 UTC,4437775,,,,,,,,,,,,,,
Slim Jxmmy,2026-05-26 22:58 UTC,36021,,,,,,,,,,,,,,
Sofiane Pamart,2026-05-26 22:58 UTC,3482237,,,,,,,,,,,,,,
Sons of Yusuf,2026-05-26 22:58 UTC,1295472,,,,,,,,,,,,,,
Southsidesilhouette,2026-05-26 22:58 UTC,158088,,,,,,,,,,,,,,
Specialist Moss,2026-05-26 22:58 UTC,478387,,,,,,,,,,,,,,
SPELLLING,2026-05-26 22:58 UTC,70750,,,,,,,,,,,,,,
Sreemani,2026-05-26 22:58 UTC,2674720,,,,,,,,,,,,,,
STELLA LEFTY,2026-05-26 22:58 UTC,12469025,,,,,,,,,,,,,,
Street Fever,2026-05-26 22:58 UTC,66072,,,,,,,,,,,,,,
Sunday Service Choir,2026-05-26 22:58 UTC,384312,,,,,,,,,,,,,,
SURF GANG,2026-05-26 22:58 UTC,360488,,,,,,,,,,,,,,
Swizz Beatz,2026-05-26 22:58 UTC,624319,,,,,,,,,,,,,,
T.O.P,2026-05-26 22:58 UTC,1007322,,,,,,,,,,,,,,
Tabi Gervis,2026-05-26 22:58 UTC,14562,,,,,,,,,,,,,,
Temper City,2026-05-26 22:58 UTC,18231782,,,,,,,,,,,,,,
Tezzus,2026-05-26 22:58 UTC,298374,,,,,,,,,,,,,,
The Long Faces,2026-05-26 22:58 UTC,5416308,,,,,,,,,,,,,,
The Twins,2026-05-26 22:58 UTC,66038,,,,,,,,,,,,,,
THELMA,2026-05-26 22:58 UTC,40704,,,,,,,,,,,,,,
Tiffany Day,2026-05-26 22:58 UTC,1226017,,,,,,,,,,,,,,
Tom Did It,2026-05-26 22:58 UTC,1050202,,,,,,,,,,,,,,
Tom Right,2026-05-26 22:58 UTC,1432948,,,,,,,,,,,,,,
TOMORA,2026-05-26 22:58 UTC,651949,,,,,,,,,,,,,,
Trim,2026-05-26 22:58 UTC,2843326,,,,,,,,,,,,,,
Tsatsamis,2026-05-26 22:58 UTC,153259,,,,,,,,,,,,,,
twentythree,2026-05-26 22:58 UTC,1168244,,,,,,,,,,,,,,
TXKUMOON,2026-05-26 22:58 UTC,944166,,,,,,,,,,,,,,
Vaibhav Gupta,2026-05-26 22:58 UTC,1472488,,,,,,,,,,,,,,
waera,2026-05-26 22:58 UTC,121788,,,,,,,,,,,,,,
Warren Roob,2026-05-26 22:58 UTC,194612,,,,,,,,,,,,,,
Welwitschia,2026-05-26 22:58 UTC,212403,,,,,,,,,,,,,,
Will Sass,2026-05-26 22:58 UTC,587087,,,,,,,,,,,,,,
Wtm Solid,2026-05-26 22:58 UTC,3630,,,,,,,,,,,,,,
Yaeger,2026-05-26 22:58 UTC,201636,,,,,,,,,,,,,,
YASP,2026-05-26 22:58 UTC,28047,,,,,,,,,,,,,,
Ye,2026-05-26 22:58 UTC,8358775,,,,,,,,,,,,,,
Yonusa,2026-05-26 22:58 UTC,4703,,,,,,,,,,,,,,
YUNA,2026-05-26 22:58 UTC,900008,,,,,,,,,,,,,,
Yuyu19,2026-05-26 22:58 UTC,1005509,,,,,,,,,,,,,,
Zycan,2026-05-26 22:58 UTC,725299,,,,,,,,,,,,,,
drug bug,2026-05-26 22:58 UTC,52722,,,,,,,,,,,,,,
ILYAH,2026-05-26 22:58 UTC,626674,,,,,,,,,,,,,,
Los Brasileros,2026-05-26 22:58 UTC,1590432,,,,,,,,,,,,,,
am7iri,2026-05-26 22:58 UTC,1681078,,,,,,,,,,,,,,
Los Buyer,2026-05-26 22:58 UTC,1118583,,,,,,,,,,,,,,
Pikeras,2026-05-26 22:58 UTC,1574687,,,,,,,,,,,,,,
Heitor Santos,2026-05-26 22:58 UTC,2213671,,,,,,,,,,,,,,
Melly,2026-05-26 22:58 UTC,847997,,,,,,,,,,,,,,
OT The Real,2026-05-26 22:58 UTC,144005,,,,,,,,,,,,,,
Big Papa313,2026-05-26 22:58 UTC,1413914,,,,,,,,,,,,,,
kortani,2026-05-26 22:58 UTC,251573,,,,,,,,,,,,,,
daydreamers,2026-05-26 22:58 UTC,217208,,,,,,,,,,,,,,
Amma,2026-05-26 22:58 UTC,1467708,,,,,,,,,,,,,,
IngaRose,2026-05-26 22:58 UTC,2689958,,,,,,,,,,,,,,
FRIDAY*,2026-05-26 22:58 UTC,9420,,,,,,,,,,,,,,
aoif3,2026-05-26 22:58 UTC,822,,,,,,,,,,,,,,
Uche,2026-05-26 22:58 UTC,22932,,,,,,,,,,,,,,
Maxx Moor,2026-05-26 22:58 UTC,396,,,,,,,,,,,,,,
Swethings,2026-05-26 22:58 UTC,45344,,,,,,,,,,,,,,
22xlstl,2026-05-26 22:58 UTC,498798,,,,,,,,,,,,,,
Greg Gonzales,2026-05-26 22:58 UTC,3977938,,,,,,,,,,,,,,
Lyla George,2026-05-26 22:58 UTC,371040,,,,,,,,,,,,,,
Marlo Rex,2026-05-26 22:58 UTC,1149468,,,,,,,,,,,,,,
Cobrah,2026-05-26 22:58 UTC,2067800,,,,,,,,,,,,,,
Asha Banks,2026-05-26 22:58 UTC,698799,,,,,,,,,,,,,,
Stanclickin,2026-05-26 22:58 UTC,29944,,,,,,,,,,,,,,
Ebony Riley,2026-05-26 22:58 UTC,185821,,,,,,,,,,,,,,
Knut€,2026-05-26 22:58 UTC,18877,,,,,,,,,,,,,,
SALIMATA,2026-05-26 22:58 UTC,443800,,,,,,,,,,,,,,
Tracy,2026-05-26 22:58 UTC,464640,,,,,,,,,,,,,,
GENER8ION,2026-05-26 22:58 UTC,2473865,,,,,,,,,,,,,,
BJOERN,2026-05-26 22:58 UTC,620886,,,,,,,,,,,,,,
Olwin,2026-05-26 22:58 UTC,42766,,,,,,,,,,,,,,
Fred Durst,2026-05-26 22:58 UTC,2039728,,,,,,,,,,,,,,
Twoske,2026-05-26 22:58 UTC,35944,,,,,,,,,,,,,,
Los Gofiones,2026-05-26 22:58 UTC,1451163,,,,,,,,,,,,,,
Chase Belly,2026-05-26 22:58 UTC,170373,,,,,,,,,,,,,,
CDB,2026-05-26 22:58 UTC,3990664,,,,,,,,,,,,,,
Cornfed Ted,2026-05-26 22:58 UTC,14058,,,,,,,,,,,,,,
Claar,2026-05-26 22:58 UTC,15649,,,,,,,,,,,,,,
KARLEE GIRL,2026-05-26 22:58 UTC,1574256,,,,,,,,,,,,,,
Warhol.SS,2026-05-26 22:58 UTC,564660,,,,,,,,,,,,,,
Lola Blue,2026-05-26 22:58 UTC,160216,,,,,,,,,,,,,,
AZIEDOESNTEXIST,2026-05-26 22:58 UTC,1112623,,,,,,,,,,,,,,
Eliah Sternhardt,2026-05-26 22:58 UTC,203173,,,,,,,,,,,,,,
$t3PPA,2026-05-27 23:07 UTC,130923,,,,,,,,,,,,,,
1 Umbrella,2026-05-27 23:07 UTC,118675,,,,,,,,,,,,,,
318dman,2026-05-27 23:07 UTC,281519,,,,,,,,,,,,,,
A2ANTI,2026-05-27 23:07 UTC,910079,,,,,,,,,,,,,,
Addison Dean,2026-05-27 23:07 UTC,6204,,,,,,,,,,,,,,
Aksomaniac,2026-05-27 23:07 UTC,2732357,,,,,,,,,,,,,,
Andre Troutman,2026-05-27 23:07 UTC,3341202,,,,,,,,,,,,,,
Angine de Poitrine,2026-05-27 23:07 UTC,1462826,,,,,,,,,,,,,,
Anik Khan,2026-05-27 23:07 UTC,95128,,,,,,,,,,,,,,
AQUAFINNA,2026-05-27 23:07 UTC,18154,,,,,,,,,,,,,,
Biggs money,2026-05-27 23:07 UTC,15391,,,,,,,,,,,,,,
Boi-1da,2026-05-27 23:07 UTC,459462,,,,,,,,,,,,,,
BossMan Pac,2026-05-27 23:07 UTC,70098,,,,,,,,,,,,,,
Brittany Aldean,2026-05-27 23:07 UTC,168124,,,,,,,,,,,,,,
Bryan Countach,2026-05-27 23:07 UTC,132538,,,,,,,,,,,,,,
Canada Soccer,2026-05-27 23:07 UTC,514602,,,,,,,,,,,,,,
Canyon,2026-05-27 23:07 UTC,33012,,,,,,,,,,,,,,
Cap1talA,2026-05-27 23:07 UTC,307872,,,,,,,,,,,,,,
Carter Faith,2026-05-27 23:07 UTC,2931509,,,,,,,,,,,,,,
Che,2026-05-27 23:07 UTC,1217004,,,,,,,,,,,,,,
Chyno Miranda,2026-05-27 23:07 UTC,1375696,,,,,,,,,,,,,,
Corridos del Rey,2026-05-27 23:07 UTC,1971415,,,,,,,,,,,,,,
Dale Move,2026-05-27 23:07 UTC,137749,,,,,,,,,,,,,,
Daniel Žižka,2026-05-27 23:07 UTC,740153,,,,,,,,,,,,,,
Dante,2026-05-27 23:07 UTC,303865,,,,,,,,,,,,,,
Dean Turnley,2026-05-27 23:07 UTC,1574089,,,,,,,,,,,,,,
Delta Ash,2026-05-27 23:07 UTC,649911,,,,,,,,,,,,,,
DETO BLACK,2026-05-27 23:07 UTC,389938,,,,,,,,,,,,,,
Devault,2026-05-27 23:07 UTC,2288187,,,,,,,,,,,,,,
Dexter and The Moonrocks,2026-05-27 23:07 UTC,8167943,,,,,,,,,,,,,,
diamond*,2026-05-27 23:07 UTC,262076,,,,,,,,,,,,,,
Diana Pilquist,2026-05-27 23:07 UTC,2839,,,,,,,,,,,,,,
DJ B7 o Piranhão,2026-05-27 23:07 UTC,3628427,,,,,,,,,,,,,,
DJ Holiday,2026-05-27 23:07 UTC,115291,,,,,,,,,,,,,,
dóttir.x,2026-05-27 23:07 UTC,86674,,,,,,,,,,,,,,
Druski,2026-05-27 23:07 UTC,751750,,,,,,,,,,,,,,
Dubioza Kolektive,2026-05-27 23:07 UTC,523125,,,,,,,,,,,,,,
dunderjeppe,2026-05-27 23:07 UTC,26037,,,,,,,,,,,,,,
Duskydemise archive,2026-05-27 23:07 UTC,438348,,,,,,,,,,,,,,
Duygu Edis,2026-05-27 23:07 UTC,1892160,,,,,,,,,,,,,,
Dwarde,2026-05-27 23:07 UTC,13181,,,,,,,,,,,,,,
EA TJ,2026-05-27 23:07 UTC,25252,,,,,,,,,,,,,,
EL DEMOON,2026-05-27 23:07 UTC,5684,,,,,,,,,,,,,,
Emanazul,2026-05-27 23:07 UTC,445254,,,,,,,,,,,,,,
Emelie Trahan,2026-05-27 23:07 UTC,114913,,,,,,,,,,,,,,
EMJIE,2026-05-27 23:07 UTC,316394,,,,,,,,,,,,,,
ERISTHEPLANET,2026-05-27 23:07 UTC,78185,,,,,,,,,,,,,,
F3miii,2026-05-27 23:07 UTC,9670601,,,,,,,,,,,,,,
Fcukers,2026-05-27 23:07 UTC,2103705,,,,,,,,,,,,,,
FIFA Sound,2026-05-27 23:07 UTC,4497558,,,,,,,,,,,,,,
FLO,2026-05-27 23:07 UTC,3777921,,,,,,,,,,,,,,
Frost Children,2026-05-27 23:07 UTC,537637,,,,,,,,,,,,,,
frozz,2026-05-27 23:07 UTC,400654,,,,,,,,,,,,,,
G3B,2026-05-27 23:07 UTC,98570,,,,,,,,,,,,,,
Ghetto Beisha,2026-05-27 23:07 UTC,27958,,,,,,,,,,,,,,
Ghostfacekush,2026-05-27 23:07 UTC,73052,,,,,,,,,,,,,,
Girl Scout,2026-05-27 23:07 UTC,74716,,,,,,,,,,,,,,
girl_irl,2026-05-27 23:07 UTC,60558,,,,,,,,,,,,,,
girlsweetvoiced,2026-05-27 23:07 UTC,432429,,,,,,,,,,,,,,
Glizzy Glow,2026-05-27 23:07 UTC,6357,,,,,,,,,,,,,,
gnawvs,2026-05-27 23:07 UTC,1503,,,,,,,,,,,,,,
Godtripper,2026-05-27 23:07 UTC,231115,,,,,,,,,,,,,,
Grupo Primer Grado,2026-05-27 23:07 UTC,2183227,,,,,,,,,,,,,,
H. Hawkline,2026-05-27 23:07 UTC,162033,,,,,,,,,,,,,,
Harrd Luck,2026-05-27 23:07 UTC,47463,,,,,,,,,,,,,,
HittMan,2026-05-27 23:07 UTC,10881,,,,,,,,,,,,,,
Iguana Death Cult,2026-05-27 23:07 UTC,48045,,,,,,,,,,,,,,
Indeevar,2026-05-27 23:07 UTC,4433675,,,,,,,,,,,,,,
Indigo De Souza,2026-05-27 23:07 UTC,1534712,,,,,,,,,,,,,,
Infinity Song,2026-05-27 23:07 UTC,749927,,,,,,,,,,,,,,
isa in eutopia,2026-05-27 23:07 UTC,31758,,,,,,,,,,,,,,
JADA,2026-05-27 23:07 UTC,51924,,,,,,,,,,,,,,
Jadasea,2026-05-27 23:07 UTC,54465,,,,,,,,,,,,,,
jalda,2026-05-27 23:07 UTC,114679,,,,,,,,,,,,,,
Jimmy Butler,2026-05-27 23:07 UTC,51007,,,,,,,,,,,,,,
JJerome87,2026-05-27 23:07 UTC,211604,,,,,,,,,,,,,,
Joy Rhodes,2026-05-27 23:07 UTC,957550,,,,,,,,,,,,,,
Juju,2026-05-27 23:07 UTC,2837132,,,,,,,,,,,,,,
Julia Church,2026-05-27 23:07 UTC,3542368,,,,,,,,,,,,,,
Julie Williams,2026-05-27 23:07 UTC,53048,,,,,,,,,,,,,,
JussGigi,2026-05-27 23:07 UTC,0,,,,,,,,,,,,,,
Kala,2026-05-27 23:07 UTC,0,,,,,,,,,,,,,,
Karly Bowman,2026-05-27 23:07 UTC,86044,,,,,,,,,,,,,,
Khaled,2026-05-27 23:07 UTC,1864664,,,,,,,,,,,,,,
Khan Saab,2026-05-27 23:07 UTC,9761645,,,,,,,,,,,,,,
King Kylie,2026-05-27 23:07 UTC,541745,,,,,,,,,,,,,,
KINGH,2026-05-27 23:07 UTC,108170,,,,,,,,,,,,,,
Koilwood,2026-05-27 23:07 UTC,25070,,,,,,,,,,,,,,
KUČKA,2026-05-27 23:07 UTC,805447,,,,,,,,,,,,,,
Kurdi Klymax,2026-05-27 23:07 UTC,39544,,,,,,,,,,,,,,
kuru,2026-05-27 23:07 UTC,294036,,,,,,,,,,,,,,
Lamb,2026-05-27 23:07 UTC,221027,,,,,,,,,,,,,,
ledysek,2026-05-27 23:07 UTC,16703,,,,,,,,,,,,,,
Lerado Khalil,2026-05-27 23:07 UTC,44444,,,,,,,,,,,,,,
Les Imprimés,2026-05-27 23:07 UTC,101369,,,,,,,,,,,,,,
Lightris,2026-05-27 23:07 UTC,704687,,,,,,,,,,,,,,
Lil B,2026-05-27 23:07 UTC,1534104,,,,,,,,,,,,,,
Lil Righteous,2026-05-27 23:07 UTC,0,,,,,,,,,,,,,,
Loui Henderson,2026-05-27 23:07 UTC,120382,,,,,,,,,,,,,,
Luke Armstrong,2026-05-27 23:07 UTC,27423,,,,,,,,,,,,,,
M4IA,2026-05-27 23:07 UTC,85007,,,,,,,,,,,,,,
MAGIC SOUND WOLF,2026-05-27 23:07 UTC,611965,,,,,,,,,,,,,,
Malcolm Todd,2026-05-27 23:07 UTC,28552858,,,,,,,,,,,,,,
Maphra,2026-05-27 23:07 UTC,1430884,,,,,,,,,,,,,,
marquitos,2026-05-27 23:07 UTC,265341,,,,,,,,,,,,,,
Maviler,2026-05-27 23:07 UTC,445346,,,,,,,,,,,,,,
Merry Lamb Lamb,2026-05-27 23:07 UTC,5897,,,,,,,,,,,,,,
Mijabella Marie,2026-05-27 23:07 UTC,10143,,,,,,,,,,,,,,
MIKE,2026-05-27 23:07 UTC,608173,,,,,,,,,,,,,,
Momo Boyd,2026-05-27 23:07 UTC,2042361,,,,,,,,,,,,,,
Mr Dutt,2026-05-27 23:07 UTC,1611764,,,,,,,,,,,,,,
Mumu Fresh,2026-05-27 23:07 UTC,65861,,,,,,,,,,,,,,
My New Band Believe,2026-05-27 23:07 UTC,120017,,,,,,,,,,,,,,
Naarly,2026-05-27 23:07 UTC,5712575,,,,,,,,,,,,,,
Naod,2026-05-27 23:07 UTC,308116,,,,,,,,,,,,,,
Nickatnite,2026-05-27 23:07 UTC,3701,,,,,,,,,,,,,,
Nine Vicious,2026-05-27 23:07 UTC,1177083,,,,,,,,,,,,,,
nocashfromparents,2026-05-27 23:07 UTC,953388,,,,,,,,,,,,,,
North West,2026-05-27 23:07 UTC,1069966,,,,,,,,,,,,,,
NPD,2026-05-27 23:07 UTC,1318280,,,,,,,,,,,,,,
OK Alva,2026-05-27 23:07 UTC,35849,,,,,,,,,,,,,,
OKI,2026-05-27 23:07 UTC,2246968,,,,,,,,,,,,,,
Olga Myko,2026-05-27 23:07 UTC,2094726,,,,,,,,,,,,,,
Olof Dreijer,2026-05-27 23:07 UTC,106374,,,,,,,,,,,,,,
osa,2026-05-27 23:07 UTC,167013,,,,,,,,,,,,,,
Oxis,2026-05-27 23:07 UTC,469917,,,,,,,,,,,,,,
Pocket,2026-05-27 23:07 UTC,88582,,,,,,,,,,,,,,
Pretty Pinkk,2026-05-27 23:07 UTC,27949,,,,,,,,,,,,,,
Pz',2026-05-27 23:07 UTC,337282,,,,,,,,,,,,,,
Rian Brazil,2026-05-27 23:07 UTC,69118,,,,,,,,,,,,,,
rjtheweirdo,2026-05-27 23:07 UTC,266682,,,,,,,,,,,,,,
Rocket Reese,2026-05-27 23:07 UTC,111469,,,,,,,,,,,,,,
S1RENA,2026-05-27 23:07 UTC,144925,,,,,,,,,,,,,,
Sa!koro,2026-05-27 23:07 UTC,75794,,,,,,,,,,,,,,
Sara Landry,2026-05-27 23:07 UTC,1153492,,,,,,,,,,,,,,
Sébastien Tellier,2026-05-27 23:07 UTC,990509,,,,,,,,,,,,,,
ShawtyRokk,2026-05-27 23:07 UTC,20889,,,,,,,,,,,,,,
shonci,2026-05-27 23:07 UTC,5312998,,,,,,,,,,,,,,
Slayr,2026-05-27 23:07 UTC,1026871,,,,,,,,,,,,,,
Slayyyter,2026-05-27 23:07 UTC,4488535,,,,,,,,,,,,,,
Slim Jxmmy,2026-05-27 23:07 UTC,35985,,,,,,,,,,,,,,
Sofiane Pamart,2026-05-27 23:07 UTC,3431070,,,,,,,,,,,,,,
Sons of Yusuf,2026-05-27 23:07 UTC,1295906,,,,,,,,,,,,,,
Southsidesilhouette,2026-05-27 23:07 UTC,157691,,,,,,,,,,,,,,
Specialist Moss,2026-05-27 23:07 UTC,471354,,,,,,,,,,,,,,
SPELLLING,2026-05-27 23:07 UTC,69558,,,,,,,,,,,,,,
Sreemani,2026-05-27 23:07 UTC,2667875,,,,,,,,,,,,,,
STELLA LEFTY,2026-05-27 23:07 UTC,12612162,,,,,,,,,,,,,,
Street Fever,2026-05-27 23:07 UTC,64463,,,,,,,,,,,,,,
Sunday Service Choir,2026-05-27 23:07 UTC,384015,,,,,,,,,,,,,,
SURF GANG,2026-05-27 23:07 UTC,356692,,,,,,,,,,,,,,
Swizz Beatz,2026-05-27 23:07 UTC,620695,,,,,,,,,,,,,,
T.O.P,2026-05-27 23:07 UTC,982460,,,,,,,,,,,,,,
Tabi Gervis,2026-05-27 23:07 UTC,15250,,,,,,,,,,,,,,
Temper City,2026-05-27 23:07 UTC,18570935,,,,,,,,,,,,,,
Tezzus,2026-05-27 23:07 UTC,295221,,,,,,,,,,,,,,
The Long Faces,2026-05-27 23:07 UTC,5446520,,,,,,,,,,,,,,
The Twins,2026-05-27 23:07 UTC,67457,,,,,,,,,,,,,,
THELMA,2026-05-27 23:07 UTC,39843,,,,,,,,,,,,,,
Tiffany Day,2026-05-27 23:07 UTC,1226559,,,,,,,,,,,,,,
Tom Did It,2026-05-27 23:07 UTC,1043532,,,,,,,,,,,,,,
Tom Right,2026-05-27 23:07 UTC,1444492,,,,,,,,,,,,,,
TOMORA,2026-05-27 23:07 UTC,646149,,,,,,,,,,,,,,
Trim,2026-05-27 23:07 UTC,2869981,,,,,,,,,,,,,,
Tsatsamis,2026-05-27 23:07 UTC,149148,,,,,,,,,,,,,,
twentythree,2026-05-27 23:07 UTC,1168332,,,,,,,,,,,,,,
TXKUMOON,2026-05-27 23:07 UTC,927783,,,,,,,,,,,,,,
Vaibhav Gupta,2026-05-27 23:07 UTC,1463257,,,,,,,,,,,,,,
waera,2026-05-27 23:07 UTC,121979,,,,,,,,,,,,,,
Warren Roob,2026-05-27 23:07 UTC,193861,,,,,,,,,,,,,,
Welwitschia,2026-05-27 23:07 UTC,212008,,,,,,,,,,,,,,
Will Sass,2026-05-27 23:07 UTC,586817,,,,,,,,,,,,,,
Wtm Solid,2026-05-27 23:07 UTC,3591,,,,,,,,,,,,,,
Yaeger,2026-05-27 23:07 UTC,198761,,,,,,,,,,,,,,
YASP,2026-05-27 23:07 UTC,28443,,,,,,,,,,,,,,
Ye,2026-05-27 23:07 UTC,8269485,,,,,,,,,,,,,,
Yonusa,2026-05-27 23:07 UTC,4366,,,,,,,,,,,,,,
YUNA,2026-05-27 23:07 UTC,885443,,,,,,,,,,,,,,
Yuyu19,2026-05-27 23:07 UTC,997806,,,,,,,,,,,,,,
Zycan,2026-05-27 23:07 UTC,715253,,,,,,,,,,,,,,
drug bug,2026-05-27 23:07 UTC,52314,,,,,,,,,,,,,,
ILYAH,2026-05-27 23:07 UTC,630474,,,,,,,,,,,,,,
Los Brasileros,2026-05-27 23:07 UTC,1575250,,,,,,,,,,,,,,
am7iri,2026-05-27 23:07 UTC,1696051,,,,,,,,,,,,,,
Los Buyer,2026-05-27 23:07 UTC,1109820,,,,,,,,,,,,,,
Pikeras,2026-05-27 23:07 UTC,1574434,,,,,,,,,,,,,,
Heitor Santos,2026-05-27 23:07 UTC,2207334,,,,,,,,,,,,,,
Melly,2026-05-27 23:07 UTC,840395,,,,,,,,,,,,,,
OT The Real,2026-05-27 23:07 UTC,138303,,,,,,,,,,,,,,
Big Papa313,2026-05-27 23:07 UTC,1385706,,,,,,,,,,,,,,
kortani,2026-05-27 23:07 UTC,248560,,,,,,,,,,,,,,
daydreamers,2026-05-27 23:07 UTC,214397,,,,,,,,,,,,,,
Amma,2026-05-27 23:07 UTC,1460639,,,,,,,,,,,,,,
IngaRose,2026-05-27 23:07 UTC,2725602,,,,,,,,,,,,,,
FRIDAY*,2026-05-27 23:07 UTC,8989,,,,,,,,,,,,,,
aoif3,2026-05-27 23:07 UTC,800,,,,,,,,,,,,,,
Uche,2026-05-27 23:07 UTC,22882,,,,,,,,,,,,,,
Maxx Moor,2026-05-27 23:07 UTC,390,,,,,,,,,,,,,,
Swethings,2026-05-27 23:07 UTC,44846,,,,,,,,,,,,,,
22xlstl,2026-05-27 23:07 UTC,498790,,,,,,,,,,,,,,
Greg Gonzales,2026-05-27 23:07 UTC,3901791,,,,,,,,,,,,,,
Lyla George,2026-05-27 23:07 UTC,349058,,,,,,,,,,,,,,
Marlo Rex,2026-05-27 23:07 UTC,1107124,,,,,,,,,,,,,,
Cobrah,2026-05-27 23:07 UTC,2011218,,,,,,,,,,,,,,
Asha Banks,2026-05-27 23:07 UTC,732674,,,,,,,,,,,,,,
Stanclickin,2026-05-27 23:07 UTC,29992,,,,,,,,,,,,,,
Ebony Riley,2026-05-27 23:07 UTC,176949,,,,,,,,,,,,,,
Knut€,2026-05-27 23:07 UTC,18239,,,,,,,,,,,,,,
SALIMATA,2026-05-27 23:07 UTC,434225,,,,,,,,,,,,,,
Tracy,2026-05-27 23:07 UTC,461345,,,,,,,,,,,,,,
GENER8ION,2026-05-27 23:07 UTC,2489375,,,,,,,,,,,,,,
BJOERN,2026-05-27 23:07 UTC,611029,,,,,,,,,,,,,,
Olwin,2026-05-27 23:07 UTC,41364,,,,,,,,,,,,,,
Fred Durst,2026-05-27 23:07 UTC,1995294,,,,,,,,,,,,,,
Twoske,2026-05-27 23:07 UTC,32670,,,,,,,,,,,,,,
Los Gofiones,2026-05-27 23:07 UTC,1418521,,,,,,,,,,,,,,
Chase Belly,2026-05-27 23:07 UTC,148106,,,,,,,,,,,,,,
CDB,2026-05-27 23:07 UTC,4002645,,,,,,,,,,,,,,
Cornfed Ted,2026-05-27 23:07 UTC,13322,,,,,,,,,,,,,,
Claar,2026-05-27 23:07 UTC,16016,,,,,,,,,,,,,,
KARLEE GIRL,2026-05-27 23:07 UTC,1604926,,,,,,,,,,,,,,
Warhol.SS,2026-05-27 23:07 UTC,563108,,,,,,,,,,,,,,
Lola Blue,2026-05-27 23:07 UTC,163108,,,,,,,,,,,,,,
AZIEDOESNTEXIST,2026-05-27 23:07 UTC,1129949,,,,,,,,,,,,,,
Eliah Sternhardt,2026-05-27 23:07 UTC,198452,,,,,,,,,,,,,,
$t3PPA,2026-05-28 23:05 UTC,129416,,,,,,,,,,,,,,
1 Umbrella,2026-05-28 23:05 UTC,116478,,,,,,,,,,,,,,
318dman,2026-05-28 23:05 UTC,288459,,,,,,,,,,,,,,
A2ANTI,2026-05-28 23:05 UTC,905746,,,,,,,,,,,,,,
Addison Dean,2026-05-28 23:05 UTC,6705,,,,,,,,,,,,,,
Aksomaniac,2026-05-28 23:05 UTC,2766732,,,,,,,,,,,,,,
Andre Troutman,2026-05-28 23:05 UTC,3307271,,,,,,,,,,,,,,
Angine de Poitrine,2026-05-28 23:05 UTC,1447746,,,,,,,,,,,,,,
Anik Khan,2026-05-28 23:05 UTC,92788,,,,,,,,,,,,,,
AQUAFINNA,2026-05-28 23:05 UTC,17720,,,,,,,,,,,,,,
Biggs money,2026-05-28 23:05 UTC,14875,,,,,,,,,,,,,,
Boi-1da,2026-05-28 23:05 UTC,461772,,,,,,,,,,,,,,
BossMan Pac,2026-05-28 23:05 UTC,69481,,,,,,,,,,,,,,
Brittany Aldean,2026-05-28 23:05 UTC,158665,,,,,,,,,,,,,,
Bryan Countach,2026-05-28 23:05 UTC,129608,,,,,,,,,,,,,,
Canada Soccer,2026-05-28 23:05 UTC,511631,,,,,,,,,,,,,,
Canyon,2026-05-28 23:05 UTC,32675,,,,,,,,,,,,,,
Cap1talA,2026-05-28 23:05 UTC,308221,,,,,,,,,,,,,,
Carter Faith,2026-05-28 23:05 UTC,2906146,,,,,,,,,,,,,,
Che,2026-05-28 23:05 UTC,1213718,,,,,,,,,,,,,,
Chyno Miranda,2026-05-28 23:05 UTC,1335100,,,,,,,,,,,,,,
Corridos del Rey,2026-05-28 23:05 UTC,2006871,,,,,,,,,,,,,,
Dale Move,2026-05-28 23:05 UTC,137416,,,,,,,,,,,,,,
Daniel Žižka,2026-05-28 23:05 UTC,747437,,,,,,,,,,,,,,
Dante,2026-05-28 23:05 UTC,304719,,,,,,,,,,,,,,
Dean Turnley,2026-05-28 23:05 UTC,1579172,,,,,,,,,,,,,,
Delta Ash,2026-05-28 23:05 UTC,653770,,,,,,,,,,,,,,
DETO BLACK,2026-05-28 23:05 UTC,376738,,,,,,,,,,,,,,
Devault,2026-05-28 23:05 UTC,2265478,,,,,,,,,,,,,,
Dexter and The Moonrocks,2026-05-28 23:05 UTC,8183472,,,,,,,,,,,,,,
diamond*,2026-05-28 23:05 UTC,263179,,,,,,,,,,,,,,
Diana Pilquist,2026-05-28 23:05 UTC,2751,,,,,,,,,,,,,,
DJ B7 o Piranhão,2026-05-28 23:05 UTC,3638919,,,,,,,,,,,,,,
DJ Holiday,2026-05-28 23:05 UTC,113750,,,,,,,,,,,,,,
dóttir.x,2026-05-28 23:05 UTC,88167,,,,,,,,,,,,,,
Druski,2026-05-28 23:05 UTC,729864,,,,,,,,,,,,,,
Dubioza Kolektive,2026-05-28 23:05 UTC,524921,,,,,,,,,,,,,,
dunderjeppe,2026-05-28 23:05 UTC,26480,,,,,,,,,,,,,,
Duskydemise archive,2026-05-28 23:05 UTC,439505,,,,,,,,,,,,,,
Duygu Edis,2026-05-28 23:05 UTC,1863847,,,,,,,,,,,,,,
Dwarde,2026-05-28 23:05 UTC,13232,,,,,,,,,,,,,,
EA TJ,2026-05-28 23:05 UTC,24586,,,,,,,,,,,,,,
EL DEMOON,2026-05-28 23:05 UTC,1150,,,,,,,,,,,,,,
Emanazul,2026-05-28 23:05 UTC,438161,,,,,,,,,,,,,,
Emelie Trahan,2026-05-28 23:05 UTC,117945,,,,,,,,,,,,,,
EMJIE,2026-05-28 23:05 UTC,321112,,,,,,,,,,,,,,
ERISTHEPLANET,2026-05-28 23:05 UTC,78495,,,,,,,,,,,,,,
F3miii,2026-05-28 23:05 UTC,9881856,,,,,,,,,,,,,,
Fcukers,2026-05-28 23:05 UTC,2095510,,,,,,,,,,,,,,
FIFA Sound,2026-05-28 23:05 UTC,4700189,,,,,,,,,,,,,,
FLO,2026-05-28 23:05 UTC,3774562,,,,,,,,,,,,,,
Frost Children,2026-05-28 23:05 UTC,537096,,,,,,,,,,,,,,
frozz,2026-05-28 23:05 UTC,402407,,,,,,,,,,,,,,
G3B,2026-05-28 23:05 UTC,95793,,,,,,,,,,,,,,
Ghetto Beisha,2026-05-28 23:05 UTC,26768,,,,,,,,,,,,,,
Ghostfacekush,2026-05-28 23:05 UTC,72216,,,,,,,,,,,,,,
Girl Scout,2026-05-28 23:05 UTC,73838,,,,,,,,,,,,,,
girl_irl,2026-05-28 23:05 UTC,60023,,,,,,,,,,,,,,
girlsweetvoiced,2026-05-28 23:05 UTC,424602,,,,,,,,,,,,,,
Glizzy Glow,2026-05-28 23:05 UTC,6032,,,,,,,,,,,,,,
gnawvs,2026-05-28 23:05 UTC,1443,,,,,,,,,,,,,,
Godtripper,2026-05-28 23:05 UTC,227001,,,,,,,,,,,,,,
Grupo Primer Grado,2026-05-28 23:05 UTC,2182808,,,,,,,,,,,,,,
H. Hawkline,2026-05-28 23:05 UTC,163360,,,,,,,,,,,,,,
Harrd Luck,2026-05-28 23:05 UTC,46451,,,,,,,,,,,,,,
HittMan,2026-05-28 23:05 UTC,10684,,,,,,,,,,,,,,
Iguana Death Cult,2026-05-28 23:05 UTC,47204,,,,,,,,,,,,,,
Indeevar,2026-05-28 23:05 UTC,4384405,,,,,,,,,,,,,,
Indigo De Souza,2026-05-28 23:05 UTC,1521827,,,,,,,,,,,,,,
Infinity Song,2026-05-28 23:05 UTC,737996,,,,,,,,,,,,,,
isa in eutopia,2026-05-28 23:05 UTC,31145,,,,,,,,,,,,,,
JADA,2026-05-28 23:05 UTC,51991,,,,,,,,,,,,,,
Jadasea,2026-05-28 23:05 UTC,53695,,,,,,,,,,,,,,
jalda,2026-05-28 23:05 UTC,116477,,,,,,,,,,,,,,
Jimmy Butler,2026-05-28 23:05 UTC,49521,,,,,,,,,,,,,,
JJerome87,2026-05-28 23:05 UTC,201917,,,,,,,,,,,,,,
Joy Rhodes,2026-05-28 23:05 UTC,955061,,,,,,,,,,,,,,
Juju,2026-05-28 23:05 UTC,2820153,,,,,,,,,,,,,,
Julia Church,2026-05-28 23:05 UTC,3514002,,,,,,,,,,,,,,
Julie Williams,2026-05-28 23:05 UTC,51716,,,,,,,,,,,,,,
JussGigi,2026-05-28 23:05 UTC,0,,,,,,,,,,,,,,
Kala,2026-05-28 23:05 UTC,0,,,,,,,,,,,,,,
Karly Bowman,2026-05-28 23:05 UTC,83337,,,,,,,,,,,,,,
Khaled,2026-05-28 23:05 UTC,1865750,,,,,,,,,,,,,,
Khan Saab,2026-05-28 23:05 UTC,9716867,,,,,,,,,,,,,,
King Kylie,2026-05-28 23:05 UTC,532743,,,,,,,,,,,,,,
KINGH,2026-05-28 23:05 UTC,109170,,,,,,,,,,,,,,
Koilwood,2026-05-28 23:05 UTC,25299,,,,,,,,,,,,,,
KUČKA,2026-05-28 23:05 UTC,799513,,,,,,,,,,,,,,
Kurdi Klymax,2026-05-28 23:05 UTC,40318,,,,,,,,,,,,,,
kuru,2026-05-28 23:05 UTC,292992,,,,,,,,,,,,,,
Lamb,2026-05-28 23:05 UTC,223509,,,,,,,,,,,,,,
ledysek,2026-05-28 23:05 UTC,16763,,,,,,,,,,,,,,
Lerado Khalil,2026-05-28 23:05 UTC,43504,,,,,,,,,,,,,,
Les Imprimés,2026-05-28 23:05 UTC,100645,,,,,,,,,,,,,,
Lightris,2026-05-28 23:05 UTC,707953,,,,,,,,,,,,,,
Lil B,2026-05-28 23:05 UTC,1513315,,,,,,,,,,,,,,
Lil Righteous,2026-05-28 23:05 UTC,0,,,,,,,,,,,,,,
Loui Henderson,2026-05-28 23:05 UTC,115205,,,,,,,,,,,,,,
Luke Armstrong,2026-05-28 23:05 UTC,27982,,,,,,,,,,,,,,
M4IA,2026-05-28 23:05 UTC,96684,,,,,,,,,,,,,,
MAGIC SOUND WOLF,2026-05-28 23:05 UTC,610888,,,,,,,,,,,,,,
Malcolm Todd,2026-05-28 23:05 UTC,28752780,,,,,,,,,,,,,,
Maphra,2026-05-28 23:05 UTC,1428014,,,,,,,,,,,,,,
marquitos,2026-05-28 23:05 UTC,261305,,,,,,,,,,,,,,
Maviler,2026-05-28 23:05 UTC,445021,,,,,,,,,,,,,,
Merry Lamb Lamb,2026-05-28 23:05 UTC,5677,,,,,,,,,,,,,,
Mijabella Marie,2026-05-28 23:05 UTC,10053,,,,,,,,,,,,,,
MIKE,2026-05-28 23:05 UTC,605588,,,,,,,,,,,,,,
Momo Boyd,2026-05-28 23:05 UTC,2021496,,,,,,,,,,,,,,
Mr Dutt,2026-05-28 23:05 UTC,1611196,,,,,,,,,,,,,,
Mumu Fresh,2026-05-28 23:05 UTC,66162,,,,,,,,,,,,,,
My New Band Believe,2026-05-28 23:05 UTC,117095,,,,,,,,,,,,,,
Naarly,2026-05-28 23:05 UTC,5736872,,,,,,,,,,,,,,
Naod,2026-05-28 23:05 UTC,307572,,,,,,,,,,,,,,
Nickatnite,2026-05-28 23:05 UTC,3584,,,,,,,,,,,,,,
Nine Vicious,2026-05-28 23:05 UTC,1183539,,,,,,,,,,,,,,
nocashfromparents,2026-05-28 23:05 UTC,944967,,,,,,,,,,,,,,
North West,2026-05-28 23:05 UTC,1069983,,,,,,,,,,,,,,
NPD,2026-05-28 23:05 UTC,1313495,,,,,,,,,,,,,,
OK Alva,2026-05-28 23:05 UTC,34492,,,,,,,,,,,,,,
OKI,2026-05-28 23:05 UTC,2243804,,,,,,,,,,,,,,
Olga Myko,2026-05-28 23:05 UTC,2091467,,,,,,,,,,,,,,
Olof Dreijer,2026-05-28 23:05 UTC,106575,,,,,,,,,,,,,,
osa,2026-05-28 23:05 UTC,169319,,,,,,,,,,,,,,
Oxis,2026-05-28 23:05 UTC,478365,,,,,,,,,,,,,,
Pocket,2026-05-28 23:05 UTC,85152,,,,,,,,,,,,,,
Pretty Pinkk,2026-05-28 23:05 UTC,26769,,,,,,,,,,,,,,
Pz',2026-05-28 23:05 UTC,339502,,,,,,,,,,,,,,
Rian Brazil,2026-05-28 23:05 UTC,72101,,,,,,,,,,,,,,
rjtheweirdo,2026-05-28 23:05 UTC,260419,,,,,,,,,,,,,,
Rocket Reese,2026-05-28 23:05 UTC,111058,,,,,,,,,,,,,,
S1RENA,2026-05-28 23:05 UTC,144481,,,,,,,,,,,,,,
Sa!koro,2026-05-28 23:05 UTC,75490,,,,,,,,,,,,,,
Sara Landry,2026-05-28 23:05 UTC,1149551,,,,,,,,,,,,,,
Sébastien Tellier,2026-05-28 23:05 UTC,971353,,,,,,,,,,,,,,
ShawtyRokk,2026-05-28 23:05 UTC,21164,,,,,,,,,,,,,,
shonci,2026-05-28 23:05 UTC,5341599,,,,,,,,,,,,,,
Slayr,2026-05-28 23:05 UTC,1028128,,,,,,,,,,,,,,
Slayyyter,2026-05-28 23:05 UTC,4541065,,,,,,,,,,,,,,
Slim Jxmmy,2026-05-28 23:05 UTC,35997,,,,,,,,,,,,,,
Sofiane Pamart,2026-05-28 23:05 UTC,3371930,,,,,,,,,,,,,,
Sons of Yusuf,2026-05-28 23:05 UTC,1295439,,,,,,,,,,,,,,
Southsidesilhouette,2026-05-28 23:05 UTC,157072,,,,,,,,,,,,,,
Specialist Moss,2026-05-28 23:05 UTC,466236,,,,,,,,,,,,,,
SPELLLING,2026-05-28 23:05 UTC,68527,,,,,,,,,,,,,,
Sreemani,2026-05-28 23:05 UTC,2659019,,,,,,,,,,,,,,
STELLA LEFTY,2026-05-28 23:05 UTC,12717031,,,,,,,,,,,,,,
Street Fever,2026-05-28 23:05 UTC,62735,,,,,,,,,,,,,,
Sunday Service Choir,2026-05-28 23:05 UTC,383720,,,,,,,,,,,,,,
SURF GANG,2026-05-28 23:05 UTC,353122,,,,,,,,,,,,,,
Swizz Beatz,2026-05-28 23:05 UTC,616685,,,,,,,,,,,,,,
T.O.P,2026-05-28 23:05 UTC,958516,,,,,,,,,,,,,,
Tabi Gervis,2026-05-28 23:05 UTC,15876,,,,,,,,,,,,,,
Temper City,2026-05-28 23:05 UTC,18838608,,,,,,,,,,,,,,
Tezzus,2026-05-28 23:05 UTC,291803,,,,,,,,,,,,,,
The Long Faces,2026-05-28 23:05 UTC,5466813,,,,,,,,,,,,,,
The Twins,2026-05-28 23:05 UTC,68535,,,,,,,,,,,,,,
THELMA,2026-05-28 23:05 UTC,38842,,,,,,,,,,,,,,
Tiffany Day,2026-05-28 23:05 UTC,1227512,,,,,,,,,,,,,,
Tom Did It,2026-05-28 23:05 UTC,1032887,,,,,,,,,,,,,,
Tom Right,2026-05-28 23:05 UTC,1456666,,,,,,,,,,,,,,
TOMORA,2026-05-28 23:05 UTC,639759,,,,,,,,,,,,,,
Trim,2026-05-28 23:05 UTC,2902252,,,,,,,,,,,,,,
Tsatsamis,2026-05-28 23:05 UTC,144833,,,,,,,,,,,,,,
twentythree,2026-05-28 23:05 UTC,1167796,,,,,,,,,,,,,,
TXKUMOON,2026-05-28 23:05 UTC,911218,,,,,,,,,,,,,,
Vaibhav Gupta,2026-05-28 23:05 UTC,1454574,,,,,,,,,,,,,,
waera,2026-05-28 23:05 UTC,121806,,,,,,,,,,,,,,
Warren Roob,2026-05-28 23:05 UTC,192885,,,,,,,,,,,,,,
Welwitschia,2026-05-28 23:05 UTC,210348,,,,,,,,,,,,,,
Will Sass,2026-05-28 23:05 UTC,587379,,,,,,,,,,,,,,
Wtm Solid,2026-05-28 23:05 UTC,3543,,,,,,,,,,,,,,
Yaeger,2026-05-28 23:05 UTC,195901,,,,,,,,,,,,,,
YASP,2026-05-28 23:05 UTC,28658,,,,,,,,,,,,,,
Ye,2026-05-28 23:05 UTC,8197205,,,,,,,,,,,,,,
Yonusa,2026-05-28 23:05 UTC,4086,,,,,,,,,,,,,,
YUNA,2026-05-28 23:05 UTC,872776,,,,,,,,,,,,,,
Yuyu19,2026-05-28 23:05 UTC,991038,,,,,,,,,,,,,,
Zycan,2026-05-28 23:05 UTC,704355,,,,,,,,,,,,,,
drug bug,2026-05-28 23:05 UTC,52130,,,,,,,,,,,,,,
ILYAH,2026-05-28 23:05 UTC,633731,,,,,,,,,,,,,,
Los Brasileros,2026-05-28 23:05 UTC,1562896,,,,,,,,,,,,,,
am7iri,2026-05-28 23:05 UTC,1716507,,,,,,,,,,,,,,
Los Buyer,2026-05-28 23:05 UTC,1102761,,,,,,,,,,,,,,
Pikeras,2026-05-28 23:05 UTC,1573667,,,,,,,,,,,,,,
Heitor Santos,2026-05-28 23:05 UTC,2192940,,,,,,,,,,,,,,
Melly,2026-05-28 23:05 UTC,833656,,,,,,,,,,,,,,
OT The Real,2026-05-28 23:05 UTC,132740,,,,,,,,,,,,,,
Big Papa313,2026-05-28 23:05 UTC,1357885,,,,,,,,,,,,,,
kortani,2026-05-28 23:05 UTC,241103,,,,,,,,,,,,,,
daydreamers,2026-05-28 23:05 UTC,213372,,,,,,,,,,,,,,
Amma,2026-05-28 23:05 UTC,1449867,,,,,,,,,,,,,,
IngaRose,2026-05-28 23:05 UTC,2748713,,,,,,,,,,,,,,
FRIDAY*,2026-05-28 23:05 UTC,8678,,,,,,,,,,,,,,
aoif3,2026-05-28 23:05 UTC,788,,,,,,,,,,,,,,
Uche,2026-05-28 23:05 UTC,24910,,,,,,,,,,,,,,
Maxx Moor,2026-05-28 23:05 UTC,386,,,,,,,,,,,,,,
Swethings,2026-05-28 23:05 UTC,44263,,,,,,,,,,,,,,
22xlstl,2026-05-28 23:05 UTC,500224,,,,,,,,,,,,,,
Greg Gonzales,2026-05-28 23:05 UTC,3806386,,,,,,,,,,,,,,
Lyla George,2026-05-28 23:05 UTC,318224,,,,,,,,,,,,,,
Marlo Rex,2026-05-28 23:05 UTC,1059922,,,,,,,,,,,,,,
Cobrah,2026-05-28 23:05 UTC,1948246,,,,,,,,,,,,,,
Asha Banks,2026-05-28 23:05 UTC,748616,,,,,,,,,,,,,,
Stanclickin,2026-05-28 23:05 UTC,29923,,,,,,,,,,,,,,
Ebony Riley,2026-05-28 23:05 UTC,168561,,,,,,,,,,,,,,
Knut€,2026-05-28 23:05 UTC,16970,,,,,,,,,,,,,,
SALIMATA,2026-05-28 23:05 UTC,421274,,,,,,,,,,,,,,
Tracy,2026-05-28 23:05 UTC,458206,,,,,,,,,,,,,,
GENER8ION,2026-05-28 23:05 UTC,2491226,,,,,,,,,,,,,,
BJOERN,2026-05-28 23:05 UTC,598185,,,,,,,,,,,,,,
Olwin,2026-05-28 23:05 UTC,38922,,,,,,,,,,,,,,
Fred Durst,2026-05-28 23:05 UTC,1957146,,,,,,,,,,,,,,
Twoske,2026-05-28 23:05 UTC,29089,,,,,,,,,,,,,,
Los Gofiones,2026-05-28 23:05 UTC,1380043,,,,,,,,,,,,,,
Chase Belly,2026-05-28 23:05 UTC,125507,,,,,,,,,,,,,,
CDB,2026-05-28 23:05 UTC,4007266,,,,,,,,,,,,,,
Cornfed Ted,2026-05-28 23:05 UTC,12707,,,,,,,,,,,,,,
Claar,2026-05-28 23:05 UTC,16157,,,,,,,,,,,,,,
KARLEE GIRL,2026-05-28 23:05 UTC,1630706,,,,,,,,,,,,,,
Warhol.SS,2026-05-28 23:05 UTC,561650,,,,,,,,,,,,,,
Lola Blue,2026-05-28 23:05 UTC,165080,,,,,,,,,,,,,,
AZIEDOESNTEXIST,2026-05-28 23:05 UTC,1141945,,,,,,,,,,,,,,
Eliah Sternhardt,2026-05-28 23:05 UTC,193693,,,,,,,,,,,,,,
$t3PPA,2026-05-29 23:01 UTC,125584,,,,,,,,,,,,,,
1 Umbrella,2026-05-29 23:01 UTC,114062,,,,,,,,,,,,,,
318dman,2026-05-29 23:01 UTC,295804,,,,,,,,,,,,,,
A2ANTI,2026-05-29 23:01 UTC,899449,,,,,,,,,,,,,,
Addison Dean,2026-05-29 23:01 UTC,7266,,,,,,,,,,,,,,
Aksomaniac,2026-05-29 23:01 UTC,2791918,,,,,,,,,,,,,,
Andre Troutman,2026-05-29 23:01 UTC,3275079,,,,,,,,,,,,,,
Angine de Poitrine,2026-05-29 23:01 UTC,1431319,,,,,,,,,,,,,,
Anik Khan,2026-05-29 23:01 UTC,90164,,,,,,,,,,,,,,
AQUAFINNA,2026-05-29 23:01 UTC,17314,,,,,,,,,,,,,,
Biggs money,2026-05-29 23:01 UTC,14447,,,,,,,,,,,,,,
Boi-1da,2026-05-29 23:01 UTC,465515,,,,,,,,,,,,,,
BossMan Pac,2026-05-29 23:01 UTC,69157,,,,,,,,,,,,,,
Brittany Aldean,2026-05-29 23:01 UTC,148840,,,,,,,,,,,,,,
Bryan Countach,2026-05-29 23:01 UTC,126669,,,,,,,,,,,,,,
Canada Soccer,2026-05-29 23:01 UTC,512232,,,,,,,,,,,,,,
Canyon,2026-05-29 23:01 UTC,32226,,,,,,,,,,,,,,
Cap1talA,2026-05-29 23:01 UTC,307336,,,,,,,,,,,,,,
Carter Faith,2026-05-29 23:01 UTC,2881907,,,,,,,,,,,,,,
Che,2026-05-29 23:01 UTC,1210975,,,,,,,,,,,,,,
Chyno Miranda,2026-05-29 23:01 UTC,1294116,,,,,,,,,,,,,,
Corridos del Rey,2026-05-29 23:01 UTC,2048684,,,,,,,,,,,,,,
Dale Move,2026-05-29 23:01 UTC,136844,,,,,,,,,,,,,,
Daniel Žižka,2026-05-29 23:01 UTC,753729,,,,,,,,,,,,,,
Dante,2026-05-29 23:01 UTC,300004,,,,,,,,,,,,,,
Dean Turnley,2026-05-29 23:01 UTC,1583524,,,,,,,,,,,,,,
Delta Ash,2026-05-29 23:01 UTC,654901,,,,,,,,,,,,,,
DETO BLACK,2026-05-29 23:01 UTC,365736,,,,,,,,,,,,,,
Devault,2026-05-29 23:01 UTC,2238944,,,,,,,,,,,,,,
Dexter and The Moonrocks,2026-05-29 23:01 UTC,8194351,,,,,,,,,,,,,,
diamond*,2026-05-29 23:01 UTC,264212,,,,,,,,,,,,,,
Diana Pilquist,2026-05-29 23:01 UTC,2691,,,,,,,,,,,,,,
DJ B7 o Piranhão,2026-05-29 23:01 UTC,3644940,,,,,,,,,,,,,,
DJ Holiday,2026-05-29 23:01 UTC,111897,,,,,,,,,,,,,,
dóttir.x,2026-05-29 23:01 UTC,89779,,,,,,,,,,,,,,
Druski,2026-05-29 23:01 UTC,711404,,,,,,,,,,,,,,
Dubioza Kolektive,2026-05-29 23:01 UTC,525219,,,,,,,,,,,,,,
dunderjeppe,2026-05-29 23:01 UTC,26738,,,,,,,,,,,,,,
Duskydemise archive,2026-05-29 23:01 UTC,439262,,,,,,,,,,,,,,
Duygu Edis,2026-05-29 23:01 UTC,1839537,,,,,,,,,,,,,,
Dwarde,2026-05-29 23:01 UTC,13277,,,,,,,,,,,,,,
EA TJ,2026-05-29 23:01 UTC,24020,,,,,,,,,,,,,,
EL DEMOON,2026-05-29 23:01 UTC,658,,,,,,,,,,,,,,
Emanazul,2026-05-29 23:01 UTC,431631,,,,,,,,,,,,,,
Emelie Trahan,2026-05-29 23:01 UTC,121417,,,,,,,,,,,,,,
EMJIE,2026-05-29 23:01 UTC,326883,,,,,,,,,,,,,,
ERISTHEPLANET,2026-05-29 23:01 UTC,79098,,,,,,,,,,,,,,
F3miii,2026-05-29 23:01 UTC,10298852,,,,,,,,,,,,,,
Fcukers,2026-05-29 23:01 UTC,2084141,,,,,,,,,,,,,,
FIFA Sound,2026-05-29 23:01 UTC,4883750,,,,,,,,,,,,,,
FLO,2026-05-29 23:01 UTC,3767926,,,,,,,,,,,,,,
Frost Children,2026-05-29 23:01 UTC,536611,,,,,,,,,,,,,,
frozz,2026-05-29 23:01 UTC,405408,,,,,,,,,,,,,,
G3B,2026-05-29 23:01 UTC,93159,,,,,,,,,,,,,,
Ghetto Beisha,2026-05-29 23:01 UTC,25533,,,,,,,,,,,,,,
Ghostfacekush,2026-05-29 23:01 UTC,71696,,,,,,,,,,,,,,
Girl Scout,2026-05-29 23:01 UTC,72565,,,,,,,,,,,,,,
girl_irl,2026-05-29 23:01 UTC,59378,,,,,,,,,,,,,,
girlsweetvoiced,2026-05-29 23:01 UTC,417376,,,,,,,,,,,,,,
Glizzy Glow,2026-05-29 23:01 UTC,5780,,,,,,,,,,,,,,
gnawvs,2026-05-29 23:01 UTC,1397,,,,,,,,,,,,,,
Godtripper,2026-05-29 23:01 UTC,223107,,,,,,,,,,,,,,
Grupo Primer Grado,2026-05-29 23:01 UTC,2184670,,,,,,,,,,,,,,
H. Hawkline,2026-05-29 23:01 UTC,164760,,,,,,,,,,,,,,
Harrd Luck,2026-05-29 23:01 UTC,45126,,,,,,,,,,,,,,
HittMan,2026-05-29 23:01 UTC,10473,,,,,,,,,,,,,,
Iguana Death Cult,2026-05-29 23:01 UTC,46552,,,,,,,,,,,,,,
Indeevar,2026-05-29 23:01 UTC,4332529,,,,,,,,,,,,,,
Indigo De Souza,2026-05-29 23:01 UTC,1510993,,,,,,,,,,,,,,
Infinity Song,2026-05-29 23:01 UTC,722956,,,,,,,,,,,,,,
isa in eutopia,2026-05-29 23:01 UTC,30624,,,,,,,,,,,,,,
JADA,2026-05-29 23:01 UTC,51897,,,,,,,,,,,,,,
Jadasea,2026-05-29 23:01 UTC,52962,,,,,,,,,,,,,,
jalda,2026-05-29 23:01 UTC,117934,,,,,,,,,,,,,,
Jimmy Butler,2026-05-29 23:01 UTC,48076,,,,,,,,,,,,,,
JJerome87,2026-05-29 23:01 UTC,194771,,,,,,,,,,,,,,
Joy Rhodes,2026-05-29 23:01 UTC,952406,,,,,,,,,,,,,,
Juju,2026-05-29 23:01 UTC,2800180,,,,,,,,,,,,,,
Julia Church,2026-05-29 23:01 UTC,3477230,,,,,,,,,,,,,,
Julie Williams,2026-05-29 23:01 UTC,49801,,,,,,,,,,,,,,
JussGigi,2026-05-29 23:01 UTC,0,,,,,,,,,,,,,,
Kala,2026-05-29 23:01 UTC,0,,,,,,,,,,,,,,
Karly Bowman,2026-05-29 23:01 UTC,80922,,,,,,,,,,,,,,
Khaled,2026-05-29 23:01 UTC,1862195,,,,,,,,,,,,,,
Khan Saab,2026-05-29 23:01 UTC,9674101,,,,,,,,,,,,,,
King Kylie,2026-05-29 23:01 UTC,523348,,,,,,,,,,,,,,
KINGH,2026-05-29 23:01 UTC,109891,,,,,,,,,,,,,,
Koilwood,2026-05-29 23:01 UTC,25157,,,,,,,,,,,,,,
KUČKA,2026-05-29 23:01 UTC,794547,,,,,,,,,,,,,,
Kurdi Klymax,2026-05-29 23:01 UTC,40610,,,,,,,,,,,,,,
kuru,2026-05-29 23:01 UTC,292209,,,,,,,,,,,,,,
Lamb,2026-05-29 23:01 UTC,226631,,,,,,,,,,,,,,
ledysek,2026-05-29 23:01 UTC,16909,,,,,,,,,,,,,,
Lerado Khalil,2026-05-29 23:01 UTC,42566,,,,,,,,,,,,,,
Les Imprimés,2026-05-29 23:01 UTC,99492,,,,,,,,,,,,,,
Lightris,2026-05-29 23:01 UTC,711627,,,,,,,,,,,,,,
Lil B,2026-05-29 23:01 UTC,1492283,,,,,,,,,,,,,,
Lil Righteous,2026-05-29 23:01 UTC,0,,,,,,,,,,,,,,
Loui Henderson,2026-05-29 23:01 UTC,110460,,,,,,,,,,,,,,
Luke Armstrong,2026-05-29 23:01 UTC,28436,,,,,,,,,,,,,,
M4IA,2026-05-29 23:01 UTC,109238,,,,,,,,,,,,,,
MAGIC SOUND WOLF,2026-05-29 23:01 UTC,609451,,,,,,,,,,,,,,
Malcolm Todd,2026-05-29 23:01 UTC,28970577,,,,,,,,,,,,,,
Maphra,2026-05-29 23:01 UTC,1424720,,,,,,,,,,,,,,
marquitos,2026-05-29 23:01 UTC,256080,,,,,,,,,,,,,,
Maviler,2026-05-29 23:01 UTC,444992,,,,,,,,,,,,,,
Merry Lamb Lamb,2026-05-29 23:01 UTC,5489,,,,,,,,,,,,,,
Mijabella Marie,2026-05-29 23:01 UTC,9876,,,,,,,,,,,,,,
MIKE,2026-05-29 23:01 UTC,602692,,,,,,,,,,,,,,
Momo Boyd,2026-05-29 23:01 UTC,2007131,,,,,,,,,,,,,,
Mr Dutt,2026-05-29 23:01 UTC,1610425,,,,,,,,,,,,,,
Mumu Fresh,2026-05-29 23:01 UTC,66502,,,,,,,,,,,,,,
My New Band Believe,2026-05-29 23:01 UTC,114786,,,,,,,,,,,,,,
Naarly,2026-05-29 23:01 UTC,5745050,,,,,,,,,,,,,,
Naod,2026-05-29 23:01 UTC,303687,,,,,,,,,,,,,,
Nickatnite,2026-05-29 23:01 UTC,3312,,,,,,,,,,,,,,
Nine Vicious,2026-05-29 23:01 UTC,1187999,,,,,,,,,,,,,,
nocashfromparents,2026-05-29 23:01 UTC,932461,,,,,,,,,,,,,,
North West,2026-05-29 23:01 UTC,1069203,,,,,,,,,,,,,,
NPD,2026-05-29 23:01 UTC,1309485,,,,,,,,,,,,,,
OK Alva,2026-05-29 23:01 UTC,33183,,,,,,,,,,,,,,
OKI,2026-05-29 23:01 UTC,2235639,,,,,,,,,,,,,,
Olga Myko,2026-05-29 23:01 UTC,2079242,,,,,,,,,,,,,,
Olof Dreijer,2026-05-29 23:01 UTC,106717,,,,,,,,,,,,,,
osa,2026-05-29 23:01 UTC,171633,,,,,,,,,,,,,,
Oxis,2026-05-29 23:01 UTC,482331,,,,,,,,,,,,,,
Pocket,2026-05-29 23:01 UTC,82450,,,,,,,,,,,,,,
Pretty Pinkk,2026-05-29 23:01 UTC,25534,,,,,,,,,,,,,,
Pz',2026-05-29 23:01 UTC,341917,,,,,,,,,,,,,,
Rian Brazil,2026-05-29 23:01 UTC,75282,,,,,,,,,,,,,,
rjtheweirdo,2026-05-29 23:01 UTC,254770,,,,,,,,,,,,,,
Rocket Reese,2026-05-29 23:01 UTC,110253,,,,,,,,,,,,,,
S1RENA,2026-05-29 23:01 UTC,143543,,,,,,,,,,,,,,
Sa!koro,2026-05-29 23:01 UTC,76352,,,,,,,,,,,,,,
Sara Landry,2026-05-29 23:01 UTC,1145775,,,,,,,,,,,,,,
Sébastien Tellier,2026-05-29 23:01 UTC,953374,,,,,,,,,,,,,,
ShawtyRokk,2026-05-29 23:01 UTC,21590,,,,,,,,,,,,,,
shonci,2026-05-29 23:01 UTC,5368343,,,,,,,,,,,,,,
Slayr,2026-05-29 23:01 UTC,1031364,,,,,,,,,,,,,,
Slayyyter,2026-05-29 23:01 UTC,4591563,,,,,,,,,,,,,,
Slim Jxmmy,2026-05-29 23:01 UTC,35950,,,,,,,,,,,,,,
Sofiane Pamart,2026-05-29 23:01 UTC,3310060,,,,,,,,,,,,,,
Sons of Yusuf,2026-05-29 23:01 UTC,1291720,,,,,,,,,,,,,,
Southsidesilhouette,2026-05-29 23:01 UTC,156703,,,,,,,,,,,,,,
Specialist Moss,2026-05-29 23:01 UTC,463158,,,,,,,,,,,,,,
SPELLLING,2026-05-29 23:01 UTC,67556,,,,,,,,,,,,,,
Sreemani,2026-05-29 23:01 UTC,2651072,,,,,,,,,,,,,,
STELLA LEFTY,2026-05-29 23:01 UTC,12854193,,,,,,,,,,,,,,
Street Fever,2026-05-29 23:01 UTC,61263,,,,,,,,,,,,,,
Sunday Service Choir,2026-05-29 23:01 UTC,383790,,,,,,,,,,,,,,
SURF GANG,2026-05-29 23:01 UTC,348899,,,,,,,,,,,,,,
Swizz Beatz,2026-05-29 23:01 UTC,611532,,,,,,,,,,,,,,
T.O.P,2026-05-29 23:01 UTC,936282,,,,,,,,,,,,,,
Tabi Gervis,2026-05-29 23:01 UTC,16423,,,,,,,,,,,,,,
Temper City,2026-05-29 23:01 UTC,19116522,,,,,,,,,,,,,,
Tezzus,2026-05-29 23:01 UTC,288662,,,,,,,,,,,,,,
The Long Faces,2026-05-29 23:01 UTC,5474200,,,,,,,,,,,,,,
The Twins,2026-05-29 23:01 UTC,70931,,,,,,,,,,,,,,
THELMA,2026-05-29 23:01 UTC,37807,,,,,,,,,,,,,,
Tiffany Day,2026-05-29 23:01 UTC,1225154,,,,,,,,,,,,,,
Tom Did It,2026-05-29 23:01 UTC,1023265,,,,,,,,,,,,,,
Tom Right,2026-05-29 23:01 UTC,1466753,,,,,,,,,,,,,,
TOMORA,2026-05-29 23:01 UTC,633403,,,,,,,,,,,,,,
Trim,2026-05-29 23:01 UTC,2932900,,,,,,,,,,,,,,
Tsatsamis,2026-05-29 23:01 UTC,140497,,,,,,,,,,,,,,
twentythree,2026-05-29 23:01 UTC,1169651,,,,,,,,,,,,,,
TXKUMOON,2026-05-29 23:01 UTC,891131,,,,,,,,,,,,,,
Vaibhav Gupta,2026-05-29 23:01 UTC,1444589,,,,,,,,,,,,,,
waera,2026-05-29 23:01 UTC,122168,,,,,,,,,,,,,,
Warren Roob,2026-05-29 23:01 UTC,192082,,,,,,,,,,,,,,
Welwitschia,2026-05-29 23:01 UTC,209292,,,,,,,,,,,,,,
Will Sass,2026-05-29 23:01 UTC,589914,,,,,,,,,,,,,,
Wtm Solid,2026-05-29 23:01 UTC,3507,,,,,,,,,,,,,,
Yaeger,2026-05-29 23:01 UTC,192845,,,,,,,,,,,,,,
YASP,2026-05-29 23:01 UTC,28698,,,,,,,,,,,,,,
Ye,2026-05-29 23:01 UTC,8111482,,,,,,,,,,,,,,
Yonusa,2026-05-29 23:01 UTC,3845,,,,,,,,,,,,,,
YUNA,2026-05-29 23:01 UTC,859176,,,,,,,,,,,,,,
Yuyu19,2026-05-29 23:01 UTC,983004,,,,,,,,,,,,,,
Zycan,2026-05-29 23:01 UTC,691931,,,,,,,,,,,,,,
drug bug,2026-05-29 23:01 UTC,51852,,,,,,,,,,,,,,
ILYAH,2026-05-29 23:01 UTC,636746,,,,,,,,,,,,,,
Los Brasileros,2026-05-29 23:01 UTC,1548750,,,,,,,,,,,,,,
am7iri,2026-05-29 23:01 UTC,1736890,,,,,,,,,,,,,,
Los Buyer,2026-05-29 23:01 UTC,1092506,,,,,,,,,,,,,,
Pikeras,2026-05-29 23:01 UTC,1569861,,,,,,,,,,,,,,
Heitor Santos,2026-05-29 23:01 UTC,2171010,,,,,,,,,,,,,,
Melly,2026-05-29 23:01 UTC,827516,,,,,,,,,,,,,,
OT The Real,2026-05-29 23:01 UTC,127725,,,,,,,,,,,,,,
Big Papa313,2026-05-29 23:01 UTC,1322914,,,,,,,,,,,,,,
kortani,2026-05-29 23:01 UTC,233963,,,,,,,,,,,,,,
daydreamers,2026-05-29 23:01 UTC,212344,,,,,,,,,,,,,,
Amma,2026-05-29 23:01 UTC,1437832,,,,,,,,,,,,,,
IngaRose,2026-05-29 23:01 UTC,2770022,,,,,,,,,,,,,,
FRIDAY*,2026-05-29 23:01 UTC,8395,,,,,,,,,,,,,,
aoif3,2026-05-29 23:01 UTC,786,,,,,,,,,,,,,,
Uche,2026-05-29 23:01 UTC,27247,,,,,,,,,,,,,,
Maxx Moor,2026-05-29 23:01 UTC,371,,,,,,,,,,,,,,
Swethings,2026-05-29 23:01 UTC,42991,,,,,,,,,,,,,,
22xlstl,2026-05-29 23:01 UTC,499124,,,,,,,,,,,,,,
Greg Gonzales,2026-05-29 23:01 UTC,3708456,,,,,,,,,,,,,,
Lyla George,2026-05-29 23:01 UTC,285905,,,,,,,,,,,,,,
Marlo Rex,2026-05-29 23:01 UTC,1001461,,,,,,,,,,,,,,
Cobrah,2026-05-29 23:01 UTC,1881182,,,,,,,,,,,,,,
Asha Banks,2026-05-29 23:01 UTC,763571,,,,,,,,,,,,,,
Stanclickin,2026-05-29 23:01 UTC,29737,,,,,,,,,,,,,,
Ebony Riley,2026-05-29 23:01 UTC,160997,,,,,,,,,,,,,,
Knut€,2026-05-29 23:01 UTC,14897,,,,,,,,,,,,,,
SALIMATA,2026-05-29 23:01 UTC,409442,,,,,,,,,,,,,,
Tracy,2026-05-29 23:01 UTC,454770,,,,,,,,,,,,,,
GENER8ION,2026-05-29 23:01 UTC,2486542,,,,,,,,,,,,,,
BJOERN,2026-05-29 23:01 UTC,582437,,,,,,,,,,,,,,
Olwin,2026-05-29 23:01 UTC,35998,,,,,,,,,,,,,,
Fred Durst,2026-05-29 23:01 UTC,1910206,,,,,,,,,,,,,,
Twoske,2026-05-29 23:01 UTC,25079,,,,,,,,,,,,,,
Los Gofiones,2026-05-29 23:01 UTC,1336839,,,,,,,,,,,,,,
Chase Belly,2026-05-29 23:01 UTC,101468,,,,,,,,,,,,,,
CDB,2026-05-29 23:01 UTC,4000855,,,,,,,,,,,,,,
Cornfed Ted,2026-05-29 23:01 UTC,12249,,,,,,,,,,,,,,
Claar,2026-05-29 23:01 UTC,16287,,,,,,,,,,,,,,
KARLEE GIRL,2026-05-29 23:01 UTC,1649770,,,,,,,,,,,,,,
Warhol.SS,2026-05-29 23:01 UTC,559556,,,,,,,,,,,,,,
Lola Blue,2026-05-29 23:01 UTC,166812,,,,,,,,,,,,,,
AZIEDOESNTEXIST,2026-05-29 23:01 UTC,1148311,,,,,,,,,,,,,,
Eliah Sternhardt,2026-05-29 23:01 UTC,188137,,,,,,,,,,,,,,
$t3PPA,2026-05-30 22:44 UTC,124436,,,,,,,,,,,,,,
1 Umbrella,2026-05-30 22:44 UTC,109519,,,,,,,,,,,,,,
318dman,2026-05-30 22:44 UTC,303765,,,,,,,,,,,,,,
A2ANTI,2026-05-30 22:44 UTC,895716,,,,,,,,,,,,,,
Addison Dean,2026-05-30 22:44 UTC,7483,,,,,,,,,,,,,,
Aksomaniac,2026-05-30 22:44 UTC,2813957,,,,,,,,,,,,,,
Andre Troutman,2026-05-30 22:44 UTC,3258107,,,,,,,,,,,,,,
Angine de Poitrine,2026-05-30 22:44 UTC,1410509,,,,,,,,,,,,,,
Anik Khan,2026-05-30 22:44 UTC,87595,,,,,,,,,,,,,,
AQUAFINNA,2026-05-30 22:44 UTC,17133,,,,,,,,,,,,,,
Biggs money,2026-05-30 22:44 UTC,14317,,,,,,,,,,,,,,
Boi-1da,2026-05-30 22:44 UTC,479327,,,,,,,,,,,,,,
BossMan Pac,2026-05-30 22:44 UTC,68398,,,,,,,,,,,,,,
Brittany Aldean,2026-05-30 22:44 UTC,138879,,,,,,,,,,,,,,
Bryan Countach,2026-05-30 22:44 UTC,124319,,,,,,,,,,,,,,
Canada Soccer,2026-05-30 22:44 UTC,553745,,,,,,,,,,,,,,
Canyon,2026-05-30 22:44 UTC,32182,,,,,,,,,,,,,,
Cap1talA,2026-05-30 22:44 UTC,309548,,,,,,,,,,,,,,
Carter Faith,2026-05-30 22:44 UTC,2856993,,,,,,,,,,,,,,
Che,2026-05-30 22:44 UTC,1207037,,,,,,,,,,,,,,
Chyno Miranda,2026-05-30 22:44 UTC,1253349,,,,,,,,,,,,,,
Corridos del Rey,2026-05-30 22:44 UTC,2095758,,,,,,,,,,,,,,
Dale Move,2026-05-30 22:44 UTC,134892,,,,,,,,,,,,,,
Daniel Žižka,2026-05-30 22:44 UTC,760141,,,,,,,,,,,,,,
Dante,2026-05-30 22:44 UTC,300526,,,,,,,,,,,,,,
Dean Turnley,2026-05-30 22:44 UTC,1585999,,,,,,,,,,,,,,
Delta Ash,2026-05-30 22:44 UTC,649120,,,,,,,,,,,,,,
DETO BLACK,2026-05-30 22:44 UTC,349329,,,,,,,,,,,,,,
Devault,2026-05-30 22:44 UTC,2209946,,,,,,,,,,,,,,
Dexter and The Moonrocks,2026-05-30 22:44 UTC,8313063,,,,,,,,,,,,,,
diamond*,2026-05-30 22:44 UTC,265944,,,,,,,,,,,,,,
Diana Pilquist,2026-05-30 22:44 UTC,2631,,,,,,,,,,,,,,
DJ B7 o Piranhão,2026-05-30 22:44 UTC,3618066,,,,,,,,,,,,,,
DJ Holiday,2026-05-30 22:44 UTC,110326,,,,,,,,,,,,,,
dóttir.x,2026-05-30 22:44 UTC,89488,,,,,,,,,,,,,,
Druski,2026-05-30 22:44 UTC,694006,,,,,,,,,,,,,,
Dubioza Kolektive,2026-05-30 22:44 UTC,524931,,,,,,,,,,,,,,
dunderjeppe,2026-05-30 22:44 UTC,27547,,,,,,,,,,,,,,
Duskydemise archive,2026-05-30 22:44 UTC,442055,,,,,,,,,,,,,,
Duygu Edis,2026-05-30 22:44 UTC,1818498,,,,,,,,,,,,,,
Dwarde,2026-05-30 22:44 UTC,13283,,,,,,,,,,,,,,
EA TJ,2026-05-30 22:44 UTC,23616,,,,,,,,,,,,,,
EL DEMOON,2026-05-30 22:44 UTC,444,,,,,,,,,,,,,,
Emanazul,2026-05-30 22:44 UTC,425133,,,,,,,,,,,,,,
Emelie Trahan,2026-05-30 22:44 UTC,124220,,,,,,,,,,,,,,
EMJIE,2026-05-30 22:44 UTC,333940,,,,,,,,,,,,,,
ERISTHEPLANET,2026-05-30 22:44 UTC,79245,,,,,,,,,,,,,,
F3miii,2026-05-30 22:44 UTC,10926315,,,,,,,,,,,,,,
Fcukers,2026-05-30 22:44 UTC,2075227,,,,,,,,,,,,,,
FIFA Sound,2026-05-30 22:44 UTC,5604497,,,,,,,,,,,,,,
FLO,2026-05-30 22:44 UTC,3759009,,,,,,,,,,,,,,
Frost Children,2026-05-30 22:44 UTC,538613,,,,,,,,,,,,,,
frozz,2026-05-30 22:44 UTC,412029,,,,,,,,,,,,,,
G3B,2026-05-30 22:44 UTC,91782,,,,,,,,,,,,,,
Ghetto Beisha,2026-05-30 22:44 UTC,24085,,,,,,,,,,,,,,
Ghostfacekush,2026-05-30 22:44 UTC,70927,,,,,,,,,,,,,,
Girl Scout,2026-05-30 22:44 UTC,71617,,,,,,,,,,,,,,
girl_irl,2026-05-30 22:44 UTC,58794,,,,,,,,,,,,,,
girlsweetvoiced,2026-05-30 22:44 UTC,411982,,,,,,,,,,,,,,
Glizzy Glow,2026-05-30 22:44 UTC,5563,,,,,,,,,,,,,,
gnawvs,2026-05-30 22:44 UTC,1373,,,,,,,,,,,,,,
Godtripper,2026-05-30 22:44 UTC,219797,,,,,,,,,,,,,,
Grupo Primer Grado,2026-05-30 22:44 UTC,2184047,,,,,,,,,,,,,,
H. Hawkline,2026-05-30 22:44 UTC,164925,,,,,,,,,,,,,,
Harrd Luck,2026-05-30 22:44 UTC,43990,,,,,,,,,,,,,,
HittMan,2026-05-30 22:44 UTC,10339,,,,,,,,,,,,,,
Iguana Death Cult,2026-05-30 22:44 UTC,46176,,,,,,,,,,,,,,
Indeevar,2026-05-30 22:44 UTC,4264641,,,,,,,,,,,,,,
Indigo De Souza,2026-05-30 22:44 UTC,1501097,,,,,,,,,,,,,,
Infinity Song,2026-05-30 22:44 UTC,714588,,,,,,,,,,,,,,
isa in eutopia,2026-05-30 22:44 UTC,29939,,,,,,,,,,,,,,
JADA,2026-05-30 22:44 UTC,54538,,,,,,,,,,,,,,
Jadasea,2026-05-30 22:44 UTC,52045,,,,,,,,,,,,,,
jalda,2026-05-30 22:44 UTC,119059,,,,,,,,,,,,,,
Jimmy Butler,2026-05-30 22:44 UTC,46561,,,,,,,,,,,,,,
JJerome87,2026-05-30 22:44 UTC,218704,,,,,,,,,,,,,,
Joy Rhodes,2026-05-30 22:44 UTC,957939,,,,,,,,,,,,,,
Juju,2026-05-30 22:44 UTC,2799240,,,,,,,,,,,,,,
Julia Church,2026-05-30 22:44 UTC,3443530,,,,,,,,,,,,,,
Julie Williams,2026-05-30 22:44 UTC,47157,,,,,,,,,,,,,,
JussGigi,2026-05-30 22:44 UTC,0,,,,,,,,,,,,,,
Kala,2026-05-30 22:44 UTC,0,,,,,,,,,,,,,,
Karly Bowman,2026-05-30 22:44 UTC,79653,,,,,,,,,,,,,,
Khaled,2026-05-30 22:44 UTC,1850391,,,,,,,,,,,,,,
Khan Saab,2026-05-30 22:44 UTC,9601235,,,,,,,,,,,,,,
King Kylie,2026-05-30 22:44 UTC,516927,,,,,,,,,,,,,,
KINGH,2026-05-30 22:44 UTC,117978,,,,,,,,,,,,,,
Koilwood,2026-05-30 22:44 UTC,25205,,,,,,,,,,,,,,
KUČKA,2026-05-30 22:44 UTC,791767,,,,,,,,,,,,,,
Kurdi Klymax,2026-05-30 22:44 UTC,41265,,,,,,,,,,,,,,
kuru,2026-05-30 22:44 UTC,292274,,,,,,,,,,,,,,
Lamb,2026-05-30 22:44 UTC,230560,,,,,,,,,,,,,,
ledysek,2026-05-30 22:44 UTC,17065,,,,,,,,,,,,,,
Lerado Khalil,2026-05-30 22:44 UTC,41320,,,,,,,,,,,,,,
Les Imprimés,2026-05-30 22:44 UTC,98547,,,,,,,,,,,,,,
Lightris,2026-05-30 22:44 UTC,715513,,,,,,,,,,,,,,
Lil B,2026-05-30 22:44 UTC,1474138,,,,,,,,,,,,,,
Lil Righteous,2026-05-30 22:44 UTC,0,,,,,,,,,,,,,,
Loui Henderson,2026-05-30 22:44 UTC,106570,,,,,,,,,,,,,,
Luke Armstrong,2026-05-30 22:44 UTC,28603,,,,,,,,,,,,,,
M4IA,2026-05-30 22:44 UTC,124052,,,,,,,,,,,,,,
MAGIC SOUND WOLF,2026-05-30 22:44 UTC,606974,,,,,,,,,,,,,,
Malcolm Todd,2026-05-30 22:44 UTC,29180517,,,,,,,,,,,,,,
Maphra,2026-05-30 22:44 UTC,1418777,,,,,,,,,,,,,,
marquitos,2026-05-30 22:44 UTC,252859,,,,,,,,,,,,,,
Maviler,2026-05-30 22:44 UTC,445052,,,,,,,,,,,,,,
Merry Lamb Lamb,2026-05-30 22:44 UTC,5195,,,,,,,,,,,,,,
Mijabella Marie,2026-05-30 22:44 UTC,9634,,,,,,,,,,,,,,
MIKE,2026-05-30 22:44 UTC,599686,,,,,,,,,,,,,,
Momo Boyd,2026-05-30 22:44 UTC,1986066,,,,,,,,,,,,,,
Mr Dutt,2026-05-30 22:44 UTC,1609374,,,,,,,,,,,,,,
Mumu Fresh,2026-05-30 22:44 UTC,66759,,,,,,,,,,,,,,
My New Band Believe,2026-05-30 22:44 UTC,109751,,,,,,,,,,,,,,
Naarly,2026-05-30 22:44 UTC,5758640,,,,,,,,,,,,,,
Naod,2026-05-30 22:44 UTC,303771,,,,,,,,,,,,,,
Nickatnite,2026-05-30 22:44 UTC,3117,,,,,,,,,,,,,,
Nine Vicious,2026-05-30 22:44 UTC,1190712,,,,,,,,,,,,,,
nocashfromparents,2026-05-30 22:44 UTC,929597,,,,,,,,,,,,,,
North West,2026-05-30 22:44 UTC,1002108,,,,,,,,,,,,,,
NPD,2026-05-30 22:44 UTC,1312061,,,,,,,,,,,,,,
OK Alva,2026-05-30 22:44 UTC,32057,,,,,,,,,,,,,,
OKI,2026-05-30 22:44 UTC,2246721,,,,,,,,,,,,,,
Olga Myko,2026-05-30 22:44 UTC,2047478,,,,,,,,,,,,,,
Olof Dreijer,2026-05-30 22:44 UTC,106777,,,,,,,,,,,,,,
osa,2026-05-30 22:44 UTC,174024,,,,,,,,,,,,,,
Oxis,2026-05-30 22:44 UTC,485236,,,,,,,,,,,,,,
Pocket,2026-05-30 22:44 UTC,80289,,,,,,,,,,,,,,
Pretty Pinkk,2026-05-30 22:44 UTC,24085,,,,,,,,,,,,,,
Pz',2026-05-30 22:44 UTC,345514,,,,,,,,,,,,,,
Rian Brazil,2026-05-30 22:44 UTC,77359,,,,,,,,,,,,,,
rjtheweirdo,2026-05-30 22:44 UTC,248581,,,,,,,,,,,,,,
Rocket Reese,2026-05-30 22:44 UTC,109685,,,,,,,,,,,,,,
S1RENA,2026-05-30 22:44 UTC,143210,,,,,,,,,,,,,,
Sa!koro,2026-05-30 22:44 UTC,76923,,,,,,,,,,,,,,
Sara Landry,2026-05-30 22:44 UTC,1143811,,,,,,,,,,,,,,
Sébastien Tellier,2026-05-30 22:44 UTC,935316,,,,,,,,,,,,,,
ShawtyRokk,2026-05-30 22:44 UTC,21849,,,,,,,,,,,,,,
shonci,2026-05-30 22:44 UTC,5389421,,,,,,,,,,,,,,
Slayr,2026-05-30 22:44 UTC,1031993,,,,,,,,,,,,,,
Slayyyter,2026-05-30 22:44 UTC,4669742,,,,,,,,,,,,,,
Slim Jxmmy,2026-05-30 22:44 UTC,35802,,,,,,,,,,,,,,
Sofiane Pamart,2026-05-30 22:44 UTC,3248302,,,,,,,,,,,,,,
Sons of Yusuf,2026-05-30 22:44 UTC,1277080,,,,,,,,,,,,,,
Southsidesilhouette,2026-05-30 22:44 UTC,156088,,,,,,,,,,,,,,
Specialist Moss,2026-05-30 22:44 UTC,463789,,,,,,,,,,,,,,
SPELLLING,2026-05-30 22:44 UTC,65574,,,,,,,,,,,,,,
Sreemani,2026-05-30 22:44 UTC,2640803,,,,,,,,,,,,,,
STELLA LEFTY,2026-05-30 22:44 UTC,12916337,,,,,,,,,,,,,,
Street Fever,2026-05-30 22:44 UTC,59683,,,,,,,,,,,,,,
Sunday Service Choir,2026-05-30 22:44 UTC,383523,,,,,,,,,,,,,,
SURF GANG,2026-05-30 22:44 UTC,340127,,,,,,,,,,,,,,
Swizz Beatz,2026-05-30 22:44 UTC,606686,,,,,,,,,,,,,,
T.O.P,2026-05-30 22:44 UTC,917660,,,,,,,,,,,,,,
Tabi Gervis,2026-05-30 22:44 UTC,16630,,,,,,,,,,,,,,
Temper City,2026-05-30 22:44 UTC,19266288,,,,,,,,,,,,,,
Tezzus,2026-05-30 22:44 UTC,284528,,,,,,,,,,,,,,
The Long Faces,2026-05-30 22:44 UTC,5481404,,,,,,,,,,,,,,
The Twins,2026-05-30 22:44 UTC,72545,,,,,,,,,,,,,,
THELMA,2026-05-30 22:44 UTC,37260,,,,,,,,,,,,,,
Tiffany Day,2026-05-30 22:44 UTC,1223750,,,,,,,,,,,,,,
Tom Did It,2026-05-30 22:44 UTC,1018838,,,,,,,,,,,,,,
Tom Right,2026-05-30 22:44 UTC,1471712,,,,,,,,,,,,,,
TOMORA,2026-05-30 22:44 UTC,627700,,,,,,,,,,,,,,
Trim,2026-05-30 22:44 UTC,2979730,,,,,,,,,,,,,,
Tsatsamis,2026-05-30 22:44 UTC,135074,,,,,,,,,,,,,,
twentythree,2026-05-30 22:44 UTC,1170126,,,,,,,,,,,,,,
TXKUMOON,2026-05-30 22:44 UTC,864932,,,,,,,,,,,,,,
Vaibhav Gupta,2026-05-30 22:44 UTC,1429550,,,,,,,,,,,,,,
waera,2026-05-30 22:44 UTC,122490,,,,,,,,,,,,,,
Warren Roob,2026-05-30 22:44 UTC,191277,,,,,,,,,,,,,,
Welwitschia,2026-05-30 22:44 UTC,210344,,,,,,,,,,,,,,
Will Sass,2026-05-30 22:44 UTC,593815,,,,,,,,,,,,,,
Wtm Solid,2026-05-30 22:44 UTC,3493,,,,,,,,,,,,,,
Yaeger,2026-05-30 22:44 UTC,187226,,,,,,,,,,,,,,
YASP,2026-05-30 22:44 UTC,28885,,,,,,,,,,,,,,
Ye,2026-05-30 22:44 UTC,8067230,,,,,,,,,,,,,,
Yonusa,2026-05-30 22:44 UTC,3619,,,,,,,,,,,,,,
YUNA,2026-05-30 22:44 UTC,844652,,,,,,,,,,,,,,
Yuyu19,2026-05-30 22:44 UTC,975530,,,,,,,,,,,,,,
Zycan,2026-05-30 22:44 UTC,674232,,,,,,,,,,,,,,
drug bug,2026-05-30 22:44 UTC,51564,,,,,,,,,,,,,,
ILYAH,2026-05-30 22:44 UTC,634768,,,,,,,,,,,,,,
Los Brasileros,2026-05-30 22:44 UTC,1540996,,,,,,,,,,,,,,
am7iri,2026-05-30 22:44 UTC,1747909,,,,,,,,,,,,,,
Los Buyer,2026-05-30 22:44 UTC,1078724,,,,,,,,,,,,,,
Pikeras,2026-05-30 22:44 UTC,1564095,,,,,,,,,,,,,,
Heitor Santos,2026-05-30 22:44 UTC,2128793,,,,,,,,,,,,,,
Melly,2026-05-30 22:44 UTC,847886,,,,,,,,,,,,,,
OT The Real,2026-05-30 22:44 UTC,124025,,,,,,,,,,,,,,
Big Papa313,2026-05-30 22:44 UTC,1298495,,,,,,,,,,,,,,
kortani,2026-05-30 22:44 UTC,228796,,,,,,,,,,,,,,
daydreamers,2026-05-30 22:44 UTC,210796,,,,,,,,,,,,,,
Amma,2026-05-30 22:44 UTC,1425047,,,,,,,,,,,,,,
IngaRose,2026-05-30 22:44 UTC,2797540,,,,,,,,,,,,,,
FRIDAY*,2026-05-30 22:44 UTC,8273,,,,,,,,,,,,,,
aoif3,2026-05-30 22:44 UTC,793,,,,,,,,,,,,,,
Uche,2026-05-30 22:44 UTC,30127,,,,,,,,,,,,,,
Maxx Moor,2026-05-30 22:44 UTC,364,,,,,,,,,,,,,,
Swethings,2026-05-30 22:44 UTC,42338,,,,,,,,,,,,,,
22xlstl,2026-05-30 22:44 UTC,499994,,,,,,,,,,,,,,
Greg Gonzales,2026-05-30 22:44 UTC,3583208,,,,,,,,,,,,,,
Lyla George,2026-05-30 22:44 UTC,257950,,,,,,,,,,,,,,
Marlo Rex,2026-05-30 22:44 UTC,988234,,,,,,,,,,,,,,
Cobrah,2026-05-30 22:44 UTC,1835340,,,,,,,,,,,,,,
Asha Banks,2026-05-30 22:44 UTC,782746,,,,,,,,,,,,,,
Stanclickin,2026-05-30 22:44 UTC,29374,,,,,,,,,,,,,,
Ebony Riley,2026-05-30 22:44 UTC,154460,,,,,,,,,,,,,,
Knut€,2026-05-30 22:44 UTC,14730,,,,,,,,,,,,,,
SALIMATA,2026-05-30 22:44 UTC,396292,,,,,,,,,,,,,,
Tracy,2026-05-30 22:44 UTC,448434,,,,,,,,,,,,,,
GENER8ION,2026-05-30 22:44 UTC,2428188,,,,,,,,,,,,,,
BJOERN,2026-05-30 22:44 UTC,573265,,,,,,,,,,,,,,
Olwin,2026-05-30 22:44 UTC,34699,,,,,,,,,,,,,,
Fred Durst,2026-05-30 22:44 UTC,1873769,,,,,,,,,,,,,,
Twoske,2026-05-30 22:44 UTC,22773,,,,,,,,,,,,,,
Los Gofiones,2026-05-30 22:44 UTC,1299264,,,,,,,,,,,,,,
Chase Belly,2026-05-30 22:44 UTC,86992,,,,,,,,,,,,,,
CDB,2026-05-30 22:44 UTC,3983172,,,,,,,,,,,,,,
Cornfed Ted,2026-05-30 22:44 UTC,11921,,,,,,,,,,,,,,
Claar,2026-05-30 22:44 UTC,16121,,,,,,,,,,,,,,
KARLEE GIRL,2026-05-30 22:44 UTC,1671061,,,,,,,,,,,,,,
Warhol.SS,2026-05-30 22:44 UTC,557575,,,,,,,,,,,,,,
Lola Blue,2026-05-30 22:44 UTC,169915,,,,,,,,,,,,,,
AZIEDOESNTEXIST,2026-05-30 22:44 UTC,1166708,,,,,,,,,,,,,,
Eliah Sternhardt,2026-05-30 22:44 UTC,191250,,,,,,,,,,,,,,
$t3PPA,2026-05-31 22:45 UTC,123621,,,,,,,,,,,,,,
1 Umbrella,2026-05-31 22:45 UTC,107240,,,,,,,,,,,,,,
318dman,2026-05-31 22:45 UTC,312447,,,,,,,,,,,,,,
A2ANTI,2026-05-31 22:45 UTC,892725,,,,,,,,,,,,,,
Addison Dean,2026-05-31 22:45 UTC,7525,,,,,,,,,,,,,,
Aksomaniac,2026-05-31 22:45 UTC,2838021,,,,,,,,,,,,,,
Andre Troutman,2026-05-31 22:45 UTC,3249965,,,,,,,,,,,,,,
Angine de Poitrine,2026-05-31 22:45 UTC,1397435,,,,,,,,,,,,,,
Anik Khan,2026-05-31 22:45 UTC,86387,,,,,,,,,,,,,,
AQUAFINNA,2026-05-31 22:45 UTC,16926,,,,,,,,,,,,,,
Biggs money,2026-05-31 22:45 UTC,13939,,,,,,,,,,,,,,
Boi-1da,2026-05-31 22:45 UTC,486492,,,,,,,,,,,,,,
BossMan Pac,2026-05-31 22:45 UTC,68242,,,,,,,,,,,,,,
Brittany Aldean,2026-05-31 22:45 UTC,132482,,,,,,,,,,,,,,
Bryan Countach,2026-05-31 22:45 UTC,122700,,,,,,,,,,,,,,
Canada Soccer,2026-05-31 22:45 UTC,568959,,,,,,,,,,,,,,
Canyon,2026-05-31 22:45 UTC,32168,,,,,,,,,,,,,,
Cap1talA,2026-05-31 22:45 UTC,309456,,,,,,,,,,,,,,
Carter Faith,2026-05-31 22:45 UTC,2849473,,,,,,,,,,,,,,
Che,2026-05-31 22:45 UTC,1204605,,,,,,,,,,,,,,
Chyno Miranda,2026-05-31 22:45 UTC,1220526,,,,,,,,,,,,,,
Corridos del Rey,2026-05-31 22:45 UTC,2147778,,,,,,,,,,,,,,
Dale Move,2026-05-31 22:45 UTC,133186,,,,,,,,,,,,,,
Daniel Žižka,2026-05-31 22:45 UTC,766621,,,,,,,,,,,,,,
Dante,2026-05-31 22:45 UTC,300147,,,,,,,,,,,,,,
Dean Turnley,2026-05-31 22:45 UTC,1590533,,,,,,,,,,,,,,
Delta Ash,2026-05-31 22:45 UTC,642720,,,,,,,,,,,,,,
DETO BLACK,2026-05-31 22:45 UTC,339652,,,,,,,,,,,,,,
Devault,2026-05-31 22:45 UTC,2190169,,,,,,,,,,,,,,
Dexter and The Moonrocks,2026-05-31 22:45 UTC,8382294,,,,,,,,,,,,,,
diamond*,2026-05-31 22:45 UTC,266873,,,,,,,,,,,,,,
Diana Pilquist,2026-05-31 22:45 UTC,2560,,,,,,,,,,,,,,
DJ B7 o Piranhão,2026-05-31 22:45 UTC,3617430,,,,,,,,,,,,,,
DJ Holiday,2026-05-31 22:45 UTC,108717,,,,,,,,,,,,,,
dóttir.x,2026-05-31 22:45 UTC,89613,,,,,,,,,,,,,,
Druski,2026-05-31 22:45 UTC,678191,,,,,,,,,,,,,,
Dubioza Kolektive,2026-05-31 22:45 UTC,529692,,,,,,,,,,,,,,
dunderjeppe,2026-05-31 22:45 UTC,27886,,,,,,,,,,,,,,
Duskydemise archive,2026-05-31 22:45 UTC,446956,,,,,,,,,,,,,,
Duygu Edis,2026-05-31 22:45 UTC,1794173,,,,,,,,,,,,,,
Dwarde,2026-05-31 22:45 UTC,13314,,,,,,,,,,,,,,
EA TJ,2026-05-31 22:45 UTC,23088,,,,,,,,,,,,,,
EL DEMOON,2026-05-31 22:45 UTC,348,,,,,,,,,,,,,,
Emanazul,2026-05-31 22:45 UTC,420633,,,,,,,,,,,,,,
Emelie Trahan,2026-05-31 22:45 UTC,126128,,,,,,,,,,,,,,
EMJIE,2026-05-31 22:45 UTC,342348,,,,,,,,,,,,,,
ERISTHEPLANET,2026-05-31 22:45 UTC,79589,,,,,,,,,,,,,,
F3miii,2026-05-31 22:45 UTC,11422601,,,,,,,,,,,,,,
Fcukers,2026-05-31 22:45 UTC,2071955,,,,,,,,,,,,,,
FIFA Sound,2026-05-31 22:45 UTC,5951039,,,,,,,,,,,,,,
FLO,2026-05-31 22:45 UTC,3757611,,,,,,,,,,,,,,
Frost Children,2026-05-31 22:45 UTC,538418,,,,,,,,,,,,,,
frozz,2026-05-31 22:45 UTC,417832,,,,,,,,,,,,,,
G3B,2026-05-31 22:45 UTC,90112,,,,,,,,,,,,,,
Ghetto Beisha,2026-05-31 22:45 UTC,23010,,,,,,,,,,,,,,
Ghostfacekush,2026-05-31 22:45 UTC,70302,,,,,,,,,,,,,,
Girl Scout,2026-05-31 22:45 UTC,70964,,,,,,,,,,,,,,
girl_irl,2026-05-31 22:45 UTC,58421,,,,,,,,,,,,,,
girlsweetvoiced,2026-05-31 22:45 UTC,408375,,,,,,,,,,,,,,
Glizzy Glow,2026-05-31 22:45 UTC,5360,,,,,,,,,,,,,,
gnawvs,2026-05-31 22:45 UTC,1349,,,,,,,,,,,,,,
Godtripper,2026-05-31 22:45 UTC,217165,,,,,,,,,,,,,,
Grupo Primer Grado,2026-05-31 22:45 UTC,2186424,,,,,,,,,,,,,,
H. Hawkline,2026-05-31 22:45 UTC,165686,,,,,,,,,,,,,,
Harrd Luck,2026-05-31 22:45 UTC,43044,,,,,,,,,,,,,,
HittMan,2026-05-31 22:45 UTC,10183,,,,,,,,,,,,,,
Iguana Death Cult,2026-05-31 22:45 UTC,46078,,,,,,,,,,,,,,
Indeevar,2026-05-31 22:45 UTC,4207660,,,,,,,,,,,,,,
Indigo De Souza,2026-05-31 22:45 UTC,1489022,,,,,,,,,,,,,,
Infinity Song,2026-05-31 22:45 UTC,712308,,,,,,,,,,,,,,
isa in eutopia,2026-05-31 22:45 UTC,29285,,,,,,,,,,,,,,
JADA,2026-05-31 22:45 UTC,55662,,,,,,,,,,,,,,
Jadasea,2026-05-31 22:45 UTC,51025,,,,,,,,,,,,,,
jalda,2026-05-31 22:45 UTC,119823,,,,,,,,,,,,,,
Jimmy Butler,2026-05-31 22:45 UTC,45364,,,,,,,,,,,,,,
JJerome87,2026-05-31 22:45 UTC,216870,,,,,,,,,,,,,,
Joy Rhodes,2026-05-31 22:45 UTC,967178,,,,,,,,,,,,,,
Juju,2026-05-31 22:45 UTC,2792483,,,,,,,,,,,,,,
Julia Church,2026-05-31 22:45 UTC,3426828,,,,,,,,,,,,,,
Julie Williams,2026-05-31 22:45 UTC,45542,,,,,,,,,,,,,,
JussGigi,2026-05-31 22:45 UTC,0,,,,,,,,,,,,,,
Kala,2026-05-31 22:45 UTC,0,,,,,,,,,,,,,,
Karly Bowman,2026-05-31 22:45 UTC,78119,,,,,,,,,,,,,,
Khaled,2026-05-31 22:45 UTC,1839523,,,,,,,,,,,,,,
Khan Saab,2026-05-31 22:45 UTC,9561463,,,,,,,,,,,,,,
King Kylie,2026-05-31 22:45 UTC,510996,,,,,,,,,,,,,,
KINGH,2026-05-31 22:45 UTC,121698,,,,,,,,,,,,,,
Koilwood,2026-05-31 22:45 UTC,25254,,,,,,,,,,,,,,
KUČKA,2026-05-31 22:45 UTC,790080,,,,,,,,,,,,,,
Kurdi Klymax,2026-05-31 22:45 UTC,41452,,,,,,,,,,,,,,
kuru,2026-05-31 22:45 UTC,292968,,,,,,,,,,,,,,
Lamb,2026-05-31 22:45 UTC,231868,,,,,,,,,,,,,,
ledysek,2026-05-31 22:45 UTC,17147,,,,,,,,,,,,,,
Lerado Khalil,2026-05-31 22:45 UTC,40439,,,,,,,,,,,,,,
Les Imprimés,2026-05-31 22:45 UTC,97831,,,,,,,,,,,,,,
Lightris,2026-05-31 22:45 UTC,720085,,,,,,,,,,,,,,
Lil B,2026-05-31 22:45 UTC,1457883,,,,,,,,,,,,,,
Lil Righteous,2026-05-31 22:45 UTC,0,,,,,,,,,,,,,,
Loui Henderson,2026-05-31 22:45 UTC,102397,,,,,,,,,,,,,,
Luke Armstrong,2026-05-31 22:45 UTC,28631,,,,,,,,,,,,,,
M4IA,2026-05-31 22:45 UTC,144064,,,,,,,,,,,,,,
MAGIC SOUND WOLF,2026-05-31 22:45 UTC,605320,,,,,,,,,,,,,,
Malcolm Todd,2026-05-31 22:45 UTC,29428701,,,,,,,,,,,,,,
Maphra,2026-05-31 22:45 UTC,1407590,,,,,,,,,,,,,,
marquitos,2026-05-31 22:45 UTC,250982,,,,,,,,,,,,,,
Maviler,2026-05-31 22:45 UTC,444925,,,,,,,,,,,,,,
Merry Lamb Lamb,2026-05-31 22:45 UTC,5019,,,,,,,,,,,,,,
Mijabella Marie,2026-05-31 22:45 UTC,9499,,,,,,,,,,,,,,
MIKE,2026-05-31 22:45 UTC,596877,,,,,,,,,,,,,,
Momo Boyd,2026-05-31 22:45 UTC,1975761,,,,,,,,,,,,,,
Mr Dutt,2026-05-31 22:45 UTC,1610961,,,,,,,,,,,,,,
Mumu Fresh,2026-05-31 22:45 UTC,67088,,,,,,,,,,,,,,
My New Band Believe,2026-05-31 22:45 UTC,107580,,,,,,,,,,,,,,
Naarly,2026-05-31 22:45 UTC,5784080,,,,,,,,,,,,,,
Naod,2026-05-31 22:45 UTC,301995,,,,,,,,,,,,,,
Nickatnite,2026-05-31 22:45 UTC,2962,,,,,,,,,,,,,,
Nine Vicious,2026-05-31 22:45 UTC,1193495,,,,,,,,,,,,,,
nocashfromparents,2026-05-31 22:45 UTC,926556,,,,,,,,,,,,,,
North West,2026-05-31 22:45 UTC,937622,,,,,,,,,,,,,,
NPD,2026-05-31 22:45 UTC,1316844,,,,,,,,,,,,,,
OK Alva,2026-05-31 22:45 UTC,30931,,,,,,,,,,,,,,
OKI,2026-05-31 22:45 UTC,2244727,,,,,,,,,,,,,,
Olga Myko,2026-05-31 22:45 UTC,2020522,,,,,,,,,,,,,,
Olof Dreijer,2026-05-31 22:45 UTC,107010,,,,,,,,,,,,,,
osa,2026-05-31 22:45 UTC,176732,,,,,,,,,,,,,,
Oxis,2026-05-31 22:45 UTC,484108,,,,,,,,,,,,,,
Pocket,2026-05-31 22:45 UTC,78606,,,,,,,,,,,,,,
Pretty Pinkk,2026-05-31 22:45 UTC,23010,,,,,,,,,,,,,,
Pz',2026-05-31 22:45 UTC,349656,,,,,,,,,,,,,,
Rian Brazil,2026-05-31 22:45 UTC,78300,,,,,,,,,,,,,,
rjtheweirdo,2026-05-31 22:45 UTC,244008,,,,,,,,,,,,,,
Rocket Reese,2026-05-31 22:45 UTC,109074,,,,,,,,,,,,,,
S1RENA,2026-05-31 22:45 UTC,142785,,,,,,,,,,,,,,
Sa!koro,2026-05-31 22:45 UTC,77285,,,,,,,,,,,,,,
Sara Landry,2026-05-31 22:45 UTC,1143715,,,,,,,,,,,,,,
Sébastien Tellier,2026-05-31 22:45 UTC,918004,,,,,,,,,,,,,,
ShawtyRokk,2026-05-31 22:45 UTC,22149,,,,,,,,,,,,,,
shonci,2026-05-31 22:45 UTC,5428606,,,,,,,,,,,,,,
Slayr,2026-05-31 22:45 UTC,1029680,,,,,,,,,,,,,,
Slayyyter,2026-05-31 22:45 UTC,4741165,,,,,,,,,,,,,,
Slim Jxmmy,2026-05-31 22:45 UTC,35767,,,,,,,,,,,,,,
Sofiane Pamart,2026-05-31 22:45 UTC,3207899,,,,,,,,,,,,,,
Sons of Yusuf,2026-05-31 22:45 UTC,1264109,,,,,,,,,,,,,,
Southsidesilhouette,2026-05-31 22:45 UTC,155732,,,,,,,,,,,,,,
Specialist Moss,2026-05-31 22:45 UTC,464860,,,,,,,,,,,,,,
SPELLLING,2026-05-31 22:45 UTC,64503,,,,,,,,,,,,,,
Sreemani,2026-05-31 22:45 UTC,2632408,,,,,,,,,,,,,,
STELLA LEFTY,2026-05-31 22:45 UTC,13023544,,,,,,,,,,,,,,
Street Fever,2026-05-31 22:45 UTC,58707,,,,,,,,,,,,,,
Sunday Service Choir,2026-05-31 22:45 UTC,383112,,,,,,,,,,,,,,
SURF GANG,2026-05-31 22:45 UTC,334457,,,,,,,,,,,,,,
Swizz Beatz,2026-05-31 22:45 UTC,603573,,,,,,,,,,,,,,
T.O.P,2026-05-31 22:45 UTC,903103,,,,,,,,,,,,,,
Tabi Gervis,2026-05-31 22:45 UTC,16665,,,,,,,,,,,,,,
Temper City,2026-05-31 22:45 UTC,19455294,,,,,,,,,,,,,,
Tezzus,2026-05-31 22:45 UTC,282729,,,,,,,,,,,,,,
The Long Faces,2026-05-31 22:45 UTC,5502573,,,,,,,,,,,,,,
The Twins,2026-05-31 22:45 UTC,73644,,,,,,,,,,,,,,
THELMA,2026-05-31 22:45 UTC,36797,,,,,,,,,,,,,,
Tiffany Day,2026-05-31 22:45 UTC,1224903,,,,,,,,,,,,,,
Tom Did It,2026-05-31 22:45 UTC,1014175,,,,,,,,,,,,,,
Tom Right,2026-05-31 22:45 UTC,1474640,,,,,,,,,,,,,,
TOMORA,2026-05-31 22:45 UTC,623249,,,,,,,,,,,,,,
Trim,2026-05-31 22:45 UTC,3020768,,,,,,,,,,,,,,
Tsatsamis,2026-05-31 22:45 UTC,132309,,,,,,,,,,,,,,
twentythree,2026-05-31 22:45 UTC,1173561,,,,,,,,,,,,,,
TXKUMOON,2026-05-31 22:45 UTC,839977,,,,,,,,,,,,,,
Vaibhav Gupta,2026-05-31 22:45 UTC,1417542,,,,,,,,,,,,,,
waera,2026-05-31 22:45 UTC,123022,,,,,,,,,,,,,,
Warren Roob,2026-05-31 22:45 UTC,189947,,,,,,,,,,,,,,
Welwitschia,2026-05-31 22:45 UTC,209697,,,,,,,,,,,,,,
Will Sass,2026-05-31 22:45 UTC,595070,,,,,,,,,,,,,,
Wtm Solid,2026-05-31 22:45 UTC,3463,,,,,,,,,,,,,,
Yaeger,2026-05-31 22:45 UTC,184068,,,,,,,,,,,,,,
YASP,2026-05-31 22:45 UTC,29160,,,,,,,,,,,,,,
Ye,2026-05-31 22:45 UTC,8036714,,,,,,,,,,,,,,
Yonusa,2026-05-31 22:45 UTC,3425,,,,,,,,,,,,,,
YUNA,2026-05-31 22:45 UTC,836486,,,,,,,,,,,,,,
Yuyu19,2026-05-31 22:45 UTC,966562,,,,,,,,,,,,,,
Zycan,2026-05-31 22:45 UTC,658902,,,,,,,,,,,,,,
drug bug,2026-05-31 22:45 UTC,51440,,,,,,,,,,,,,,
ILYAH,2026-05-31 22:45 UTC,634422,,,,,,,,,,,,,,
Los Brasileros,2026-05-31 22:45 UTC,1535830,,,,,,,,,,,,,,
am7iri,2026-05-31 22:45 UTC,1757209,,,,,,,,,,,,,,
Los Buyer,2026-05-31 22:45 UTC,1069549,,,,,,,,,,,,,,
Pikeras,2026-05-31 22:45 UTC,1562272,,,,,,,,,,,,,,
Heitor Santos,2026-05-31 22:45 UTC,2099494,,,,,,,,,,,,,,
Melly,2026-05-31 22:45 UTC,852227,,,,,,,,,,,,,,
OT The Real,2026-05-31 22:45 UTC,122315,,,,,,,,,,,,,,
Big Papa313,2026-05-31 22:45 UTC,1276047,,,,,,,,,,,,,,
kortani,2026-05-31 22:45 UTC,224595,,,,,,,,,,,,,,
daydreamers,2026-05-31 22:45 UTC,209519,,,,,,,,,,,,,,
Amma,2026-05-31 22:45 UTC,1415556,,,,,,,,,,,,,,
IngaRose,2026-05-31 22:45 UTC,2826751,,,,,,,,,,,,,,
FRIDAY*,2026-05-31 22:45 UTC,8222,,,,,,,,,,,,,,
aoif3,2026-05-31 22:45 UTC,789,,,,,,,,,,,,,,
Uche,2026-05-31 22:45 UTC,33146,,,,,,,,,,,,,,
Maxx Moor,2026-05-31 22:45 UTC,364,,,,,,,,,,,,,,
Swethings,2026-05-31 22:45 UTC,41621,,,,,,,,,,,,,,
22xlstl,2026-05-31 22:45 UTC,497244,,,,,,,,,,,,,,
Greg Gonzales,2026-05-31 22:45 UTC,3514202,,,,,,,,,,,,,,
Lyla George,2026-05-31 22:45 UTC,239043,,,,,,,,,,,,,,
Marlo Rex,2026-05-31 22:45 UTC,978477,,,,,,,,,,,,,,
Cobrah,2026-05-31 22:45 UTC,1813161,,,,,,,,,,,,,,
Asha Banks,2026-05-31 22:45 UTC,798694,,,,,,,,,,,,,,
Stanclickin,2026-05-31 22:45 UTC,29068,,,,,,,,,,,,,,
Ebony Riley,2026-05-31 22:45 UTC,148373,,,,,,,,,,,,,,
Knut€,2026-05-31 22:45 UTC,14608,,,,,,,,,,,,,,
SALIMATA,2026-05-31 22:45 UTC,385901,,,,,,,,,,,,,,
Tracy,2026-05-31 22:45 UTC,443178,,,,,,,,,,,,,,
GENER8ION,2026-05-31 22:45 UTC,2395509,,,,,,,,,,,,,,
BJOERN,2026-05-31 22:45 UTC,568687,,,,,,,,,,,,,,
Olwin,2026-05-31 22:45 UTC,33082,,,,,,,,,,,,,,
Fred Durst,2026-05-31 22:45 UTC,1858891,,,,,,,,,,,,,,
Twoske,2026-05-31 22:45 UTC,21728,,,,,,,,,,,,,,
Los Gofiones,2026-05-31 22:45 UTC,1270704,,,,,,,,,,,,,,
Chase Belly,2026-05-31 22:45 UTC,80479,,,,,,,,,,,,,,
CDB,2026-05-31 22:45 UTC,4004638,,,,,,,,,,,,,,
Cornfed Ted,2026-05-31 22:45 UTC,11613,,,,,,,,,,,,,,
Claar,2026-05-31 22:45 UTC,15821,,,,,,,,,,,,,,
KARLEE GIRL,2026-05-31 22:45 UTC,1694991,,,,,,,,,,,,,,
Warhol.SS,2026-05-31 22:45 UTC,555001,,,,,,,,,,,,,,
Lola Blue,2026-05-31 22:45 UTC,171437,,,,,,,,,,,,,,
AZIEDOESNTEXIST,2026-05-31 22:45 UTC,1181414,,,,,,,,,,,,,,
Eliah Sternhardt,2026-05-31 22:45 UTC,193933,,,,,,,,,,,,,,
$t3PPA,2026-06-01 23:20 UTC,122284,,,,,,,,,,,,,,
1 Umbrella,2026-06-01 23:20 UTC,105793,,,,,,,,,,,,,,
318dman,2026-06-01 23:20 UTC,319757,,,,,,,,,,,,,,
A2ANTI,2026-06-01 23:20 UTC,890658,,,,,,,,,,,,,,
Addison Dean,2026-06-01 23:20 UTC,7554,,,,,,,,,,,,,,
Aksomaniac,2026-06-01 23:20 UTC,2854610,,,,,,,,,,,,,,
Andre Troutman,2026-06-01 23:20 UTC,3252822,,,,,,,,,,,,,,
Angine de Poitrine,2026-06-01 23:20 UTC,1386248,,,,,,,,,,,,,,
Anik Khan,2026-06-01 23:20 UTC,85422,,,,,,,,,,,,,,
AQUAFINNA,2026-06-01 23:20 UTC,16755,,,,,,,,,,,,,,
Biggs money,2026-06-01 23:20 UTC,13518,,,,,,,,,,,,,,
Boi-1da,2026-06-01 23:20 UTC,494048,,,,,,,,,,,,,,
BossMan Pac,2026-06-01 23:20 UTC,67710,,,,,,,,,,,,,,
Brittany Aldean,2026-06-01 23:20 UTC,128252,,,,,,,,,,,,,,
Bryan Countach,2026-06-01 23:20 UTC,121411,,,,,,,,,,,,,,
Canada Soccer,2026-06-01 23:20 UTC,586125,,,,,,,,,,,,,,
Canyon,2026-06-01 23:20 UTC,32085,,,,,,,,,,,,,,
Cap1talA,2026-06-01 23:20 UTC,309480,,,,,,,,,,,,,,
Carter Faith,2026-06-01 23:20 UTC,2835204,,,,,,,,,,,,,,
Che,2026-06-01 23:20 UTC,1203455,,,,,,,,,,,,,,
Chyno Miranda,2026-06-01 23:20 UTC,1193926,,,,,,,,,,,,,,
Corridos del Rey,2026-06-01 23:20 UTC,2197386,,,,,,,,,,,,,,
Dale Move,2026-06-01 23:20 UTC,131005,,,,,,,,,,,,,,
Daniel Žižka,2026-06-01 23:20 UTC,771344,,,,,,,,,,,,,,
Dante,2026-06-01 23:20 UTC,301425,,,,,,,,,,,,,,
Dean Turnley,2026-06-01 23:20 UTC,1594763,,,,,,,,,,,,,,
Delta Ash,2026-06-01 23:20 UTC,637223,,,,,,,,,,,,,,
DETO BLACK,2026-06-01 23:20 UTC,329995,,,,,,,,,,,,,,
Devault,2026-06-01 23:20 UTC,2173810,,,,,,,,,,,,,,
Dexter and The Moonrocks,2026-06-01 23:20 UTC,8430935,,,,,,,,,,,,,,
diamond*,2026-06-01 23:20 UTC,268144,,,,,,,,,,,,,,
Diana Pilquist,2026-06-01 23:20 UTC,2516,,,,,,,,,,,,,,
DJ B7 o Piranhão,2026-06-01 23:20 UTC,3593982,,,,,,,,,,,,,,
DJ Holiday,2026-06-01 23:20 UTC,107692,,,,,,,,,,,,,,
dóttir.x,2026-06-01 23:20 UTC,89575,,,,,,,,,,,,,,
Druski,2026-06-01 23:20 UTC,663392,,,,,,,,,,,,,,
Dubioza Kolektive,2026-06-01 23:20 UTC,533791,,,,,,,,,,,,,,
dunderjeppe,2026-06-01 23:20 UTC,28083,,,,,,,,,,,,,,
Duskydemise archive,2026-06-01 23:20 UTC,450413,,,,,,,,,,,,,,
Duygu Edis,2026-06-01 23:20 UTC,1766466,,,,,,,,,,,,,,
Dwarde,2026-06-01 23:20 UTC,13320,,,,,,,,,,,,,,
EA TJ,2026-06-01 23:20 UTC,22937,,,,,,,,,,,,,,
EL DEMOON,2026-06-01 23:20 UTC,284,,,,,,,,,,,,,,
Emanazul,2026-06-01 23:20 UTC,417867,,,,,,,,,,,,,,
Emelie Trahan,2026-06-01 23:20 UTC,127955,,,,,,,,,,,,,,
EMJIE,2026-06-01 23:20 UTC,349181,,,,,,,,,,,,,,
ERISTHEPLANET,2026-06-01 23:20 UTC,80174,,,,,,,,,,,,,,
F3miii,2026-06-01 23:20 UTC,11849505,,,,,,,,,,,,,,
Fcukers,2026-06-01 23:20 UTC,2068186,,,,,,,,,,,,,,
FIFA Sound,2026-06-01 23:20 UTC,6221336,,,,,,,,,,,,,,
FLO,2026-06-01 23:20 UTC,3751881,,,,,,,,,,,,,,
Frost Children,2026-06-01 23:20 UTC,538437,,,,,,,,,,,,,,
frozz,2026-06-01 23:20 UTC,427155,,,,,,,,,,,,,,
G3B,2026-06-01 23:20 UTC,88915,,,,,,,,,,,,,,
Ghetto Beisha,2026-06-01 23:20 UTC,22285,,,,,,,,,,,,,,
Ghostfacekush,2026-06-01 23:20 UTC,69942,,,,,,,,,,,,,,
Girl Scout,2026-06-01 23:20 UTC,70183,,,,,,,,,,,,,,
girl_irl,2026-06-01 23:20 UTC,58116,,,,,,,,,,,,,,
girlsweetvoiced,2026-06-01 23:20 UTC,404950,,,,,,,,,,,,,,
Glizzy Glow,2026-06-01 23:20 UTC,5222,,,,,,,,,,,,,,
gnawvs,2026-06-01 23:20 UTC,1322,,,,,,,,,,,,,,
Godtripper,2026-06-01 23:20 UTC,215005,,,,,,,,,,,,,,
Grupo Primer Grado,2026-06-01 23:20 UTC,2189993,,,,,,,,,,,,,,
H. Hawkline,2026-06-01 23:20 UTC,166324,,,,,,,,,,,,,,
Harrd Luck,2026-06-01 23:20 UTC,42277,,,,,,,,,,,,,,
HittMan,2026-06-01 23:20 UTC,10043,,,,,,,,,,,,,,
Iguana Death Cult,2026-06-01 23:20 UTC,45740,,,,,,,,,,,,,,
Indeevar,2026-06-01 23:20 UTC,4134187,,,,,,,,,,,,,,
Indigo De Souza,2026-06-01 23:20 UTC,1478424,,,,,,,,,,,,,,
Infinity Song,2026-06-01 23:20 UTC,709441,,,,,,,,,,,,,,
isa in eutopia,2026-06-01 23:20 UTC,28665,,,,,,,,,,,,,,
JADA,2026-06-01 23:20 UTC,56556,,,,,,,,,,,,,,
Jadasea,2026-06-01 23:20 UTC,50105,,,,,,,,,,,,,,
jalda,2026-06-01 23:20 UTC,120867,,,,,,,,,,,,,,
Jimmy Butler,2026-06-01 23:20 UTC,44080,,,,,,,,,,,,,,
JJerome87,2026-06-01 23:20 UTC,220799,,,,,,,,,,,,,,
Joy Rhodes,2026-06-01 23:20 UTC,976678,,,,,,,,,,,,,,
Juju,2026-06-01 23:20 UTC,2788048,,,,,,,,,,,,,,
Julia Church,2026-06-01 23:20 UTC,3414110,,,,,,,,,,,,,,
Julie Williams,2026-06-01 23:20 UTC,44242,,,,,,,,,,,,,,
JussGigi,2026-06-01 23:20 UTC,0,,,,,,,,,,,,,,
Kala,2026-06-01 23:20 UTC,0,,,,,,,,,,,,,,
Karly Bowman,2026-06-01 23:20 UTC,77501,,,,,,,,,,,,,,
Khaled,2026-06-01 23:20 UTC,1830121,,,,,,,,,,,,,,
Khan Saab,2026-06-01 23:20 UTC,9491359,,,,,,,,,,,,,,
King Kylie,2026-06-01 23:20 UTC,505366,,,,,,,,,,,,,,
KINGH,2026-06-01 23:20 UTC,123654,,,,,,,,,,,,,,
Koilwood,2026-06-01 23:20 UTC,25019,,,,,,,,,,,,,,
KUČKA,2026-06-01 23:20 UTC,790318,,,,,,,,,,,,,,
Kurdi Klymax,2026-06-01 23:20 UTC,41825,,,,,,,,,,,,,,
kuru,2026-06-01 23:20 UTC,293652,,,,,,,,,,,,,,
Lamb,2026-06-01 23:20 UTC,232160,,,,,,,,,,,,,,
ledysek,2026-06-01 23:20 UTC,17290,,,,,,,,,,,,,,
Lerado Khalil,2026-06-01 23:20 UTC,39657,,,,,,,,,,,,,,
Les Imprimés,2026-06-01 23:20 UTC,97466,,,,,,,,,,,,,,
Lightris,2026-06-01 23:20 UTC,724989,,,,,,,,,,,,,,
Lil B,2026-06-01 23:20 UTC,1441625,,,,,,,,,,,,,,
Lil Righteous,2026-06-01 23:20 UTC,0,,,,,,,,,,,,,,
Loui Henderson,2026-06-01 23:20 UTC,99897,,,,,,,,,,,,,,
Luke Armstrong,2026-06-01 23:20 UTC,28586,,,,,,,,,,,,,,
M4IA,2026-06-01 23:20 UTC,167383,,,,,,,,,,,,,,
MAGIC SOUND WOLF,2026-06-01 23:20 UTC,604313,,,,,,,,,,,,,,
Malcolm Todd,2026-06-01 23:20 UTC,29686538,,,,,,,,,,,,,,
Maphra,2026-06-01 23:20 UTC,1402336,,,,,,,,,,,,,,
marquitos,2026-06-01 23:20 UTC,248071,,,,,,,,,,,,,,
Maviler,2026-06-01 23:20 UTC,445827,,,,,,,,,,,,,,
Merry Lamb Lamb,2026-06-01 23:20 UTC,4910,,,,,,,,,,,,,,
Mijabella Marie,2026-06-01 23:20 UTC,9355,,,,,,,,,,,,,,
MIKE,2026-06-01 23:20 UTC,593842,,,,,,,,,,,,,,
Momo Boyd,2026-06-01 23:20 UTC,1966073,,,,,,,,,,,,,,
Mr Dutt,2026-06-01 23:20 UTC,1608126,,,,,,,,,,,,,,
Mumu Fresh,2026-06-01 23:20 UTC,67542,,,,,,,,,,,,,,
My New Band Believe,2026-06-01 23:20 UTC,105487,,,,,,,,,,,,,,
Naarly,2026-06-01 23:20 UTC,5804173,,,,,,,,,,,,,,
Naod,2026-06-01 23:20 UTC,301757,,,,,,,,,,,,,,
Nickatnite,2026-06-01 23:20 UTC,2935,,,,,,,,,,,,,,
Nine Vicious,2026-06-01 23:20 UTC,1196030,,,,,,,,,,,,,,
nocashfromparents,2026-06-01 23:20 UTC,925341,,,,,,,,,,,,,,
North West,2026-06-01 23:20 UTC,884702,,,,,,,,,,,,,,
NPD,2026-06-01 23:20 UTC,1309075,,,,,,,,,,,,,,
OK Alva,2026-06-01 23:20 UTC,29696,,,,,,,,,,,,,,
OKI,2026-06-01 23:20 UTC,2241602,,,,,,,,,,,,,,
Olga Myko,2026-06-01 23:20 UTC,1998458,,,,,,,,,,,,,,
Olof Dreijer,2026-06-01 23:20 UTC,107103,,,,,,,,,,,,,,
osa,2026-06-01 23:20 UTC,178674,,,,,,,,,,,,,,
Oxis,2026-06-01 23:20 UTC,482447,,,,,,,,,,,,,,
Pocket,2026-06-01 23:20 UTC,77231,,,,,,,,,,,,,,
Pretty Pinkk,2026-06-01 23:20 UTC,22285,,,,,,,,,,,,,,
Pz',2026-06-01 23:20 UTC,353014,,,,,,,,,,,,,,
Rian Brazil,2026-06-01 23:20 UTC,78853,,,,,,,,,,,,,,
rjtheweirdo,2026-06-01 23:20 UTC,240089,,,,,,,,,,,,,,
Rocket Reese,2026-06-01 23:20 UTC,108723,,,,,,,,,,,,,,
S1RENA,2026-06-01 23:20 UTC,142347,,,,,,,,,,,,,,
Sa!koro,2026-06-01 23:20 UTC,77586,,,,,,,,,,,,,,
Sara Landry,2026-06-01 23:20 UTC,1143348,,,,,,,,,,,,,,
Sébastien Tellier,2026-06-01 23:20 UTC,907128,,,,,,,,,,,,,,
ShawtyRokk,2026-06-01 23:20 UTC,22414,,,,,,,,,,,,,,
shonci,2026-06-01 23:20 UTC,5445677,,,,,,,,,,,,,,
Slayr,2026-06-01 23:20 UTC,1027585,,,,,,,,,,,,,,
Slayyyter,2026-06-01 23:20 UTC,4818131,,,,,,,,,,,,,,
Slim Jxmmy,2026-06-01 23:20 UTC,35655,,,,,,,,,,,,,,
Sofiane Pamart,2026-06-01 23:20 UTC,3167625,,,,,,,,,,,,,,
Sons of Yusuf,2026-06-01 23:20 UTC,1253092,,,,,,,,,,,,,,
Southsidesilhouette,2026-06-01 23:20 UTC,155346,,,,,,,,,,,,,,
Specialist Moss,2026-06-01 23:20 UTC,464229,,,,,,,,,,,,,,
SPELLLING,2026-06-01 23:20 UTC,63767,,,,,,,,,,,,,,
Sreemani,2026-06-01 23:20 UTC,2620623,,,,,,,,,,,,,,
STELLA LEFTY,2026-06-01 23:20 UTC,13109495,,,,,,,,,,,,,,
Street Fever,2026-06-01 23:20 UTC,58011,,,,,,,,,,,,,,
Sunday Service Choir,2026-06-01 23:20 UTC,383565,,,,,,,,,,,,,,
SURF GANG,2026-06-01 23:20 UTC,330562,,,,,,,,,,,,,,
Swizz Beatz,2026-06-01 23:20 UTC,601121,,,,,,,,,,,,,,
T.O.P,2026-06-01 23:20 UTC,890983,,,,,,,,,,,,,,
Tabi Gervis,2026-06-01 23:20 UTC,16637,,,,,,,,,,,,,,
Temper City,2026-06-01 23:20 UTC,19623054,,,,,,,,,,,,,,
Tezzus,2026-06-01 23:20 UTC,281819,,,,,,,,,,,,,,
The Long Faces,2026-06-01 23:20 UTC,5516227,,,,,,,,,,,,,,
The Twins,2026-06-01 23:20 UTC,74420,,,,,,,,,,,,,,
THELMA,2026-06-01 23:20 UTC,36397,,,,,,,,,,,,,,
Tiffany Day,2026-06-01 23:20 UTC,1228634,,,,,,,,,,,,,,
Tom Did It,2026-06-01 23:20 UTC,1011471,,,,,,,,,,,,,,
Tom Right,2026-06-01 23:20 UTC,1479143,,,,,,,,,,,,,,
TOMORA,2026-06-01 23:20 UTC,619418,,,,,,,,,,,,,,
Trim,2026-06-01 23:20 UTC,3054479,,,,,,,,,,,,,,
Tsatsamis,2026-06-01 23:20 UTC,130349,,,,,,,,,,,,,,
twentythree,2026-06-01 23:20 UTC,1174229,,,,,,,,,,,,,,
TXKUMOON,2026-06-01 23:20 UTC,817181,,,,,,,,,,,,,,
Vaibhav Gupta,2026-06-01 23:20 UTC,1404623,,,,,,,,,,,,,,
waera,2026-06-01 23:20 UTC,123306,,,,,,,,,,,,,,
Warren Roob,2026-06-01 23:20 UTC,189101,,,,,,,,,,,,,,
Welwitschia,2026-06-01 23:20 UTC,209333,,,,,,,,,,,,,,
Will Sass,2026-06-01 23:20 UTC,595327,,,,,,,,,,,,,,
Wtm Solid,2026-06-01 23:20 UTC,3466,,,,,,,,,,,,,,
Yaeger,2026-06-01 23:20 UTC,181801,,,,,,,,,,,,,,
YASP,2026-06-01 23:20 UTC,29276,,,,,,,,,,,,,,
Ye,2026-06-01 23:20 UTC,8022669,,,,,,,,,,,,,,
Yonusa,2026-06-01 23:20 UTC,3276,,,,,,,,,,,,,,
YUNA,2026-06-01 23:20 UTC,827175,,,,,,,,,,,,,,
Yuyu19,2026-06-01 23:20 UTC,962277,,,,,,,,,,,,,,
Zycan,2026-06-01 23:20 UTC,641067,,,,,,,,,,,,,,
drug bug,2026-06-01 23:20 UTC,51476,,,,,,,,,,,,,,
ILYAH,2026-06-01 23:20 UTC,632850,,,,,,,,,,,,,,
Los Brasileros,2026-06-01 23:20 UTC,1531656,,,,,,,,,,,,,,
am7iri,2026-06-01 23:20 UTC,1764733,,,,,,,,,,,,,,
Los Buyer,2026-06-01 23:20 UTC,1063705,,,,,,,,,,,,,,
Pikeras,2026-06-01 23:20 UTC,1562652,,,,,,,,,,,,,,
Heitor Santos,2026-06-01 23:20 UTC,2081304,,,,,,,,,,,,,,
Melly,2026-06-01 23:20 UTC,856056,,,,,,,,,,,,,,
OT The Real,2026-06-01 23:20 UTC,120858,,,,,,,,,,,,,,
Big Papa313,2026-06-01 23:20 UTC,1258580,,,,,,,,,,,,,,
kortani,2026-06-01 23:20 UTC,220749,,,,,,,,,,,,,,
daydreamers,2026-06-01 23:20 UTC,210004,,,,,,,,,,,,,,
Amma,2026-06-01 23:20 UTC,1408310,,,,,,,,,,,,,,
IngaRose,2026-06-01 23:20 UTC,2853890,,,,,,,,,,,,,,
FRIDAY*,2026-06-01 23:20 UTC,8104,,,,,,,,,,,,,,
aoif3,2026-06-01 23:20 UTC,785,,,,,,,,,,,,,,
Uche,2026-06-01 23:20 UTC,35990,,,,,,,,,,,,,,
Maxx Moor,2026-06-01 23:20 UTC,362,,,,,,,,,,,,,,
Swethings,2026-06-01 23:20 UTC,41111,,,,,,,,,,,,,,
22xlstl,2026-06-01 23:20 UTC,488463,,,,,,,,,,,,,,
Greg Gonzales,2026-06-01 23:20 UTC,3458477,,,,,,,,,,,,,,
Lyla George,2026-06-01 23:20 UTC,222875,,,,,,,,,,,,,,
Marlo Rex,2026-06-01 23:20 UTC,970302,,,,,,,,,,,,,,
Cobrah,2026-06-01 23:20 UTC,1797593,,,,,,,,,,,,,,
Asha Banks,2026-06-01 23:20 UTC,812588,,,,,,,,,,,,,,
Stanclickin,2026-06-01 23:20 UTC,28918,,,,,,,,,,,,,,
Ebony Riley,2026-06-01 23:20 UTC,143445,,,,,,,,,,,,,,
Knut€,2026-06-01 23:20 UTC,14151,,,,,,,,,,,,,,
SALIMATA,2026-06-01 23:20 UTC,378836,,,,,,,,,,,,,,
Tracy,2026-06-01 23:20 UTC,439435,,,,,,,,,,,,,,
GENER8ION,2026-06-01 23:20 UTC,2370595,,,,,,,,,,,,,,
BJOERN,2026-06-01 23:20 UTC,564742,,,,,,,,,,,,,,
Olwin,2026-06-01 23:20 UTC,31745,,,,,,,,,,,,,,
Fred Durst,2026-06-01 23:20 UTC,1851729,,,,,,,,,,,,,,
Twoske,2026-06-01 23:20 UTC,20842,,,,,,,,,,,,,,
Los Gofiones,2026-06-01 23:20 UTC,1241702,,,,,,,,,,,,,,
Chase Belly,2026-06-01 23:20 UTC,75412,,,,,,,,,,,,,,
CDB,2026-06-01 23:20 UTC,4016575,,,,,,,,,,,,,,
Cornfed Ted,2026-06-01 23:20 UTC,11362,,,,,,,,,,,,,,
Claar,2026-06-01 23:20 UTC,15617,,,,,,,,,,,,,,
KARLEE GIRL,2026-06-01 23:20 UTC,1720887,,,,,,,,,,,,,,
Warhol.SS,2026-06-01 23:20 UTC,552957,,,,,,,,,,,,,,
Lola Blue,2026-06-01 23:20 UTC,172929,,,,,,,,,,,,,,
AZIEDOESNTEXIST,2026-06-01 23:20 UTC,1192897,,,,,,,,,,,,,,
Eliah Sternhardt,2026-06-01 23:20 UTC,194661,,,,,,,,,,,,,,
$t3PPA,2026-06-02 23:25 UTC,121721,,,,,,,,,,,,,,
1 Umbrella,2026-06-02 23:25 UTC,104460,,,,,,,,,,,,,,
318dman,2026-06-02 23:25 UTC,329587,,,,,,,,,,,,,,
A2ANTI,2026-06-02 23:25 UTC,887148,,,,,,,,,,,,,,
Addison Dean,2026-06-02 23:25 UTC,7627,,,,,,,,,,,,,,
Aksomaniac,2026-06-02 23:25 UTC,2899563,,,,,,,,,,,,,,
Andre Troutman,2026-06-02 23:25 UTC,3282791,,,,,,,,,,,,,,
Angine de Poitrine,2026-06-02 23:25 UTC,1374779,,,,,,,,,,,,,,
Anik Khan,2026-06-02 23:25 UTC,84737,,,,,,,,,,,,,,
AQUAFINNA,2026-06-02 23:25 UTC,16668,,,,,,,,,,,,,,
Biggs money,2026-06-02 23:25 UTC,13191,,,,,,,,,,,,,,
Boi-1da,2026-06-02 23:25 UTC,501529,,,,,,,,,,,,,,
BossMan Pac,2026-06-02 23:25 UTC,67666,,,,,,,,,,,,,,
Brittany Aldean,2026-06-02 23:25 UTC,124815,,,,,,,,,,,,,,
Bryan Countach,2026-06-02 23:25 UTC,120578,,,,,,,,,,,,,,
Canada Soccer,2026-06-02 23:25 UTC,602793,,,,,,,,,,,,,,
Canyon,2026-06-02 23:25 UTC,31623,,,,,,,,,,,,,,
Cap1talA,2026-06-02 23:25 UTC,313669,,,,,,,,,,,,,,
Carter Faith,2026-06-02 23:25 UTC,2816161,,,,,,,,,,,,,,
Che,2026-06-02 23:25 UTC,1201548,,,,,,,,,,,,,,
Chyno Miranda,2026-06-02 23:25 UTC,1172562,,,,,,,,,,,,,,
Corridos del Rey,2026-06-02 23:25 UTC,2244111,,,,,,,,,,,,,,
Dale Move,2026-06-02 23:25 UTC,127053,,,,,,,,,,,,,,
Daniel Žižka,2026-06-02 23:25 UTC,774020,,,,,,,,,,,,,,
Dante,2026-06-02 23:25 UTC,309977,,,,,,,,,,,,,,
Dean Turnley,2026-06-02 23:25 UTC,1599430,,,,,,,,,,,,,,
Delta Ash,2026-06-02 23:25 UTC,631723,,,,,,,,,,,,,,
DETO BLACK,2026-06-02 23:25 UTC,320895,,,,,,,,,,,,,,
Devault,2026-06-02 23:25 UTC,2151674,,,,,,,,,,,,,,
Dexter and The Moonrocks,2026-06-02 23:25 UTC,8496930,,,,,,,,,,,,,,
diamond*,2026-06-02 23:25 UTC,269393,,,,,,,,,,,,,,
Diana Pilquist,2026-06-02 23:25 UTC,2435,,,,,,,,,,,,,,
DJ B7 o Piranhão,2026-06-02 23:25 UTC,3581090,,,,,,,,,,,,,,
DJ Holiday,2026-06-02 23:25 UTC,106799,,,,,,,,,,,,,,
dóttir.x,2026-06-02 23:25 UTC,89588,,,,,,,,,,,,,,
Druski,2026-06-02 23:25 UTC,648747,,,,,,,,,,,,,,
Dubioza Kolektive,2026-06-02 23:25 UTC,538457,,,,,,,,,,,,,,
dunderjeppe,2026-06-02 23:25 UTC,28150,,,,,,,,,,,,,,
Duskydemise archive,2026-06-02 23:25 UTC,453188,,,,,,,,,,,,,,
Duygu Edis,2026-06-02 23:25 UTC,1743018,,,,,,,,,,,,,,
Dwarde,2026-06-02 23:25 UTC,13349,,,,,,,,,,,,,,
EA TJ,2026-06-02 23:25 UTC,22578,,,,,,,,,,,,,,
EL DEMOON,2026-06-02 23:25 UTC,242,,,,,,,,,,,,,,
Emanazul,2026-06-02 23:25 UTC,413416,,,,,,,,,,,,,,
Emelie Trahan,2026-06-02 23:25 UTC,132333,,,,,,,,,,,,,,
EMJIE,2026-06-02 23:25 UTC,356135,,,,,,,,,,,,,,
ERISTHEPLANET,2026-06-02 23:25 UTC,80787,,,,,,,,,,,,,,
F3miii,2026-06-02 23:25 UTC,12322293,,,,,,,,,,,,,,
Fcukers,2026-06-02 23:25 UTC,2064996,,,,,,,,,,,,,,
FIFA Sound,2026-06-02 23:25 UTC,6492584,,,,,,,,,,,,,,
FLO,2026-06-02 23:25 UTC,3749401,,,,,,,,,,,,,,
Frost Children,2026-06-02 23:25 UTC,539209,,,,,,,,,,,,,,
frozz,2026-06-02 23:25 UTC,418597,,,,,,,,,,,,,,
G3B,2026-06-02 23:25 UTC,87376,,,,,,,,,,,,,,
Ghetto Beisha,2026-06-02 23:25 UTC,21588,,,,,,,,,,,,,,
Ghostfacekush,2026-06-02 23:25 UTC,69279,,,,,,,,,,,,,,
Girl Scout,2026-06-02 23:25 UTC,70471,,,,,,,,,,,,,,
girl_irl,2026-06-02 23:25 UTC,57698,,,,,,,,,,,,,,
girlsweetvoiced,2026-06-02 23:25 UTC,401270,,,,,,,,,,,,,,
Glizzy Glow,2026-06-02 23:25 UTC,5175,,,,,,,,,,,,,,
gnawvs,2026-06-02 23:25 UTC,1311,,,,,,,,,,,,,,
Godtripper,2026-06-02 23:25 UTC,212484,,,,,,,,,,,,,,
Grupo Primer Grado,2026-06-02 23:25 UTC,2210379,,,,,,,,,,,,,,
H. Hawkline,2026-06-02 23:25 UTC,166865,,,,,,,,,,,,,,
Harrd Luck,2026-06-02 23:25 UTC,41559,,,,,,,,,,,,,,
HittMan,2026-06-02 23:25 UTC,9955,,,,,,,,,,,,,,
Iguana Death Cult,2026-06-02 23:25 UTC,45916,,,,,,,,,,,,,,
Indeevar,2026-06-02 23:25 UTC,4076486,,,,,,,,,,,,,,
Indigo De Souza,2026-06-02 23:25 UTC,1468550,,,,,,,,,,,,,,
Infinity Song,2026-06-02 23:25 UTC,706492,,,,,,,,,,,,,,
isa in eutopia,2026-06-02 23:25 UTC,28176,,,,,,,,,,,,,,
JADA,2026-06-02 23:25 UTC,58308,,,,,,,,,,,,,,
Jadasea,2026-06-02 23:25 UTC,49092,,,,,,,,,,,,,,
jalda,2026-06-02 23:25 UTC,122296,,,,,,,,,,,,,,
Jimmy Butler,2026-06-02 23:25 UTC,42967,,,,,,,,,,,,,,
JJerome87,2026-06-02 23:25 UTC,237565,,,,,,,,,,,,,,
Joy Rhodes,2026-06-02 23:25 UTC,987859,,,,,,,,,,,,,,
Juju,2026-06-02 23:25 UTC,2782453,,,,,,,,,,,,,,
Julia Church,2026-06-02 23:25 UTC,3390215,,,,,,,,,,,,,,
Julie Williams,2026-06-02 23:25 UTC,42922,,,,,,,,,,,,,,
JussGigi,2026-06-02 23:25 UTC,0,,,,,,,,,,,,,,
Kala,2026-06-02 23:25 UTC,0,,,,,,,,,,,,,,
Karly Bowman,2026-06-02 23:25 UTC,77104,,,,,,,,,,,,,,
Khaled,2026-06-02 23:25 UTC,1823406,,,,,,,,,,,,,,
Khan Saab,2026-06-02 23:25 UTC,9461779,,,,,,,,,,,,,,
King Kylie,2026-06-02 23:25 UTC,497381,,,,,,,,,,,,,,
KINGH,2026-06-02 23:25 UTC,128323,,,,,,,,,,,,,,
Koilwood,2026-06-02 23:25 UTC,25352,,,,,,,,,,,,,,
KUČKA,2026-06-02 23:25 UTC,788264,,,,,,,,,,,,,,
Kurdi Klymax,2026-06-02 23:25 UTC,42232,,,,,,,,,,,,,,
kuru,2026-06-02 23:25 UTC,295408,,,,,,,,,,,,,,
Lamb,2026-06-02 23:25 UTC,232896,,,,,,,,,,,,,,
ledysek,2026-06-02 23:25 UTC,17343,,,,,,,,,,,,,,
Lerado Khalil,2026-06-02 23:25 UTC,38704,,,,,,,,,,,,,,
Les Imprimés,2026-06-02 23:25 UTC,99659,,,,,,,,,,,,,,
Lightris,2026-06-02 23:25 UTC,732491,,,,,,,,,,,,,,
Lil B,2026-06-02 23:25 UTC,1432658,,,,,,,,,,,,,,
Lil Righteous,2026-06-02 23:25 UTC,0,,,,,,,,,,,,,,
Loui Henderson,2026-06-02 23:25 UTC,97332,,,,,,,,,,,,,,
Luke Armstrong,2026-06-02 23:25 UTC,28582,,,,,,,,,,,,,,
M4IA,2026-06-02 23:25 UTC,183202,,,,,,,,,,,,,,
MAGIC SOUND WOLF,2026-06-02 23:25 UTC,608359,,,,,,,,,,,,,,
Malcolm Todd,2026-06-02 23:25 UTC,29929467,,,,,,,,,,,,,,
Maphra,2026-06-02 23:25 UTC,1393646,,,,,,,,,,,,,,
marquitos,2026-06-02 23:25 UTC,245780,,,,,,,,,,,,,,
Maviler,2026-06-02 23:25 UTC,446001,,,,,,,,,,,,,,
Merry Lamb Lamb,2026-06-02 23:25 UTC,4773,,,,,,,,,,,,,,
Mijabella Marie,2026-06-02 23:25 UTC,9278,,,,,,,,,,,,,,
MIKE,2026-06-02 23:25 UTC,590944,,,,,,,,,,,,,,
Momo Boyd,2026-06-02 23:25 UTC,1959149,,,,,,,,,,,,,,
Mr Dutt,2026-06-02 23:25 UTC,1612736,,,,,,,,,,,,,,
Mumu Fresh,2026-06-02 23:25 UTC,67797,,,,,,,,,,,,,,
My New Band Believe,2026-06-02 23:25 UTC,103602,,,,,,,,,,,,,,
Naarly,2026-06-02 23:25 UTC,5818533,,,,,,,,,,,,,,
Naod,2026-06-02 23:25 UTC,301489,,,,,,,,,,,,,,
Nickatnite,2026-06-02 23:25 UTC,2933,,,,,,,,,,,,,,
Nine Vicious,2026-06-02 23:25 UTC,1199423,,,,,,,,,,,,,,
nocashfromparents,2026-06-02 23:25 UTC,921707,,,,,,,,,,,,,,
North West,2026-06-02 23:25 UTC,835210,,,,,,,,,,,,,,
NPD,2026-06-02 23:25 UTC,1314073,,,,,,,,,,,,,,
OK Alva,2026-06-02 23:25 UTC,28125,,,,,,,,,,,,,,
OKI,2026-06-02 23:25 UTC,2245397,,,,,,,,,,,,,,
Olga Myko,2026-06-02 23:25 UTC,1974690,,,,,,,,,,,,,,
Olof Dreijer,2026-06-02 23:25 UTC,107678,,,,,,,,,,,,,,
osa,2026-06-02 23:25 UTC,180761,,,,,,,,,,,,,,
Oxis,2026-06-02 23:25 UTC,481997,,,,,,,,,,,,,,
Pocket,2026-06-02 23:25 UTC,75183,,,,,,,,,,,,,,
Pretty Pinkk,2026-06-02 23:25 UTC,21588,,,,,,,,,,,,,,
Pz',2026-06-02 23:25 UTC,356154,,,,,,,,,,,,,,
Rian Brazil,2026-06-02 23:25 UTC,80485,,,,,,,,,,,,,,
rjtheweirdo,2026-06-02 23:25 UTC,238995,,,,,,,,,,,,,,
Rocket Reese,2026-06-02 23:25 UTC,108768,,,,,,,,,,,,,,
S1RENA,2026-06-02 23:25 UTC,141506,,,,,,,,,,,,,,
Sa!koro,2026-06-02 23:25 UTC,77678,,,,,,,,,,,,,,
Sara Landry,2026-06-02 23:25 UTC,1143165,,,,,,,,,,,,,,
Sébastien Tellier,2026-06-02 23:25 UTC,893156,,,,,,,,,,,,,,
ShawtyRokk,2026-06-02 23:25 UTC,22968,,,,,,,,,,,,,,
shonci,2026-06-02 23:25 UTC,5470589,,,,,,,,,,,,,,
Slayr,2026-06-02 23:25 UTC,1022680,,,,,,,,,,,,,,
Slayyyter,2026-06-02 23:25 UTC,4938148,,,,,,,,,,,,,,
Slim Jxmmy,2026-06-02 23:25 UTC,35707,,,,,,,,,,,,,,
Sofiane Pamart,2026-06-02 23:25 UTC,3142046,,,,,,,,,,,,,,
Sons of Yusuf,2026-06-02 23:25 UTC,1245490,,,,,,,,,,,,,,
Southsidesilhouette,2026-06-02 23:25 UTC,153665,,,,,,,,,,,,,,
Specialist Moss,2026-06-02 23:25 UTC,463507,,,,,,,,,,,,,,
SPELLLING,2026-06-02 23:25 UTC,62840,,,,,,,,,,,,,,
Sreemani,2026-06-02 23:25 UTC,2614219,,,,,,,,,,,,,,
STELLA LEFTY,2026-06-02 23:25 UTC,13099083,,,,,,,,,,,,,,
Street Fever,2026-06-02 23:25 UTC,57146,,,,,,,,,,,,,,
Sunday Service Choir,2026-06-02 23:25 UTC,383691,,,,,,,,,,,,,,
SURF GANG,2026-06-02 23:25 UTC,326335,,,,,,,,,,,,,,
Swizz Beatz,2026-06-02 23:25 UTC,597160,,,,,,,,,,,,,,
T.O.P,2026-06-02 23:25 UTC,878238,,,,,,,,,,,,,,
Tabi Gervis,2026-06-02 23:25 UTC,16892,,,,,,,,,,,,,,
Temper City,2026-06-02 23:25 UTC,19783848,,,,,,,,,,,,,,
Tezzus,2026-06-02 23:25 UTC,280761,,,,,,,,,,,,,,
The Long Faces,2026-06-02 23:25 UTC,5545412,,,,,,,,,,,,,,
The Twins,2026-06-02 23:25 UTC,75681,,,,,,,,,,,,,,
THELMA,2026-06-02 23:25 UTC,36100,,,,,,,,,,,,,,
Tiffany Day,2026-06-02 23:25 UTC,1231690,,,,,,,,,,,,,,
Tom Did It,2026-06-02 23:25 UTC,1009456,,,,,,,,,,,,,,
Tom Right,2026-06-02 23:25 UTC,1490520,,,,,,,,,,,,,,
TOMORA,2026-06-02 23:25 UTC,614176,,,,,,,,,,,,,,
Trim,2026-06-02 23:25 UTC,3102495,,,,,,,,,,,,,,
Tsatsamis,2026-06-02 23:25 UTC,126245,,,,,,,,,,,,,,
twentythree,2026-06-02 23:25 UTC,1173814,,,,,,,,,,,,,,
TXKUMOON,2026-06-02 23:25 UTC,790906,,,,,,,,,,,,,,
Vaibhav Gupta,2026-06-02 23:25 UTC,1396858,,,,,,,,,,,,,,
waera,2026-06-02 23:25 UTC,123820,,,,,,,,,,,,,,
Warren Roob,2026-06-02 23:25 UTC,188594,,,,,,,,,,,,,,
Welwitschia,2026-06-02 23:25 UTC,204473,,,,,,,,,,,,,,
Will Sass,2026-06-02 23:25 UTC,592909,,,,,,,,,,,,,,
Wtm Solid,2026-06-02 23:25 UTC,3456,,,,,,,,,,,,,,
Yaeger,2026-06-02 23:25 UTC,180258,,,,,,,,,,,,,,
YASP,2026-06-02 23:25 UTC,30443,,,,,,,,,,,,,,
Ye,2026-06-02 23:25 UTC,8043655,,,,,,,,,,,,,,
Yonusa,2026-06-02 23:25 UTC,3105,,,,,,,,,,,,,,
YUNA,2026-06-02 23:25 UTC,818136,,,,,,,,,,,,,,
Yuyu19,2026-06-02 23:25 UTC,956949,,,,,,,,,,,,,,
Zycan,2026-06-02 23:25 UTC,629131,,,,,,,,,,,,,,
drug bug,2026-06-02 23:25 UTC,51644,,,,,,,,,,,,,,
ILYAH,2026-06-02 23:25 UTC,632808,,,,,,,,,,,,,,
Los Brasileros,2026-06-02 23:25 UTC,1527420,,,,,,,,,,,,,,
am7iri,2026-06-02 23:25 UTC,1790040,,,,,,,,,,,,,,
Los Buyer,2026-06-02 23:25 UTC,1064671,,,,,,,,,,,,,,
Pikeras,2026-06-02 23:25 UTC,1568239,,,,,,,,,,,,,,
Heitor Santos,2026-06-02 23:25 UTC,2066438,,,,,,,,,,,,,,
Melly,2026-06-02 23:25 UTC,859768,,,,,,,,,,,,,,
OT The Real,2026-06-02 23:25 UTC,118873,,,,,,,,,,,,,,
Big Papa313,2026-06-02 23:25 UTC,1258652,,,,,,,,,,,,,,
kortani,2026-06-02 23:25 UTC,217774,,,,,,,,,,,,,,
daydreamers,2026-06-02 23:25 UTC,211820,,,,,,,,,,,,,,
Amma,2026-06-02 23:25 UTC,1398505,,,,,,,,,,,,,,
IngaRose,2026-06-02 23:25 UTC,2911806,,,,,,,,,,,,,,
FRIDAY*,2026-06-02 23:25 UTC,8000,,,,,,,,,,,,,,
aoif3,2026-06-02 23:25 UTC,767,,,,,,,,,,,,,,
Uche,2026-06-02 23:25 UTC,39632,,,,,,,,,,,,,,
Maxx Moor,2026-06-02 23:25 UTC,377,,,,,,,,,,,,,,
Swethings,2026-06-02 23:25 UTC,40584,,,,,,,,,,,,,,
22xlstl,2026-06-02 23:25 UTC,470402,,,,,,,,,,,,,,
Greg Gonzales,2026-06-02 23:25 UTC,3396915,,,,,,,,,,,,,,
Lyla George,2026-06-02 23:25 UTC,211538,,,,,,,,,,,,,,
Marlo Rex,2026-06-02 23:25 UTC,961733,,,,,,,,,,,,,,
Cobrah,2026-06-02 23:25 UTC,1775461,,,,,,,,,,,,,,
Asha Banks,2026-06-02 23:25 UTC,829233,,,,,,,,,,,,,,
Stanclickin,2026-06-02 23:25 UTC,28694,,,,,,,,,,,,,,
Ebony Riley,2026-06-02 23:25 UTC,137922,,,,,,,,,,,,,,
Knut€,2026-06-02 23:25 UTC,13553,,,,,,,,,,,,,,
SALIMATA,2026-06-02 23:25 UTC,370186,,,,,,,,,,,,,,
Tracy,2026-06-02 23:25 UTC,436187,,,,,,,,,,,,,,
GENER8ION,2026-06-02 23:25 UTC,2337926,,,,,,,,,,,,,,
BJOERN,2026-06-02 23:25 UTC,561806,,,,,,,,,,,,,,
Olwin,2026-06-02 23:25 UTC,29146,,,,,,,,,,,,,,
Fred Durst,2026-06-02 23:25 UTC,1841585,,,,,,,,,,,,,,
Twoske,2026-06-02 23:25 UTC,19921,,,,,,,,,,,,,,
Los Gofiones,2026-06-02 23:25 UTC,1200379,,,,,,,,,,,,,,
Chase Belly,2026-06-02 23:25 UTC,69957,,,,,,,,,,,,,,
CDB,2026-06-02 23:25 UTC,4027312,,,,,,,,,,,,,,
Cornfed Ted,2026-06-02 23:25 UTC,11202,,,,,,,,,,,,,,
Claar,2026-06-02 23:25 UTC,15141,,,,,,,,,,,,,,
KARLEE GIRL,2026-06-02 23:25 UTC,1741485,,,,,,,,,,,,,,
Warhol.SS,2026-06-02 23:25 UTC,551858,,,,,,,,,,,,,,
Lola Blue,2026-06-02 23:25 UTC,175410,,,,,,,,,,,,,,
AZIEDOESNTEXIST,2026-06-02 23:25 UTC,1207282,,,,,,,,,,,,,,
Eliah Sternhardt,2026-06-02 23:25 UTC,195226,,,,,,,,,,,,,,
$t3PPA,2026-06-03 23:25 UTC,120576,,,,,,,,,,,,,,
1 Umbrella,2026-06-03 23:25 UTC,103387,,,,,,,,,,,,,,
318dman,2026-06-03 23:25 UTC,340450,,,,,,,,,,,,,,
A2ANTI,2026-06-03 23:25 UTC,883436,,,,,,,,,,,,,,
Addison Dean,2026-06-03 23:25 UTC,7702,,,,,,,,,,,,,,
Aksomaniac,2026-06-03 23:25 UTC,2938655,,,,,,,,,,,,,,
Andre Troutman,2026-06-03 23:25 UTC,3297651,,,,,,,,,,,,,,
Angine de Poitrine,2026-06-03 23:25 UTC,1363295,,,,,,,,,,,,,,
Anik Khan,2026-06-03 23:25 UTC,83752,,,,,,,,,,,,,,
AQUAFINNA,2026-06-03 23:25 UTC,16558,,,,,,,,,,,,,,
Biggs money,2026-06-03 23:25 UTC,13007,,,,,,,,,,,,,,
Boi-1da,2026-06-03 23:25 UTC,505633,,,,,,,,,,,,,,
BossMan Pac,2026-06-03 23:25 UTC,67367,,,,,,,,,,,,,,
Brittany Aldean,2026-06-03 23:25 UTC,122594,,,,,,,,,,,,,,
Bryan Countach,2026-06-03 23:25 UTC,119797,,,,,,,,,,,,,,
Canada Soccer,2026-06-03 23:25 UTC,609992,,,,,,,,,,,,,,
Canyon,2026-06-03 23:25 UTC,31162,,,,,,,,,,,,,,
Cap1talA,2026-06-03 23:25 UTC,316235,,,,,,,,,,,,,,
Carter Faith,2026-06-03 23:25 UTC,2792527,,,,,,,,,,,,,,
Che,2026-06-03 23:25 UTC,1202114,,,,,,,,,,,,,,
Chyno Miranda,2026-06-03 23:25 UTC,1150370,,,,,,,,,,,,,,
Corridos del Rey,2026-06-03 23:25 UTC,2281968,,,,,,,,,,,,,,
Dale Move,2026-06-03 23:25 UTC,123201,,,,,,,,,,,,,,
Daniel Žižka,2026-06-03 23:25 UTC,776314,,,,,,,,,,,,,,
Dante,2026-06-03 23:25 UTC,317169,,,,,,,,,,,,,,
Dean Turnley,2026-06-03 23:25 UTC,1604682,,,,,,,,,,,,,,
Delta Ash,2026-06-03 23:25 UTC,629421,,,,,,,,,,,,,,
DETO BLACK,2026-06-03 23:25 UTC,314073,,,,,,,,,,,,,,
Devault,2026-06-03 23:25 UTC,2127534,,,,,,,,,,,,,,
Dexter and The Moonrocks,2026-06-03 23:25 UTC,8540588,,,,,,,,,,,,,,
diamond*,2026-06-03 23:25 UTC,271015,,,,,,,,,,,,,,
Diana Pilquist,2026-06-03 23:25 UTC,2382,,,,,,,,,,,,,,
DJ B7 o Piranhão,2026-06-03 23:25 UTC,3573896,,,,,,,,,,,,,,
DJ Holiday,2026-06-03 23:25 UTC,105913,,,,,,,,,,,,,,
dóttir.x,2026-06-03 23:25 UTC,89699,,,,,,,,,,,,,,
Druski,2026-06-03 23:25 UTC,635022,,,,,,,,,,,,,,
Dubioza Kolektive,2026-06-03 23:25 UTC,542011,,,,,,,,,,,,,,
dunderjeppe,2026-06-03 23:25 UTC,28076,,,,,,,,,,,,,,
Duskydemise archive,2026-06-03 23:25 UTC,453525,,,,,,,,,,,,,,
Duygu Edis,2026-06-03 23:25 UTC,1721432,,,,,,,,,,,,,,
Dwarde,2026-06-03 23:25 UTC,13370,,,,,,,,,,,,,,
EA TJ,2026-06-03 23:25 UTC,22286,,,,,,,,,,,,,,
EL DEMOON,2026-06-03 23:25 UTC,191,,,,,,,,,,,,,,
Emanazul,2026-06-03 23:25 UTC,408920,,,,,,,,,,,,,,
Emelie Trahan,2026-06-03 23:25 UTC,136106,,,,,,,,,,,,,,
EMJIE,2026-06-03 23:25 UTC,362684,,,,,,,,,,,,,,
ERISTHEPLANET,2026-06-03 23:25 UTC,81139,,,,,,,,,,,,,,
F3miii,2026-06-03 23:25 UTC,12742078,,,,,,,,,,,,,,
Fcukers,2026-06-03 23:25 UTC,2064213,,,,,,,,,,,,,,
FIFA Sound,2026-06-03 23:25 UTC,6767371,,,,,,,,,,,,,,
FLO,2026-06-03 23:25 UTC,3754681,,,,,,,,,,,,,,
Frost Children,2026-06-03 23:25 UTC,540060,,,,,,,,,,,,,,
frozz,2026-06-03 23:25 UTC,430170,,,,,,,,,,,,,,
G3B,2026-06-03 23:25 UTC,86020,,,,,,,,,,,,,,
Ghetto Beisha,2026-06-03 23:25 UTC,20821,,,,,,,,,,,,,,
Ghostfacekush,2026-06-03 23:25 UTC,68903,,,,,,,,,,,,,,
Girl Scout,2026-06-03 23:25 UTC,70970,,,,,,,,,,,,,,
girl_irl,2026-06-03 23:25 UTC,57601,,,,,,,,,,,,,,
girlsweetvoiced,2026-06-03 23:25 UTC,398538,,,,,,,,,,,,,,
Glizzy Glow,2026-06-03 23:25 UTC,5124,,,,,,,,,,,,,,
gnawvs,2026-06-03 23:25 UTC,1317,,,,,,,,,,,,,,
Godtripper,2026-06-03 23:25 UTC,209861,,,,,,,,,,,,,,
Grupo Primer Grado,2026-06-03 23:25 UTC,2224606,,,,,,,,,,,,,,
H. Hawkline,2026-06-03 23:25 UTC,167267,,,,,,,,,,,,,,
Harrd Luck,2026-06-03 23:25 UTC,40946,,,,,,,,,,,,,,
HittMan,2026-06-03 23:25 UTC,9831,,,,,,,,,,,,,,
Iguana Death Cult,2026-06-03 23:25 UTC,45725,,,,,,,,,,,,,,
Indeevar,2026-06-03 23:25 UTC,4015033,,,,,,,,,,,,,,
Indigo De Souza,2026-06-03 23:25 UTC,1459933,,,,,,,,,,,,,,
Infinity Song,2026-06-03 23:25 UTC,706266,,,,,,,,,,,,,,
isa in eutopia,2026-06-03 23:25 UTC,27816,,,,,,,,,,,,,,
JADA,2026-06-03 23:25 UTC,59871,,,,,,,,,,,,,,
Jadasea,2026-06-03 23:25 UTC,48343,,,,,,,,,,,,,,
jalda,2026-06-03 23:25 UTC,123860,,,,,,,,,,,,,,
Jimmy Butler,2026-06-03 23:25 UTC,42007,,,,,,,,,,,,,,
JJerome87,2026-06-03 23:25 UTC,248724,,,,,,,,,,,,,,
Joy Rhodes,2026-06-03 23:25 UTC,994063,,,,,,,,,,,,,,
Juju,2026-06-03 23:25 UTC,2774602,,,,,,,,,,,,,,
Julia Church,2026-06-03 23:25 UTC,3367895,,,,,,,,,,,,,,
Julie Williams,2026-06-03 23:25 UTC,41520,,,,,,,,,,,,,,
JussGigi,2026-06-03 23:25 UTC,0,,,,,,,,,,,,,,
Kala,2026-06-03 23:25 UTC,0,,,,,,,,,,,,,,
Karly Bowman,2026-06-03 23:25 UTC,76585,,,,,,,,,,,,,,
Khaled,2026-06-03 23:25 UTC,1813769,,,,,,,,,,,,,,
Khan Saab,2026-06-03 23:25 UTC,9415796,,,,,,,,,,,,,,
King Kylie,2026-06-03 23:25 UTC,491439,,,,,,,,,,,,,,
KINGH,2026-06-03 23:25 UTC,133360,,,,,,,,,,,,,,
Koilwood,2026-06-03 23:25 UTC,25872,,,,,,,,,,,,,,
KUČKA,2026-06-03 23:25 UTC,784839,,,,,,,,,,,,,,
Kurdi Klymax,2026-06-03 23:25 UTC,41999,,,,,,,,,,,,,,
kuru,2026-06-03 23:25 UTC,297452,,,,,,,,,,,,,,
Lamb,2026-06-03 23:25 UTC,233171,,,,,,,,,,,,,,
ledysek,2026-06-03 23:25 UTC,17476,,,,,,,,,,,,,,
Lerado Khalil,2026-06-03 23:25 UTC,37915,,,,,,,,,,,,,,
Les Imprimés,2026-06-03 23:25 UTC,101683,,,,,,,,,,,,,,
Lightris,2026-06-03 23:25 UTC,737578,,,,,,,,,,,,,,
Lil B,2026-06-03 23:25 UTC,1425055,,,,,,,,,,,,,,
Lil Righteous,2026-06-03 23:25 UTC,0,,,,,,,,,,,,,,
Loui Henderson,2026-06-03 23:25 UTC,95458,,,,,,,,,,,,,,
Luke Armstrong,2026-06-03 23:25 UTC,28508,,,,,,,,,,,,,,
M4IA,2026-06-03 23:25 UTC,201125,,,,,,,,,,,,,,
MAGIC SOUND WOLF,2026-06-03 23:25 UTC,612233,,,,,,,,,,,,,,
Malcolm Todd,2026-06-03 23:25 UTC,30204598,,,,,,,,,,,,,,
Maphra,2026-06-03 23:25 UTC,1386176,,,,,,,,,,,,,,
marquitos,2026-06-03 23:25 UTC,243729,,,,,,,,,,,,,,
Maviler,2026-06-03 23:25 UTC,448536,,,,,,,,,,,,,,
Merry Lamb Lamb,2026-06-03 23:25 UTC,4642,,,,,,,,,,,,,,
Mijabella Marie,2026-06-03 23:25 UTC,9189,,,,,,,,,,,,,,
MIKE,2026-06-03 23:25 UTC,588683,,,,,,,,,,,,,,
Momo Boyd,2026-06-03 23:25 UTC,1947295,,,,,,,,,,,,,,
Mr Dutt,2026-06-03 23:25 UTC,1614604,,,,,,,,,,,,,,
Mumu Fresh,2026-06-03 23:25 UTC,68161,,,,,,,,,,,,,,
My New Band Believe,2026-06-03 23:25 UTC,101353,,,,,,,,,,,,,,
Naarly,2026-06-03 23:25 UTC,5827314,,,,,,,,,,,,,,
Naod,2026-06-03 23:25 UTC,300875,,,,,,,,,,,,,,
Nickatnite,2026-06-03 23:25 UTC,2903,,,,,,,,,,,,,,
Nine Vicious,2026-06-03 23:25 UTC,1202459,,,,,,,,,,,,,,
nocashfromparents,2026-06-03 23:25 UTC,919148,,,,,,,,,,,,,,
North West,2026-06-03 23:25 UTC,798397,,,,,,,,,,,,,,
NPD,2026-06-03 23:25 UTC,1316775,,,,,,,,,,,,,,
OK Alva,2026-06-03 23:25 UTC,27179,,,,,,,,,,,,,,
OKI,2026-06-03 23:25 UTC,2251985,,,,,,,,,,,,,,
Olga Myko,2026-06-03 23:25 UTC,1954061,,,,,,,,,,,,,,
Olof Dreijer,2026-06-03 23:25 UTC,108043,,,,,,,,,,,,,,
osa,2026-06-03 23:25 UTC,179924,,,,,,,,,,,,,,
Oxis,2026-06-03 23:25 UTC,480602,,,,,,,,,,,,,,
Pocket,2026-06-03 23:25 UTC,73222,,,,,,,,,,,,,,
Pretty Pinkk,2026-06-03 23:25 UTC,20821,,,,,,,,,,,,,,
Pz',2026-06-03 23:25 UTC,358759,,,,,,,,,,,,,,
Rian Brazil,2026-06-03 23:25 UTC,81906,,,,,,,,,,,,,,
rjtheweirdo,2026-06-03 23:25 UTC,235847,,,,,,,,,,,,,,
Rocket Reese,2026-06-03 23:25 UTC,109908,,,,,,,,,,,,,,
S1RENA,2026-06-03 23:25 UTC,140886,,,,,,,,,,,,,,
Sa!koro,2026-06-03 23:25 UTC,77836,,,,,,,,,,,,,,
Sara Landry,2026-06-03 23:25 UTC,1143383,,,,,,,,,,,,,,
Sébastien Tellier,2026-06-03 23:25 UTC,876641,,,,,,,,,,,,,,
ShawtyRokk,2026-06-03 23:25 UTC,23328,,,,,,,,,,,,,,
shonci,2026-06-03 23:25 UTC,5501413,,,,,,,,,,,,,,
Slayr,2026-06-03 23:25 UTC,1021784,,,,,,,,,,,,,,
Slayyyter,2026-06-03 23:25 UTC,5066661,,,,,,,,,,,,,,
Slim Jxmmy,2026-06-03 23:25 UTC,35658,,,,,,,,,,,,,,
Sofiane Pamart,2026-06-03 23:25 UTC,3111696,,,,,,,,,,,,,,
Sons of Yusuf,2026-06-03 23:25 UTC,1235815,,,,,,,,,,,,,,
Southsidesilhouette,2026-06-03 23:25 UTC,152851,,,,,,,,,,,,,,
Specialist Moss,2026-06-03 23:25 UTC,462345,,,,,,,,,,,,,,
SPELLLING,2026-06-03 23:25 UTC,62050,,,,,,,,,,,,,,
Sreemani,2026-06-03 23:25 UTC,2611376,,,,,,,,,,,,,,
STELLA LEFTY,2026-06-03 23:25 UTC,13135424,,,,,,,,,,,,,,
Street Fever,2026-06-03 23:25 UTC,56420,,,,,,,,,,,,,,
Sunday Service Choir,2026-06-03 23:25 UTC,384108,,,,,,,,,,,,,,
SURF GANG,2026-06-03 23:25 UTC,323353,,,,,,,,,,,,,,
Swizz Beatz,2026-06-03 23:25 UTC,592084,,,,,,,,,,,,,,
T.O.P,2026-06-03 23:25 UTC,861728,,,,,,,,,,,,,,
Tabi Gervis,2026-06-03 23:25 UTC,17188,,,,,,,,,,,,,,
Temper City,2026-06-03 23:25 UTC,19985696,,,,,,,,,,,,,,
Tezzus,2026-06-03 23:25 UTC,279691,,,,,,,,,,,,,,
The Long Faces,2026-06-03 23:25 UTC,5570637,,,,,,,,,,,,,,
The Twins,2026-06-03 23:25 UTC,77024,,,,,,,,,,,,,,
THELMA,2026-06-03 23:25 UTC,35756,,,,,,,,,,,,,,
Tiffany Day,2026-06-03 23:25 UTC,1235841,,,,,,,,,,,,,,
Tom Did It,2026-06-03 23:25 UTC,1007988,,,,,,,,,,,,,,
Tom Right,2026-06-03 23:25 UTC,1497618,,,,,,,,,,,,,,
TOMORA,2026-06-03 23:25 UTC,609037,,,,,,,,,,,,,,
Trim,2026-06-03 23:25 UTC,3150222,,,,,,,,,,,,,,
Tsatsamis,2026-06-03 23:25 UTC,122634,,,,,,,,,,,,,,
twentythree,2026-06-03 23:25 UTC,1174106,,,,,,,,,,,,,,
TXKUMOON,2026-06-03 23:25 UTC,761006,,,,,,,,,,,,,,
Vaibhav Gupta,2026-06-03 23:25 UTC,1386190,,,,,,,,,,,,,,
waera,2026-06-03 23:25 UTC,124068,,,,,,,,,,,,,,
Warren Roob,2026-06-03 23:25 UTC,187990,,,,,,,,,,,,,,
Welwitschia,2026-06-03 23:25 UTC,204154,,,,,,,,,,,,,,
Will Sass,2026-06-03 23:25 UTC,590212,,,,,,,,,,,,,,
Wtm Solid,2026-06-03 23:25 UTC,3431,,,,,,,,,,,,,,
Yaeger,2026-06-03 23:25 UTC,178077,,,,,,,,,,,,,,
YASP,2026-06-03 23:25 UTC,31379,,,,,,,,,,,,,,
Ye,2026-06-03 23:25 UTC,8061064,,,,,,,,,,,,,,
Yonusa,2026-06-03 23:25 UTC,2950,,,,,,,,,,,,,,
YUNA,2026-06-03 23:25 UTC,806885,,,,,,,,,,,,,,
Yuyu19,2026-06-03 23:25 UTC,952622,,,,,,,,,,,,,,
Zycan,2026-06-03 23:25 UTC,610501,,,,,,,,,,,,,,
drug bug,2026-06-03 23:25 UTC,51638,,,,,,,,,,,,,,
ILYAH,2026-06-03 23:25 UTC,631495,,,,,,,,,,,,,,
Los Brasileros,2026-06-03 23:25 UTC,1517755,,,,,,,,,,,,,,
am7iri,2026-06-03 23:25 UTC,1806220,,,,,,,,,,,,,,
Los Buyer,2026-06-03 23:25 UTC,1071590,,,,,,,,,,,,,,
Pikeras,2026-06-03 23:25 UTC,1580398,,,,,,,,,,,,,,
Heitor Santos,2026-06-03 23:25 UTC,2053533,,,,,,,,,,,,,,
Melly,2026-06-03 23:25 UTC,861799,,,,,,,,,,,,,,
OT The Real,2026-06-03 23:25 UTC,116366,,,,,,,,,,,,,,
Big Papa313,2026-06-03 23:25 UTC,1252579,,,,,,,,,,,,,,
kortani,2026-06-03 23:25 UTC,213780,,,,,,,,,,,,,,
daydreamers,2026-06-03 23:25 UTC,212339,,,,,,,,,,,,,,
Amma,2026-06-03 23:25 UTC,1388405,,,,,,,,,,,,,,
IngaRose,2026-06-03 23:25 UTC,2956276,,,,,,,,,,,,,,
FRIDAY*,2026-06-03 23:25 UTC,7841,,,,,,,,,,,,,,
aoif3,2026-06-03 23:25 UTC,764,,,,,,,,,,,,,,
Uche,2026-06-03 23:25 UTC,42954,,,,,,,,,,,,,,
Maxx Moor,2026-06-03 23:25 UTC,378,,,,,,,,,,,,,,
Swethings,2026-06-03 23:25 UTC,40011,,,,,,,,,,,,,,
22xlstl,2026-06-03 23:25 UTC,451616,,,,,,,,,,,,,,
Greg Gonzales,2026-06-03 23:25 UTC,3339363,,,,,,,,,,,,,,
Lyla George,2026-06-03 23:25 UTC,200169,,,,,,,,,,,,,,
Marlo Rex,2026-06-03 23:25 UTC,958222,,,,,,,,,,,,,,
Cobrah,2026-06-03 23:25 UTC,1761872,,,,,,,,,,,,,,
Asha Banks,2026-06-03 23:25 UTC,845979,,,,,,,,,,,,,,
Stanclickin,2026-06-03 23:25 UTC,28462,,,,,,,,,,,,,,
Ebony Riley,2026-06-03 23:25 UTC,133447,,,,,,,,,,,,,,
Knut€,2026-06-03 23:25 UTC,13200,,,,,,,,,,,,,,
SALIMATA,2026-06-03 23:25 UTC,358705,,,,,,,,,,,,,,
Tracy,2026-06-03 23:25 UTC,433923,,,,,,,,,,,,,,
GENER8ION,2026-06-03 23:25 UTC,2312781,,,,,,,,,,,,,,
BJOERN,2026-06-03 23:25 UTC,558441,,,,,,,,,,,,,,
Olwin,2026-06-03 23:25 UTC,27389,,,,,,,,,,,,,,
Fred Durst,2026-06-03 23:25 UTC,1831824,,,,,,,,,,,,,,
Twoske,2026-06-03 23:25 UTC,18953,,,,,,,,,,,,,,
Los Gofiones,2026-06-03 23:25 UTC,1165916,,,,,,,,,,,,,,
Chase Belly,2026-06-03 23:25 UTC,64800,,,,,,,,,,,,,,
CDB,2026-06-03 23:25 UTC,4046868,,,,,,,,,,,,,,
Cornfed Ted,2026-06-03 23:25 UTC,10971,,,,,,,,,,,,,,
Claar,2026-06-03 23:25 UTC,14507,,,,,,,,,,,,,,
KARLEE GIRL,2026-06-03 23:25 UTC,1752648,,,,,,,,,,,,,,
Warhol.SS,2026-06-03 23:25 UTC,552132,,,,,,,,,,,,,,
Lola Blue,2026-06-03 23:25 UTC,177071,,,,,,,,,,,,,,
AZIEDOESNTEXIST,2026-06-03 23:25 UTC,1223868,,,,,,,,,,,,,,
Eliah Sternhardt,2026-06-03 23:25 UTC,195112,,,,,,,,,,,,,,
$t3PPA,2026-06-04 22:59 UTC,118921,,,,,,,,,,,,,,
1 Umbrella,2026-06-04 22:59 UTC,102348,,,,,,,,,,,,,,
318dman,2026-06-04 22:59 UTC,355087,,,,,,,,,,,,,,
A2ANTI,2026-06-04 22:59 UTC,880844,,,,,,,,,,,,,,
Addison Dean,2026-06-04 22:59 UTC,7692,,,,,,,,,,,,,,
Aksomaniac,2026-06-04 22:59 UTC,2978294,,,,,,,,,,,,,,
Andre Troutman,2026-06-04 22:59 UTC,3306835,,,,,,,,,,,,,,
Angine de Poitrine,2026-06-04 22:59 UTC,1353898,,,,,,,,,,,,,,
Anik Khan,2026-06-04 22:59 UTC,83074,,,,,,,,,,,,,,
AQUAFINNA,2026-06-04 22:59 UTC,16584,,,,,,,,,,,,,,
Biggs money,2026-06-04 22:59 UTC,12895,,,,,,,,,,,,,,
Boi-1da,2026-06-04 22:59 UTC,511784,,,,,,,,,,,,,,
BossMan Pac,2026-06-04 22:59 UTC,66820,,,,,,,,,,,,,,
Brittany Aldean,2026-06-04 22:59 UTC,122347,,,,,,,,,,,,,,
Bryan Countach,2026-06-04 22:59 UTC,118936,,,,,,,,,,,,,,
Canada Soccer,2026-06-04 22:59 UTC,618763,,,,,,,,,,,,,,
Canyon,2026-06-04 22:59 UTC,30535,,,,,,,,,,,,,,
Cap1talA,2026-06-04 22:59 UTC,316222,,,,,,,,,,,,,,
Carter Faith,2026-06-04 22:59 UTC,2773244,,,,,,,,,,,,,,
Che,2026-06-04 22:59 UTC,1204654,,,,,,,,,,,,,,
Chyno Miranda,2026-06-04 22:59 UTC,1141078,,,,,,,,,,,,,,
Corridos del Rey,2026-06-04 22:59 UTC,2319158,,,,,,,,,,,,,,
Dale Move,2026-06-04 22:59 UTC,120568,,,,,,,,,,,,,,
Daniel Žižka,2026-06-04 22:59 UTC,778083,,,,,,,,,,,,,,
Dante,2026-06-04 22:59 UTC,324687,,,,,,,,,,,,,,
Dean Turnley,2026-06-04 22:59 UTC,1608756,,,,,,,,,,,,,,
Delta Ash,2026-06-04 22:59 UTC,627078,,,,,,,,,,,,,,
DETO BLACK,2026-06-04 22:59 UTC,305012,,,,,,,,,,,,,,
Devault,2026-06-04 22:59 UTC,2107733,,,,,,,,,,,,,,
Dexter and The Moonrocks,2026-06-04 22:59 UTC,8587017,,,,,,,,,,,,,,
diamond*,2026-06-04 22:59 UTC,274662,,,,,,,,,,,,,,
Diana Pilquist,2026-06-04 22:59 UTC,2324,,,,,,,,,,,,,,
DJ B7 o Piranhão,2026-06-04 22:59 UTC,3574954,,,,,,,,,,,,,,
DJ Holiday,2026-06-04 22:59 UTC,104982,,,,,,,,,,,,,,
dóttir.x,2026-06-04 22:59 UTC,89356,,,,,,,,,,,,,,
Druski,2026-06-04 22:59 UTC,622204,,,,,,,,,,,,,,
Dubioza Kolektive,2026-06-04 22:59 UTC,546927,,,,,,,,,,,,,,
dunderjeppe,2026-06-04 22:59 UTC,27899,,,,,,,,,,,,,,
Duskydemise archive,2026-06-04 22:59 UTC,454123,,,,,,,,,,,,,,
Duygu Edis,2026-06-04 22:59 UTC,1705105,,,,,,,,,,,,,,
Dwarde,2026-06-04 22:59 UTC,13418,,,,,,,,,,,,,,
EA TJ,2026-06-04 22:59 UTC,22207,,,,,,,,,,,,,,
EL DEMOON,2026-06-04 22:59 UTC,165,,,,,,,,,,,,,,
Emanazul,2026-06-04 22:59 UTC,403717,,,,,,,,,,,,,,
Emelie Trahan,2026-06-04 22:59 UTC,137822,,,,,,,,,,,,,,
EMJIE,2026-06-04 22:59 UTC,369252,,,,,,,,,,,,,,
ERISTHEPLANET,2026-06-04 22:59 UTC,81021,,,,,,,,,,,,,,
F3miii,2026-06-04 22:59 UTC,13103252,,,,,,,,,,,,,,
Fcukers,2026-06-04 22:59 UTC,2072128,,,,,,,,,,,,,,
FIFA Sound,2026-06-04 22:59 UTC,7021008,,,,,,,,,,,,,,
FLO,2026-06-04 22:59 UTC,3727925,,,,,,,,,,,,,,
Frost Children,2026-06-04 22:59 UTC,539282,,,,,,,,,,,,,,
frozz,2026-06-04 22:59 UTC,442164,,,,,,,,,,,,,,
G3B,2026-06-04 22:59 UTC,84519,,,,,,,,,,,,,,
Ghetto Beisha,2026-06-04 22:59 UTC,19637,,,,,,,,,,,,,,
Ghostfacekush,2026-06-04 22:59 UTC,68797,,,,,,,,,,,,,,
Girl Scout,2026-06-04 22:59 UTC,70527,,,,,,,,,,,,,,
girl_irl,2026-06-04 22:59 UTC,57344,,,,,,,,,,,,,,
girlsweetvoiced,2026-06-04 22:59 UTC,396738,,,,,,,,,,,,,,
Glizzy Glow,2026-06-04 22:59 UTC,5085,,,,,,,,,,,,,,
gnawvs,2026-06-04 22:59 UTC,1310,,,,,,,,,,,,,,
Godtripper,2026-06-04 22:59 UTC,207214,,,,,,,,,,,,,,
Grupo Primer Grado,2026-06-04 22:59 UTC,2227190,,,,,,,,,,,,,,
H. Hawkline,2026-06-04 22:59 UTC,167438,,,,,,,,,,,,,,
Harrd Luck,2026-06-04 22:59 UTC,40369,,,,,,,,,,,,,,
HittMan,2026-06-04 22:59 UTC,9756,,,,,,,,,,,,,,
Iguana Death Cult,2026-06-04 22:59 UTC,45582,,,,,,,,,,,,,,
Indeevar,2026-06-04 22:59 UTC,3933817,,,,,,,,,,,,,,
Indigo De Souza,2026-06-04 22:59 UTC,1454964,,,,,,,,,,,,,,
Infinity Song,2026-06-04 22:59 UTC,709782,,,,,,,,,,,,,,
isa in eutopia,2026-06-04 22:59 UTC,27306,,,,,,,,,,,,,,
JADA,2026-06-04 22:59 UTC,60957,,,,,,,,,,,,,,
Jadasea,2026-06-04 22:59 UTC,47753,,,,,,,,,,,,,,
jalda,2026-06-04 22:59 UTC,124998,,,,,,,,,,,,,,
Jimmy Butler,2026-06-04 22:59 UTC,41100,,,,,,,,,,,,,,
JJerome87,2026-06-04 22:59 UTC,260597,,,,,,,,,,,,,,
Joy Rhodes,2026-06-04 22:59 UTC,998372,,,,,,,,,,,,,,
Juju,2026-06-04 22:59 UTC,2771181,,,,,,,,,,,,,,
Julia Church,2026-06-04 22:59 UTC,3345004,,,,,,,,,,,,,,
Julie Williams,2026-06-04 22:59 UTC,39838,,,,,,,,,,,,,,
JussGigi,2026-06-04 22:59 UTC,0,,,,,,,,,,,,,,
Kala,2026-06-04 22:59 UTC,0,,,,,,,,,,,,,,
Karly Bowman,2026-06-04 22:59 UTC,75879,,,,,,,,,,,,,,
Khaled,2026-06-04 22:59 UTC,1803566,,,,,,,,,,,,,,
Khan Saab,2026-06-04 22:59 UTC,9369738,,,,,,,,,,,,,,
King Kylie,2026-06-04 22:59 UTC,484904,,,,,,,,,,,,,,
KINGH,2026-06-04 22:59 UTC,136896,,,,,,,,,,,,,,
Koilwood,2026-06-04 22:59 UTC,26337,,,,,,,,,,,,,,
KUČKA,2026-06-04 22:59 UTC,784218,,,,,,,,,,,,,,
Kurdi Klymax,2026-06-04 22:59 UTC,41698,,,,,,,,,,,,,,
kuru,2026-06-04 22:59 UTC,298981,,,,,,,,,,,,,,
Lamb,2026-06-04 22:59 UTC,234794,,,,,,,,,,,,,,
ledysek,2026-06-04 22:59 UTC,17688,,,,,,,,,,,,,,
Lerado Khalil,2026-06-04 22:59 UTC,37279,,,,,,,,,,,,,,
Les Imprimés,2026-06-04 22:59 UTC,102645,,,,,,,,,,,,,,
Lightris,2026-06-04 22:59 UTC,742135,,,,,,,,,,,,,,
Lil B,2026-06-04 22:59 UTC,1419713,,,,,,,,,,,,,,
Lil Righteous,2026-06-04 22:59 UTC,0,,,,,,,,,,,,,,
Loui Henderson,2026-06-04 22:59 UTC,93792,,,,,,,,,,,,,,
Luke Armstrong,2026-06-04 22:59 UTC,25659,,,,,,,,,,,,,,
M4IA,2026-06-04 22:59 UTC,220467,,,,,,,,,,,,,,
MAGIC SOUND WOLF,2026-06-04 22:59 UTC,620654,,,,,,,,,,,,,,
Malcolm Todd,2026-06-04 22:59 UTC,30463724,,,,,,,,,,,,,,
Maphra,2026-06-04 22:59 UTC,1381078,,,,,,,,,,,,,,
marquitos,2026-06-04 22:59 UTC,239555,,,,,,,,,,,,,,
Maviler,2026-06-04 22:59 UTC,450716,,,,,,,,,,,,,,
Merry Lamb Lamb,2026-06-04 22:59 UTC,4512,,,,,,,,,,,,,,
Mijabella Marie,2026-06-04 22:59 UTC,9072,,,,,,,,,,,,,,
MIKE,2026-06-04 22:59 UTC,586554,,,,,,,,,,,,,,
Momo Boyd,2026-06-04 22:59 UTC,1940936,,,,,,,,,,,,,,
Mr Dutt,2026-06-04 22:59 UTC,1614749,,,,,,,,,,,,,,
Mumu Fresh,2026-06-04 22:59 UTC,68528,,,,,,,,,,,,,,
My New Band Believe,2026-06-04 22:59 UTC,99466,,,,,,,,,,,,,,
Naarly,2026-06-04 22:59 UTC,5855686,,,,,,,,,,,,,,
Naod,2026-06-04 22:59 UTC,300558,,,,,,,,,,,,,,
Nickatnite,2026-06-04 22:59 UTC,3495,,,,,,,,,,,,,,
Nine Vicious,2026-06-04 22:59 UTC,1205915,,,,,,,,,,,,,,
nocashfromparents,2026-06-04 22:59 UTC,917009,,,,,,,,,,,,,,
North West,2026-06-04 22:59 UTC,761183,,,,,,,,,,,,,,
NPD,2026-06-04 22:59 UTC,1324322,,,,,,,,,,,,,,
OK Alva,2026-06-04 22:59 UTC,26211,,,,,,,,,,,,,,
OKI,2026-06-04 22:59 UTC,2261856,,,,,,,,,,,,,,
Olga Myko,2026-06-04 22:59 UTC,1935230,,,,,,,,,,,,,,
Olof Dreijer,2026-06-04 22:59 UTC,108206,,,,,,,,,,,,,,
osa,2026-06-04 22:59 UTC,178143,,,,,,,,,,,,,,
Oxis,2026-06-04 22:59 UTC,481885,,,,,,,,,,,,,,
Pocket,2026-06-04 22:59 UTC,71304,,,,,,,,,,,,,,
Pretty Pinkk,2026-06-04 22:59 UTC,19637,,,,,,,,,,,,,,
Pz',2026-06-04 22:59 UTC,364087,,,,,,,,,,,,,,
Rian Brazil,2026-06-04 22:59 UTC,84020,,,,,,,,,,,,,,
rjtheweirdo,2026-06-04 22:59 UTC,232752,,,,,,,,,,,,,,
Rocket Reese,2026-06-04 22:59 UTC,111625,,,,,,,,,,,,,,
S1RENA,2026-06-04 22:59 UTC,140423,,,,,,,,,,,,,,
Sa!koro,2026-06-04 22:59 UTC,78118,,,,,,,,,,,,,,
Sara Landry,2026-06-04 22:59 UTC,1140879,,,,,,,,,,,,,,
Sébastien Tellier,2026-06-04 22:59 UTC,859071,,,,,,,,,,,,,,
ShawtyRokk,2026-06-04 22:59 UTC,23723,,,,,,,,,,,,,,
shonci,2026-06-04 22:59 UTC,5540732,,,,,,,,,,,,,,
Slayr,2026-06-04 22:59 UTC,1022341,,,,,,,,,,,,,,
Slayyyter,2026-06-04 22:59 UTC,5198283,,,,,,,,,,,,,,
Slim Jxmmy,2026-06-04 22:59 UTC,35633,,,,,,,,,,,,,,
Sofiane Pamart,2026-06-04 22:59 UTC,3080005,,,,,,,,,,,,,,
Sons of Yusuf,2026-06-04 22:59 UTC,1228447,,,,,,,,,,,,,,
Southsidesilhouette,2026-06-04 22:59 UTC,151228,,,,,,,,,,,,,,
Specialist Moss,2026-06-04 22:59 UTC,462248,,,,,,,,,,,,,,
SPELLLING,2026-06-04 22:59 UTC,61182,,,,,,,,,,,,,,
Sreemani,2026-06-04 22:59 UTC,2606826,,,,,,,,,,,,,,
STELLA LEFTY,2026-06-04 22:59 UTC,13197738,,,,,,,,,,,,,,
Street Fever,2026-06-04 22:59 UTC,55928,,,,,,,,,,,,,,
Sunday Service Choir,2026-06-04 22:59 UTC,384680,,,,,,,,,,,,,,
SURF GANG,2026-06-04 22:59 UTC,320294,,,,,,,,,,,,,,
Swizz Beatz,2026-06-04 22:59 UTC,588288,,,,,,,,,,,,,,
T.O.P,2026-06-04 22:59 UTC,845226,,,,,,,,,,,,,,
Tabi Gervis,2026-06-04 22:59 UTC,17615,,,,,,,,,,,,,,
Temper City,2026-06-04 22:59 UTC,20245907,,,,,,,,,,,,,,
Tezzus,2026-06-04 22:59 UTC,280161,,,,,,,,,,,,,,
The Long Faces,2026-06-04 22:59 UTC,5588649,,,,,,,,,,,,,,
The Twins,2026-06-04 22:59 UTC,76973,,,,,,,,,,,,,,
THELMA,2026-06-04 22:59 UTC,35287,,,,,,,,,,,,,,
Tiffany Day,2026-06-04 22:59 UTC,1239482,,,,,,,,,,,,,,
Tom Did It,2026-06-04 22:59 UTC,1003140,,,,,,,,,,,,,,
Tom Right,2026-06-04 22:59 UTC,1499914,,,,,,,,,,,,,,
TOMORA,2026-06-04 22:59 UTC,604865,,,,,,,,,,,,,,
Trim,2026-06-04 22:59 UTC,3200795,,,,,,,,,,,,,,
Tsatsamis,2026-06-04 22:59 UTC,118785,,,,,,,,,,,,,,
twentythree,2026-06-04 22:59 UTC,1174271,,,,,,,,,,,,,,
TXKUMOON,2026-06-04 22:59 UTC,729369,,,,,,,,,,,,,,
Vaibhav Gupta,2026-06-04 22:59 UTC,1381760,,,,,,,,,,,,,,
waera,2026-06-04 22:59 UTC,124516,,,,,,,,,,,,,,
Warren Roob,2026-06-04 22:59 UTC,186320,,,,,,,,,,,,,,
Welwitschia,2026-06-04 22:59 UTC,204005,,,,,,,,,,,,,,
Will Sass,2026-06-04 22:59 UTC,586306,,,,,,,,,,,,,,
Wtm Solid,2026-06-04 22:59 UTC,3416,,,,,,,,,,,,,,
Yaeger,2026-06-04 22:59 UTC,175757,,,,,,,,,,,,,,
YASP,2026-06-04 22:59 UTC,32493,,,,,,,,,,,,,,
Ye,2026-06-04 22:59 UTC,8052675,,,,,,,,,,,,,,
Yonusa,2026-06-04 22:59 UTC,2824,,,,,,,,,,,,,,
YUNA,2026-06-04 22:59 UTC,796090,,,,,,,,,,,,,,
Yuyu19,2026-06-04 22:59 UTC,951523,,,,,,,,,,,,,,
Zycan,2026-06-04 22:59 UTC,601727,,,,,,,,,,,,,,
drug bug,2026-06-04 22:59 UTC,51685,,,,,,,,,,,,,,
ILYAH,2026-06-04 22:59 UTC,632011,,,,,,,,,,,,,,
Los Brasileros,2026-06-04 22:59 UTC,1506243,,,,,,,,,,,,,,
am7iri,2026-06-04 22:59 UTC,1826720,,,,,,,,,,,,,,
Los Buyer,2026-06-04 22:59 UTC,1076448,,,,,,,,,,,,,,
Pikeras,2026-06-04 22:59 UTC,1593065,,,,,,,,,,,,,,
Heitor Santos,2026-06-04 22:59 UTC,2038851,,,,,,,,,,,,,,
Melly,2026-06-04 22:59 UTC,866367,,,,,,,,,,,,,,
OT The Real,2026-06-04 22:59 UTC,113928,,,,,,,,,,,,,,
Big Papa313,2026-06-04 22:59 UTC,1244273,,,,,,,,,,,,,,
kortani,2026-06-04 22:59 UTC,209371,,,,,,,,,,,,,,
daydreamers,2026-06-04 22:59 UTC,212675,,,,,,,,,,,,,,
Amma,2026-06-04 22:59 UTC,1377854,,,,,,,,,,,,,,
IngaRose,2026-06-04 22:59 UTC,3006097,,,,,,,,,,,,,,
FRIDAY*,2026-06-04 22:59 UTC,7733,,,,,,,,,,,,,,
aoif3,2026-06-04 22:59 UTC,758,,,,,,,,,,,,,,
Uche,2026-06-04 22:59 UTC,45975,,,,,,,,,,,,,,
Maxx Moor,2026-06-04 22:59 UTC,393,,,,,,,,,,,,,,
Swethings,2026-06-04 22:59 UTC,39484,,,,,,,,,,,,,,
22xlstl,2026-06-04 22:59 UTC,436719,,,,,,,,,,,,,,
Greg Gonzales,2026-06-04 22:59 UTC,3273669,,,,,,,,,,,,,,
Lyla George,2026-06-04 22:59 UTC,192152,,,,,,,,,,,,,,
Marlo Rex,2026-06-04 22:59 UTC,952534,,,,,,,,,,,,,,
Cobrah,2026-06-04 22:59 UTC,1745293,,,,,,,,,,,,,,
Asha Banks,2026-06-04 22:59 UTC,864578,,,,,,,,,,,,,,
Stanclickin,2026-06-04 22:59 UTC,28160,,,,,,,,,,,,,,
Ebony Riley,2026-06-04 22:59 UTC,128787,,,,,,,,,,,,,,
Knut€,2026-06-04 22:59 UTC,13103,,,,,,,,,,,,,,
SALIMATA,2026-06-04 22:59 UTC,346841,,,,,,,,,,,,,,
Tracy,2026-06-04 22:59 UTC,428997,,,,,,,,,,,,,,
GENER8ION,2026-06-04 22:59 UTC,2289684,,,,,,,,,,,,,,
BJOERN,2026-06-04 22:59 UTC,553496,,,,,,,,,,,,,,
Olwin,2026-06-04 22:59 UTC,25856,,,,,,,,,,,,,,
Fred Durst,2026-06-04 22:59 UTC,1821076,,,,,,,,,,,,,,
Twoske,2026-06-04 22:59 UTC,18082,,,,,,,,,,,,,,
Los Gofiones,2026-06-04 22:59 UTC,1140663,,,,,,,,,,,,,,
Chase Belly,2026-06-04 22:59 UTC,60253,,,,,,,,,,,,,,
CDB,2026-06-04 22:59 UTC,4085108,,,,,,,,,,,,,,
Cornfed Ted,2026-06-04 22:59 UTC,10767,,,,,,,,,,,,,,
Claar,2026-06-04 22:59 UTC,14270,,,,,,,,,,,,,,
KARLEE GIRL,2026-06-04 22:59 UTC,1764379,,,,,,,,,,,,,,
Warhol.SS,2026-06-04 22:59 UTC,550722,,,,,,,,,,,,,,
Lola Blue,2026-06-04 22:59 UTC,177900,,,,,,,,,,,,,,
AZIEDOESNTEXIST,2026-06-04 22:59 UTC,1244256,,,,,,,,,,,,,,
Eliah Sternhardt,2026-06-04 22:59 UTC,198231,,,,,,,,,,,,,,
$t3PPA,2026-06-05 22:54 UTC,116826,,,,,,,,,,,,,,
1 Umbrella,2026-06-05 22:54 UTC,101329,,,,,,,,,,,,,,
318dman,2026-06-05 22:54 UTC,367274,,,,,,,,,,,,,,
A2ANTI,2026-06-05 22:54 UTC,876708,,,,,,,,,,,,,,
Addison Dean,2026-06-05 22:54 UTC,7751,,,,,,,,,,,,,,
Aksomaniac,2026-06-05 22:54 UTC,3017861,,,,,,,,,,,,,,
Andre Troutman,2026-06-05 22:54 UTC,3307758,,,,,,,,,,,,,,
Angine de Poitrine,2026-06-05 22:54 UTC,1345344,,,,,,,,,,,,,,
Anik Khan,2026-06-05 22:54 UTC,83087,,,,,,,,,,,,,,
AQUAFINNA,2026-06-05 22:54 UTC,16588,,,,,,,,,,,,,,
Biggs money,2026-06-05 22:54 UTC,12642,,,,,,,,,,,,,,
Boi-1da,2026-06-05 22:54 UTC,520471,,,,,,,,,,,,,,
BossMan Pac,2026-06-05 22:54 UTC,66290,,,,,,,,,,,,,,
Brittany Aldean,2026-06-05 22:54 UTC,121784,,,,,,,,,,,,,,
Bryan Countach,2026-06-05 22:54 UTC,117825,,,,,,,,,,,,,,
Canada Soccer,2026-06-05 22:54 UTC,630322,,,,,,,,,,,,,,
Canyon,2026-06-05 22:54 UTC,29943,,,,,,,,,,,,,,
Cap1talA,2026-06-05 22:54 UTC,319178,,,,,,,,,,,,,,
Carter Faith,2026-06-05 22:54 UTC,2755896,,,,,,,,,,,,,,
Che,2026-06-05 22:54 UTC,1206882,,,,,,,,,,,,,,
Chyno Miranda,2026-06-05 22:54 UTC,1141868,,,,,,,,,,,,,,
Corridos del Rey,2026-06-05 22:54 UTC,2354752,,,,,,,,,,,,,,
Dale Move,2026-06-05 22:54 UTC,118664,,,,,,,,,,,,,,
Daniel Žižka,2026-06-05 22:54 UTC,779323,,,,,,,,,,,,,,
Dante,2026-06-05 22:54 UTC,330191,,,,,,,,,,,,,,
Dean Turnley,2026-06-05 22:54 UTC,1609830,,,,,,,,,,,,,,
Delta Ash,2026-06-05 22:54 UTC,620211,,,,,,,,,,,,,,
DETO BLACK,2026-06-05 22:54 UTC,291376,,,,,,,,,,,,,,
Devault,2026-06-05 22:54 UTC,2086867,,,,,,,,,,,,,,
Dexter and The Moonrocks,2026-06-05 22:54 UTC,8622884,,,,,,,,,,,,,,
diamond*,2026-06-05 22:54 UTC,277787,,,,,,,,,,,,,,
Diana Pilquist,2026-06-05 22:54 UTC,2286,,,,,,,,,,,,,,
DJ B7 o Piranhão,2026-06-05 22:54 UTC,3570503,,,,,,,,,,,,,,
DJ Holiday,2026-06-05 22:54 UTC,103846,,,,,,,,,,,,,,
dóttir.x,2026-06-05 22:54 UTC,88471,,,,,,,,,,,,,,
Druski,2026-06-05 22:54 UTC,609389,,,,,,,,,,,,,,
Dubioza Kolektive,2026-06-05 22:54 UTC,551054,,,,,,,,,,,,,,
dunderjeppe,2026-06-05 22:54 UTC,27623,,,,,,,,,,,,,,
Duskydemise archive,2026-06-05 22:54 UTC,456591,,,,,,,,,,,,,,
Duygu Edis,2026-06-05 22:54 UTC,1689910,,,,,,,,,,,,,,
Dwarde,2026-06-05 22:54 UTC,13482,,,,,,,,,,,,,,
EA TJ,2026-06-05 22:54 UTC,22002,,,,,,,,,,,,,,
EL DEMOON,2026-06-05 22:54 UTC,141,,,,,,,,,,,,,,
Emanazul,2026-06-05 22:54 UTC,398754,,,,,,,,,,,,,,
Emelie Trahan,2026-06-05 22:54 UTC,139677,,,,,,,,,,,,,,
EMJIE,2026-06-05 22:54 UTC,376609,,,,,,,,,,,,,,
ERISTHEPLANET,2026-06-05 22:54 UTC,80629,,,,,,,,,,,,,,
F3miii,2026-06-05 22:54 UTC,13426016,,,,,,,,,,,,,,
Fcukers,2026-06-05 22:54 UTC,2084965,,,,,,,,,,,,,,
FIFA Sound,2026-06-05 22:54 UTC,7278345,,,,,,,,,,,,,,
FLO,2026-06-05 22:54 UTC,3699879,,,,,,,,,,,,,,
Frost Children,2026-06-05 22:54 UTC,539573,,,,,,,,,,,,,,
frozz,2026-06-05 22:54 UTC,446979,,,,,,,,,,,,,,
G3B,2026-06-05 22:54 UTC,82656,,,,,,,,,,,,,,
Ghetto Beisha,2026-06-05 22:54 UTC,18418,,,,,,,,,,,,,,
Ghostfacekush,2026-06-05 22:54 UTC,68408,,,,,,,,,,,,,,
Girl Scout,2026-06-05 22:54 UTC,70165,,,,,,,,,,,,,,
girl_irl,2026-06-05 22:54 UTC,57193,,,,,,,,,,,,,,
girlsweetvoiced,2026-06-05 22:54 UTC,396708,,,,,,,,,,,,,,
Glizzy Glow,2026-06-05 22:54 UTC,5010,,,,,,,,,,,,,,
gnawvs,2026-06-05 22:54 UTC,1328,,,,,,,,,,,,,,
Godtripper,2026-06-05 22:54 UTC,204904,,,,,,,,,,,,,,
Grupo Primer Grado,2026-06-05 22:54 UTC,2224013,,,,,,,,,,,,,,
H. Hawkline,2026-06-05 22:54 UTC,167077,,,,,,,,,,,,,,
Harrd Luck,2026-06-05 22:54 UTC,39777,,,,,,,,,,,,,,
HittMan,2026-06-05 22:54 UTC,9667,,,,,,,,,,,,,,
Iguana Death Cult,2026-06-05 22:54 UTC,45380,,,,,,,,,,,,,,
Indeevar,2026-06-05 22:54 UTC,3848071,,,,,,,,,,,,,,
Indigo De Souza,2026-06-05 22:54 UTC,1450361,,,,,,,,,,,,,,
Infinity Song,2026-06-05 22:54 UTC,716219,,,,,,,,,,,,,,
isa in eutopia,2026-06-05 22:54 UTC,26902,,,,,,,,,,,,,,
JADA,2026-06-05 22:54 UTC,62059,,,,,,,,,,,,,,
Jadasea,2026-06-05 22:54 UTC,47008,,,,,,,,,,,,,,
jalda,2026-06-05 22:54 UTC,126150,,,,,,,,,,,,,,
Jimmy Butler,2026-06-05 22:54 UTC,40293,,,,,,,,,,,,,,
JJerome87,2026-06-05 22:54 UTC,275941,,,,,,,,,,,,,,
Joy Rhodes,2026-06-05 22:54 UTC,999947,,,,,,,,,,,,,,
Juju,2026-06-05 22:54 UTC,2761041,,,,,,,,,,,,,,
Julia Church,2026-06-05 22:54 UTC,3326956,,,,,,,,,,,,,,
Julie Williams,2026-06-05 22:54 UTC,38602,,,,,,,,,,,,,,
JussGigi,2026-06-05 22:54 UTC,0,,,,,,,,,,,,,,
Kala,2026-06-05 22:54 UTC,0,,,,,,,,,,,,,,
Karly Bowman,2026-06-05 22:54 UTC,75006,,,,,,,,,,,,,,
Khaled,2026-06-05 22:54 UTC,1793271,,,,,,,,,,,,,,
Khan Saab,2026-06-05 22:54 UTC,9327042,,,,,,,,,,,,,,
King Kylie,2026-06-05 22:54 UTC,478769,,,,,,,,,,,,,,
KINGH,2026-06-05 22:54 UTC,139793,,,,,,,,,,,,,,
Koilwood,2026-06-05 22:54 UTC,26517,,,,,,,,,,,,,,
KUČKA,2026-06-05 22:54 UTC,783433,,,,,,,,,,,,,,
Kurdi Klymax,2026-06-05 22:54 UTC,42006,,,,,,,,,,,,,,
kuru,2026-06-05 22:54 UTC,299476,,,,,,,,,,,,,,
Lamb,2026-06-05 22:54 UTC,236942,,,,,,,,,,,,,,
ledysek,2026-06-05 22:54 UTC,17773,,,,,,,,,,,,,,
Lerado Khalil,2026-06-05 22:54 UTC,36588,,,,,,,,,,,,,,
Les Imprimés,2026-06-05 22:54 UTC,103396,,,,,,,,,,,,,,
Lightris,2026-06-05 22:54 UTC,745719,,,,,,,,,,,,,,
Lil B,2026-06-05 22:54 UTC,1416836,,,,,,,,,,,,,,
Lil Righteous,2026-06-05 22:54 UTC,0,,,,,,,,,,,,,,
Loui Henderson,2026-06-05 22:54 UTC,92354,,,,,,,,,,,,,,
Luke Armstrong,2026-06-05 22:54 UTC,23300,,,,,,,,,,,,,,
M4IA,2026-06-05 22:54 UTC,248916,,,,,,,,,,,,,,
MAGIC SOUND WOLF,2026-06-05 22:54 UTC,628003,,,,,,,,,,,,,,
Malcolm Todd,2026-06-05 22:54 UTC,30774851,,,,,,,,,,,,,,
Maphra,2026-06-05 22:54 UTC,1370717,,,,,,,,,,,,,,
marquitos,2026-06-05 22:54 UTC,237066,,,,,,,,,,,,,,
Maviler,2026-06-05 22:54 UTC,454499,,,,,,,,,,,,,,
Merry Lamb Lamb,2026-06-05 22:54 UTC,4385,,,,,,,,,,,,,,
Mijabella Marie,2026-06-05 22:54 UTC,8970,,,,,,,,,,,,,,
MIKE,2026-06-05 22:54 UTC,583675,,,,,,,,,,,,,,
Momo Boyd,2026-06-05 22:54 UTC,1932382,,,,,,,,,,,,,,
Mr Dutt,2026-06-05 22:54 UTC,1614203,,,,,,,,,,,,,,
Mumu Fresh,2026-06-05 22:54 UTC,68867,,,,,,,,,,,,,,
My New Band Believe,2026-06-05 22:54 UTC,97544,,,,,,,,,,,,,,
Naarly,2026-06-05 22:54 UTC,5876074,,,,,,,,,,,,,,
Naod,2026-06-05 22:54 UTC,300334,,,,,,,,,,,,,,
Nickatnite,2026-06-05 22:54 UTC,3831,,,,,,,,,,,,,,
Nine Vicious,2026-06-05 22:54 UTC,1211566,,,,,,,,,,,,,,
nocashfromparents,2026-06-05 22:54 UTC,911613,,,,,,,,,,,,,,
North West,2026-06-05 22:54 UTC,724319,,,,,,,,,,,,,,
NPD,2026-06-05 22:54 UTC,1336347,,,,,,,,,,,,,,
OK Alva,2026-06-05 22:54 UTC,25166,,,,,,,,,,,,,,
OKI,2026-06-05 22:54 UTC,2267998,,,,,,,,,,,,,,
Olga Myko,2026-06-05 22:54 UTC,1917184,,,,,,,,,,,,,,
Olof Dreijer,2026-06-05 22:54 UTC,108303,,,,,,,,,,,,,,
osa,2026-06-05 22:54 UTC,175289,,,,,,,,,,,,,,
Oxis,2026-06-05 22:54 UTC,485463,,,,,,,,,,,,,,
Pocket,2026-06-05 22:54 UTC,69467,,,,,,,,,,,,,,
Pretty Pinkk,2026-06-05 22:54 UTC,18418,,,,,,,,,,,,,,
Pz',2026-06-05 22:54 UTC,367032,,,,,,,,,,,,,,
Rian Brazil,2026-06-05 22:54 UTC,87127,,,,,,,,,,,,,,
rjtheweirdo,2026-06-05 22:54 UTC,232415,,,,,,,,,,,,,,
Rocket Reese,2026-06-05 22:54 UTC,112942,,,,,,,,,,,,,,
S1RENA,2026-06-05 22:54 UTC,139787,,,,,,,,,,,,,,
Sa!koro,2026-06-05 22:54 UTC,77980,,,,,,,,,,,,,,
Sara Landry,2026-06-05 22:54 UTC,1136632,,,,,,,,,,,,,,
Sébastien Tellier,2026-06-05 22:54 UTC,840857,,,,,,,,,,,,,,
ShawtyRokk,2026-06-05 22:54 UTC,24095,,,,,,,,,,,,,,
shonci,2026-06-05 22:54 UTC,5567021,,,,,,,,,,,,,,
Slayr,2026-06-05 22:54 UTC,1023514,,,,,,,,,,,,,,
Slayyyter,2026-06-05 22:54 UTC,5321084,,,,,,,,,,,,,,
Slim Jxmmy,2026-06-05 22:54 UTC,35598,,,,,,,,,,,,,,
Sofiane Pamart,2026-06-05 22:54 UTC,3043216,,,,,,,,,,,,,,
Sons of Yusuf,2026-06-05 22:54 UTC,1220880,,,,,,,,,,,,,,
Southsidesilhouette,2026-06-05 22:54 UTC,149126,,,,,,,,,,,,,,
Specialist Moss,2026-06-05 22:54 UTC,460457,,,,,,,,,,,,,,
SPELLLING,2026-06-05 22:54 UTC,60397,,,,,,,,,,,,,,
Sreemani,2026-06-05 22:54 UTC,2603635,,,,,,,,,,,,,,
STELLA LEFTY,2026-06-05 22:54 UTC,13242433,,,,,,,,,,,,,,
Street Fever,2026-06-05 22:54 UTC,55528,,,,,,,,,,,,,,
Sunday Service Choir,2026-06-05 22:54 UTC,384823,,,,,,,,,,,,,,
SURF GANG,2026-06-05 22:54 UTC,316536,,,,,,,,,,,,,,
Swizz Beatz,2026-06-05 22:54 UTC,582765,,,,,,,,,,,,,,
T.O.P,2026-06-05 22:54 UTC,829186,,,,,,,,,,,,,,
Tabi Gervis,2026-06-05 22:54 UTC,17883,,,,,,,,,,,,,,
Temper City,2026-06-05 22:54 UTC,20517889,,,,,,,,,,,,,,
Tezzus,2026-06-05 22:54 UTC,281311,,,,,,,,,,,,,,
The Long Faces,2026-06-05 22:54 UTC,5605416,,,,,,,,,,,,,,
The Twins,2026-06-05 22:54 UTC,77811,,,,,,,,,,,,,,
THELMA,2026-06-05 22:54 UTC,34987,,,,,,,,,,,,,,
Tiffany Day,2026-06-05 22:54 UTC,1234720,,,,,,,,,,,,,,
Tom Did It,2026-06-05 22:54 UTC,997614,,,,,,,,,,,,,,
Tom Right,2026-06-05 22:54 UTC,1498876,,,,,,,,,,,,,,
TOMORA,2026-06-05 22:54 UTC,598134,,,,,,,,,,,,,,
Trim,2026-06-05 22:54 UTC,3246748,,,,,,,,,,,,,,
Tsatsamis,2026-06-05 22:54 UTC,114849,,,,,,,,,,,,,,
twentythree,2026-06-05 22:54 UTC,1176245,,,,,,,,,,,,,,
TXKUMOON,2026-06-05 22:54 UTC,699202,,,,,,,,,,,,,,
Vaibhav Gupta,2026-06-05 22:54 UTC,1378546,,,,,,,,,,,,,,
waera,2026-06-05 22:54 UTC,124295,,,,,,,,,,,,,,
Warren Roob,2026-06-05 22:54 UTC,185118,,,,,,,,,,,,,,
Welwitschia,2026-06-05 22:54 UTC,204317,,,,,,,,,,,,,,
Will Sass,2026-06-05 22:54 UTC,583242,,,,,,,,,,,,,,
Wtm Solid,2026-06-05 22:54 UTC,3392,,,,,,,,,,,,,,
Yaeger,2026-06-05 22:54 UTC,173883,,,,,,,,,,,,,,
YASP,2026-06-05 22:54 UTC,33293,,,,,,,,,,,,,,
Ye,2026-06-05 22:54 UTC,8021878,,,,,,,,,,,,,,
Yonusa,2026-06-05 22:54 UTC,2674,,,,,,,,,,,,,,
YUNA,2026-06-05 22:54 UTC,783393,,,,,,,,,,,,,,
Yuyu19,2026-06-05 22:54 UTC,946224,,,,,,,,,,,,,,
Zycan,2026-06-05 22:54 UTC,591613,,,,,,,,,,,,,,
drug bug,2026-06-05 22:54 UTC,51122,,,,,,,,,,,,,,
ILYAH,2026-06-05 22:54 UTC,632457,,,,,,,,,,,,,,
Los Brasileros,2026-06-05 22:54 UTC,1496820,,,,,,,,,,,,,,
am7iri,2026-06-05 22:54 UTC,1835409,,,,,,,,,,,,,,
Los Buyer,2026-06-05 22:54 UTC,1080073,,,,,,,,,,,,,,
Pikeras,2026-06-05 22:54 UTC,1605400,,,,,,,,,,,,,,
Heitor Santos,2026-06-05 22:54 UTC,2025824,,,,,,,,,,,,,,
Melly,2026-06-05 22:54 UTC,869182,,,,,,,,,,,,,,
OT The Real,2026-06-05 22:54 UTC,110952,,,,,,,,,,,,,,
Big Papa313,2026-06-05 22:54 UTC,1229427,,,,,,,,,,,,,,
kortani,2026-06-05 22:54 UTC,206551,,,,,,,,,,,,,,
daydreamers,2026-06-05 22:54 UTC,213706,,,,,,,,,,,,,,
Amma,2026-06-05 22:54 UTC,1366100,,,,,,,,,,,,,,
IngaRose,2026-06-05 22:54 UTC,3053771,,,,,,,,,,,,,,
FRIDAY*,2026-06-05 22:54 UTC,7985,,,,,,,,,,,,,,
aoif3,2026-06-05 22:54 UTC,752,,,,,,,,,,,,,,
Uche,2026-06-05 22:54 UTC,49164,,,,,,,,,,,,,,
Maxx Moor,2026-06-05 22:54 UTC,406,,,,,,,,,,,,,,
Swethings,2026-06-05 22:54 UTC,38825,,,,,,,,,,,,,,
22xlstl,2026-06-05 22:54 UTC,423124,,,,,,,,,,,,,,
Greg Gonzales,2026-06-05 22:54 UTC,3192258,,,,,,,,,,,,,,
Lyla George,2026-06-05 22:54 UTC,184924,,,,,,,,,,,,,,
Marlo Rex,2026-06-05 22:54 UTC,945829,,,,,,,,,,,,,,
Cobrah,2026-06-05 22:54 UTC,1732233,,,,,,,,,,,,,,
Asha Banks,2026-06-05 22:54 UTC,879741,,,,,,,,,,,,,,
Stanclickin,2026-06-05 22:54 UTC,27892,,,,,,,,,,,,,,
Ebony Riley,2026-06-05 22:54 UTC,124038,,,,,,,,,,,,,,
Knut€,2026-06-05 22:54 UTC,12996,,,,,,,,,,,,,,
SALIMATA,2026-06-05 22:54 UTC,335279,,,,,,,,,,,,,,
Tracy,2026-06-05 22:54 UTC,427308,,,,,,,,,,,,,,
GENER8ION,2026-06-05 22:54 UTC,2258844,,,,,,,,,,,,,,
BJOERN,2026-06-05 22:54 UTC,548698,,,,,,,,,,,,,,
Olwin,2026-06-05 22:54 UTC,24367,,,,,,,,,,,,,,
Fred Durst,2026-06-05 22:54 UTC,1791747,,,,,,,,,,,,,,
Twoske,2026-06-05 22:54 UTC,17236,,,,,,,,,,,,,,
Los Gofiones,2026-06-05 22:54 UTC,1117137,,,,,,,,,,,,,,
Chase Belly,2026-06-05 22:54 UTC,56245,,,,,,,,,,,,,,
CDB,2026-06-05 22:54 UTC,4164352,,,,,,,,,,,,,,
Cornfed Ted,2026-06-05 22:54 UTC,10611,,,,,,,,,,,,,,
Claar,2026-06-05 22:54 UTC,14155,,,,,,,,,,,,,,
KARLEE GIRL,2026-06-05 22:54 UTC,1774579,,,,,,,,,,,,,,
Warhol.SS,2026-06-05 22:54 UTC,548954,,,,,,,,,,,,,,
Lola Blue,2026-06-05 22:54 UTC,178807,,,,,,,,,,,,,,
AZIEDOESNTEXIST,2026-06-05 22:54 UTC,1264552,,,,,,,,,,,,,,
Eliah Sternhardt,2026-06-05 22:54 UTC,201284,,,,,,,,,,,,,,
$t3PPA,2026-06-06 22:51 UTC,114046,,,,,,,,,,,,,,
1 Umbrella,2026-06-06 22:51 UTC,99898,,,,,,,,,,,,,,
318dman,2026-06-06 22:51 UTC,376612,,,,,,,,,,,,,,
A2ANTI,2026-06-06 22:51 UTC,873082,,,,,,,,,,,,,,
Addison Dean,2026-06-06 22:51 UTC,7790,,,,,,,,,,,,,,
Aksomaniac,2026-06-06 22:51 UTC,3050738,,,,,,,,,,,,,,
Andre Troutman,2026-06-06 22:51 UTC,3304258,,,,,,,,,,,,,,
Angine de Poitrine,2026-06-06 22:51 UTC,1329369,,,,,,,,,,,,,,
Anik Khan,2026-06-06 22:51 UTC,83803,,,,,,,,,,,,,,
AQUAFINNA,2026-06-06 22:51 UTC,16583,,,,,,,,,,,,,,
Biggs money,2026-06-06 22:51 UTC,12452,,,,,,,,,,,,,,
Boi-1da,2026-06-06 22:51 UTC,606557,,,,,,,,,,,,,,
BossMan Pac,2026-06-06 22:51 UTC,65723,,,,,,,,,,,,,,
Brittany Aldean,2026-06-06 22:51 UTC,120620,,,,,,,,,,,,,,
Bryan Countach,2026-06-06 22:51 UTC,114986,,,,,,,,,,,,,,
Canada Soccer,2026-06-06 22:51 UTC,716000,,,,,,,,,,,,,,
Canyon,2026-06-06 22:51 UTC,29183,,,,,,,,,,,,,,
Cap1talA,2026-06-06 22:51 UTC,320352,,,,,,,,,,,,,,
Carter Faith,2026-06-06 22:51 UTC,2734069,,,,,,,,,,,,,,
Che,2026-06-06 22:51 UTC,1206952,,,,,,,,,,,,,,
Chyno Miranda,2026-06-06 22:51 UTC,1141623,,,,,,,,,,,,,,
Corridos del Rey,2026-06-06 22:51 UTC,2392995,,,,,,,,,,,,,,
Dale Move,2026-06-06 22:51 UTC,117292,,,,,,,,,,,,,,
Daniel Žižka,2026-06-06 22:51 UTC,779828,,,,,,,,,,,,,,
Dante,2026-06-06 22:51 UTC,338663,,,,,,,,,,,,,,
Dean Turnley,2026-06-06 22:51 UTC,1607110,,,,,,,,,,,,,,
Delta Ash,2026-06-06 22:51 UTC,613772,,,,,,,,,,,,,,
DETO BLACK,2026-06-06 22:51 UTC,284009,,,,,,,,,,,,,,
Devault,2026-06-06 22:51 UTC,2006302,,,,,,,,,,,,,,
Dexter and The Moonrocks,2026-06-06 22:51 UTC,8660659,,,,,,,,,,,,,,
diamond*,2026-06-06 22:51 UTC,281086,,,,,,,,,,,,,,
Diana Pilquist,2026-06-06 22:51 UTC,2221,,,,,,,,,,,,,,
DJ B7 o Piranhão,2026-06-06 22:51 UTC,3560832,,,,,,,,,,,,,,
DJ Holiday,2026-06-06 22:51 UTC,102607,,,,,,,,,,,,,,
dóttir.x,2026-06-06 22:51 UTC,83211,,,,,,,,,,,,,,
Druski,2026-06-06 22:51 UTC,596871,,,,,,,,,,,,,,
Dubioza Kolektive,2026-06-06 22:51 UTC,550991,,,,,,,,,,,,,,
dunderjeppe,2026-06-06 22:51 UTC,27571,,,,,,,,,,,,,,
Duskydemise archive,2026-06-06 22:51 UTC,458021,,,,,,,,,,,,,,
Duygu Edis,2026-06-06 22:51 UTC,1689729,,,,,,,,,,,,,,
Dwarde,2026-06-06 22:51 UTC,13518,,,,,,,,,,,,,,
EA TJ,2026-06-06 22:51 UTC,21825,,,,,,,,,,,,,,
EL DEMOON,2026-06-06 22:51 UTC,116,,,,,,,,,,,,,,
Emanazul,2026-06-06 22:51 UTC,392097,,,,,,,,,,,,,,
Emelie Trahan,2026-06-06 22:51 UTC,133798,,,,,,,,,,,,,,
EMJIE,2026-06-06 22:51 UTC,380194,,,,,,,,,,,,,,
ERISTHEPLANET,2026-06-06 22:51 UTC,80532,,,,,,,,,,,,,,
F3miii,2026-06-06 22:51 UTC,13764959,,,,,,,,,,,,,,
Fcukers,2026-06-06 22:51 UTC,2089420,,,,,,,,,,,,,,
FIFA Sound,2026-06-06 22:51 UTC,7932734,,,,,,,,,,,,,,
FLO,2026-06-06 22:51 UTC,3713039,,,,,,,,,,,,,,
Frost Children,2026-06-06 22:51 UTC,538929,,,,,,,,,,,,,,
frozz,2026-06-06 22:51 UTC,452287,,,,,,,,,,,,,,
G3B,2026-06-06 22:51 UTC,81247,,,,,,,,,,,,,,
Ghetto Beisha,2026-06-06 22:51 UTC,17432,,,,,,,,,,,,,,
Ghostfacekush,2026-06-06 22:51 UTC,67850,,,,,,,,,,,,,,
Girl Scout,2026-06-06 22:51 UTC,69656,,,,,,,,,,,,,,
girl_irl,2026-06-06 22:51 UTC,56976,,,,,,,,,,,,,,
girlsweetvoiced,2026-06-06 22:51 UTC,394140,,,,,,,,,,,,,,
Glizzy Glow,2026-06-06 22:51 UTC,4872,,,,,,,,,,,,,,
gnawvs,2026-06-06 22:51 UTC,1359,,,,,,,,,,,,,,
Godtripper,2026-06-06 22:51 UTC,203487,,,,,,,,,,,,,,
Grupo Primer Grado,2026-06-06 22:51 UTC,2226498,,,,,,,,,,,,,,
H. Hawkline,2026-06-06 22:51 UTC,158460,,,,,,,,,,,,,,
Harrd Luck,2026-06-06 22:51 UTC,39175,,,,,,,,,,,,,,
HittMan,2026-06-06 22:51 UTC,9592,,,,,,,,,,,,,,
Iguana Death Cult,2026-06-06 22:51 UTC,44886,,,,,,,,,,,,,,
Indeevar,2026-06-06 22:51 UTC,3757731,,,,,,,,,,,,,,
Indigo De Souza,2026-06-06 22:51 UTC,1450441,,,,,,,,,,,,,,
Infinity Song,2026-06-06 22:51 UTC,701790,,,,,,,,,,,,,,
isa in eutopia,2026-06-06 22:51 UTC,26653,,,,,,,,,,,,,,
JADA,2026-06-06 22:51 UTC,63027,,,,,,,,,,,,,,
Jadasea,2026-06-06 22:51 UTC,46385,,,,,,,,,,,,,,
jalda,2026-06-06 22:51 UTC,127294,,,,,,,,,,,,,,
Jimmy Butler,2026-06-06 22:51 UTC,39361,,,,,,,,,,,,,,
JJerome87,2026-06-06 22:51 UTC,294363,,,,,,,,,,,,,,
Joy Rhodes,2026-06-06 22:51 UTC,1003698,,,,,,,,,,,,,,
Juju,2026-06-06 22:51 UTC,2747770,,,,,,,,,,,,,,
Julia Church,2026-06-06 22:51 UTC,3295526,,,,,,,,,,,,,,
Julie Williams,2026-06-06 22:51 UTC,37416,,,,,,,,,,,,,,
JussGigi,2026-06-06 22:51 UTC,0,,,,,,,,,,,,,,
Kala,2026-06-06 22:51 UTC,0,,,,,,,,,,,,,,
Karly Bowman,2026-06-06 22:51 UTC,74336,,,,,,,,,,,,,,
Khaled,2026-06-06 22:51 UTC,1787569,,,,,,,,,,,,,,
Khan Saab,2026-06-06 22:51 UTC,9289271,,,,,,,,,,,,,,
King Kylie,2026-06-06 22:51 UTC,473800,,,,,,,,,,,,,,
KINGH,2026-06-06 22:51 UTC,142345,,,,,,,,,,,,,,
Koilwood,2026-06-06 22:51 UTC,26586,,,,,,,,,,,,,,
KUČKA,2026-06-06 22:51 UTC,781065,,,,,,,,,,,,,,
Kurdi Klymax,2026-06-06 22:51 UTC,41768,,,,,,,,,,,,,,
kuru,2026-06-06 22:51 UTC,299435,,,,,,,,,,,,,,
Lamb,2026-06-06 22:51 UTC,241503,,,,,,,,,,,,,,
ledysek,2026-06-06 22:51 UTC,17851,,,,,,,,,,,,,,
Lerado Khalil,2026-06-06 22:51 UTC,37457,,,,,,,,,,,,,,
Les Imprimés,2026-06-06 22:51 UTC,104597,,,,,,,,,,,,,,
Lightris,2026-06-06 22:51 UTC,747029,,,,,,,,,,,,,,
Lil B,2026-06-06 22:51 UTC,1409123,,,,,,,,,,,,,,
Lil Righteous,2026-06-06 22:51 UTC,0,,,,,,,,,,,,,,
Loui Henderson,2026-06-06 22:51 UTC,89139,,,,,,,,,,,,,,
Luke Armstrong,2026-06-06 22:51 UTC,20851,,,,,,,,,,,,,,
M4IA,2026-06-06 22:51 UTC,273462,,,,,,,,,,,,,,
MAGIC SOUND WOLF,2026-06-06 22:51 UTC,631766,,,,,,,,,,,,,,
Malcolm Todd,2026-06-06 22:51 UTC,31322634,,,,,,,,,,,,,,
Maphra,2026-06-06 22:51 UTC,1367523,,,,,,,,,,,,,,
marquitos,2026-06-06 22:51 UTC,233252,,,,,,,,,,,,,,
Maviler,2026-06-06 22:51 UTC,455585,,,,,,,,,,,,,,
Merry Lamb Lamb,2026-06-06 22:51 UTC,4142,,,,,,,,,,,,,,
Mijabella Marie,2026-06-06 22:51 UTC,8774,,,,,,,,,,,,,,
MIKE,2026-06-06 22:51 UTC,580833,,,,,,,,,,,,,,
Momo Boyd,2026-06-06 22:51 UTC,1902736,,,,,,,,,,,,,,
Mr Dutt,2026-06-06 22:51 UTC,1616396,,,,,,,,,,,,,,
Mumu Fresh,2026-06-06 22:51 UTC,64836,,,,,,,,,,,,,,
My New Band Believe,2026-06-06 22:51 UTC,94860,,,,,,,,,,,,,,
Naarly,2026-06-06 22:51 UTC,5894789,,,,,,,,,,,,,,
Naod,2026-06-06 22:51 UTC,299963,,,,,,,,,,,,,,
Nickatnite,2026-06-06 22:51 UTC,3968,,,,,,,,,,,,,,
Nine Vicious,2026-06-06 22:51 UTC,1217018,,,,,,,,,,,,,,
nocashfromparents,2026-06-06 22:51 UTC,903579,,,,,,,,,,,,,,
North West,2026-06-06 22:51 UTC,695710,,,,,,,,,,,,,,
NPD,2026-06-06 22:51 UTC,1358986,,,,,,,,,,,,,,
OK Alva,2026-06-06 22:51 UTC,24922,,,,,,,,,,,,,,
OKI,2026-06-06 22:51 UTC,2266371,,,,,,,,,,,,,,
Olga Myko,2026-06-06 22:51 UTC,1967117,,,,,,,,,,,,,,
Olof Dreijer,2026-06-06 22:51 UTC,93197,,,,,,,,,,,,,,
osa,2026-06-06 22:51 UTC,176566,,,,,,,,,,,,,,
Oxis,2026-06-06 22:51 UTC,482031,,,,,,,,,,,,,,
Pocket,2026-06-06 22:51 UTC,67888,,,,,,,,,,,,,,
Pretty Pinkk,2026-06-06 22:51 UTC,17432,,,,,,,,,,,,,,
Pz',2026-06-06 22:51 UTC,373339,,,,,,,,,,,,,,
Rian Brazil,2026-06-06 22:51 UTC,88190,,,,,,,,,,,,,,
rjtheweirdo,2026-06-06 22:51 UTC,226753,,,,,,,,,,,,,,
Rocket Reese,2026-06-06 22:51 UTC,113856,,,,,,,,,,,,,,
S1RENA,2026-06-06 22:51 UTC,138824,,,,,,,,,,,,,,
Sa!koro,2026-06-06 22:51 UTC,77893,,,,,,,,,,,,,,
Sara Landry,2026-06-06 22:51 UTC,1158510,,,,,,,,,,,,,,
Sébastien Tellier,2026-06-06 22:51 UTC,843770,,,,,,,,,,,,,,
ShawtyRokk,2026-06-06 22:51 UTC,24332,,,,,,,,,,,,,,
shonci,2026-06-06 22:51 UTC,5595295,,,,,,,,,,,,,,
Slayr,2026-06-06 22:51 UTC,1022949,,,,,,,,,,,,,,
Slayyyter,2026-06-06 22:51 UTC,5477507,,,,,,,,,,,,,,
Slim Jxmmy,2026-06-06 22:51 UTC,35357,,,,,,,,,,,,,,
Sofiane Pamart,2026-06-06 22:51 UTC,2990969,,,,,,,,,,,,,,
Sons of Yusuf,2026-06-06 22:51 UTC,1216415,,,,,,,,,,,,,,
Southsidesilhouette,2026-06-06 22:51 UTC,147307,,,,,,,,,,,,,,
Specialist Moss,2026-06-06 22:51 UTC,454908,,,,,,,,,,,,,,
SPELLLING,2026-06-06 22:51 UTC,58017,,,,,,,,,,,,,,
Sreemani,2026-06-06 22:51 UTC,2596733,,,,,,,,,,,,,,
STELLA LEFTY,2026-06-06 22:51 UTC,13324812,,,,,,,,,,,,,,
Street Fever,2026-06-06 22:51 UTC,55204,,,,,,,,,,,,,,
Sunday Service Choir,2026-06-06 22:51 UTC,385550,,,,,,,,,,,,,,
SURF GANG,2026-06-06 22:51 UTC,313156,,,,,,,,,,,,,,
Swizz Beatz,2026-06-06 22:51 UTC,576052,,,,,,,,,,,,,,
T.O.P,2026-06-06 22:51 UTC,815654,,,,,,,,,,,,,,
Tabi Gervis,2026-06-06 22:51 UTC,18196,,,,,,,,,,,,,,
Temper City,2026-06-06 22:51 UTC,20729525,,,,,,,,,,,,,,
Tezzus,2026-06-06 22:51 UTC,282041,,,,,,,,,,,,,,
The Long Faces,2026-06-06 22:51 UTC,5615176,,,,,,,,,,,,,,
The Twins,2026-06-06 22:51 UTC,78411,,,,,,,,,,,,,,
THELMA,2026-06-06 22:51 UTC,35940,,,,,,,,,,,,,,
Tiffany Day,2026-06-06 22:51 UTC,1229724,,,,,,,,,,,,,,
Tom Did It,2026-06-06 22:51 UTC,992548,,,,,,,,,,,,,,
Tom Right,2026-06-06 22:51 UTC,1496497,,,,,,,,,,,,,,
TOMORA,2026-06-06 22:51 UTC,571434,,,,,,,,,,,,,,
Trim,2026-06-06 22:51 UTC,3273443,,,,,,,,,,,,,,
Tsatsamis,2026-06-06 22:51 UTC,110138,,,,,,,,,,,,,,
twentythree,2026-06-06 22:51 UTC,1174804,,,,,,,,,,,,,,
TXKUMOON,2026-06-06 22:51 UTC,658222,,,,,,,,,,,,,,
Vaibhav Gupta,2026-06-06 22:51 UTC,1375977,,,,,,,,,,,,,,
waera,2026-06-06 22:51 UTC,123575,,,,,,,,,,,,,,
Warren Roob,2026-06-06 22:51 UTC,184400,,,,,,,,,,,,,,
Welwitschia,2026-06-06 22:51 UTC,204829,,,,,,,,,,,,,,
Will Sass,2026-06-06 22:51 UTC,581826,,,,,,,,,,,,,,
Wtm Solid,2026-06-06 22:51 UTC,3389,,,,,,,,,,,,,,
Yaeger,2026-06-06 22:51 UTC,168830,,,,,,,,,,,,,,
YASP,2026-06-06 22:51 UTC,33942,,,,,,,,,,,,,,
Ye,2026-06-06 22:51 UTC,7997733,,,,,,,,,,,,,,
Yonusa,2026-06-06 22:51 UTC,2586,,,,,,,,,,,,,,
YUNA,2026-06-06 22:51 UTC,772856,,,,,,,,,,,,,,
Yuyu19,2026-06-06 22:51 UTC,944999,,,,,,,,,,,,,,
Zycan,2026-06-06 22:51 UTC,583271,,,,,,,,,,,,,,
drug bug,2026-06-06 22:51 UTC,50390,,,,,,,,,,,,,,
ILYAH,2026-06-06 22:51 UTC,631539,,,,,,,,,,,,,,
Los Brasileros,2026-06-06 22:51 UTC,1482545,,,,,,,,,,,,,,
am7iri,2026-06-06 22:51 UTC,1851646,,,,,,,,,,,,,,
Los Buyer,2026-06-06 22:51 UTC,1081431,,,,,,,,,,,,,,
Pikeras,2026-06-06 22:51 UTC,1602887,,,,,,,,,,,,,,
Heitor Santos,2026-06-06 22:51 UTC,2000696,,,,,,,,,,,,,,
Melly,2026-06-06 22:51 UTC,874281,,,,,,,,,,,,,,
OT The Real,2026-06-06 22:51 UTC,108171,,,,,,,,,,,,,,
Big Papa313,2026-06-06 22:51 UTC,1212097,,,,,,,,,,,,,,
kortani,2026-06-06 22:51 UTC,203412,,,,,,,,,,,,,,
daydreamers,2026-06-06 22:51 UTC,213719,,,,,,,,,,,,,,
Amma,2026-06-06 22:51 UTC,1354778,,,,,,,,,,,,,,
IngaRose,2026-06-06 22:51 UTC,3094930,,,,,,,,,,,,,,
FRIDAY*,2026-06-06 22:51 UTC,9565,,,,,,,,,,,,,,
aoif3,2026-06-06 22:51 UTC,758,,,,,,,,,,,,,,
Uche,2026-06-06 22:51 UTC,52262,,,,,,,,,,,,,,
Maxx Moor,2026-06-06 22:51 UTC,421,,,,,,,,,,,,,,
Swethings,2026-06-06 22:51 UTC,38105,,,,,,,,,,,,,,
22xlstl,2026-06-06 22:51 UTC,408201,,,,,,,,,,,,,,
Greg Gonzales,2026-06-06 22:51 UTC,3093207,,,,,,,,,,,,,,
Lyla George,2026-06-06 22:51 UTC,177278,,,,,,,,,,,,,,
Marlo Rex,2026-06-06 22:51 UTC,936595,,,,,,,,,,,,,,
Cobrah,2026-06-06 22:51 UTC,1709910,,,,,,,,,,,,,,
Asha Banks,2026-06-06 22:51 UTC,896899,,,,,,,,,,,,,,
Stanclickin,2026-06-06 22:51 UTC,27635,,,,,,,,,,,,,,
Ebony Riley,2026-06-06 22:51 UTC,119774,,,,,,,,,,,,,,
Knut€,2026-06-06 22:51 UTC,12855,,,,,,,,,,,,,,
SALIMATA,2026-06-06 22:51 UTC,319476,,,,,,,,,,,,,,
Tracy,2026-06-06 22:51 UTC,421659,,,,,,,,,,,,,,
GENER8ION,2026-06-06 22:51 UTC,2162554,,,,,,,,,,,,,,
BJOERN,2026-06-06 22:51 UTC,539775,,,,,,,,,,,,,,
Olwin,2026-06-06 22:51 UTC,23160,,,,,,,,,,,,,,
Fred Durst,2026-06-06 22:51 UTC,1745395,,,,,,,,,,,,,,
Twoske,2026-06-06 22:51 UTC,16528,,,,,,,,,,,,,,
Los Gofiones,2026-06-06 22:51 UTC,1093117,,,,,,,,,,,,,,
Chase Belly,2026-06-06 22:51 UTC,53868,,,,,,,,,,,,,,
CDB,2026-06-06 22:51 UTC,4206948,,,,,,,,,,,,,,
Cornfed Ted,2026-06-06 22:51 UTC,10392,,,,,,,,,,,,,,
Claar,2026-06-06 22:51 UTC,14024,,,,,,,,,,,,,,
KARLEE GIRL,2026-06-06 22:51 UTC,1785999,,,,,,,,,,,,,,
Warhol.SS,2026-06-06 22:51 UTC,549021,,,,,,,,,,,,,,
Lola Blue,2026-06-06 22:51 UTC,179805,,,,,,,,,,,,,,
AZIEDOESNTEXIST,2026-06-06 22:51 UTC,1281551,,,,,,,,,,,,,,
Eliah Sternhardt,2026-06-06 22:51 UTC,203435,,,,,,,,,,,,,,
$t3PPA,2026-06-07 22:52 UTC,111238,,,,,,,,,,,,,,
1 Umbrella,2026-06-07 22:52 UTC,98701,,,,,,,,,,,,,,
318dman,2026-06-07 22:52 UTC,389295,,,,,,,,,,,,,,
A2ANTI,2026-06-07 22:52 UTC,870082,,,,,,,,,,,,,,
Addison Dean,2026-06-07 22:52 UTC,7748,,,,,,,,,,,,,,
Aksomaniac,2026-06-07 22:52 UTC,3084511,,,,,,,,,,,,,,
Andre Troutman,2026-06-07 22:52 UTC,3299915,,,,,,,,,,,,,,
Angine de Poitrine,2026-06-07 22:52 UTC,1314875,,,,,,,,,,,,,,
Anik Khan,2026-06-07 22:52 UTC,84188,,,,,,,,,,,,,,
AQUAFINNA,2026-06-07 22:52 UTC,16583,,,,,,,,,,,,,,
Biggs money,2026-06-07 22:52 UTC,12276,,,,,,,,,,,,,,
Boi-1da,2026-06-07 22:52 UTC,628444,,,,,,,,,,,,,,
BossMan Pac,2026-06-07 22:52 UTC,65155,,,,,,,,,,,,,,
Brittany Aldean,2026-06-07 22:52 UTC,119493,,,,,,,,,,,,,,
Bryan Countach,2026-06-07 22:52 UTC,112009,,,,,,,,,,,,,,
Canada Soccer,2026-06-07 22:52 UTC,735754,,,,,,,,,,,,,,
Canyon,2026-06-07 22:52 UTC,28943,,,,,,,,,,,,,,
Cap1talA,2026-06-07 22:52 UTC,321066,,,,,,,,,,,,,,
Carter Faith,2026-06-07 22:52 UTC,2720525,,,,,,,,,,,,,,
Che,2026-06-07 22:52 UTC,1207415,,,,,,,,,,,,,,
Chyno Miranda,2026-06-07 22:52 UTC,1141088,,,,,,,,,,,,,,
Corridos del Rey,2026-06-07 22:52 UTC,2438385,,,,,,,,,,,,,,
Dale Move,2026-06-07 22:52 UTC,115200,,,,,,,,,,,,,,
Daniel Žižka,2026-06-07 22:52 UTC,779189,,,,,,,,,,,,,,
Dante,2026-06-07 22:52 UTC,346829,,,,,,,,,,,,,,
Dean Turnley,2026-06-07 22:52 UTC,1601768,,,,,,,,,,,,,,
Delta Ash,2026-06-07 22:52 UTC,608052,,,,,,,,,,,,,,
DETO BLACK,2026-06-07 22:52 UTC,275900,,,,,,,,,,,,,,
Devault,2026-06-07 22:52 UTC,1962317,,,,,,,,,,,,,,
Dexter and The Moonrocks,2026-06-07 22:52 UTC,8676616,,,,,,,,,,,,,,
diamond*,2026-06-07 22:52 UTC,283913,,,,,,,,,,,,,,
Diana Pilquist,2026-06-07 22:52 UTC,2169,,,,,,,,,,,,,,
DJ B7 o Piranhão,2026-06-07 22:52 UTC,3544694,,,,,,,,,,,,,,
DJ Holiday,2026-06-07 22:52 UTC,101265,,,,,,,,,,,,,,
dóttir.x,2026-06-07 22:52 UTC,79887,,,,,,,,,,,,,,
Druski,2026-06-07 22:52 UTC,585651,,,,,,,,,,,,,,
Dubioza Kolektive,2026-06-07 22:52 UTC,554276,,,,,,,,,,,,,,
dunderjeppe,2026-06-07 22:52 UTC,27540,,,,,,,,,,,,,,
Duskydemise archive,2026-06-07 22:52 UTC,460343,,,,,,,,,,,,,,
Duygu Edis,2026-06-07 22:52 UTC,1685181,,,,,,,,,,,,,,
Dwarde,2026-06-07 22:52 UTC,13513,,,,,,,,,,,,,,
EA TJ,2026-06-07 22:52 UTC,21546,,,,,,,,,,,,,,
EL DEMOON,2026-06-07 22:52 UTC,102,,,,,,,,,,,,,,
Emanazul,2026-06-07 22:52 UTC,384707,,,,,,,,,,,,,,
Emelie Trahan,2026-06-07 22:52 UTC,131433,,,,,,,,,,,,,,
EMJIE,2026-06-07 22:52 UTC,380684,,,,,,,,,,,,,,
ERISTHEPLANET,2026-06-07 22:52 UTC,80449,,,,,,,,,,,,,,
F3miii,2026-06-07 22:52 UTC,14016732,,,,,,,,,,,,,,
Fcukers,2026-06-07 22:52 UTC,2088361,,,,,,,,,,,,,,
FIFA Sound,2026-06-07 22:52 UTC,8241153,,,,,,,,,,,,,,
FLO,2026-06-07 22:52 UTC,3700722,,,,,,,,,,,,,,
Frost Children,2026-06-07 22:52 UTC,537687,,,,,,,,,,,,,,
frozz,2026-06-07 22:52 UTC,458305,,,,,,,,,,,,,,
G3B,2026-06-07 22:52 UTC,80254,,,,,,,,,,,,,,
Ghetto Beisha,2026-06-07 22:52 UTC,16588,,,,,,,,,,,,,,
Ghostfacekush,2026-06-07 22:52 UTC,67372,,,,,,,,,,,,,,
Girl Scout,2026-06-07 22:52 UTC,69145,,,,,,,,,,,,,,
girl_irl,2026-06-07 22:52 UTC,56768,,,,,,,,,,,,,,
girlsweetvoiced,2026-06-07 22:52 UTC,389813,,,,,,,,,,,,,,
Glizzy Glow,2026-06-07 22:52 UTC,4795,,,,,,,,,,,,,,
gnawvs,2026-06-07 22:52 UTC,1378,,,,,,,,,,,,,,
Godtripper,2026-06-07 22:52 UTC,202764,,,,,,,,,,,,,,
Grupo Primer Grado,2026-06-07 22:52 UTC,2226399,,,,,,,,,,,,,,
H. Hawkline,2026-06-07 22:52 UTC,152543,,,,,,,,,,,,,,
Harrd Luck,2026-06-07 22:52 UTC,38744,,,,,,,,,,,,,,
HittMan,2026-06-07 22:52 UTC,9515,,,,,,,,,,,,,,
Iguana Death Cult,2026-06-07 22:52 UTC,44614,,,,,,,,,,,,,,
Indeevar,2026-06-07 22:52 UTC,3669900,,,,,,,,,,,,,,
Indigo De Souza,2026-06-07 22:52 UTC,1456630,,,,,,,,,,,,,,
Infinity Song,2026-06-07 22:52 UTC,701618,,,,,,,,,,,,,,
isa in eutopia,2026-06-07 22:52 UTC,26397,,,,,,,,,,,,,,
JADA,2026-06-07 22:52 UTC,63653,,,,,,,,,,,,,,
Jadasea,2026-06-07 22:52 UTC,45911,,,,,,,,,,,,,,
jalda,2026-06-07 22:52 UTC,128841,,,,,,,,,,,,,,
Jimmy Butler,2026-06-07 22:52 UTC,38581,,,,,,,,,,,,,,
JJerome87,2026-06-07 22:52 UTC,306622,,,,,,,,,,,,,,
Joy Rhodes,2026-06-07 22:52 UTC,1006296,,,,,,,,,,,,,,
Juju,2026-06-07 22:52 UTC,2734319,,,,,,,,,,,,,,
Julia Church,2026-06-07 22:52 UTC,3274602,,,,,,,,,,,,,,
Julie Williams,2026-06-07 22:52 UTC,36707,,,,,,,,,,,,,,
JussGigi,2026-06-07 22:52 UTC,0,,,,,,,,,,,,,,
Kala,2026-06-07 22:52 UTC,0,,,,,,,,,,,,,,
Karly Bowman,2026-06-07 22:52 UTC,73631,,,,,,,,,,,,,,
Khaled,2026-06-07 22:52 UTC,1777914,,,,,,,,,,,,,,
Khan Saab,2026-06-07 22:52 UTC,9245640,,,,,,,,,,,,,,
King Kylie,2026-06-07 22:52 UTC,468956,,,,,,,,,,,,,,
KINGH,2026-06-07 22:52 UTC,144867,,,,,,,,,,,,,,
Koilwood,2026-06-07 22:52 UTC,26708,,,,,,,,,,,,,,
KUČKA,2026-06-07 22:52 UTC,782472,,,,,,,,,,,,,,
Kurdi Klymax,2026-06-07 22:52 UTC,41534,,,,,,,,,,,,,,
kuru,2026-06-07 22:52 UTC,300132,,,,,,,,,,,,,,
Lamb,2026-06-07 22:52 UTC,243010,,,,,,,,,,,,,,
ledysek,2026-06-07 22:52 UTC,17945,,,,,,,,,,,,,,
Lerado Khalil,2026-06-07 22:52 UTC,37514,,,,,,,,,,,,,,
Les Imprimés,2026-06-07 22:52 UTC,105887,,,,,,,,,,,,,,
Lightris,2026-06-07 22:52 UTC,748790,,,,,,,,,,,,,,
Lil B,2026-06-07 22:52 UTC,1402996,,,,,,,,,,,,,,
Lil Righteous,2026-06-07 22:52 UTC,0,,,,,,,,,,,,,,
Loui Henderson,2026-06-07 22:52 UTC,85290,,,,,,,,,,,,,,
Luke Armstrong,2026-06-07 22:52 UTC,17639,,,,,,,,,,,,,,
M4IA,2026-06-07 22:52 UTC,308329,,,,,,,,,,,,,,
MAGIC SOUND WOLF,2026-06-07 22:52 UTC,634746,,,,,,,,,,,,,,
Malcolm Todd,2026-06-07 22:52 UTC,31687128,,,,,,,,,,,,,,
Maphra,2026-06-07 22:52 UTC,1358127,,,,,,,,,,,,,,
marquitos,2026-06-07 22:52 UTC,229689,,,,,,,,,,,,,,
Maviler,2026-06-07 22:52 UTC,460091,,,,,,,,,,,,,,
Merry Lamb Lamb,2026-06-07 22:52 UTC,4041,,,,,,,,,,,,,,
Mijabella Marie,2026-06-07 22:52 UTC,8730,,,,,,,,,,,,,,
MIKE,2026-06-07 22:52 UTC,578415,,,,,,,,,,,,,,
Momo Boyd,2026-06-07 22:52 UTC,1886017,,,,,,,,,,,,,,
Mr Dutt,2026-06-07 22:52 UTC,1616210,,,,,,,,,,,,,,
Mumu Fresh,2026-06-07 22:52 UTC,61974,,,,,,,,,,,,,,
My New Band Believe,2026-06-07 22:52 UTC,93536,,,,,,,,,,,,,,
Naarly,2026-06-07 22:52 UTC,5918410,,,,,,,,,,,,,,
Naod,2026-06-07 22:52 UTC,299374,,,,,,,,,,,,,,
Nickatnite,2026-06-07 22:52 UTC,4096,,,,,,,,,,,,,,
Nine Vicious,2026-06-07 22:52 UTC,1221158,,,,,,,,,,,,,,
nocashfromparents,2026-06-07 22:52 UTC,898052,,,,,,,,,,,,,,
North West,2026-06-07 22:52 UTC,676433,,,,,,,,,,,,,,
NPD,2026-06-07 22:52 UTC,1377517,,,,,,,,,,,,,,
OK Alva,2026-06-07 22:52 UTC,24740,,,,,,,,,,,,,,
OKI,2026-06-07 22:52 UTC,2264184,,,,,,,,,,,,,,
Olga Myko,2026-06-07 22:52 UTC,1976844,,,,,,,,,,,,,,
Olof Dreijer,2026-06-07 22:52 UTC,85728,,,,,,,,,,,,,,
osa,2026-06-07 22:52 UTC,178739,,,,,,,,,,,,,,
Oxis,2026-06-07 22:52 UTC,481511,,,,,,,,,,,,,,
Pocket,2026-06-07 22:52 UTC,66887,,,,,,,,,,,,,,
Pretty Pinkk,2026-06-07 22:52 UTC,16588,,,,,,,,,,,,,,
Pz',2026-06-07 22:52 UTC,377244,,,,,,,,,,,,,,
Rian Brazil,2026-06-07 22:52 UTC,88441,,,,,,,,,,,,,,
rjtheweirdo,2026-06-07 22:52 UTC,224221,,,,,,,,,,,,,,
Rocket Reese,2026-06-07 22:52 UTC,114671,,,,,,,,,,,,,,
S1RENA,2026-06-07 22:52 UTC,138041,,,,,,,,,,,,,,
Sa!koro,2026-06-07 22:52 UTC,77953,,,,,,,,,,,,,,
Sara Landry,2026-06-07 22:52 UTC,1162222,,,,,,,,,,,,,,
Sébastien Tellier,2026-06-07 22:52 UTC,832326,,,,,,,,,,,,,,
ShawtyRokk,2026-06-07 22:52 UTC,24415,,,,,,,,,,,,,,
shonci,2026-06-07 22:52 UTC,5629307,,,,,,,,,,,,,,
Slayr,2026-06-07 22:52 UTC,1022142,,,,,,,,,,,,,,
Slayyyter,2026-06-07 22:52 UTC,5632458,,,,,,,,,,,,,,
Slim Jxmmy,2026-06-07 22:52 UTC,35302,,,,,,,,,,,,,,
Sofiane Pamart,2026-06-07 22:52 UTC,2961920,,,,,,,,,,,,,,
Sons of Yusuf,2026-06-07 22:52 UTC,1208460,,,,,,,,,,,,,,
Southsidesilhouette,2026-06-07 22:52 UTC,146282,,,,,,,,,,,,,,
Specialist Moss,2026-06-07 22:52 UTC,449735,,,,,,,,,,,,,,
SPELLLING,2026-06-07 22:52 UTC,57034,,,,,,,,,,,,,,
Sreemani,2026-06-07 22:52 UTC,2589490,,,,,,,,,,,,,,
STELLA LEFTY,2026-06-07 22:52 UTC,13438947,,,,,,,,,,,,,,
Street Fever,2026-06-07 22:52 UTC,54890,,,,,,,,,,,,,,
Sunday Service Choir,2026-06-07 22:52 UTC,385509,,,,,,,,,,,,,,
SURF GANG,2026-06-07 22:52 UTC,310538,,,,,,,,,,,,,,
Swizz Beatz,2026-06-07 22:52 UTC,571594,,,,,,,,,,,,,,
T.O.P,2026-06-07 22:52 UTC,803039,,,,,,,,,,,,,,
Tabi Gervis,2026-06-07 22:52 UTC,18386,,,,,,,,,,,,,,
Temper City,2026-06-07 22:52 UTC,20942234,,,,,,,,,,,,,,
Tezzus,2026-06-07 22:52 UTC,283431,,,,,,,,,,,,,,
The Long Faces,2026-06-07 22:52 UTC,5629646,,,,,,,,,,,,,,
The Twins,2026-06-07 22:52 UTC,78845,,,,,,,,,,,,,,
THELMA,2026-06-07 22:52 UTC,36269,,,,,,,,,,,,,,
Tiffany Day,2026-06-07 22:52 UTC,1227499,,,,,,,,,,,,,,
Tom Did It,2026-06-07 22:52 UTC,986925,,,,,,,,,,,,,,
Tom Right,2026-06-07 22:52 UTC,1489560,,,,,,,,,,,,,,
TOMORA,2026-06-07 22:52 UTC,557937,,,,,,,,,,,,,,
Trim,2026-06-07 22:52 UTC,3299974,,,,,,,,,,,,,,
Tsatsamis,2026-06-07 22:52 UTC,106295,,,,,,,,,,,,,,
twentythree,2026-06-07 22:52 UTC,1171841,,,,,,,,,,,,,,
TXKUMOON,2026-06-07 22:52 UTC,614048,,,,,,,,,,,,,,
Vaibhav Gupta,2026-06-07 22:52 UTC,1373821,,,,,,,,,,,,,,
waera,2026-06-07 22:52 UTC,123061,,,,,,,,,,,,,,
Warren Roob,2026-06-07 22:52 UTC,183406,,,,,,,,,,,,,,
Welwitschia,2026-06-07 22:52 UTC,202778,,,,,,,,,,,,,,
Will Sass,2026-06-07 22:52 UTC,581260,,,,,,,,,,,,,,
Wtm Solid,2026-06-07 22:52 UTC,3373,,,,,,,,,,,,,,
Yaeger,2026-06-07 22:52 UTC,166170,,,,,,,,,,,,,,
YASP,2026-06-07 22:52 UTC,34544,,,,,,,,,,,,,,
Ye,2026-06-07 22:52 UTC,7985586,,,,,,,,,,,,,,
Yonusa,2026-06-07 22:52 UTC,2500,,,,,,,,,,,,,,
YUNA,2026-06-07 22:52 UTC,763319,,,,,,,,,,,,,,
Yuyu19,2026-06-07 22:52 UTC,941924,,,,,,,,,,,,,,
Zycan,2026-06-07 22:52 UTC,576928,,,,,,,,,,,,,,
drug bug,2026-06-07 22:52 UTC,50137,,,,,,,,,,,,,,
ILYAH,2026-06-07 22:52 UTC,631917,,,,,,,,,,,,,,
Los Brasileros,2026-06-07 22:52 UTC,1468143,,,,,,,,,,,,,,
am7iri,2026-06-07 22:52 UTC,2023048,,,,,,,,,,,,,,
Los Buyer,2026-06-07 22:52 UTC,1082095,,,,,,,,,,,,,,
Pikeras,2026-06-07 22:52 UTC,1605169,,,,,,,,,,,,,,
Heitor Santos,2026-06-07 22:52 UTC,1975650,,,,,,,,,,,,,,
Melly,2026-06-07 22:52 UTC,874078,,,,,,,,,,,,,,
OT The Real,2026-06-07 22:52 UTC,106416,,,,,,,,,,,,,,
Big Papa313,2026-06-07 22:52 UTC,1202737,,,,,,,,,,,,,,
kortani,2026-06-07 22:52 UTC,200854,,,,,,,,,,,,,,
daydreamers,2026-06-07 22:52 UTC,213341,,,,,,,,,,,,,,
Amma,2026-06-07 22:52 UTC,1342228,,,,,,,,,,,,,,
IngaRose,2026-06-07 22:52 UTC,3124790,,,,,,,,,,,,,,
FRIDAY*,2026-06-07 22:52 UTC,9976,,,,,,,,,,,,,,
aoif3,2026-06-07 22:52 UTC,759,,,,,,,,,,,,,,
Uche,2026-06-07 22:52 UTC,55978,,,,,,,,,,,,,,
Maxx Moor,2026-06-07 22:52 UTC,424,,,,,,,,,,,,,,
Swethings,2026-06-07 22:52 UTC,37321,,,,,,,,,,,,,,
22xlstl,2026-06-07 22:52 UTC,392298,,,,,,,,,,,,,,
Greg Gonzales,2026-06-07 22:52 UTC,3025723,,,,,,,,,,,,,,
Lyla George,2026-06-07 22:52 UTC,173113,,,,,,,,,,,,,,
Marlo Rex,2026-06-07 22:52 UTC,931269,,,,,,,,,,,,,,
Cobrah,2026-06-07 22:52 UTC,1698366,,,,,,,,,,,,,,
Asha Banks,2026-06-07 22:52 UTC,910300,,,,,,,,,,,,,,
Stanclickin,2026-06-07 22:52 UTC,27460,,,,,,,,,,,,,,
Ebony Riley,2026-06-07 22:52 UTC,116603,,,,,,,,,,,,,,
Knut€,2026-06-07 22:52 UTC,12775,,,,,,,,,,,,,,
SALIMATA,2026-06-07 22:52 UTC,307415,,,,,,,,,,,,,,
Tracy,2026-06-07 22:52 UTC,420880,,,,,,,,,,,,,,
GENER8ION,2026-06-07 22:52 UTC,2111550,,,,,,,,,,,,,,
BJOERN,2026-06-07 22:52 UTC,534046,,,,,,,,,,,,,,
Olwin,2026-06-07 22:52 UTC,22168,,,,,,,,,,,,,,
Fred Durst,2026-06-07 22:52 UTC,1713934,,,,,,,,,,,,,,
Twoske,2026-06-07 22:52 UTC,15958,,,,,,,,,,,,,,
Los Gofiones,2026-06-07 22:52 UTC,1072200,,,,,,,,,,,,,,
Chase Belly,2026-06-07 22:52 UTC,51875,,,,,,,,,,,,,,
CDB,2026-06-07 22:52 UTC,4241820,,,,,,,,,,,,,,
Cornfed Ted,2026-06-07 22:52 UTC,10218,,,,,,,,,,,,,,
Claar,2026-06-07 22:52 UTC,13922,,,,,,,,,,,,,,
KARLEE GIRL,2026-06-07 22:52 UTC,1797320,,,,,,,,,,,,,,
Warhol.SS,2026-06-07 22:52 UTC,546725,,,,,,,,,,,,,,
Lola Blue,2026-06-07 22:52 UTC,180152,,,,,,,,,,,,,,
AZIEDOESNTEXIST,2026-06-07 22:52 UTC,1294447,,,,,,,,,,,,,,
Eliah Sternhardt,2026-06-07 22:52 UTC,205224,,,,,,,,,,,,,,
$t3PPA,2026-06-08 23:05 UTC,108927,,,,,,,,,,,,,,
1 Umbrella,2026-06-08 23:05 UTC,97993,,,,,,,,,,,,,,
318dman,2026-06-08 23:05 UTC,400935,,,,,,,,,,,,,,
A2ANTI,2026-06-08 23:05 UTC,867479,,,,,,,,,,,,,,
Addison Dean,2026-06-08 23:05 UTC,7742,,,,,,,,,,,,,,
Aksomaniac,2026-06-08 23:05 UTC,3123499,,,,,,,,,,,,,,
Andre Troutman,2026-06-08 23:05 UTC,3305854,,,,,,,,,,,,,,
Angine de Poitrine,2026-06-08 23:05 UTC,1304866,,,,,,,,,,,,,,
Anik Khan,2026-06-08 23:05 UTC,83985,,,,,,,,,,,,,,
AQUAFINNA,2026-06-08 23:05 UTC,16613,,,,,,,,,,,,,,
Biggs money,2026-06-08 23:05 UTC,12165,,,,,,,,,,,,,,
Boi-1da,2026-06-08 23:05 UTC,647788,,,,,,,,,,,,,,
BossMan Pac,2026-06-08 23:05 UTC,64666,,,,,,,,,,,,,,
Brittany Aldean,2026-06-08 23:05 UTC,118924,,,,,,,,,,,,,,
Bryan Countach,2026-06-08 23:05 UTC,109819,,,,,,,,,,,,,,
Canada Soccer,2026-06-08 23:05 UTC,753458,,,,,,,,,,,,,,
Canyon,2026-06-08 23:05 UTC,28637,,,,,,,,,,,,,,
Cap1talA,2026-06-08 23:05 UTC,321336,,,,,,,,,,,,,,
Carter Faith,2026-06-08 23:05 UTC,2714352,,,,,,,,,,,,,,
Che,2026-06-08 23:05 UTC,1207947,,,,,,,,,,,,,,
Chyno Miranda,2026-06-08 23:05 UTC,1144711,,,,,,,,,,,,,,
Corridos del Rey,2026-06-08 23:05 UTC,2475957,,,,,,,,,,,,,,
Dale Move,2026-06-08 23:05 UTC,114155,,,,,,,,,,,,,,
Daniel Žižka,2026-06-08 23:05 UTC,777488,,,,,,,,,,,,,,
Dante,2026-06-08 23:05 UTC,351982,,,,,,,,,,,,,,
Dean Turnley,2026-06-08 23:05 UTC,1600076,,,,,,,,,,,,,,
Delta Ash,2026-06-08 23:05 UTC,604241,,,,,,,,,,,,,,
DETO BLACK,2026-06-08 23:05 UTC,268875,,,,,,,,,,,,,,
Devault,2026-06-08 23:05 UTC,1930639,,,,,,,,,,,,,,
Dexter and The Moonrocks,2026-06-08 23:05 UTC,8693515,,,,,,,,,,,,,,
diamond*,2026-06-08 23:05 UTC,286586,,,,,,,,,,,,,,
Diana Pilquist,2026-06-08 23:05 UTC,2130,,,,,,,,,,,,,,
DJ B7 o Piranhão,2026-06-08 23:05 UTC,3536266,,,,,,,,,,,,,,
DJ Holiday,2026-06-08 23:05 UTC,100560,,,,,,,,,,,,,,
dóttir.x,2026-06-08 23:05 UTC,77706,,,,,,,,,,,,,,
Druski,2026-06-08 23:05 UTC,575482,,,,,,,,,,,,,,
Dubioza Kolektive,2026-06-08 23:05 UTC,556942,,,,,,,,,,,,,,
dunderjeppe,2026-06-08 23:05 UTC,27425,,,,,,,,,,,,,,
Duskydemise archive,2026-06-08 23:05 UTC,462298,,,,,,,,,,,,,,
Duygu Edis,2026-06-08 23:05 UTC,1684869,,,,,,,,,,,,,,
Dwarde,2026-06-08 23:05 UTC,13588,,,,,,,,,,,,,,
EA TJ,2026-06-08 23:05 UTC,21293,,,,,,,,,,,,,,
EL DEMOON,2026-06-08 23:05 UTC,94,,,,,,,,,,,,,,
Emanazul,2026-06-08 23:05 UTC,377456,,,,,,,,,,,,,,
Emelie Trahan,2026-06-08 23:05 UTC,129543,,,,,,,,,,,,,,
EMJIE,2026-06-08 23:05 UTC,381271,,,,,,,,,,,,,,
ERISTHEPLANET,2026-06-08 23:05 UTC,80056,,,,,,,,,,,,,,
F3miii,2026-06-08 23:05 UTC,14255100,,,,,,,,,,,,,,
Fcukers,2026-06-08 23:05 UTC,2088284,,,,,,,,,,,,,,
FIFA Sound,2026-06-08 23:05 UTC,8525623,,,,,,,,,,,,,,
FLO,2026-06-08 23:05 UTC,3694146,,,,,,,,,,,,,,
Frost Children,2026-06-08 23:05 UTC,536885,,,,,,,,,,,,,,
frozz,2026-06-08 23:05 UTC,467688,,,,,,,,,,,,,,
G3B,2026-06-08 23:05 UTC,80058,,,,,,,,,,,,,,
Ghetto Beisha,2026-06-08 23:05 UTC,15855,,,,,,,,,,,,,,
Ghostfacekush,2026-06-08 23:05 UTC,66899,,,,,,,,,,,,,,
Girl Scout,2026-06-08 23:05 UTC,69005,,,,,,,,,,,,,,
girl_irl,2026-06-08 23:05 UTC,56641,,,,,,,,,,,,,,
girlsweetvoiced,2026-06-08 23:05 UTC,383727,,,,,,,,,,,,,,
Glizzy Glow,2026-06-08 23:05 UTC,4761,,,,,,,,,,,,,,
gnawvs,2026-06-08 23:05 UTC,1393,,,,,,,,,,,,,,
Godtripper,2026-06-08 23:05 UTC,202432,,,,,,,,,,,,,,
Grupo Primer Grado,2026-06-08 23:05 UTC,2217807,,,,,,,,,,,,,,
H. Hawkline,2026-06-08 23:05 UTC,147786,,,,,,,,,,,,,,
Harrd Luck,2026-06-08 23:05 UTC,38254,,,,,,,,,,,,,,
HittMan,2026-06-08 23:05 UTC,9393,,,,,,,,,,,,,,
Iguana Death Cult,2026-06-08 23:05 UTC,44519,,,,,,,,,,,,,,
Indeevar,2026-06-08 23:05 UTC,3584470,,,,,,,,,,,,,,
Indigo De Souza,2026-06-08 23:05 UTC,1462302,,,,,,,,,,,,,,
Infinity Song,2026-06-08 23:05 UTC,703158,,,,,,,,,,,,,,
isa in eutopia,2026-06-08 23:05 UTC,26279,,,,,,,,,,,,,,
JADA,2026-06-08 23:05 UTC,63875,,,,,,,,,,,,,,
Jadasea,2026-06-08 23:05 UTC,45515,,,,,,,,,,,,,,
jalda,2026-06-08 23:05 UTC,130269,,,,,,,,,,,,,,
Jimmy Butler,2026-06-08 23:05 UTC,37455,,,,,,,,,,,,,,
JJerome87,2026-06-08 23:05 UTC,313659,,,,,,,,,,,,,,
Joy Rhodes,2026-06-08 23:05 UTC,1010833,,,,,,,,,,,,,,
Juju,2026-06-08 23:05 UTC,2729446,,,,,,,,,,,,,,
Julia Church,2026-06-08 23:05 UTC,3260265,,,,,,,,,,,,,,
Julie Williams,2026-06-08 23:05 UTC,36063,,,,,,,,,,,,,,
JussGigi,2026-06-08 23:05 UTC,0,,,,,,,,,,,,,,
Kala,2026-06-08 23:05 UTC,0,,,,,,,,,,,,,,
Karly Bowman,2026-06-08 23:05 UTC,73191,,,,,,,,,,,,,,
Khaled,2026-06-08 23:05 UTC,1776956,,,,,,,,,,,,,,
Khan Saab,2026-06-08 23:05 UTC,9222923,,,,,,,,,,,,,,
King Kylie,2026-06-08 23:05 UTC,465753,,,,,,,,,,,,,,
KINGH,2026-06-08 23:05 UTC,147364,,,,,,,,,,,,,,
Koilwood,2026-06-08 23:05 UTC,26890,,,,,,,,,,,,,,
KUČKA,2026-06-08 23:05 UTC,783655,,,,,,,,,,,,,,
Kurdi Klymax,2026-06-08 23:05 UTC,41338,,,,,,,,,,,,,,
kuru,2026-06-08 23:05 UTC,300712,,,,,,,,,,,,,,
Lamb,2026-06-08 23:05 UTC,243605,,,,,,,,,,,,,,
ledysek,2026-06-08 23:05 UTC,17998,,,,,,,,,,,,,,
Lerado Khalil,2026-06-08 23:05 UTC,37777,,,,,,,,,,,,,,
Les Imprimés,2026-06-08 23:05 UTC,107335,,,,,,,,,,,,,,
Lightris,2026-06-08 23:05 UTC,748015,,,,,,,,,,,,,,
Lil B,2026-06-08 23:05 UTC,1395620,,,,,,,,,,,,,,
Lil Righteous,2026-06-08 23:05 UTC,0,,,,,,,,,,,,,,
Loui Henderson,2026-06-08 23:05 UTC,82387,,,,,,,,,,,,,,
Luke Armstrong,2026-06-08 23:05 UTC,16031,,,,,,,,,,,,,,
M4IA,2026-06-08 23:05 UTC,336142,,,,,,,,,,,,,,
MAGIC SOUND WOLF,2026-06-08 23:05 UTC,633244,,,,,,,,,,,,,,
Malcolm Todd,2026-06-08 23:05 UTC,31987505,,,,,,,,,,,,,,
Maphra,2026-06-08 23:05 UTC,1353514,,,,,,,,,,,,,,
marquitos,2026-06-08 23:05 UTC,227451,,,,,,,,,,,,,,
Maviler,2026-06-08 23:05 UTC,463891,,,,,,,,,,,,,,
Merry Lamb Lamb,2026-06-08 23:05 UTC,4013,,,,,,,,,,,,,,
Mijabella Marie,2026-06-08 23:05 UTC,8737,,,,,,,,,,,,,,
MIKE,2026-06-08 23:05 UTC,577349,,,,,,,,,,,,,,
Momo Boyd,2026-06-08 23:05 UTC,1874669,,,,,,,,,,,,,,
Mr Dutt,2026-06-08 23:05 UTC,1617797,,,,,,,,,,,,,,
Mumu Fresh,2026-06-08 23:05 UTC,60416,,,,,,,,,,,,,,
My New Band Believe,2026-06-08 23:05 UTC,92437,,,,,,,,,,,,,,
Naarly,2026-06-08 23:05 UTC,5946885,,,,,,,,,,,,,,
Naod,2026-06-08 23:05 UTC,299673,,,,,,,,,,,,,,
Nickatnite,2026-06-08 23:05 UTC,4275,,,,,,,,,,,,,,
Nine Vicious,2026-06-08 23:05 UTC,1223158,,,,,,,,,,,,,,
nocashfromparents,2026-06-08 23:05 UTC,893432,,,,,,,,,,,,,,
North West,2026-06-08 23:05 UTC,663038,,,,,,,,,,,,,,
NPD,2026-06-08 23:05 UTC,1390621,,,,,,,,,,,,,,
OK Alva,2026-06-08 23:05 UTC,24629,,,,,,,,,,,,,,
OKI,2026-06-08 23:05 UTC,2262867,,,,,,,,,,,,,,
Olga Myko,2026-06-08 23:05 UTC,1985326,,,,,,,,,,,,,,
Olof Dreijer,2026-06-08 23:05 UTC,81304,,,,,,,,,,,,,,
osa,2026-06-08 23:05 UTC,180874,,,,,,,,,,,,,,
Oxis,2026-06-08 23:05 UTC,482886,,,,,,,,,,,,,,
Pocket,2026-06-08 23:05 UTC,66098,,,,,,,,,,,,,,
Pretty Pinkk,2026-06-08 23:05 UTC,15855,,,,,,,,,,,,,,
Pz',2026-06-08 23:05 UTC,381012,,,,,,,,,,,,,,
Rian Brazil,2026-06-08 23:05 UTC,88663,,,,,,,,,,,,,,
rjtheweirdo,2026-06-08 23:05 UTC,224667,,,,,,,,,,,,,,
Rocket Reese,2026-06-08 23:05 UTC,115400,,,,,,,,,,,,,,
S1RENA,2026-06-08 23:05 UTC,137576,,,,,,,,,,,,,,
Sa!koro,2026-06-08 23:05 UTC,77974,,,,,,,,,,,,,,
Sara Landry,2026-06-08 23:05 UTC,1165371,,,,,,,,,,,,,,
Sébastien Tellier,2026-06-08 23:05 UTC,822166,,,,,,,,,,,,,,
ShawtyRokk,2026-06-08 23:05 UTC,24532,,,,,,,,,,,,,,
shonci,2026-06-08 23:05 UTC,5647541,,,,,,,,,,,,,,
Slayr,2026-06-08 23:05 UTC,1022466,,,,,,,,,,,,,,
Slayyyter,2026-06-08 23:05 UTC,5767916,,,,,,,,,,,,,,
Slim Jxmmy,2026-06-08 23:05 UTC,35224,,,,,,,,,,,,,,
Sofiane Pamart,2026-06-08 23:05 UTC,2937893,,,,,,,,,,,,,,
Sons of Yusuf,2026-06-08 23:05 UTC,1207948,,,,,,,,,,,,,,
Southsidesilhouette,2026-06-08 23:05 UTC,144862,,,,,,,,,,,,,,
Specialist Moss,2026-06-08 23:05 UTC,446589,,,,,,,,,,,,,,
SPELLLING,2026-06-08 23:05 UTC,56634,,,,,,,,,,,,,,
Sreemani,2026-06-08 23:05 UTC,2590577,,,,,,,,,,,,,,
STELLA LEFTY,2026-06-08 23:05 UTC,13506869,,,,,,,,,,,,,,
Street Fever,2026-06-08 23:05 UTC,54537,,,,,,,,,,,,,,
Sunday Service Choir,2026-06-08 23:05 UTC,385834,,,,,,,,,,,,,,
SURF GANG,2026-06-08 23:05 UTC,308152,,,,,,,,,,,,,,
Swizz Beatz,2026-06-08 23:05 UTC,568314,,,,,,,,,,,,,,
T.O.P,2026-06-08 23:05 UTC,790068,,,,,,,,,,,,,,
Tabi Gervis,2026-06-08 23:05 UTC,18469,,,,,,,,,,,,,,
Temper City,2026-06-08 23:05 UTC,21177022,,,,,,,,,,,,,,
Tezzus,2026-06-08 23:05 UTC,284840,,,,,,,,,,,,,,
The Long Faces,2026-06-08 23:05 UTC,5640182,,,,,,,,,,,,,,
The Twins,2026-06-08 23:05 UTC,79238,,,,,,,,,,,,,,
THELMA,2026-06-08 23:05 UTC,36716,,,,,,,,,,,,,,
Tiffany Day,2026-06-08 23:05 UTC,1225857,,,,,,,,,,,,,,
Tom Did It,2026-06-08 23:05 UTC,983212,,,,,,,,,,,,,,
Tom Right,2026-06-08 23:05 UTC,1488974,,,,,,,,,,,,,,
TOMORA,2026-06-08 23:05 UTC,548337,,,,,,,,,,,,,,
Trim,2026-06-08 23:05 UTC,3323622,,,,,,,,,,,,,,
Tsatsamis,2026-06-08 23:05 UTC,104402,,,,,,,,,,,,,,
twentythree,2026-06-08 23:05 UTC,1171597,,,,,,,,,,,,,,
TXKUMOON,2026-06-08 23:05 UTC,568874,,,,,,,,,,,,,,
Vaibhav Gupta,2026-06-08 23:05 UTC,1374754,,,,,,,,,,,,,,
waera,2026-06-08 23:05 UTC,122821,,,,,,,,,,,,,,
Warren Roob,2026-06-08 23:05 UTC,182376,,,,,,,,,,,,,,
Welwitschia,2026-06-08 23:05 UTC,203269,,,,,,,,,,,,,,
Will Sass,2026-06-08 23:05 UTC,581380,,,,,,,,,,,,,,
Wtm Solid,2026-06-08 23:05 UTC,3356,,,,,,,,,,,,,,
Yaeger,2026-06-08 23:05 UTC,164672,,,,,,,,,,,,,,
YASP,2026-06-08 23:05 UTC,34834,,,,,,,,,,,,,,
Ye,2026-06-08 23:05 UTC,7979047,,,,,,,,,,,,,,
Yonusa,2026-06-08 23:05 UTC,2453,,,,,,,,,,,,,,
YUNA,2026-06-08 23:05 UTC,760445,,,,,,,,,,,,,,
Yuyu19,2026-06-08 23:05 UTC,939937,,,,,,,,,,,,,,
Zycan,2026-06-08 23:05 UTC,565586,,,,,,,,,,,,,,
drug bug,2026-06-08 23:05 UTC,49869,,,,,,,,,,,,,,
ILYAH,2026-06-08 23:05 UTC,632086,,,,,,,,,,,,,,
Los Brasileros,2026-06-08 23:05 UTC,1457996,,,,,,,,,,,,,,
am7iri,2026-06-08 23:05 UTC,2195637,,,,,,,,,,,,,,
Los Buyer,2026-06-08 23:05 UTC,1083834,,,,,,,,,,,,,,
Pikeras,2026-06-08 23:05 UTC,1611612,,,,,,,,,,,,,,
Heitor Santos,2026-06-08 23:05 UTC,1958566,,,,,,,,,,,,,,
Melly,2026-06-08 23:05 UTC,871955,,,,,,,,,,,,,,
OT The Real,2026-06-08 23:05 UTC,105217,,,,,,,,,,,,,,
Big Papa313,2026-06-08 23:05 UTC,1202512,,,,,,,,,,,,,,
kortani,2026-06-08 23:05 UTC,198213,,,,,,,,,,,,,,
daydreamers,2026-06-08 23:05 UTC,212968,,,,,,,,,,,,,,
Amma,2026-06-08 23:05 UTC,1333809,,,,,,,,,,,,,,
IngaRose,2026-06-08 23:05 UTC,3169096,,,,,,,,,,,,,,
FRIDAY*,2026-06-08 23:05 UTC,10509,,,,,,,,,,,,,,
aoif3,2026-06-08 23:05 UTC,754,,,,,,,,,,,,,,
Uche,2026-06-08 23:05 UTC,58999,,,,,,,,,,,,,,
Maxx Moor,2026-06-08 23:05 UTC,430,,,,,,,,,,,,,,
Swethings,2026-06-08 23:05 UTC,36949,,,,,,,,,,,,,,
22xlstl,2026-06-08 23:05 UTC,378739,,,,,,,,,,,,,,
Greg Gonzales,2026-06-08 23:05 UTC,2979119,,,,,,,,,,,,,,
Lyla George,2026-06-08 23:05 UTC,169015,,,,,,,,,,,,,,
Marlo Rex,2026-06-08 23:05 UTC,930524,,,,,,,,,,,,,,
Cobrah,2026-06-08 23:05 UTC,1691329,,,,,,,,,,,,,,
Asha Banks,2026-06-08 23:05 UTC,921558,,,,,,,,,,,,,,
Stanclickin,2026-06-08 23:05 UTC,27351,,,,,,,,,,,,,,
Ebony Riley,2026-06-08 23:05 UTC,113783,,,,,,,,,,,,,,
Knut€,2026-06-08 23:05 UTC,12747,,,,,,,,,,,,,,
SALIMATA,2026-06-08 23:05 UTC,298471,,,,,,,,,,,,,,
Tracy,2026-06-08 23:05 UTC,420431,,,,,,,,,,,,,,
GENER8ION,2026-06-08 23:05 UTC,2078800,,,,,,,,,,,,,,
BJOERN,2026-06-08 23:05 UTC,530758,,,,,,,,,,,,,,
Olwin,2026-06-08 23:05 UTC,21469,,,,,,,,,,,,,,
Fred Durst,2026-06-08 23:05 UTC,1692164,,,,,,,,,,,,,,
Twoske,2026-06-08 23:05 UTC,15511,,,,,,,,,,,,,,
Los Gofiones,2026-06-08 23:05 UTC,1055939,,,,,,,,,,,,,,
Chase Belly,2026-06-08 23:05 UTC,50541,,,,,,,,,,,,,,
CDB,2026-06-08 23:05 UTC,4261674,,,,,,,,,,,,,,
Cornfed Ted,2026-06-08 23:05 UTC,10117,,,,,,,,,,,,,,
Claar,2026-06-08 23:05 UTC,13891,,,,,,,,,,,,,,
KARLEE GIRL,2026-06-08 23:05 UTC,1802629,,,,,,,,,,,,,,
Warhol.SS,2026-06-08 23:05 UTC,545742,,,,,,,,,,,,,,
Lola Blue,2026-06-08 23:05 UTC,180070,,,,,,,,,,,,,,
AZIEDOESNTEXIST,2026-06-08 23:05 UTC,1309059,,,,,,,,,,,,,,
Eliah Sternhardt,2026-06-08 23:05 UTC,206929,,,,,,,,,,,,,,
$t3PPA,2026-06-09 23:07 UTC,106363,,,,,,,,,,,,,,
1 Umbrella,2026-06-09 23:07 UTC,97101,,,,,,,,,,,,,,
318dman,2026-06-09 23:07 UTC,412818,,,,,,,,,,,,,,
A2ANTI,2026-06-09 23:07 UTC,865370,,,,,,,,,,,,,,
Addison Dean,2026-06-09 23:07 UTC,7747,,,,,,,,,,,,,,
Aksomaniac,2026-06-09 23:07 UTC,3140930,,,,,,,,,,,,,,
Andre Troutman,2026-06-09 23:07 UTC,3311710,,,,,,,,,,,,,,
Angine de Poitrine,2026-06-09 23:07 UTC,1293691,,,,,,,,,,,,,,
Anik Khan,2026-06-09 23:07 UTC,83937,,,,,,,,,,,,,,
AQUAFINNA,2026-06-09 23:07 UTC,16544,,,,,,,,,,,,,,
Biggs money,2026-06-09 23:07 UTC,11973,,,,,,,,,,,,,,
Boi-1da,2026-06-09 23:07 UTC,667783,,,,,,,,,,,,,,
BossMan Pac,2026-06-09 23:07 UTC,64175,,,,,,,,,,,,,,
Brittany Aldean,2026-06-09 23:07 UTC,117924,,,,,,,,,,,,,,
Bryan Countach,2026-06-09 23:07 UTC,107835,,,,,,,,,,,,,,
Canada Soccer,2026-06-09 23:07 UTC,772384,,,,,,,,,,,,,,
Canyon,2026-06-09 23:07 UTC,28194,,,,,,,,,,,,,,
Cap1talA,2026-06-09 23:07 UTC,322415,,,,,,,,,,,,,,
Carter Faith,2026-06-09 23:07 UTC,2718511,,,,,,,,,,,,,,
Che,2026-06-09 23:07 UTC,1208550,,,,,,,,,,,,,,
Chyno Miranda,2026-06-09 23:07 UTC,1153359,,,,,,,,,,,,,,
Corridos del Rey,2026-06-09 23:07 UTC,2518470,,,,,,,,,,,,,,
Dale Move,2026-06-09 23:07 UTC,112409,,,,,,,,,,,,,,
Daniel Žižka,2026-06-09 23:07 UTC,772751,,,,,,,,,,,,,,
Dante,2026-06-09 23:07 UTC,356176,,,,,,,,,,,,,,
Dean Turnley,2026-06-09 23:07 UTC,1601712,,,,,,,,,,,,,,
Delta Ash,2026-06-09 23:07 UTC,597847,,,,,,,,,,,,,,
DETO BLACK,2026-06-09 23:07 UTC,260354,,,,,,,,,,,,,,
Devault,2026-06-09 23:07 UTC,1897343,,,,,,,,,,,,,,
Dexter and The Moonrocks,2026-06-09 23:07 UTC,8838922,,,,,,,,,,,,,,
diamond*,2026-06-09 23:07 UTC,290353,,,,,,,,,,,,,,
Diana Pilquist,2026-06-09 23:07 UTC,2086,,,,,,,,,,,,,,
DJ B7 o Piranhão,2026-06-09 23:07 UTC,3527259,,,,,,,,,,,,,,
DJ Holiday,2026-06-09 23:07 UTC,99943,,,,,,,,,,,,,,
dóttir.x,2026-06-09 23:07 UTC,76258,,,,,,,,,,,,,,
Druski,2026-06-09 23:07 UTC,565586,,,,,,,,,,,,,,
Dubioza Kolektive,2026-06-09 23:07 UTC,559287,,,,,,,,,,,,,,
dunderjeppe,2026-06-09 23:07 UTC,27102,,,,,,,,,,,,,,
Duskydemise archive,2026-06-09 23:07 UTC,468638,,,,,,,,,,,,,,
Duygu Edis,2026-06-09 23:07 UTC,1702144,,,,,,,,,,,,,,
Dwarde,2026-06-09 23:07 UTC,13697,,,,,,,,,,,,,,
EA TJ,2026-06-09 23:07 UTC,21175,,,,,,,,,,,,,,
EL DEMOON,2026-06-09 23:07 UTC,85,,,,,,,,,,,,,,
Emanazul,2026-06-09 23:07 UTC,369796,,,,,,,,,,,,,,
Emelie Trahan,2026-06-09 23:07 UTC,127663,,,,,,,,,,,,,,
EMJIE,2026-06-09 23:07 UTC,383649,,,,,,,,,,,,,,
ERISTHEPLANET,2026-06-09 23:07 UTC,80093,,,,,,,,,,,,,,
F3miii,2026-06-09 23:07 UTC,14551839,,,,,,,,,,,,,,
Fcukers,2026-06-09 23:07 UTC,2088352,,,,,,,,,,,,,,
FIFA Sound,2026-06-09 23:07 UTC,8832203,,,,,,,,,,,,,,
FLO,2026-06-09 23:07 UTC,3685271,,,,,,,,,,,,,,
Frost Children,2026-06-09 23:07 UTC,535595,,,,,,,,,,,,,,
frozz,2026-06-09 23:07 UTC,480741,,,,,,,,,,,,,,
G3B,2026-06-09 23:07 UTC,79243,,,,,,,,,,,,,,
Ghetto Beisha,2026-06-09 23:07 UTC,15335,,,,,,,,,,,,,,
Ghostfacekush,2026-06-09 23:07 UTC,66814,,,,,,,,,,,,,,
Girl Scout,2026-06-09 23:07 UTC,68666,,,,,,,,,,,,,,
girl_irl,2026-06-09 23:07 UTC,56646,,,,,,,,,,,,,,
girlsweetvoiced,2026-06-09 23:07 UTC,377903,,,,,,,,,,,,,,
Glizzy Glow,2026-06-09 23:07 UTC,4787,,,,,,,,,,,,,,
gnawvs,2026-06-09 23:07 UTC,1405,,,,,,,,,,,,,,
Godtripper,2026-06-09 23:07 UTC,202419,,,,,,,,,,,,,,
Grupo Primer Grado,2026-06-09 23:07 UTC,2214104,,,,,,,,,,,,,,
H. Hawkline,2026-06-09 23:07 UTC,143675,,,,,,,,,,,,,,
Harrd Luck,2026-06-09 23:07 UTC,37805,,,,,,,,,,,,,,
HittMan,2026-06-09 23:07 UTC,9340,,,,,,,,,,,,,,
Iguana Death Cult,2026-06-09 23:07 UTC,44753,,,,,,,,,,,,,,
Indeevar,2026-06-09 23:07 UTC,3498692,,,,,,,,,,,,,,
Indigo De Souza,2026-06-09 23:07 UTC,1463090,,,,,,,,,,,,,,
Infinity Song,2026-06-09 23:07 UTC,703739,,,,,,,,,,,,,,
isa in eutopia,2026-06-09 23:07 UTC,26637,,,,,,,,,,,,,,
JADA,2026-06-09 23:07 UTC,63765,,,,,,,,,,,,,,
Jadasea,2026-06-09 23:07 UTC,45020,,,,,,,,,,,,,,
jalda,2026-06-09 23:07 UTC,131393,,,,,,,,,,,,,,
Jimmy Butler,2026-06-09 23:07 UTC,36285,,,,,,,,,,,,,,
JJerome87,2026-06-09 23:07 UTC,325443,,,,,,,,,,,,,,
Joy Rhodes,2026-06-09 23:07 UTC,1012391,,,,,,,,,,,,,,
Juju,2026-06-09 23:07 UTC,2723866,,,,,,,,,,,,,,
Julia Church,2026-06-09 23:07 UTC,3250150,,,,,,,,,,,,,,
Julie Williams,2026-06-09 23:07 UTC,35463,,,,,,,,,,,,,,
JussGigi,2026-06-09 23:07 UTC,0,,,,,,,,,,,,,,
Kala,2026-06-09 23:07 UTC,0,,,,,,,,,,,,,,
Karly Bowman,2026-06-09 23:07 UTC,73292,,,,,,,,,,,,,,
Khaled,2026-06-09 23:07 UTC,1773481,,,,,,,,,,,,,,
Khan Saab,2026-06-09 23:07 UTC,9201092,,,,,,,,,,,,,,
King Kylie,2026-06-09 23:07 UTC,462206,,,,,,,,,,,,,,
KINGH,2026-06-09 23:07 UTC,149808,,,,,,,,,,,,,,
Koilwood,2026-06-09 23:07 UTC,27001,,,,,,,,,,,,,,
KUČKA,2026-06-09 23:07 UTC,784968,,,,,,,,,,,,,,
Kurdi Klymax,2026-06-09 23:07 UTC,41403,,,,,,,,,,,,,,
kuru,2026-06-09 23:07 UTC,301709,,,,,,,,,,,,,,
Lamb,2026-06-09 23:07 UTC,248633,,,,,,,,,,,,,,
ledysek,2026-06-09 23:07 UTC,18029,,,,,,,,,,,,,,
Lerado Khalil,2026-06-09 23:07 UTC,37983,,,,,,,,,,,,,,
Les Imprimés,2026-06-09 23:07 UTC,108807,,,,,,,,,,,,,,
Lightris,2026-06-09 23:07 UTC,752648,,,,,,,,,,,,,,
Lil B,2026-06-09 23:07 UTC,1389921,,,,,,,,,,,,,,
Lil Righteous,2026-06-09 23:07 UTC,0,,,,,,,,,,,,,,
Loui Henderson,2026-06-09 23:07 UTC,79459,,,,,,,,,,,,,,
Luke Armstrong,2026-06-09 23:07 UTC,16110,,,,,,,,,,,,,,
M4IA,2026-06-09 23:07 UTC,359141,,,,,,,,,,,,,,
MAGIC SOUND WOLF,2026-06-09 23:07 UTC,638615,,,,,,,,,,,,,,
Malcolm Todd,2026-06-09 23:07 UTC,32260715,,,,,,,,,,,,,,
Maphra,2026-06-09 23:07 UTC,1345055,,,,,,,,,,,,,,
marquitos,2026-06-09 23:07 UTC,224990,,,,,,,,,,,,,,
Maviler,2026-06-09 23:07 UTC,467146,,,,,,,,,,,,,,
Merry Lamb Lamb,2026-06-09 23:07 UTC,3970,,,,,,,,,,,,,,
Mijabella Marie,2026-06-09 23:07 UTC,8736,,,,,,,,,,,,,,
MIKE,2026-06-09 23:07 UTC,575314,,,,,,,,,,,,,,
Momo Boyd,2026-06-09 23:07 UTC,1860344,,,,,,,,,,,,,,
Mr Dutt,2026-06-09 23:07 UTC,1619624,,,,,,,,,,,,,,
Mumu Fresh,2026-06-09 23:07 UTC,58465,,,,,,,,,,,,,,
My New Band Believe,2026-06-09 23:07 UTC,91404,,,,,,,,,,,,,,
Naarly,2026-06-09 23:07 UTC,5969154,,,,,,,,,,,,,,
Naod,2026-06-09 23:07 UTC,299760,,,,,,,,,,,,,,
Nickatnite,2026-06-09 23:07 UTC,4463,,,,,,,,,,,,,,
Nine Vicious,2026-06-09 23:07 UTC,1225900,,,,,,,,,,,,,,
nocashfromparents,2026-06-09 23:07 UTC,890070,,,,,,,,,,,,,,
North West,2026-06-09 23:07 UTC,652204,,,,,,,,,,,,,,
NPD,2026-06-09 23:07 UTC,1406352,,,,,,,,,,,,,,
OK Alva,2026-06-09 23:07 UTC,24924,,,,,,,,,,,,,,
OKI,2026-06-09 23:07 UTC,2262214,,,,,,,,,,,,,,
Olga Myko,2026-06-09 23:07 UTC,1995876,,,,,,,,,,,,,,
Olof Dreijer,2026-06-09 23:07 UTC,75677,,,,,,,,,,,,,,
osa,2026-06-09 23:07 UTC,182080,,,,,,,,,,,,,,
Oxis,2026-06-09 23:07 UTC,482457,,,,,,,,,,,,,,
Pocket,2026-06-09 23:07 UTC,65061,,,,,,,,,,,,,,
Pretty Pinkk,2026-06-09 23:07 UTC,15335,,,,,,,,,,,,,,
Pz',2026-06-09 23:07 UTC,386127,,,,,,,,,,,,,,
Rian Brazil,2026-06-09 23:07 UTC,89318,,,,,,,,,,,,,,
rjtheweirdo,2026-06-09 23:07 UTC,224125,,,,,,,,,,,,,,
Rocket Reese,2026-06-09 23:07 UTC,115850,,,,,,,,,,,,,,
S1RENA,2026-06-09 23:07 UTC,136902,,,,,,,,,,,,,,
Sa!koro,2026-06-09 23:07 UTC,77807,,,,,,,,,,,,,,
Sara Landry,2026-06-09 23:07 UTC,1169419,,,,,,,,,,,,,,
Sébastien Tellier,2026-06-09 23:07 UTC,813291,,,,,,,,,,,,,,
ShawtyRokk,2026-06-09 23:07 UTC,24681,,,,,,,,,,,,,,
shonci,2026-06-09 23:07 UTC,5673439,,,,,,,,,,,,,,
Slayr,2026-06-09 23:07 UTC,1020808,,,,,,,,,,,,,,
Slayyyter,2026-06-09 23:07 UTC,5914963,,,,,,,,,,,,,,
Slim Jxmmy,2026-06-09 23:07 UTC,35072,,,,,,,,,,,,,,
Sofiane Pamart,2026-06-09 23:07 UTC,2919542,,,,,,,,,,,,,,
Sons of Yusuf,2026-06-09 23:07 UTC,1205636,,,,,,,,,,,,,,
Southsidesilhouette,2026-06-09 23:07 UTC,143160,,,,,,,,,,,,,,
Specialist Moss,2026-06-09 23:07 UTC,442194,,,,,,,,,,,,,,
SPELLLING,2026-06-09 23:07 UTC,56067,,,,,,,,,,,,,,
Sreemani,2026-06-09 23:07 UTC,2585598,,,,,,,,,,,,,,
STELLA LEFTY,2026-06-09 23:07 UTC,13584494,,,,,,,,,,,,,,
Street Fever,2026-06-09 23:07 UTC,54224,,,,,,,,,,,,,,
Sunday Service Choir,2026-06-09 23:07 UTC,385660,,,,,,,,,,,,,,
SURF GANG,2026-06-09 23:07 UTC,305538,,,,,,,,,,,,,,
Swizz Beatz,2026-06-09 23:07 UTC,564011,,,,,,,,,,,,,,
T.O.P,2026-06-09 23:07 UTC,775396,,,,,,,,,,,,,,
Tabi Gervis,2026-06-09 23:07 UTC,19235,,,,,,,,,,,,,,
Temper City,2026-06-09 23:07 UTC,21415755,,,,,,,,,,,,,,
Tezzus,2026-06-09 23:07 UTC,288576,,,,,,,,,,,,,,
The Long Faces,2026-06-09 23:07 UTC,5644806,,,,,,,,,,,,,,
The Twins,2026-06-09 23:07 UTC,79583,,,,,,,,,,,,,,
THELMA,2026-06-09 23:07 UTC,37303,,,,,,,,,,,,,,
Tiffany Day,2026-06-09 23:07 UTC,1224570,,,,,,,,,,,,,,
Tom Did It,2026-06-09 23:07 UTC,981167,,,,,,,,,,,,,,
Tom Right,2026-06-09 23:07 UTC,1488224,,,,,,,,,,,,,,
TOMORA,2026-06-09 23:07 UTC,537256,,,,,,,,,,,,,,
Trim,2026-06-09 23:07 UTC,3348765,,,,,,,,,,,,,,
Tsatsamis,2026-06-09 23:07 UTC,102841,,,,,,,,,,,,,,
twentythree,2026-06-09 23:07 UTC,1171083,,,,,,,,,,,,,,
TXKUMOON,2026-06-09 23:07 UTC,529448,,,,,,,,,,,,,,
Vaibhav Gupta,2026-06-09 23:07 UTC,1374228,,,,,,,,,,,,,,
waera,2026-06-09 23:07 UTC,122544,,,,,,,,,,,,,,
Warren Roob,2026-06-09 23:07 UTC,181678,,,,,,,,,,,,,,
Welwitschia,2026-06-09 23:07 UTC,203310,,,,,,,,,,,,,,
Will Sass,2026-06-09 23:07 UTC,580745,,,,,,,,,,,,,,
Wtm Solid,2026-06-09 23:07 UTC,3337,,,,,,,,,,,,,,
Yaeger,2026-06-09 23:07 UTC,162730,,,,,,,,,,,,,,
YASP,2026-06-09 23:07 UTC,35614,,,,,,,,,,,,,,
Ye,2026-06-09 23:07 UTC,7982438,,,,,,,,,,,,,,
Yonusa,2026-06-09 23:07 UTC,2396,,,,,,,,,,,,,,
YUNA,2026-06-09 23:07 UTC,757410,,,,,,,,,,,,,,
Yuyu19,2026-06-09 23:07 UTC,937999,,,,,,,,,,,,,,
Zycan,2026-06-09 23:07 UTC,560905,,,,,,,,,,,,,,
drug bug,2026-06-09 23:07 UTC,49590,,,,,,,,,,,,,,
ILYAH,2026-06-09 23:07 UTC,632990,,,,,,,,,,,,,,
Los Brasileros,2026-06-09 23:07 UTC,1447091,,,,,,,,,,,,,,
am7iri,2026-06-09 23:07 UTC,2336901,,,,,,,,,,,,,,
Los Buyer,2026-06-09 23:07 UTC,1084139,,,,,,,,,,,,,,
Pikeras,2026-06-09 23:07 UTC,1616982,,,,,,,,,,,,,,
Heitor Santos,2026-06-09 23:07 UTC,1955388,,,,,,,,,,,,,,
Melly,2026-06-09 23:07 UTC,873173,,,,,,,,,,,,,,
OT The Real,2026-06-09 23:07 UTC,103530,,,,,,,,,,,,,,
Big Papa313,2026-06-09 23:07 UTC,1197389,,,,,,,,,,,,,,
kortani,2026-06-09 23:07 UTC,196733,,,,,,,,,,,,,,
daydreamers,2026-06-09 23:07 UTC,213304,,,,,,,,,,,,,,
Amma,2026-06-09 23:07 UTC,1325556,,,,,,,,,,,,,,
IngaRose,2026-06-09 23:07 UTC,3209464,,,,,,,,,,,,,,
FRIDAY*,2026-06-09 23:07 UTC,12482,,,,,,,,,,,,,,
aoif3,2026-06-09 23:07 UTC,739,,,,,,,,,,,,,,
Uche,2026-06-09 23:07 UTC,61729,,,,,,,,,,,,,,
Maxx Moor,2026-06-09 23:07 UTC,439,,,,,,,,,,,,,,
Swethings,2026-06-09 23:07 UTC,36530,,,,,,,,,,,,,,
22xlstl,2026-06-09 23:07 UTC,363319,,,,,,,,,,,,,,
Greg Gonzales,2026-06-09 23:07 UTC,2933926,,,,,,,,,,,,,,
Lyla George,2026-06-09 23:07 UTC,165326,,,,,,,,,,,,,,
Marlo Rex,2026-06-09 23:07 UTC,926153,,,,,,,,,,,,,,
Cobrah,2026-06-09 23:07 UTC,1680675,,,,,,,,,,,,,,
Asha Banks,2026-06-09 23:07 UTC,936505,,,,,,,,,,,,,,
Stanclickin,2026-06-09 23:07 UTC,27110,,,,,,,,,,,,,,
Ebony Riley,2026-06-09 23:07 UTC,110751,,,,,,,,,,,,,,
Knut€,2026-06-09 23:07 UTC,12678,,,,,,,,,,,,,,
SALIMATA,2026-06-09 23:07 UTC,290523,,,,,,,,,,,,,,
Tracy,2026-06-09 23:07 UTC,419879,,,,,,,,,,,,,,
GENER8ION,2026-06-09 23:07 UTC,2053716,,,,,,,,,,,,,,
BJOERN,2026-06-09 23:07 UTC,528043,,,,,,,,,,,,,,
Olwin,2026-06-09 23:07 UTC,20634,,,,,,,,,,,,,,
Fred Durst,2026-06-09 23:07 UTC,1667020,,,,,,,,,,,,,,
Twoske,2026-06-09 23:07 UTC,15058,,,,,,,,,,,,,,
Los Gofiones,2026-06-09 23:07 UTC,1035837,,,,,,,,,,,,,,
Chase Belly,2026-06-09 23:07 UTC,49279,,,,,,,,,,,,,,
CDB,2026-06-09 23:07 UTC,4289940,,,,,,,,,,,,,,
Cornfed Ted,2026-06-09 23:07 UTC,9974,,,,,,,,,,,,,,
Claar,2026-06-09 23:07 UTC,14495,,,,,,,,,,,,,,
KARLEE GIRL,2026-06-09 23:07 UTC,1806042,,,,,,,,,,,,,,
Warhol.SS,2026-06-09 23:07 UTC,545263,,,,,,,,,,,,,,
Lola Blue,2026-06-09 23:07 UTC,180569,,,,,,,,,,,,,,
AZIEDOESNTEXIST,2026-06-09 23:07 UTC,1324142,,,,,,,,,,,,,,
Eliah Sternhardt,2026-06-09 23:07 UTC,208715,,,,,,,,,,,,,,
$t3PPA,2026-06-10 23:17 UTC,104133,,,,,,,,,,,,,,
1 Umbrella,2026-06-10 23:17 UTC,96480,,,,,,,,,,,,,,
318dman,2026-06-10 23:17 UTC,424225,,,,,,,,,,,,,,
A2ANTI,2026-06-10 23:17 UTC,864316,,,,,,,,,,,,,,
Addison Dean,2026-06-10 23:17 UTC,7766,,,,,,,,,,,,,,
Aksomaniac,2026-06-10 23:17 UTC,3151032,,,,,,,,,,,,,,
Andre Troutman,2026-06-10 23:17 UTC,3327118,,,,,,,,,,,,,,
Angine de Poitrine,2026-06-10 23:17 UTC,1284817,,,,,,,,,,,,,,
Anik Khan,2026-06-10 23:17 UTC,83862,,,,,,,,,,,,,,
AQUAFINNA,2026-06-10 23:17 UTC,16511,,,,,,,,,,,,,,
Biggs money,2026-06-10 23:17 UTC,11812,,,,,,,,,,,,,,
Boi-1da,2026-06-10 23:17 UTC,684887,,,,,,,,,,,,,,
BossMan Pac,2026-06-10 23:17 UTC,63927,,,,,,,,,,,,,,
Brittany Aldean,2026-06-10 23:17 UTC,116809,,,,,,,,,,,,,,
Bryan Countach,2026-06-10 23:17 UTC,105961,,,,,,,,,,,,,,
Canada Soccer,2026-06-10 23:17 UTC,787337,,,,,,,,,,,,,,
Canyon,2026-06-10 23:17 UTC,27780,,,,,,,,,,,,,,
Cap1talA,2026-06-10 23:17 UTC,321080,,,,,,,,,,,,,,
Carter Faith,2026-06-10 23:17 UTC,2725488,,,,,,,,,,,,,,
Che,2026-06-10 23:17 UTC,1208164,,,,,,,,,,,,,,
Chyno Miranda,2026-06-10 23:17 UTC,1165181,,,,,,,,,,,,,,
Corridos del Rey,2026-06-10 23:17 UTC,2556684,,,,,,,,,,,,,,
Dale Move,2026-06-10 23:17 UTC,110867,,,,,,,,,,,,,,
Daniel Žižka,2026-06-10 23:17 UTC,765116,,,,,,,,,,,,,,
Dante,2026-06-10 23:17 UTC,360522,,,,,,,,,,,,,,
Dean Turnley,2026-06-10 23:17 UTC,1610235,,,,,,,,,,,,,,
Delta Ash,2026-06-10 23:17 UTC,594084,,,,,,,,,,,,,,
DETO BLACK,2026-06-10 23:17 UTC,253762,,,,,,,,,,,,,,
Devault,2026-06-10 23:17 UTC,1866047,,,,,,,,,,,,,,
Dexter and The Moonrocks,2026-06-10 23:17 UTC,8892046,,,,,,,,,,,,,,
diamond*,2026-06-10 23:17 UTC,292658,,,,,,,,,,,,,,
Diana Pilquist,2026-06-10 23:17 UTC,2036,,,,,,,,,,,,,,
DJ B7 o Piranhão,2026-06-10 23:17 UTC,3527652,,,,,,,,,,,,,,
DJ Holiday,2026-06-10 23:17 UTC,98965,,,,,,,,,,,,,,
dóttir.x,2026-06-10 23:17 UTC,75880,,,,,,,,,,,,,,
Druski,2026-06-10 23:17 UTC,555863,,,,,,,,,,,,,,
Dubioza Kolektive,2026-06-10 23:17 UTC,563314,,,,,,,,,,,,,,
dunderjeppe,2026-06-10 23:17 UTC,26964,,,,,,,,,,,,,,
Duskydemise archive,2026-06-10 23:17 UTC,474155,,,,,,,,,,,,,,
Duygu Edis,2026-06-10 23:17 UTC,1710899,,,,,,,,,,,,,,
Dwarde,2026-06-10 23:17 UTC,13823,,,,,,,,,,,,,,
EA TJ,2026-06-10 23:17 UTC,20974,,,,,,,,,,,,,,
EL DEMOON,2026-06-10 23:17 UTC,72,,,,,,,,,,,,,,
Emanazul,2026-06-10 23:17 UTC,363779,,,,,,,,,,,,,,
Emelie Trahan,2026-06-10 23:17 UTC,125977,,,,,,,,,,,,,,
EMJIE,2026-06-10 23:17 UTC,387269,,,,,,,,,,,,,,
ERISTHEPLANET,2026-06-10 23:17 UTC,80276,,,,,,,,,,,,,,
F3miii,2026-06-10 23:17 UTC,14846111,,,,,,,,,,,,,,
Fcukers,2026-06-10 23:17 UTC,2094015,,,,,,,,,,,,,,
FIFA Sound,2026-06-10 23:17 UTC,9093751,,,,,,,,,,,,,,
FLO,2026-06-10 23:17 UTC,3676643,,,,,,,,,,,,,,
Frost Children,2026-06-10 23:17 UTC,535028,,,,,,,,,,,,,,
frozz,2026-06-10 23:17 UTC,490479,,,,,,,,,,,,,,
G3B,2026-06-10 23:17 UTC,78504,,,,,,,,,,,,,,
Ghetto Beisha,2026-06-10 23:17 UTC,14890,,,,,,,,,,,,,,
Ghostfacekush,2026-06-10 23:17 UTC,66697,,,,,,,,,,,,,,
Girl Scout,2026-06-10 23:17 UTC,68611,,,,,,,,,,,,,,
girl_irl,2026-06-10 23:17 UTC,56601,,,,,,,,,,,,,,
girlsweetvoiced,2026-06-10 23:17 UTC,377758,,,,,,,,,,,,,,
Glizzy Glow,2026-06-10 23:17 UTC,4809,,,,,,,,,,,,,,
gnawvs,2026-06-10 23:17 UTC,1447,,,,,,,,,,,,,,
Godtripper,2026-06-10 23:17 UTC,202959,,,,,,,,,,,,,,
Grupo Primer Grado,2026-06-10 23:17 UTC,2212640,,,,,,,,,,,,,,
H. Hawkline,2026-06-10 23:17 UTC,140697,,,,,,,,,,,,,,
Harrd Luck,2026-06-10 23:17 UTC,37517,,,,,,,,,,,,,,
HittMan,2026-06-10 23:17 UTC,9225,,,,,,,,,,,,,,
Iguana Death Cult,2026-06-10 23:17 UTC,44956,,,,,,,,,,,,,,
Indeevar,2026-06-10 23:17 UTC,3421110,,,,,,,,,,,,,,
Indigo De Souza,2026-06-10 23:17 UTC,1466494,,,,,,,,,,,,,,
Infinity Song,2026-06-10 23:17 UTC,705939,,,,,,,,,,,,,,
isa in eutopia,2026-06-10 23:17 UTC,26970,,,,,,,,,,,,,,
JADA,2026-06-10 23:17 UTC,63763,,,,,,,,,,,,,,
Jadasea,2026-06-10 23:17 UTC,44577,,,,,,,,,,,,,,
jalda,2026-06-10 23:17 UTC,132821,,,,,,,,,,,,,,
Jimmy Butler,2026-06-10 23:17 UTC,35467,,,,,,,,,,,,,,
JJerome87,2026-06-10 23:17 UTC,335561,,,,,,,,,,,,,,
Joy Rhodes,2026-06-10 23:17 UTC,1012091,,,,,,,,,,,,,,
Juju,2026-06-10 23:17 UTC,2722711,,,,,,,,,,,,,,
Julia Church,2026-06-10 23:17 UTC,3236626,,,,,,,,,,,,,,
Julie Williams,2026-06-10 23:17 UTC,34940,,,,,,,,,,,,,,
JussGigi,2026-06-10 23:17 UTC,0,,,,,,,,,,,,,,
Kala,2026-06-10 23:17 UTC,0,,,,,,,,,,,,,,
Karly Bowman,2026-06-10 23:17 UTC,74143,,,,,,,,,,,,,,
Khaled,2026-06-10 23:17 UTC,1769908,,,,,,,,,,,,,,
Khan Saab,2026-06-10 23:17 UTC,9182136,,,,,,,,,,,,,,
King Kylie,2026-06-10 23:17 UTC,457496,,,,,,,,,,,,,,
KINGH,2026-06-10 23:17 UTC,152370,,,,,,,,,,,,,,
Koilwood,2026-06-10 23:17 UTC,27163,,,,,,,,,,,,,,
KUČKA,2026-06-10 23:17 UTC,788674,,,,,,,,,,,,,,
Kurdi Klymax,2026-06-10 23:17 UTC,41235,,,,,,,,,,,,,,
kuru,2026-06-10 23:17 UTC,302547,,,,,,,,,,,,,,
Lamb,2026-06-10 23:17 UTC,255630,,,,,,,,,,,,,,
ledysek,2026-06-10 23:17 UTC,18053,,,,,,,,,,,,,,
Lerado Khalil,2026-06-10 23:17 UTC,38612,,,,,,,,,,,,,,
Les Imprimés,2026-06-10 23:17 UTC,110007,,,,,,,,,,,,,,
Lightris,2026-06-10 23:17 UTC,754856,,,,,,,,,,,,,,
Lil B,2026-06-10 23:17 UTC,1388554,,,,,,,,,,,,,,
Lil Righteous,2026-06-10 23:17 UTC,0,,,,,,,,,,,,,,
Loui Henderson,2026-06-10 23:17 UTC,76959,,,,,,,,,,,,,,
Luke Armstrong,2026-06-10 23:17 UTC,16099,,,,,,,,,,,,,,
M4IA,2026-06-10 23:17 UTC,385540,,,,,,,,,,,,,,
MAGIC SOUND WOLF,2026-06-10 23:17 UTC,645864,,,,,,,,,,,,,,
Malcolm Todd,2026-06-10 23:17 UTC,32550025,,,,,,,,,,,,,,
Maphra,2026-06-10 23:17 UTC,1338526,,,,,,,,,,,,,,
marquitos,2026-06-10 23:17 UTC,222456,,,,,,,,,,,,,,
Maviler,2026-06-10 23:17 UTC,470704,,,,,,,,,,,,,,
Merry Lamb Lamb,2026-06-10 23:17 UTC,3908,,,,,,,,,,,,,,
Mijabella Marie,2026-06-10 23:17 UTC,8644,,,,,,,,,,,,,,
MIKE,2026-06-10 23:17 UTC,573444,,,,,,,,,,,,,,
Momo Boyd,2026-06-10 23:17 UTC,1850282,,,,,,,,,,,,,,
Mr Dutt,2026-06-10 23:17 UTC,1623386,,,,,,,,,,,,,,
Mumu Fresh,2026-06-10 23:17 UTC,56857,,,,,,,,,,,,,,
My New Band Believe,2026-06-10 23:17 UTC,90724,,,,,,,,,,,,,,
Naarly,2026-06-10 23:17 UTC,5995787,,,,,,,,,,,,,,
Naod,2026-06-10 23:17 UTC,300194,,,,,,,,,,,,,,
Nickatnite,2026-06-10 23:17 UTC,4542,,,,,,,,,,,,,,
Nine Vicious,2026-06-10 23:17 UTC,1228462,,,,,,,,,,,,,,
nocashfromparents,2026-06-10 23:17 UTC,887271,,,,,,,,,,,,,,
North West,2026-06-10 23:17 UTC,649610,,,,,,,,,,,,,,
NPD,2026-06-10 23:17 UTC,1418064,,,,,,,,,,,,,,
OK Alva,2026-06-10 23:17 UTC,25126,,,,,,,,,,,,,,
OKI,2026-06-10 23:17 UTC,2263293,,,,,,,,,,,,,,
Olga Myko,2026-06-10 23:17 UTC,2007791,,,,,,,,,,,,,,
Olof Dreijer,2026-06-10 23:17 UTC,72317,,,,,,,,,,,,,,
osa,2026-06-10 23:17 UTC,183158,,,,,,,,,,,,,,
Oxis,2026-06-10 23:17 UTC,483714,,,,,,,,,,,,,,
Pocket,2026-06-10 23:17 UTC,64204,,,,,,,,,,,,,,
Pretty Pinkk,2026-06-10 23:17 UTC,14890,,,,,,,,,,,,,,
Pz',2026-06-10 23:17 UTC,391369,,,,,,,,,,,,,,
Rian Brazil,2026-06-10 23:17 UTC,90631,,,,,,,,,,,,,,
rjtheweirdo,2026-06-10 23:17 UTC,224000,,,,,,,,,,,,,,
Rocket Reese,2026-06-10 23:17 UTC,116508,,,,,,,,,,,,,,
S1RENA,2026-06-10 23:17 UTC,136316,,,,,,,,,,,,,,
Sa!koro,2026-06-10 23:17 UTC,77703,,,,,,,,,,,,,,
Sara Landry,2026-06-10 23:17 UTC,1174228,,,,,,,,,,,,,,
Sébastien Tellier,2026-06-10 23:17 UTC,804496,,,,,,,,,,,,,,
ShawtyRokk,2026-06-10 23:17 UTC,24741,,,,,,,,,,,,,,
shonci,2026-06-10 23:17 UTC,5707431,,,,,,,,,,,,,,
Slayr,2026-06-10 23:17 UTC,1017995,,,,,,,,,,,,,,
Slayyyter,2026-06-10 23:17 UTC,6072516,,,,,,,,,,,,,,
Slim Jxmmy,2026-06-10 23:17 UTC,35037,,,,,,,,,,,,,,
Sofiane Pamart,2026-06-10 23:17 UTC,2899780,,,,,,,,,,,,,,
Sons of Yusuf,2026-06-10 23:17 UTC,1203396,,,,,,,,,,,,,,
Southsidesilhouette,2026-06-10 23:17 UTC,141563,,,,,,,,,,,,,,
Specialist Moss,2026-06-10 23:17 UTC,439594,,,,,,,,,,,,,,
SPELLLING,2026-06-10 23:17 UTC,55415,,,,,,,,,,,,,,
Sreemani,2026-06-10 23:17 UTC,2590552,,,,,,,,,,,,,,
STELLA LEFTY,2026-06-10 23:17 UTC,13666751,,,,,,,,,,,,,,
Street Fever,2026-06-10 23:17 UTC,53881,,,,,,,,,,,,,,
Sunday Service Choir,2026-06-10 23:17 UTC,385115,,,,,,,,,,,,,,
SURF GANG,2026-06-10 23:17 UTC,304502,,,,,,,,,,,,,,
Swizz Beatz,2026-06-10 23:17 UTC,559695,,,,,,,,,,,,,,
T.O.P,2026-06-10 23:17 UTC,765608,,,,,,,,,,,,,,
Tabi Gervis,2026-06-10 23:17 UTC,19782,,,,,,,,,,,,,,
Temper City,2026-06-10 23:17 UTC,21667087,,,,,,,,,,,,,,
Tezzus,2026-06-10 23:17 UTC,292130,,,,,,,,,,,,,,
The Long Faces,2026-06-10 23:17 UTC,5652859,,,,,,,,,,,,,,
The Twins,2026-06-10 23:17 UTC,80247,,,,,,,,,,,,,,
THELMA,2026-06-10 23:17 UTC,38395,,,,,,,,,,,,,,
Tiffany Day,2026-06-10 23:17 UTC,1224275,,,,,,,,,,,,,,
Tom Did It,2026-06-10 23:17 UTC,978884,,,,,,,,,,,,,,
Tom Right,2026-06-10 23:17 UTC,1483493,,,,,,,,,,,,,,
TOMORA,2026-06-10 23:17 UTC,526481,,,,,,,,,,,,,,
Trim,2026-06-10 23:17 UTC,3373497,,,,,,,,,,,,,,
Tsatsamis,2026-06-10 23:17 UTC,101690,,,,,,,,,,,,,,
twentythree,2026-06-10 23:17 UTC,1170316,,,,,,,,,,,,,,
TXKUMOON,2026-06-10 23:17 UTC,483904,,,,,,,,,,,,,,
Vaibhav Gupta,2026-06-10 23:17 UTC,1375099,,,,,,,,,,,,,,
waera,2026-06-10 23:17 UTC,122099,,,,,,,,,,,,,,
Warren Roob,2026-06-10 23:17 UTC,180217,,,,,,,,,,,,,,
Welwitschia,2026-06-10 23:17 UTC,203722,,,,,,,,,,,,,,
Will Sass,2026-06-10 23:17 UTC,581987,,,,,,,,,,,,,,
Wtm Solid,2026-06-10 23:17 UTC,3310,,,,,,,,,,,,,,
Yaeger,2026-06-10 23:17 UTC,160813,,,,,,,,,,,,,,
YASP,2026-06-10 23:17 UTC,35773,,,,,,,,,,,,,,
Ye,2026-06-10 23:17 UTC,8046089,,,,,,,,,,,,,,
Yonusa,2026-06-10 23:17 UTC,2345,,,,,,,,,,,,,,
YUNA,2026-06-10 23:17 UTC,753416,,,,,,,,,,,,,,
Yuyu19,2026-06-10 23:17 UTC,939140,,,,,,,,,,,,,,
Zycan,2026-06-10 23:17 UTC,554592,,,,,,,,,,,,,,
drug bug,2026-06-10 23:17 UTC,49269,,,,,,,,,,,,,,
ILYAH,2026-06-10 23:17 UTC,633796,,,,,,,,,,,,,,
Los Brasileros,2026-06-10 23:17 UTC,1438462,,,,,,,,,,,,,,
am7iri,2026-06-10 23:17 UTC,2465556,,,,,,,,,,,,,,
Los Buyer,2026-06-10 23:17 UTC,1087404,,,,,,,,,,,,,,
Pikeras,2026-06-10 23:17 UTC,1626854,,,,,,,,,,,,,,
Heitor Santos,2026-06-10 23:17 UTC,1954687,,,,,,,,,,,,,,
Melly,2026-06-10 23:17 UTC,875657,,,,,,,,,,,,,,
OT The Real,2026-06-10 23:17 UTC,101942,,,,,,,,,,,,,,
Big Papa313,2026-06-10 23:17 UTC,1196090,,,,,,,,,,,,,,
kortani,2026-06-10 23:17 UTC,195764,,,,,,,,,,,,,,
daydreamers,2026-06-10 23:17 UTC,213949,,,,,,,,,,,,,,
Amma,2026-06-10 23:17 UTC,1317885,,,,,,,,,,,,,,
IngaRose,2026-06-10 23:17 UTC,3257256,,,,,,,,,,,,,,
FRIDAY*,2026-06-10 23:17 UTC,13699,,,,,,,,,,,,,,
aoif3,2026-06-10 23:17 UTC,728,,,,,,,,,,,,,,
Uche,2026-06-10 23:17 UTC,64088,,,,,,,,,,,,,,
Maxx Moor,2026-06-10 23:17 UTC,435,,,,,,,,,,,,,,
Swethings,2026-06-10 23:17 UTC,36186,,,,,,,,,,,,,,
22xlstl,2026-06-10 23:17 UTC,346143,,,,,,,,,,,,,,
Greg Gonzales,2026-06-10 23:17 UTC,2895474,,,,,,,,,,,,,,
Lyla George,2026-06-10 23:17 UTC,162189,,,,,,,,,,,,,,
Marlo Rex,2026-06-10 23:17 UTC,920090,,,,,,,,,,,,,,
Cobrah,2026-06-10 23:17 UTC,1673372,,,,,,,,,,,,,,
Asha Banks,2026-06-10 23:17 UTC,951438,,,,,,,,,,,,,,
Stanclickin,2026-06-10 23:17 UTC,27748,,,,,,,,,,,,,,
Ebony Riley,2026-06-10 23:17 UTC,108438,,,,,,,,,,,,,,
Knut€,2026-06-10 23:17 UTC,12686,,,,,,,,,,,,,,
SALIMATA,2026-06-10 23:17 UTC,284362,,,,,,,,,,,,,,
Tracy,2026-06-10 23:17 UTC,420968,,,,,,,,,,,,,,
GENER8ION,2026-06-10 23:17 UTC,2028477,,,,,,,,,,,,,,
BJOERN,2026-06-10 23:17 UTC,527044,,,,,,,,,,,,,,
Olwin,2026-06-10 23:17 UTC,19760,,,,,,,,,,,,,,
Fred Durst,2026-06-10 23:17 UTC,1643284,,,,,,,,,,,,,,
Twoske,2026-06-10 23:17 UTC,14558,,,,,,,,,,,,,,
Los Gofiones,2026-06-10 23:17 UTC,1018577,,,,,,,,,,,,,,
Chase Belly,2026-06-10 23:17 UTC,47987,,,,,,,,,,,,,,
CDB,2026-06-10 23:17 UTC,4311158,,,,,,,,,,,,,,
Cornfed Ted,2026-06-10 23:17 UTC,9862,,,,,,,,,,,,,,
Claar,2026-06-10 23:17 UTC,14759,,,,,,,,,,,,,,
KARLEE GIRL,2026-06-10 23:17 UTC,1810972,,,,,,,,,,,,,,
Warhol.SS,2026-06-10 23:17 UTC,545937,,,,,,,,,,,,,,
Lola Blue,2026-06-10 23:17 UTC,181083,,,,,,,,,,,,,,
AZIEDOESNTEXIST,2026-06-10 23:17 UTC,1329665,,,,,,,,,,,,,,
Eliah Sternhardt,2026-06-10 23:17 UTC,210020,,,,,,,,,,,,,,
$t3PPA,2026-06-11 23:13 UTC,104133,,,,,,,,,,,,,,
1 Umbrella,2026-06-11 23:13 UTC,96480,,,,,,,,,,,,,,
318dman,2026-06-11 23:13 UTC,424225,,,,,,,,,,,,,,
A2ANTI,2026-06-11 23:13 UTC,864316,,,,,,,,,,,,,,
Addison Dean,2026-06-11 23:13 UTC,7766,,,,,,,,,,,,,,
Aksomaniac,2026-06-11 23:13 UTC,3151032,,,,,,,,,,,,,,
Andre Troutman,2026-06-11 23:13 UTC,3327118,,,,,,,,,,,,,,
Angine de Poitrine,2026-06-11 23:13 UTC,1284817,,,,,,,,,,,,,,
Anik Khan,2026-06-11 23:13 UTC,83862,,,,,,,,,,,,,,
AQUAFINNA,2026-06-11 23:13 UTC,16511,,,,,,,,,,,,,,
Biggs money,2026-06-11 23:13 UTC,11812,,,,,,,,,,,,,,
Boi-1da,2026-06-11 23:13 UTC,684887,,,,,,,,,,,,,,
BossMan Pac,2026-06-11 23:13 UTC,63927,,,,,,,,,,,,,,
Brittany Aldean,2026-06-11 23:13 UTC,116809,,,,,,,,,,,,,,
Bryan Countach,2026-06-11 23:13 UTC,105961,,,,,,,,,,,,,,
Canada Soccer,2026-06-11 23:13 UTC,787337,,,,,,,,,,,,,,
Canyon,2026-06-11 23:13 UTC,27780,,,,,,,,,,,,,,
Cap1talA,2026-06-11 23:13 UTC,321080,,,,,,,,,,,,,,
Carter Faith,2026-06-11 23:13 UTC,2725488,,,,,,,,,,,,,,
Che,2026-06-11 23:13 UTC,1208164,,,,,,,,,,,,,,
Chyno Miranda,2026-06-11 23:13 UTC,1165181,,,,,,,,,,,,,,
Corridos del Rey,2026-06-11 23:13 UTC,2556684,,,,,,,,,,,,,,
Dale Move,2026-06-11 23:13 UTC,110867,,,,,,,,,,,,,,
Daniel Žižka,2026-06-11 23:13 UTC,765116,,,,,,,,,,,,,,
Dante,2026-06-11 23:13 UTC,360522,,,,,,,,,,,,,,
Dean Turnley,2026-06-11 23:13 UTC,1610235,,,,,,,,,,,,,,
Delta Ash,2026-06-11 23:13 UTC,594084,,,,,,,,,,,,,,
DETO BLACK,2026-06-11 23:13 UTC,253762,,,,,,,,,,,,,,
Devault,2026-06-11 23:13 UTC,1866047,,,,,,,,,,,,,,
Dexter and The Moonrocks,2026-06-11 23:13 UTC,8892046,,,,,,,,,,,,,,
diamond*,2026-06-11 23:13 UTC,292658,,,,,,,,,,,,,,
Diana Pilquist,2026-06-11 23:13 UTC,2036,,,,,,,,,,,,,,
DJ B7 o Piranhão,2026-06-11 23:13 UTC,3527652,,,,,,,,,,,,,,
DJ Holiday,2026-06-11 23:13 UTC,98965,,,,,,,,,,,,,,
dóttir.x,2026-06-11 23:13 UTC,75880,,,,,,,,,,,,,,
Druski,2026-06-11 23:13 UTC,555863,,,,,,,,,,,,,,
Dubioza Kolektive,2026-06-11 23:13 UTC,563314,,,,,,,,,,,,,,
dunderjeppe,2026-06-11 23:13 UTC,26964,,,,,,,,,,,,,,
Duskydemise archive,2026-06-11 23:13 UTC,474155,,,,,,,,,,,,,,
Duygu Edis,2026-06-11 23:13 UTC,1710899,,,,,,,,,,,,,,
Dwarde,2026-06-11 23:13 UTC,13823,,,,,,,,,,,,,,
EA TJ,2026-06-11 23:13 UTC,20974,,,,,,,,,,,,,,
EL DEMOON,2026-06-11 23:13 UTC,72,,,,,,,,,,,,,,
Emanazul,2026-06-11 23:13 UTC,363779,,,,,,,,,,,,,,
Emelie Trahan,2026-06-11 23:13 UTC,125977,,,,,,,,,,,,,,
EMJIE,2026-06-11 23:13 UTC,387269,,,,,,,,,,,,,,
ERISTHEPLANET,2026-06-11 23:13 UTC,80276,,,,,,,,,,,,,,
F3miii,2026-06-11 23:13 UTC,14846111,,,,,,,,,,,,,,
Fcukers,2026-06-11 23:13 UTC,2094015,,,,,,,,,,,,,,
FIFA Sound,2026-06-11 23:13 UTC,9093751,,,,,,,,,,,,,,
FLO,2026-06-11 23:13 UTC,3676643,,,,,,,,,,,,,,
Frost Children,2026-06-11 23:13 UTC,535028,,,,,,,,,,,,,,
frozz,2026-06-11 23:13 UTC,490479,,,,,,,,,,,,,,
G3B,2026-06-11 23:13 UTC,78504,,,,,,,,,,,,,,
Ghetto Beisha,2026-06-11 23:13 UTC,14890,,,,,,,,,,,,,,
Ghostfacekush,2026-06-11 23:13 UTC,66697,,,,,,,,,,,,,,
Girl Scout,2026-06-11 23:13 UTC,68611,,,,,,,,,,,,,,
girl_irl,2026-06-11 23:13 UTC,56601,,,,,,,,,,,,,,
girlsweetvoiced,2026-06-11 23:13 UTC,377758,,,,,,,,,,,,,,
Glizzy Glow,2026-06-11 23:13 UTC,4809,,,,,,,,,,,,,,
gnawvs,2026-06-11 23:13 UTC,1447,,,,,,,,,,,,,,
Godtripper,2026-06-11 23:13 UTC,202959,,,,,,,,,,,,,,
Grupo Primer Grado,2026-06-11 23:13 UTC,2212640,,,,,,,,,,,,,,
H. Hawkline,2026-06-11 23:13 UTC,140697,,,,,,,,,,,,,,
Harrd Luck,2026-06-11 23:13 UTC,37517,,,,,,,,,,,,,,
HittMan,2026-06-11 23:13 UTC,9225,,,,,,,,,,,,,,
Iguana Death Cult,2026-06-11 23:13 UTC,44956,,,,,,,,,,,,,,
Indeevar,2026-06-11 23:13 UTC,3421110,,,,,,,,,,,,,,
Indigo De Souza,2026-06-11 23:13 UTC,1466494,,,,,,,,,,,,,,
Infinity Song,2026-06-11 23:13 UTC,705939,,,,,,,,,,,,,,
isa in eutopia,2026-06-11 23:13 UTC,26970,,,,,,,,,,,,,,
JADA,2026-06-11 23:13 UTC,63763,,,,,,,,,,,,,,
Jadasea,2026-06-11 23:13 UTC,44577,,,,,,,,,,,,,,
jalda,2026-06-11 23:13 UTC,132821,,,,,,,,,,,,,,
Jimmy Butler,2026-06-11 23:13 UTC,35467,,,,,,,,,,,,,,
JJerome87,2026-06-11 23:13 UTC,335561,,,,,,,,,,,,,,
Joy Rhodes,2026-06-11 23:13 UTC,1012091,,,,,,,,,,,,,,
Juju,2026-06-11 23:13 UTC,2722711,,,,,,,,,,,,,,
Julia Church,2026-06-11 23:13 UTC,3236626,,,,,,,,,,,,,,
Julie Williams,2026-06-11 23:13 UTC,34940,,,,,,,,,,,,,,
JussGigi,2026-06-11 23:13 UTC,0,,,,,,,,,,,,,,
Kala,2026-06-11 23:13 UTC,0,,,,,,,,,,,,,,
Karly Bowman,2026-06-11 23:13 UTC,74143,,,,,,,,,,,,,,
Khaled,2026-06-11 23:13 UTC,1769908,,,,,,,,,,,,,,
Khan Saab,2026-06-11 23:13 UTC,9182136,,,,,,,,,,,,,,
King Kylie,2026-06-11 23:13 UTC,457496,,,,,,,,,,,,,,
KINGH,2026-06-11 23:13 UTC,152370,,,,,,,,,,,,,,
Koilwood,2026-06-11 23:13 UTC,27163,,,,,,,,,,,,,,
KUČKA,2026-06-11 23:13 UTC,788674,,,,,,,,,,,,,,
Kurdi Klymax,2026-06-11 23:13 UTC,41235,,,,,,,,,,,,,,
kuru,2026-06-11 23:13 UTC,302547,,,,,,,,,,,,,,
Lamb,2026-06-11 23:13 UTC,255630,,,,,,,,,,,,,,
ledysek,2026-06-11 23:13 UTC,18053,,,,,,,,,,,,,,
Lerado Khalil,2026-06-11 23:13 UTC,38612,,,,,,,,,,,,,,
Les Imprimés,2026-06-11 23:13 UTC,110007,,,,,,,,,,,,,,
Lightris,2026-06-11 23:13 UTC,754856,,,,,,,,,,,,,,
Lil B,2026-06-11 23:13 UTC,1388554,,,,,,,,,,,,,,
Lil Righteous,2026-06-11 23:13 UTC,0,,,,,,,,,,,,,,
Loui Henderson,2026-06-11 23:13 UTC,76959,,,,,,,,,,,,,,
Luke Armstrong,2026-06-11 23:13 UTC,16099,,,,,,,,,,,,,,
M4IA,2026-06-11 23:13 UTC,385540,,,,,,,,,,,,,,
MAGIC SOUND WOLF,2026-06-11 23:13 UTC,645864,,,,,,,,,,,,,,
Malcolm Todd,2026-06-11 23:13 UTC,32550025,,,,,,,,,,,,,,
Maphra,2026-06-11 23:13 UTC,1338526,,,,,,,,,,,,,,
marquitos,2026-06-11 23:13 UTC,222456,,,,,,,,,,,,,,
Maviler,2026-06-11 23:13 UTC,470704,,,,,,,,,,,,,,
Merry Lamb Lamb,2026-06-11 23:13 UTC,3908,,,,,,,,,,,,,,
Mijabella Marie,2026-06-11 23:13 UTC,8644,,,,,,,,,,,,,,
MIKE,2026-06-11 23:13 UTC,573444,,,,,,,,,,,,,,
Momo Boyd,2026-06-11 23:13 UTC,1850282,,,,,,,,,,,,,,
Mr Dutt,2026-06-11 23:13 UTC,1623386,,,,,,,,,,,,,,
Mumu Fresh,2026-06-11 23:13 UTC,56857,,,,,,,,,,,,,,
My New Band Believe,2026-06-11 23:13 UTC,90724,,,,,,,,,,,,,,
Naarly,2026-06-11 23:13 UTC,5995787,,,,,,,,,,,,,,
Naod,2026-06-11 23:13 UTC,300194,,,,,,,,,,,,,,
Nickatnite,2026-06-11 23:13 UTC,4542,,,,,,,,,,,,,,
Nine Vicious,2026-06-11 23:13 UTC,1228462,,,,,,,,,,,,,,
nocashfromparents,2026-06-11 23:13 UTC,887271,,,,,,,,,,,,,,
North West,2026-06-11 23:13 UTC,649610,,,,,,,,,,,,,,
NPD,2026-06-11 23:13 UTC,1418064,,,,,,,,,,,,,,
OK Alva,2026-06-11 23:13 UTC,25126,,,,,,,,,,,,,,
OKI,2026-06-11 23:13 UTC,2263293,,,,,,,,,,,,,,
Olga Myko,2026-06-11 23:13 UTC,2007791,,,,,,,,,,,,,,
Olof Dreijer,2026-06-11 23:13 UTC,72317,,,,,,,,,,,,,,
osa,2026-06-11 23:13 UTC,183158,,,,,,,,,,,,,,
Oxis,2026-06-11 23:13 UTC,483714,,,,,,,,,,,,,,
Pocket,2026-06-11 23:13 UTC,64204,,,,,,,,,,,,,,
Pretty Pinkk,2026-06-11 23:13 UTC,14890,,,,,,,,,,,,,,
Pz',2026-06-11 23:13 UTC,391369,,,,,,,,,,,,,,
Rian Brazil,2026-06-11 23:13 UTC,90631,,,,,,,,,,,,,,
rjtheweirdo,2026-06-11 23:13 UTC,224000,,,,,,,,,,,,,,
Rocket Reese,2026-06-11 23:13 UTC,116508,,,,,,,,,,,,,,
S1RENA,2026-06-11 23:13 UTC,136316,,,,,,,,,,,,,,
Sa!koro,2026-06-11 23:13 UTC,77703,,,,,,,,,,,,,,
Sara Landry,2026-06-11 23:13 UTC,1174228,,,,,,,,,,,,,,
Sébastien Tellier,2026-06-11 23:13 UTC,804496,,,,,,,,,,,,,,
ShawtyRokk,2026-06-11 23:13 UTC,24741,,,,,,,,,,,,,,
shonci,2026-06-11 23:13 UTC,5707431,,,,,,,,,,,,,,
Slayr,2026-06-11 23:13 UTC,1017995,,,,,,,,,,,,,,
Slayyyter,2026-06-11 23:13 UTC,6072516,,,,,,,,,,,,,,
Slim Jxmmy,2026-06-11 23:13 UTC,35037,,,,,,,,,,,,,,
Sofiane Pamart,2026-06-11 23:13 UTC,2899780,,,,,,,,,,,,,,
Sons of Yusuf,2026-06-11 23:13 UTC,1203396,,,,,,,,,,,,,,
Southsidesilhouette,2026-06-11 23:13 UTC,141563,,,,,,,,,,,,,,
Specialist Moss,2026-06-11 23:13 UTC,439594,,,,,,,,,,,,,,
SPELLLING,2026-06-11 23:13 UTC,55415,,,,,,,,,,,,,,
Sreemani,2026-06-11 23:13 UTC,2590552,,,,,,,,,,,,,,
STELLA LEFTY,2026-06-11 23:13 UTC,13666751,,,,,,,,,,,,,,
Street Fever,2026-06-11 23:13 UTC,53881,,,,,,,,,,,,,,
Sunday Service Choir,2026-06-11 23:13 UTC,385115,,,,,,,,,,,,,,
SURF GANG,2026-06-11 23:13 UTC,304502,,,,,,,,,,,,,,
Swizz Beatz,2026-06-11 23:13 UTC,559695,,,,,,,,,,,,,,
T.O.P,2026-06-11 23:13 UTC,765608,,,,,,,,,,,,,,
Tabi Gervis,2026-06-11 23:13 UTC,19782,,,,,,,,,,,,,,
Temper City,2026-06-11 23:13 UTC,21667087,,,,,,,,,,,,,,
Tezzus,2026-06-11 23:13 UTC,292130,,,,,,,,,,,,,,
The Long Faces,2026-06-11 23:13 UTC,5652859,,,,,,,,,,,,,,
The Twins,2026-06-11 23:13 UTC,80247,,,,,,,,,,,,,,
THELMA,2026-06-11 23:13 UTC,38395,,,,,,,,,,,,,,
Tiffany Day,2026-06-11 23:13 UTC,1224275,,,,,,,,,,,,,,
Tom Did It,2026-06-11 23:13 UTC,978884,,,,,,,,,,,,,,
Tom Right,2026-06-11 23:13 UTC,1483493,,,,,,,,,,,,,,
TOMORA,2026-06-11 23:13 UTC,526481,,,,,,,,,,,,,,
Trim,2026-06-11 23:13 UTC,3373497,,,,,,,,,,,,,,
Tsatsamis,2026-06-11 23:13 UTC,101690,,,,,,,,,,,,,,
twentythree,2026-06-11 23:13 UTC,1170316,,,,,,,,,,,,,,
TXKUMOON,2026-06-11 23:13 UTC,483904,,,,,,,,,,,,,,
Vaibhav Gupta,2026-06-11 23:13 UTC,1375099,,,,,,,,,,,,,,
waera,2026-06-11 23:13 UTC,122099,,,,,,,,,,,,,,
Warren Roob,2026-06-11 23:13 UTC,180217,,,,,,,,,,,,,,
Welwitschia,2026-06-11 23:13 UTC,203722,,,,,,,,,,,,,,
Will Sass,2026-06-11 23:13 UTC,581987,,,,,,,,,,,,,,
Wtm Solid,2026-06-11 23:13 UTC,3310,,,,,,,,,,,,,,
Yaeger,2026-06-11 23:13 UTC,160813,,,,,,,,,,,,,,
YASP,2026-06-11 23:13 UTC,35773,,,,,,,,,,,,,,
Ye,2026-06-11 23:13 UTC,8046089,,,,,,,,,,,,,,
Yonusa,2026-06-11 23:13 UTC,2345,,,,,,,,,,,,,,
YUNA,2026-06-11 23:13 UTC,753416,,,,,,,,,,,,,,
Yuyu19,2026-06-11 23:13 UTC,939140,,,,,,,,,,,,,,
Zycan,2026-06-11 23:13 UTC,554592,,,,,,,,,,,,,,
drug bug,2026-06-11 23:13 UTC,49269,,,,,,,,,,,,,,
ILYAH,2026-06-11 23:13 UTC,633796,,,,,,,,,,,,,,
Los Brasileros,2026-06-11 23:13 UTC,1438462,,,,,,,,,,,,,,
am7iri,2026-06-11 23:13 UTC,2465556,,,,,,,,,,,,,,
Los Buyer,2026-06-11 23:13 UTC,1087404,,,,,,,,,,,,,,
Pikeras,2026-06-11 23:13 UTC,1626854,,,,,,,,,,,,,,
Heitor Santos,2026-06-11 23:13 UTC,1954687,,,,,,,,,,,,,,
Melly,2026-06-11 23:13 UTC,875657,,,,,,,,,,,,,,
OT The Real,2026-06-11 23:13 UTC,101942,,,,,,,,,,,,,,
Big Papa313,2026-06-11 23:13 UTC,1196090,,,,,,,,,,,,,,
kortani,2026-06-11 23:13 UTC,195764,,,,,,,,,,,,,,
daydreamers,2026-06-11 23:13 UTC,213949,,,,,,,,,,,,,,
Amma,2026-06-11 23:13 UTC,1317885,,,,,,,,,,,,,,
IngaRose,2026-06-11 23:13 UTC,3257256,,,,,,,,,,,,,,
FRIDAY*,2026-06-11 23:13 UTC,13699,,,,,,,,,,,,,,
aoif3,2026-06-11 23:13 UTC,728,,,,,,,,,,,,,,
Uche,2026-06-11 23:13 UTC,64088,,,,,,,,,,,,,,
Maxx Moor,2026-06-11 23:13 UTC,435,,,,,,,,,,,,,,
Swethings,2026-06-11 23:13 UTC,36186,,,,,,,,,,,,,,
22xlstl,2026-06-11 23:13 UTC,346143,,,,,,,,,,,,,,
Greg Gonzales,2026-06-11 23:13 UTC,2895474,,,,,,,,,,,,,,
Lyla George,2026-06-11 23:13 UTC,162189,,,,,,,,,,,,,,
Marlo Rex,2026-06-11 23:13 UTC,920090,,,,,,,,,,,,,,
Cobrah,2026-06-11 23:13 UTC,1673372,,,,,,,,,,,,,,
Asha Banks,2026-06-11 23:13 UTC,951438,,,,,,,,,,,,,,
Stanclickin,2026-06-11 23:13 UTC,27748,,,,,,,,,,,,,,
Ebony Riley,2026-06-11 23:13 UTC,108438,,,,,,,,,,,,,,
Knut€,2026-06-11 23:13 UTC,12686,,,,,,,,,,,,,,
SALIMATA,2026-06-11 23:13 UTC,284362,,,,,,,,,,,,,,
Tracy,2026-06-11 23:13 UTC,420968,,,,,,,,,,,,,,
GENER8ION,2026-06-11 23:13 UTC,2028477,,,,,,,,,,,,,,
BJOERN,2026-06-11 23:13 UTC,527044,,,,,,,,,,,,,,
Olwin,2026-06-11 23:13 UTC,19760,,,,,,,,,,,,,,
Fred Durst,2026-06-11 23:13 UTC,1643284,,,,,,,,,,,,,,
Twoske,2026-06-11 23:13 UTC,14558,,,,,,,,,,,,,,
Los Gofiones,2026-06-11 23:13 UTC,1018577,,,,,,,,,,,,,,
Chase Belly,2026-06-11 23:13 UTC,47987,,,,,,,,,,,,,,
CDB,2026-06-11 23:13 UTC,4311158,,,,,,,,,,,,,,
Cornfed Ted,2026-06-11 23:13 UTC,9862,,,,,,,,,,,,,,
Claar,2026-06-11 23:13 UTC,14759,,,,,,,,,,,,,,
KARLEE GIRL,2026-06-11 23:13 UTC,1810972,,,,,,,,,,,,,,
Warhol.SS,2026-06-11 23:13 UTC,545937,,,,,,,,,,,,,,
Lola Blue,2026-06-11 23:13 UTC,181083,,,,,,,,,,,,,,
AZIEDOESNTEXIST,2026-06-11 23:13 UTC,1329665,,,,,,,,,,,,,,
Eliah Sternhardt,2026-06-11 23:13 UTC,210020,,,,,,,,,,,,,,
$t3PPA,2026-06-12 23:05 UTC,100225,,,,,,,,,,,,,,
1 Umbrella,2026-06-12 23:05 UTC,95535,,,,,,,,,,,,,,
318dman,2026-06-12 23:05 UTC,440599,,,,,,,,,,,,,,
A2ANTI,2026-06-12 23:05 UTC,859824,,,,,,,,,,,,,,
Addison Dean,2026-06-12 23:05 UTC,7342,,,,,,,,,,,,,,
Aksomaniac,2026-06-12 23:05 UTC,3138718,,,,,,,,,,,,,,
Andre Troutman,2026-06-12 23:05 UTC,3350946,,,,,,,,,,,,,,
Angine de Poitrine,2026-06-12 23:05 UTC,1259100,,,,,,,,,,,,,,
Anik Khan,2026-06-12 23:05 UTC,82927,,,,,,,,,,,,,,
AQUAFINNA,2026-06-12 23:05 UTC,16537,,,,,,,,,,,,,,
Biggs money,2026-06-12 23:05 UTC,11549,,,,,,,,,,,,,,
Boi-1da,2026-06-12 23:05 UTC,723434,,,,,,,,,,,,,,
BossMan Pac,2026-06-12 23:05 UTC,63104,,,,,,,,,,,,,,
Brittany Aldean,2026-06-12 23:05 UTC,114002,,,,,,,,,,,,,,
Bryan Countach,2026-06-12 23:05 UTC,101207,,,,,,,,,,,,,,
Canada Soccer,2026-06-12 23:05 UTC,826132,,,,,,,,,,,,,,
Canyon,2026-06-12 23:05 UTC,27634,,,,,,,,,,,,,,
Cap1talA,2026-06-12 23:05 UTC,326936,,,,,,,,,,,,,,
Carter Faith,2026-06-12 23:05 UTC,2722493,,,,,,,,,,,,,,
Che,2026-06-12 23:05 UTC,1197254,,,,,,,,,,,,,,
Chyno Miranda,2026-06-12 23:05 UTC,1178744,,,,,,,,,,,,,,
Corridos del Rey,2026-06-12 23:05 UTC,2608451,,,,,,,,,,,,,,
Dale Move,2026-06-12 23:05 UTC,108285,,,,,,,,,,,,,,
Daniel Žižka,2026-06-12 23:05 UTC,729197,,,,,,,,,,,,,,
Dante,2026-06-12 23:05 UTC,367293,,,,,,,,,,,,,,
Dean Turnley,2026-06-12 23:05 UTC,1605844,,,,,,,,,,,,,,
Delta Ash,2026-06-12 23:05 UTC,579265,,,,,,,,,,,,,,
DETO BLACK,2026-06-12 23:05 UTC,236691,,,,,,,,,,,,,,
Devault,2026-06-12 23:05 UTC,1802434,,,,,,,,,,,,,,
Dexter and The Moonrocks,2026-06-12 23:05 UTC,8955718,,,,,,,,,,,,,,
diamond*,2026-06-12 23:05 UTC,293975,,,,,,,,,,,,,,
Diana Pilquist,2026-06-12 23:05 UTC,1937,,,,,,,,,,,,,,
DJ B7 o Piranhão,2026-06-12 23:05 UTC,3536687,,,,,,,,,,,,,,
DJ Holiday,2026-06-12 23:05 UTC,97076,,,,,,,,,,,,,,
dóttir.x,2026-06-12 23:05 UTC,71174,,,,,,,,,,,,,,
Druski,2026-06-12 23:05 UTC,535928,,,,,,,,,,,,,,
Dubioza Kolektive,2026-06-12 23:05 UTC,581363,,,,,,,,,,,,,,
dunderjeppe,2026-06-12 23:05 UTC,27050,,,,,,,,,,,,,,
Duskydemise archive,2026-06-12 23:05 UTC,483313,,,,,,,,,,,,,,
Duygu Edis,2026-06-12 23:05 UTC,1686936,,,,,,,,,,,,,,
Dwarde,2026-06-12 23:05 UTC,14092,,,,,,,,,,,,,,
EA TJ,2026-06-12 23:05 UTC,20619,,,,,,,,,,,,,,
EL DEMOON,2026-06-12 23:05 UTC,53,,,,,,,,,,,,,,
Emanazul,2026-06-12 23:05 UTC,351257,,,,,,,,,,,,,,
Emelie Trahan,2026-06-12 23:05 UTC,122195,,,,,,,,,,,,,,
EMJIE,2026-06-12 23:05 UTC,388018,,,,,,,,,,,,,,
ERISTHEPLANET,2026-06-12 23:05 UTC,80488,,,,,,,,,,,,,,
F3miii,2026-06-12 23:05 UTC,15238706,,,,,,,,,,,,,,
Fcukers,2026-06-12 23:05 UTC,2093417,,,,,,,,,,,,,,
FIFA Sound,2026-06-12 23:05 UTC,9997870,,,,,,,,,,,,,,
FLO,2026-06-12 23:05 UTC,3693384,,,,,,,,,,,,,,
Frost Children,2026-06-12 23:05 UTC,533407,,,,,,,,,,,,,,
frozz,2026-06-12 23:05 UTC,484381,,,,,,,,,,,,,,
G3B,2026-06-12 23:05 UTC,77987,,,,,,,,,,,,,,
Ghetto Beisha,2026-06-12 23:05 UTC,14304,,,,,,,,,,,,,,
Ghostfacekush,2026-06-12 23:05 UTC,66642,,,,,,,,,,,,,,
Girl Scout,2026-06-12 23:05 UTC,68104,,,,,,,,,,,,,,
girl_irl,2026-06-12 23:05 UTC,56879,,,,,,,,,,,,,,
girlsweetvoiced,2026-06-12 23:05 UTC,389507,,,,,,,,,,,,,,
Glizzy Glow,2026-06-12 23:05 UTC,4902,,,,,,,,,,,,,,
gnawvs,2026-06-12 23:05 UTC,1605,,,,,,,,,,,,,,
Godtripper,2026-06-12 23:05 UTC,203942,,,,,,,,,,,,,,
Grupo Primer Grado,2026-06-12 23:05 UTC,2217268,,,,,,,,,,,,,,
H. Hawkline,2026-06-12 23:05 UTC,133581,,,,,,,,,,,,,,
Harrd Luck,2026-06-12 23:05 UTC,37305,,,,,,,,,,,,,,
HittMan,2026-06-12 23:05 UTC,9016,,,,,,,,,,,,,,
Iguana Death Cult,2026-06-12 23:05 UTC,44436,,,,,,,,,,,,,,
Indeevar,2026-06-12 23:05 UTC,3241673,,,,,,,,,,,,,,
Indigo De Souza,2026-06-12 23:05 UTC,1471560,,,,,,,,,,,,,,
Infinity Song,2026-06-12 23:05 UTC,706852,,,,,,,,,,,,,,
isa in eutopia,2026-06-12 23:05 UTC,27175,,,,,,,,,,,,,,
JADA,2026-06-12 23:05 UTC,64564,,,,,,,,,,,,,,
Jadasea,2026-06-12 23:05 UTC,43686,,,,,,,,,,,,,,
jalda,2026-06-12 23:05 UTC,135920,,,,,,,,,,,,,,
Jimmy Butler,2026-06-12 23:05 UTC,33262,,,,,,,,,,,,,,
JJerome87,2026-06-12 23:05 UTC,353521,,,,,,,,,,,,,,
Joy Rhodes,2026-06-12 23:05 UTC,1024142,,,,,,,,,,,,,,
Juju,2026-06-12 23:05 UTC,2694993,,,,,,,,,,,,,,
Julia Church,2026-06-12 23:05 UTC,3229971,,,,,,,,,,,,,,
Julie Williams,2026-06-12 23:05 UTC,33876,,,,,,,,,,,,,,
JussGigi,2026-06-12 23:05 UTC,0,,,,,,,,,,,,,,
Kala,2026-06-12 23:05 UTC,0,,,,,,,,,,,,,,
Karly Bowman,2026-06-12 23:05 UTC,75554,,,,,,,,,,,,,,
Khaled,2026-06-12 23:05 UTC,1756523,,,,,,,,,,,,,,
Khan Saab,2026-06-12 23:05 UTC,9140491,,,,,,,,,,,,,,
King Kylie,2026-06-12 23:05 UTC,448497,,,,,,,,,,,,,,
KINGH,2026-06-12 23:05 UTC,157599,,,,,,,,,,,,,,
Koilwood,2026-06-12 23:05 UTC,27478,,,,,,,,,,,,,,
KUČKA,2026-06-12 23:05 UTC,793892,,,,,,,,,,,,,,
Kurdi Klymax,2026-06-12 23:05 UTC,40609,,,,,,,,,,,,,,
kuru,2026-06-12 23:05 UTC,302704,,,,,,,,,,,,,,
Lamb,2026-06-12 23:05 UTC,263904,,,,,,,,,,,,,,
ledysek,2026-06-12 23:05 UTC,18147,,,,,,,,,,,,,,
Lerado Khalil,2026-06-12 23:05 UTC,39490,,,,,,,,,,,,,,
Les Imprimés,2026-06-12 23:05 UTC,110891,,,,,,,,,,,,,,
Lightris,2026-06-12 23:05 UTC,758682,,,,,,,,,,,,,,
Lil B,2026-06-12 23:05 UTC,1387146,,,,,,,,,,,,,,
Lil Righteous,2026-06-12 23:05 UTC,0,,,,,,,,,,,,,,
Loui Henderson,2026-06-12 23:05 UTC,68614,,,,,,,,,,,,,,
Luke Armstrong,2026-06-12 23:05 UTC,16201,,,,,,,,,,,,,,
M4IA,2026-06-12 23:05 UTC,475255,,,,,,,,,,,,,,
MAGIC SOUND WOLF,2026-06-12 23:05 UTC,650484,,,,,,,,,,,,,,
Malcolm Todd,2026-06-12 23:05 UTC,33170504,,,,,,,,,,,,,,
Maphra,2026-06-12 23:05 UTC,1328627,,,,,,,,,,,,,,
marquitos,2026-06-12 23:05 UTC,217069,,,,,,,,,,,,,,
Maviler,2026-06-12 23:05 UTC,474517,,,,,,,,,,,,,,
Merry Lamb Lamb,2026-06-12 23:05 UTC,3806,,,,,,,,,,,,,,
Mijabella Marie,2026-06-12 23:05 UTC,8715,,,,,,,,,,,,,,
MIKE,2026-06-12 23:05 UTC,570052,,,,,,,,,,,,,,
Momo Boyd,2026-06-12 23:05 UTC,1821153,,,,,,,,,,,,,,
Mr Dutt,2026-06-12 23:05 UTC,1624152,,,,,,,,,,,,,,
Mumu Fresh,2026-06-12 23:05 UTC,54430,,,,,,,,,,,,,,
My New Band Believe,2026-06-12 23:05 UTC,88112,,,,,,,,,,,,,,
Naarly,2026-06-12 23:05 UTC,5959471,,,,,,,,,,,,,,
Naod,2026-06-12 23:05 UTC,298976,,,,,,,,,,,,,,
Nickatnite,2026-06-12 23:05 UTC,4696,,,,,,,,,,,,,,
Nine Vicious,2026-06-12 23:05 UTC,1224784,,,,,,,,,,,,,,
nocashfromparents,2026-06-12 23:05 UTC,880683,,,,,,,,,,,,,,
North West,2026-06-12 23:05 UTC,645144,,,,,,,,,,,,,,
NPD,2026-06-12 23:05 UTC,1436003,,,,,,,,,,,,,,
OK Alva,2026-06-12 23:05 UTC,25189,,,,,,,,,,,,,,
OKI,2026-06-12 23:05 UTC,2266590,,,,,,,,,,,,,,
Olga Myko,2026-06-12 23:05 UTC,2037948,,,,,,,,,,,,,,
Olof Dreijer,2026-06-12 23:05 UTC,64659,,,,,,,,,,,,,,
osa,2026-06-12 23:05 UTC,187029,,,,,,,,,,,,,,
Oxis,2026-06-12 23:05 UTC,487051,,,,,,,,,,,,,,
Pocket,2026-06-12 23:05 UTC,62842,,,,,,,,,,,,,,
Pretty Pinkk,2026-06-12 23:05 UTC,14304,,,,,,,,,,,,,,
Pz',2026-06-12 23:05 UTC,397761,,,,,,,,,,,,,,
Rian Brazil,2026-06-12 23:05 UTC,92995,,,,,,,,,,,,,,
rjtheweirdo,2026-06-12 23:05 UTC,220605,,,,,,,,,,,,,,
Rocket Reese,2026-06-12 23:05 UTC,118585,,,,,,,,,,,,,,
S1RENA,2026-06-12 23:05 UTC,136413,,,,,,,,,,,,,,
Sa!koro,2026-06-12 23:05 UTC,77659,,,,,,,,,,,,,,
Sara Landry,2026-06-12 23:05 UTC,1187638,,,,,,,,,,,,,,
Sébastien Tellier,2026-06-12 23:05 UTC,777218,,,,,,,,,,,,,,
ShawtyRokk,2026-06-12 23:05 UTC,25152,,,,,,,,,,,,,,
shonci,2026-06-12 23:05 UTC,5755957,,,,,,,,,,,,,,
Slayr,2026-06-12 23:05 UTC,1012117,,,,,,,,,,,,,,
Slayyyter,2026-06-12 23:05 UTC,6310926,,,,,,,,,,,,,,
Slim Jxmmy,2026-06-12 23:05 UTC,34968,,,,,,,,,,,,,,
Sofiane Pamart,2026-06-12 23:05 UTC,2863816,,,,,,,,,,,,,,
Sons of Yusuf,2026-06-12 23:05 UTC,1195432,,,,,,,,,,,,,,
Southsidesilhouette,2026-06-12 23:05 UTC,139192,,,,,,,,,,,,,,
Specialist Moss,2026-06-12 23:05 UTC,436490,,,,,,,,,,,,,,
SPELLLING,2026-06-12 23:05 UTC,54294,,,,,,,,,,,,,,
Sreemani,2026-06-12 23:05 UTC,2589456,,,,,,,,,,,,,,
STELLA LEFTY,2026-06-12 23:05 UTC,13853690,,,,,,,,,,,,,,
Street Fever,2026-06-12 23:05 UTC,53076,,,,,,,,,,,,,,
Sunday Service Choir,2026-06-12 23:05 UTC,382581,,,,,,,,,,,,,,
SURF GANG,2026-06-12 23:05 UTC,301169,,,,,,,,,,,,,,
Swizz Beatz,2026-06-12 23:05 UTC,553869,,,,,,,,,,,,,,
T.O.P,2026-06-12 23:05 UTC,748262,,,,,,,,,,,,,,
Tabi Gervis,2026-06-12 23:05 UTC,20022,,,,,,,,,,,,,,
Temper City,2026-06-12 23:05 UTC,21925770,,,,,,,,,,,,,,
Tezzus,2026-06-12 23:05 UTC,296595,,,,,,,,,,,,,,
The Long Faces,2026-06-12 23:05 UTC,5674865,,,,,,,,,,,,,,
The Twins,2026-06-12 23:05 UTC,81312,,,,,,,,,,,,,,
THELMA,2026-06-12 23:05 UTC,39988,,,,,,,,,,,,,,
Tiffany Day,2026-06-12 23:05 UTC,1222707,,,,,,,,,,,,,,
Tom Did It,2026-06-12 23:05 UTC,969197,,,,,,,,,,,,,,
Tom Right,2026-06-12 23:05 UTC,1486082,,,,,,,,,,,,,,
TOMORA,2026-06-12 23:05 UTC,503963,,,,,,,,,,,,,,
Trim,2026-06-12 23:05 UTC,3404352,,,,,,,,,,,,,,
Tsatsamis,2026-06-12 23:05 UTC,98597,,,,,,,,,,,,,,
twentythree,2026-06-12 23:05 UTC,1173329,,,,,,,,,,,,,,
TXKUMOON,2026-06-12 23:05 UTC,369712,,,,,,,,,,,,,,
Vaibhav Gupta,2026-06-12 23:05 UTC,1369702,,,,,,,,,,,,,,
waera,2026-06-12 23:05 UTC,121240,,,,,,,,,,,,,,
Warren Roob,2026-06-12 23:05 UTC,177770,,,,,,,,,,,,,,
Welwitschia,2026-06-12 23:05 UTC,202446,,,,,,,,,,,,,,
Will Sass,2026-06-12 23:05 UTC,574706,,,,,,,,,,,,,,
Wtm Solid,2026-06-12 23:05 UTC,3266,,,,,,,,,,,,,,
Yaeger,2026-06-12 23:05 UTC,157074,,,,,,,,,,,,,,
YASP,2026-06-12 23:05 UTC,35085,,,,,,,,,,,,,,
Ye,2026-06-12 23:05 UTC,8186939,,,,,,,,,,,,,,
Yonusa,2026-06-12 23:05 UTC,2274,,,,,,,,,,,,,,
YUNA,2026-06-12 23:05 UTC,740793,,,,,,,,,,,,,,
Yuyu19,2026-06-12 23:05 UTC,943036,,,,,,,,,,,,,,
Zycan,2026-06-12 23:05 UTC,545533,,,,,,,,,,,,,,
drug bug,2026-06-12 23:05 UTC,48824,,,,,,,,,,,,,,
ILYAH,2026-06-12 23:05 UTC,633538,,,,,,,,,,,,,,
Los Brasileros,2026-06-12 23:05 UTC,1418013,,,,,,,,,,,,,,
am7iri,2026-06-12 23:05 UTC,2671489,,,,,,,,,,,,,,
Los Buyer,2026-06-12 23:05 UTC,1087323,,,,,,,,,,,,,,
Pikeras,2026-06-12 23:05 UTC,1637669,,,,,,,,,,,,,,
Heitor Santos,2026-06-12 23:05 UTC,1929593,,,,,,,,,,,,,,
Melly,2026-06-12 23:05 UTC,878770,,,,,,,,,,,,,,
OT The Real,2026-06-12 23:05 UTC,98210,,,,,,,,,,,,,,
Big Papa313,2026-06-12 23:05 UTC,1194495,,,,,,,,,,,,,,
kortani,2026-06-12 23:05 UTC,193617,,,,,,,,,,,,,,
daydreamers,2026-06-12 23:05 UTC,214347,,,,,,,,,,,,,,
Amma,2026-06-12 23:05 UTC,1305008,,,,,,,,,,,,,,
IngaRose,2026-06-12 23:05 UTC,3394415,,,,,,,,,,,,,,
FRIDAY*,2026-06-12 23:05 UTC,14642,,,,,,,,,,,,,,
aoif3,2026-06-12 23:05 UTC,687,,,,,,,,,,,,,,
Uche,2026-06-12 23:05 UTC,68577,,,,,,,,,,,,,,
Maxx Moor,2026-06-12 23:05 UTC,432,,,,,,,,,,,,,,
Swethings,2026-06-12 23:05 UTC,35515,,,,,,,,,,,,,,
22xlstl,2026-06-12 23:05 UTC,355041,,,,,,,,,,,,,,
Greg Gonzales,2026-06-12 23:05 UTC,2810624,,,,,,,,,,,,,,
Lyla George,2026-06-12 23:05 UTC,155022,,,,,,,,,,,,,,
Marlo Rex,2026-06-12 23:05 UTC,907363,,,,,,,,,,,,,,
Cobrah,2026-06-12 23:05 UTC,1658199,,,,,,,,,,,,,,
Asha Banks,2026-06-12 23:05 UTC,969614,,,,,,,,,,,,,,
Stanclickin,2026-06-12 23:05 UTC,30593,,,,,,,,,,,,,,
Ebony Riley,2026-06-12 23:05 UTC,104712,,,,,,,,,,,,,,
Knut€,2026-06-12 23:05 UTC,12882,,,,,,,,,,,,,,
SALIMATA,2026-06-12 23:05 UTC,271820,,,,,,,,,,,,,,
Tracy,2026-06-12 23:05 UTC,422359,,,,,,,,,,,,,,
GENER8ION,2026-06-12 23:05 UTC,1967591,,,,,,,,,,,,,,
BJOERN,2026-06-12 23:05 UTC,529264,,,,,,,,,,,,,,
Olwin,2026-06-12 23:05 UTC,18724,,,,,,,,,,,,,,
Fred Durst,2026-06-12 23:05 UTC,1594621,,,,,,,,,,,,,,
Twoske,2026-06-12 23:05 UTC,13471,,,,,,,,,,,,,,
Los Gofiones,2026-06-12 23:05 UTC,979709,,,,,,,,,,,,,,
Chase Belly,2026-06-12 23:05 UTC,46823,,,,,,,,,,,,,,
CDB,2026-06-12 23:05 UTC,4338893,,,,,,,,,,,,,,
Cornfed Ted,2026-06-12 23:05 UTC,9731,,,,,,,,,,,,,,
Claar,2026-06-12 23:05 UTC,14856,,,,,,,,,,,,,,
KARLEE GIRL,2026-06-12 23:05 UTC,1817819,,,,,,,,,,,,,,
Warhol.SS,2026-06-12 23:05 UTC,544266,,,,,,,,,,,,,,
Lola Blue,2026-06-12 23:05 UTC,180831,,,,,,,,,,,,,,
AZIEDOESNTEXIST,2026-06-12 23:05 UTC,1335025,,,,,,,,,,,,,,
Eliah Sternhardt,2026-06-12 23:05 UTC,209032,,,,,,,,,,,,,,
$t3PPA,2026-06-13 22:51 UTC,98319,,,,,,,,,,,,,,
1 Umbrella,2026-06-13 22:51 UTC,95197,,,,,,,,,,,,,,
318dman,2026-06-13 22:51 UTC,451101,,,,,,,,,,,,,,
A2ANTI,2026-06-13 22:51 UTC,857781,,,,,,,,,,,,,,
Addison Dean,2026-06-13 22:51 UTC,7274,,,,,,,,,,,,,,
Aksomaniac,2026-06-13 22:51 UTC,3140416,,,,,,,,,,,,,,
Andre Troutman,2026-06-13 22:51 UTC,3364215,,,,,,,,,,,,,,
Angine de Poitrine,2026-06-13 22:51 UTC,1242645,,,,,,,,,,,,,,
Anik Khan,2026-06-13 22:51 UTC,82359,,,,,,,,,,,,,,
AQUAFINNA,2026-06-13 22:51 UTC,16614,,,,,,,,,,,,,,
Biggs money,2026-06-13 22:51 UTC,11482,,,,,,,,,,,,,,
Boi-1da,2026-06-13 22:51 UTC,736524,,,,,,,,,,,,,,
BossMan Pac,2026-06-13 22:51 UTC,63119,,,,,,,,,,,,,,
Brittany Aldean,2026-06-13 22:51 UTC,112295,,,,,,,,,,,,,,
Bryan Countach,2026-06-13 22:51 UTC,99078,,,,,,,,,,,,,,
Canada Soccer,2026-06-13 22:51 UTC,836894,,,,,,,,,,,,,,
Canyon,2026-06-13 22:51 UTC,27631,,,,,,,,,,,,,,
Cap1talA,2026-06-13 22:51 UTC,332558,,,,,,,,,,,,,,
Carter Faith,2026-06-13 22:51 UTC,2698511,,,,,,,,,,,,,,
Che,2026-06-13 22:51 UTC,1194166,,,,,,,,,,,,,,
Chyno Miranda,2026-06-13 22:51 UTC,1191204,,,,,,,,,,,,,,
Corridos del Rey,2026-06-13 22:51 UTC,2630338,,,,,,,,,,,,,,
Dale Move,2026-06-13 22:51 UTC,107700,,,,,,,,,,,,,,
Daniel Žižka,2026-06-13 22:51 UTC,695558,,,,,,,,,,,,,,
Dante,2026-06-13 22:51 UTC,411288,,,,,,,,,,,,,,
Dean Turnley,2026-06-13 22:51 UTC,1599487,,,,,,,,,,,,,,
Delta Ash,2026-06-13 22:51 UTC,564476,,,,,,,,,,,,,,
DETO BLACK,2026-06-13 22:51 UTC,232463,,,,,,,,,,,,,,
Devault,2026-06-13 22:51 UTC,1771428,,,,,,,,,,,,,,
Dexter and The Moonrocks,2026-06-13 22:51 UTC,8967491,,,,,,,,,,,,,,
diamond*,2026-06-13 22:51 UTC,294785,,,,,,,,,,,,,,
Diana Pilquist,2026-06-13 22:51 UTC,1907,,,,,,,,,,,,,,
DJ B7 o Piranhão,2026-06-13 22:51 UTC,3541561,,,,,,,,,,,,,,
DJ Holiday,2026-06-13 22:51 UTC,95806,,,,,,,,,,,,,,
dóttir.x,2026-06-13 22:51 UTC,78588,,,,,,,,,,,,,,
Druski,2026-06-13 22:51 UTC,527614,,,,,,,,,,,,,,
Dubioza Kolektive,2026-06-13 22:51 UTC,656482,,,,,,,,,,,,,,
dunderjeppe,2026-06-13 22:51 UTC,27224,,,,,,,,,,,,,,
Duskydemise archive,2026-06-13 22:51 UTC,488280,,,,,,,,,,,,,,
Duygu Edis,2026-06-13 22:51 UTC,1678522,,,,,,,,,,,,,,
Dwarde,2026-06-13 22:51 UTC,14288,,,,,,,,,,,,,,
EA TJ,2026-06-13 22:51 UTC,20508,,,,,,,,,,,,,,
EL DEMOON,2026-06-13 22:51 UTC,42,,,,,,,,,,,,,,
Emanazul,2026-06-13 22:51 UTC,345140,,,,,,,,,,,,,,
Emelie Trahan,2026-06-13 22:51 UTC,120071,,,,,,,,,,,,,,
EMJIE,2026-06-13 22:51 UTC,389093,,,,,,,,,,,,,,
ERISTHEPLANET,2026-06-13 22:51 UTC,80811,,,,,,,,,,,,,,
F3miii,2026-06-13 22:51 UTC,15409028,,,,,,,,,,,,,,
Fcukers,2026-06-13 22:51 UTC,2053415,,,,,,,,,,,,,,
FIFA Sound,2026-06-13 22:51 UTC,10474630,,,,,,,,,,,,,,
FLO,2026-06-13 22:51 UTC,3704879,,,,,,,,,,,,,,
Frost Children,2026-06-13 22:51 UTC,532775,,,,,,,,,,,,,,
frozz,2026-06-13 22:51 UTC,490744,,,,,,,,,,,,,,
G3B,2026-06-13 22:51 UTC,79408,,,,,,,,,,,,,,
Ghetto Beisha,2026-06-13 22:51 UTC,13968,,,,,,,,,,,,,,
Ghostfacekush,2026-06-13 22:51 UTC,66964,,,,,,,,,,,,,,
Girl Scout,2026-06-13 22:51 UTC,67742,,,,,,,,,,,,,,
girl_irl,2026-06-13 22:51 UTC,57650,,,,,,,,,,,,,,
girlsweetvoiced,2026-06-13 22:51 UTC,386574,,,,,,,,,,,,,,
Glizzy Glow,2026-06-13 22:51 UTC,4914,,,,,,,,,,,,,,
gnawvs,2026-06-13 22:51 UTC,1714,,,,,,,,,,,,,,
Godtripper,2026-06-13 22:51 UTC,204556,,,,,,,,,,,,,,
Grupo Primer Grado,2026-06-13 22:51 UTC,2209468,,,,,,,,,,,,,,
H. Hawkline,2026-06-13 22:51 UTC,130229,,,,,,,,,,,,,,
Harrd Luck,2026-06-13 22:51 UTC,37234,,,,,,,,,,,,,,
HittMan,2026-06-13 22:51 UTC,8969,,,,,,,,,,,,,,
Iguana Death Cult,2026-06-13 22:51 UTC,44123,,,,,,,,,,,,,,
Indeevar,2026-06-13 22:51 UTC,3147426,,,,,,,,,,,,,,
Indigo De Souza,2026-06-13 22:51 UTC,1471931,,,,,,,,,,,,,,
Infinity Song,2026-06-13 22:51 UTC,738121,,,,,,,,,,,,,,
isa in eutopia,2026-06-13 22:51 UTC,27118,,,,,,,,,,,,,,
JADA,2026-06-13 22:51 UTC,61162,,,,,,,,,,,,,,
Jadasea,2026-06-13 22:51 UTC,43462,,,,,,,,,,,,,,
jalda,2026-06-13 22:51 UTC,138415,,,,,,,,,,,,,,
Jimmy Butler,2026-06-13 22:51 UTC,32162,,,,,,,,,,,,,,
JJerome87,2026-06-13 22:51 UTC,374920,,,,,,,,,,,,,,
Joy Rhodes,2026-06-13 22:51 UTC,1032338,,,,,,,,,,,,,,
Juju,2026-06-13 22:51 UTC,2693616,,,,,,,,,,,,,,
Julia Church,2026-06-13 22:51 UTC,3307463,,,,,,,,,,,,,,
Julie Williams,2026-06-13 22:51 UTC,33270,,,,,,,,,,,,,,
JussGigi,2026-06-13 22:51 UTC,0,,,,,,,,,,,,,,
Kala,2026-06-13 22:51 UTC,0,,,,,,,,,,,,,,
Karly Bowman,2026-06-13 22:51 UTC,76158,,,,,,,,,,,,,,
Khaled,2026-06-13 22:51 UTC,1746265,,,,,,,,,,,,,,
Khan Saab,2026-06-13 22:51 UTC,9105597,,,,,,,,,,,,,,
King Kylie,2026-06-13 22:51 UTC,446152,,,,,,,,,,,,,,
KINGH,2026-06-13 22:51 UTC,160103,,,,,,,,,,,,,,
Koilwood,2026-06-13 22:51 UTC,27825,,,,,,,,,,,,,,
KUČKA,2026-06-13 22:51 UTC,800450,,,,,,,,,,,,,,
Kurdi Klymax,2026-06-13 22:51 UTC,39594,,,,,,,,,,,,,,
kuru,2026-06-13 22:51 UTC,303415,,,,,,,,,,,,,,
Lamb,2026-06-13 22:51 UTC,329318,,,,,,,,,,,,,,
ledysek,2026-06-13 22:51 UTC,18149,,,,,,,,,,,,,,
Lerado Khalil,2026-06-13 22:51 UTC,39467,,,,,,,,,,,,,,
Les Imprimés,2026-06-13 22:51 UTC,111052,,,,,,,,,,,,,,
Lightris,2026-06-13 22:51 UTC,760751,,,,,,,,,,,,,,
Lil B,2026-06-13 22:51 UTC,1387455,,,,,,,,,,,,,,
Lil Righteous,2026-06-13 22:51 UTC,0,,,,,,,,,,,,,,
Loui Henderson,2026-06-13 22:51 UTC,68312,,,,,,,,,,,,,,
Luke Armstrong,2026-06-13 22:51 UTC,16145,,,,,,,,,,,,,,
M4IA,2026-06-13 22:51 UTC,548133,,,,,,,,,,,,,,
MAGIC SOUND WOLF,2026-06-13 22:51 UTC,650147,,,,,,,,,,,,,,
Malcolm Todd,2026-06-13 22:51 UTC,33475293,,,,,,,,,,,,,,
Maphra,2026-06-13 22:51 UTC,1311590,,,,,,,,,,,,,,
marquitos,2026-06-13 22:51 UTC,215908,,,,,,,,,,,,,,
Maviler,2026-06-13 22:51 UTC,476263,,,,,,,,,,,,,,
Merry Lamb Lamb,2026-06-13 22:51 UTC,3767,,,,,,,,,,,,,,
Mijabella Marie,2026-06-13 22:51 UTC,8672,,,,,,,,,,,,,,
MIKE,2026-06-13 22:51 UTC,569524,,,,,,,,,,,,,,
Momo Boyd,2026-06-13 22:51 UTC,1797075,,,,,,,,,,,,,,
Mr Dutt,2026-06-13 22:51 UTC,1627294,,,,,,,,,,,,,,
Mumu Fresh,2026-06-13 22:51 UTC,52938,,,,,,,,,,,,,,
My New Band Believe,2026-06-13 22:51 UTC,87332,,,,,,,,,,,,,,
Naarly,2026-06-13 22:51 UTC,5940252,,,,,,,,,,,,,,
Naod,2026-06-13 22:51 UTC,305030,,,,,,,,,,,,,,
Nickatnite,2026-06-13 22:51 UTC,4730,,,,,,,,,,,,,,
Nine Vicious,2026-06-13 22:51 UTC,1223947,,,,,,,,,,,,,,
nocashfromparents,2026-06-13 22:51 UTC,868550,,,,,,,,,,,,,,
North West,2026-06-13 22:51 UTC,646022,,,,,,,,,,,,,,
NPD,2026-06-13 22:51 UTC,1441986,,,,,,,,,,,,,,
OK Alva,2026-06-13 22:51 UTC,25074,,,,,,,,,,,,,,
OKI,2026-06-13 22:51 UTC,2297018,,,,,,,,,,,,,,
Olga Myko,2026-06-13 22:51 UTC,2048171,,,,,,,,,,,,,,
Olof Dreijer,2026-06-13 22:51 UTC,63098,,,,,,,,,,,,,,
osa,2026-06-13 22:51 UTC,195029,,,,,,,,,,,,,,
Oxis,2026-06-13 22:51 UTC,468631,,,,,,,,,,,,,,
Pocket,2026-06-13 22:51 UTC,64351,,,,,,,,,,,,,,
Pretty Pinkk,2026-06-13 22:51 UTC,13968,,,,,,,,,,,,,,
Pz',2026-06-13 22:51 UTC,400690,,,,,,,,,,,,,,
Rian Brazil,2026-06-13 22:51 UTC,93362,,,,,,,,,,,,,,
rjtheweirdo,2026-06-13 22:51 UTC,217529,,,,,,,,,,,,,,
Rocket Reese,2026-06-13 22:51 UTC,121568,,,,,,,,,,,,,,
S1RENA,2026-06-13 22:51 UTC,137171,,,,,,,,,,,,,,
Sa!koro,2026-06-13 22:51 UTC,77223,,,,,,,,,,,,,,
Sara Landry,2026-06-13 22:51 UTC,1190394,,,,,,,,,,,,,,
Sébastien Tellier,2026-06-13 22:51 UTC,771154,,,,,,,,,,,,,,
ShawtyRokk,2026-06-13 22:51 UTC,25336,,,,,,,,,,,,,,
shonci,2026-06-13 22:51 UTC,5789061,,,,,,,,,,,,,,
Slayr,2026-06-13 22:51 UTC,1008568,,,,,,,,,,,,,,
Slayyyter,2026-06-13 22:51 UTC,6435028,,,,,,,,,,,,,,
Slim Jxmmy,2026-06-13 22:51 UTC,35141,,,,,,,,,,,,,,
Sofiane Pamart,2026-06-13 22:51 UTC,2831583,,,,,,,,,,,,,,
Sons of Yusuf,2026-06-13 22:51 UTC,1189655,,,,,,,,,,,,,,
Southsidesilhouette,2026-06-13 22:51 UTC,138545,,,,,,,,,,,,,,
Specialist Moss,2026-06-13 22:51 UTC,434464,,,,,,,,,,,,,,
SPELLLING,2026-06-13 22:51 UTC,53173,,,,,,,,,,,,,,
Sreemani,2026-06-13 22:51 UTC,2590605,,,,,,,,,,,,,,
STELLA LEFTY,2026-06-13 22:51 UTC,13809778,,,,,,,,,,,,,,
Street Fever,2026-06-13 22:51 UTC,52698,,,,,,,,,,,,,,
Sunday Service Choir,2026-06-13 22:51 UTC,381733,,,,,,,,,,,,,,
SURF GANG,2026-06-13 22:51 UTC,300167,,,,,,,,,,,,,,
Swizz Beatz,2026-06-13 22:51 UTC,551491,,,,,,,,,,,,,,
T.O.P,2026-06-13 22:51 UTC,739969,,,,,,,,,,,,,,
Tabi Gervis,2026-06-13 22:51 UTC,20055,,,,,,,,,,,,,,
Temper City,2026-06-13 22:51 UTC,22118081,,,,,,,,,,,,,,
Tezzus,2026-06-13 22:51 UTC,298131,,,,,,,,,,,,,,
The Long Faces,2026-06-13 22:51 UTC,5686786,,,,,,,,,,,,,,
The Twins,2026-06-13 22:51 UTC,81443,,,,,,,,,,,,,,
THELMA,2026-06-13 22:51 UTC,40856,,,,,,,,,,,,,,
Tiffany Day,2026-06-13 22:51 UTC,1220076,,,,,,,,,,,,,,
Tom Did It,2026-06-13 22:51 UTC,971224,,,,,,,,,,,,,,
Tom Right,2026-06-13 22:51 UTC,1492101,,,,,,,,,,,,,,
TOMORA,2026-06-13 22:51 UTC,488847,,,,,,,,,,,,,,
Trim,2026-06-13 22:51 UTC,3415185,,,,,,,,,,,,,,
Tsatsamis,2026-06-13 22:51 UTC,94456,,,,,,,,,,,,,,
twentythree,2026-06-13 22:51 UTC,1175334,,,,,,,,,,,,,,
TXKUMOON,2026-06-13 22:51 UTC,282561,,,,,,,,,,,,,,
Vaibhav Gupta,2026-06-13 22:51 UTC,1362735,,,,,,,,,,,,,,
waera,2026-06-13 22:51 UTC,121133,,,,,,,,,,,,,,
Warren Roob,2026-06-13 22:51 UTC,176837,,,,,,,,,,,,,,
Welwitschia,2026-06-13 22:51 UTC,201885,,,,,,,,,,,,,,
Will Sass,2026-06-13 22:51 UTC,569429,,,,,,,,,,,,,,
Wtm Solid,2026-06-13 22:51 UTC,3266,,,,,,,,,,,,,,
Yaeger,2026-06-13 22:51 UTC,154384,,,,,,,,,,,,,,
YASP,2026-06-13 22:51 UTC,34488,,,,,,,,,,,,,,
Ye,2026-06-13 22:51 UTC,8556795,,,,,,,,,,,,,,
Yonusa,2026-06-13 22:51 UTC,2251,,,,,,,,,,,,,,
YUNA,2026-06-13 22:51 UTC,738950,,,,,,,,,,,,,,
Yuyu19,2026-06-13 22:51 UTC,959788,,,,,,,,,,,,,,
Zycan,2026-06-13 22:51 UTC,537917,,,,,,,,,,,,,,
drug bug,2026-06-13 22:51 UTC,48596,,,,,,,,,,,,,,
ILYAH,2026-06-13 22:51 UTC,609702,,,,,,,,,,,,,,
Los Brasileros,2026-06-13 22:51 UTC,1411071,,,,,,,,,,,,,,
am7iri,2026-06-13 22:51 UTC,2695684,,,,,,,,,,,,,,
Los Buyer,2026-06-13 22:51 UTC,1092263,,,,,,,,,,,,,,
Pikeras,2026-06-13 22:51 UTC,1651422,,,,,,,,,,,,,,
Heitor Santos,2026-06-13 22:51 UTC,1918306,,,,,,,,,,,,,,
Melly,2026-06-13 22:51 UTC,876384,,,,,,,,,,,,,,
OT The Real,2026-06-13 22:51 UTC,96299,,,,,,,,,,,,,,
Big Papa313,2026-06-13 22:51 UTC,1204127,,,,,,,,,,,,,,
kortani,2026-06-13 22:51 UTC,192536,,,,,,,,,,,,,,
daydreamers,2026-06-13 22:51 UTC,214245,,,,,,,,,,,,,,
Amma,2026-06-13 22:51 UTC,1295748,,,,,,,,,,,,,,
IngaRose,2026-06-13 22:51 UTC,3442872,,,,,,,,,,,,,,
FRIDAY*,2026-06-13 22:51 UTC,14951,,,,,,,,,,,,,,
aoif3,2026-06-13 22:51 UTC,678,,,,,,,,,,,,,,
Uche,2026-06-13 22:51 UTC,70597,,,,,,,,,,,,,,
Maxx Moor,2026-06-13 22:51 UTC,429,,,,,,,,,,,,,,
Swethings,2026-06-13 22:51 UTC,35180,,,,,,,,,,,,,,
22xlstl,2026-06-13 22:51 UTC,362645,,,,,,,,,,,,,,
Greg Gonzales,2026-06-13 22:51 UTC,2739011,,,,,,,,,,,,,,
Lyla George,2026-06-13 22:51 UTC,150969,,,,,,,,,,,,,,
Marlo Rex,2026-06-13 22:51 UTC,903925,,,,,,,,,,,,,,
Cobrah,2026-06-13 22:51 UTC,1643518,,,,,,,,,,,,,,
Asha Banks,2026-06-13 22:51 UTC,1003803,,,,,,,,,,,,,,
Stanclickin,2026-06-13 22:51 UTC,31972,,,,,,,,,,,,,,
Ebony Riley,2026-06-13 22:51 UTC,102641,,,,,,,,,,,,,,
Knut€,2026-06-13 22:51 UTC,12973,,,,,,,,,,,,,,
SALIMATA,2026-06-13 22:51 UTC,267028,,,,,,,,,,,,,,
Tracy,2026-06-13 22:51 UTC,422220,,,,,,,,,,,,,,
GENER8ION,2026-06-13 22:51 UTC,2002695,,,,,,,,,,,,,,
BJOERN,2026-06-13 22:51 UTC,537246,,,,,,,,,,,,,,
Olwin,2026-06-13 22:51 UTC,18275,,,,,,,,,,,,,,
Fred Durst,2026-06-13 22:51 UTC,1547180,,,,,,,,,,,,,,
Twoske,2026-06-13 22:51 UTC,13045,,,,,,,,,,,,,,
Los Gofiones,2026-06-13 22:51 UTC,960960,,,,,,,,,,,,,,
Chase Belly,2026-06-13 22:51 UTC,46595,,,,,,,,,,,,,,
CDB,2026-06-13 22:51 UTC,4364968,,,,,,,,,,,,,,
Cornfed Ted,2026-06-13 22:51 UTC,9691,,,,,,,,,,,,,,
Claar,2026-06-13 22:51 UTC,17452,,,,,,,,,,,,,,
KARLEE GIRL,2026-06-13 22:51 UTC,1820149,,,,,,,,,,,,,,
Warhol.SS,2026-06-13 22:51 UTC,544855,,,,,,,,,,,,,,
Lola Blue,2026-06-13 22:51 UTC,169917,,,,,,,,,,,,,,
AZIEDOESNTEXIST,2026-06-13 22:51 UTC,1338828,,,,,,,,,,,,,,
Eliah Sternhardt,2026-06-13 22:51 UTC,211653,,,,,,,,,,,,,,
$t3PPA,2026-06-14 22:57 UTC,95778,,,,,,,,,,,,,,
1 Umbrella,2026-06-14 22:57 UTC,94799,,,,,,,,,,,,,,
318dman,2026-06-14 22:57 UTC,461825,,,,,,,,,,,,,,
A2ANTI,2026-06-14 22:57 UTC,852774,,,,,,,,,,,,,,
Addison Dean,2026-06-14 22:57 UTC,7261,,,,,,,,,,,,,,
Aksomaniac,2026-06-14 22:57 UTC,3150594,,,,,,,,,,,,,,
Andre Troutman,2026-06-14 22:57 UTC,3373898,,,,,,,,,,,,,,
Angine de Poitrine,2026-06-14 22:57 UTC,1229441,,,,,,,,,,,,,,
Anik Khan,2026-06-14 22:57 UTC,81845,,,,,,,,,,,,,,
AQUAFINNA,2026-06-14 22:57 UTC,16628,,,,,,,,,,,,,,
Biggs money,2026-06-14 22:57 UTC,11394,,,,,,,,,,,,,,
Boi-1da,2026-06-14 22:57 UTC,747646,,,,,,,,,,,,,,
BossMan Pac,2026-06-14 22:57 UTC,62810,,,,,,,,,,,,,,
Brittany Aldean,2026-06-14 22:57 UTC,111259,,,,,,,,,,,,,,
Bryan Countach,2026-06-14 22:57 UTC,97074,,,,,,,,,,,,,,
Canada Soccer,2026-06-14 22:57 UTC,847302,,,,,,,,,,,,,,
Canyon,2026-06-14 22:57 UTC,27525,,,,,,,,,,,,,,
Cap1talA,2026-06-14 22:57 UTC,337284,,,,,,,,,,,,,,
Carter Faith,2026-06-14 22:57 UTC,2686414,,,,,,,,,,,,,,
Che,2026-06-14 22:57 UTC,1193020,,,,,,,,,,,,,,
Chyno Miranda,2026-06-14 22:57 UTC,1204920,,,,,,,,,,,,,,
Corridos del Rey,2026-06-14 22:57 UTC,2634028,,,,,,,,,,,,,,
Dale Move,2026-06-14 22:57 UTC,106450,,,,,,,,,,,,,,
Daniel Žižka,2026-06-14 22:57 UTC,642599,,,,,,,,,,,,,,
Dante,2026-06-14 22:57 UTC,428905,,,,,,,,,,,,,,
Dean Turnley,2026-06-14 22:57 UTC,1590457,,,,,,,,,,,,,,
Delta Ash,2026-06-14 22:57 UTC,552185,,,,,,,,,,,,,,
DETO BLACK,2026-06-14 22:57 UTC,230690,,,,,,,,,,,,,,
Devault,2026-06-14 22:57 UTC,1742937,,,,,,,,,,,,,,
Dexter and The Moonrocks,2026-06-14 22:57 UTC,8994720,,,,,,,,,,,,,,
diamond*,2026-06-14 22:57 UTC,296029,,,,,,,,,,,,,,
Diana Pilquist,2026-06-14 22:57 UTC,1914,,,,,,,,,,,,,,
DJ B7 o Piranhão,2026-06-14 22:57 UTC,3542219,,,,,,,,,,,,,,
DJ Holiday,2026-06-14 22:57 UTC,94769,,,,,,,,,,,,,,
dóttir.x,2026-06-14 22:57 UTC,81511,,,,,,,,,,,,,,
Druski,2026-06-14 22:57 UTC,519651,,,,,,,,,,,,,,
Dubioza Kolektive,2026-06-14 22:57 UTC,704857,,,,,,,,,,,,,,
dunderjeppe,2026-06-14 22:57 UTC,27296,,,,,,,,,,,,,,
Duskydemise archive,2026-06-14 22:57 UTC,492996,,,,,,,,,,,,,,
Duygu Edis,2026-06-14 22:57 UTC,1669401,,,,,,,,,,,,,,
Dwarde,2026-06-14 22:57 UTC,14377,,,,,,,,,,,,,,
EA TJ,2026-06-14 22:57 UTC,20432,,,,,,,,,,,,,,
EL DEMOON,2026-06-14 22:57 UTC,37,,,,,,,,,,,,,,
Emanazul,2026-06-14 22:57 UTC,338317,,,,,,,,,,,,,,
Emelie Trahan,2026-06-14 22:57 UTC,119231,,,,,,,,,,,,,,
EMJIE,2026-06-14 22:57 UTC,389275,,,,,,,,,,,,,,
ERISTHEPLANET,2026-06-14 22:57 UTC,81142,,,,,,,,,,,,,,
F3miii,2026-06-14 22:57 UTC,15535822,,,,,,,,,,,,,,
Fcukers,2026-06-14 22:57 UTC,2040073,,,,,,,,,,,,,,
FIFA Sound,2026-06-14 22:57 UTC,11032299,,,,,,,,,,,,,,
FLO,2026-06-14 22:57 UTC,3712274,,,,,,,,,,,,,,
Frost Children,2026-06-14 22:57 UTC,530839,,,,,,,,,,,,,,
frozz,2026-06-14 22:57 UTC,498299,,,,,,,,,,,,,,
G3B,2026-06-14 22:57 UTC,79922,,,,,,,,,,,,,,
Ghetto Beisha,2026-06-14 22:57 UTC,13656,,,,,,,,,,,,,,
Ghostfacekush,2026-06-14 22:57 UTC,67140,,,,,,,,,,,,,,
Girl Scout,2026-06-14 22:57 UTC,67520,,,,,,,,,,,,,,
girl_irl,2026-06-14 22:57 UTC,58365,,,,,,,,,,,,,,
girlsweetvoiced,2026-06-14 22:57 UTC,379613,,,,,,,,,,,,,,
Glizzy Glow,2026-06-14 22:57 UTC,4987,,,,,,,,,,,,,,
gnawvs,2026-06-14 22:57 UTC,1856,,,,,,,,,,,,,,
Godtripper,2026-06-14 22:57 UTC,204836,,,,,,,,,,,,,,
Grupo Primer Grado,2026-06-14 22:57 UTC,2206137,,,,,,,,,,,,,,
H. Hawkline,2026-06-14 22:57 UTC,128610,,,,,,,,,,,,,,
Harrd Luck,2026-06-14 22:57 UTC,37077,,,,,,,,,,,,,,
HittMan,2026-06-14 22:57 UTC,8878,,,,,,,,,,,,,,
Iguana Death Cult,2026-06-14 22:57 UTC,43700,,,,,,,,,,,,,,
Indeevar,2026-06-14 22:57 UTC,3074200,,,,,,,,,,,,,,
Indigo De Souza,2026-06-14 22:57 UTC,1472041,,,,,,,,,,,,,,
Infinity Song,2026-06-14 22:57 UTC,747924,,,,,,,,,,,,,,
isa in eutopia,2026-06-14 22:57 UTC,27157,,,,,,,,,,,,,,
JADA,2026-06-14 22:57 UTC,59666,,,,,,,,,,,,,,
Jadasea,2026-06-14 22:57 UTC,43239,,,,,,,,,,,,,,
jalda,2026-06-14 22:57 UTC,140425,,,,,,,,,,,,,,
Jimmy Butler,2026-06-14 22:57 UTC,31358,,,,,,,,,,,,,,
JJerome87,2026-06-14 22:57 UTC,385811,,,,,,,,,,,,,,
Joy Rhodes,2026-06-14 22:57 UTC,1036421,,,,,,,,,,,,,,
Juju,2026-06-14 22:57 UTC,2689494,,,,,,,,,,,,,,
Julia Church,2026-06-14 22:57 UTC,3326709,,,,,,,,,,,,,,
Julie Williams,2026-06-14 22:57 UTC,32788,,,,,,,,,,,,,,
JussGigi,2026-06-14 22:57 UTC,0,,,,,,,,,,,,,,
Kala,2026-06-14 22:57 UTC,0,,,,,,,,,,,,,,
Karly Bowman,2026-06-14 22:57 UTC,76864,,,,,,,,,,,,,,
Khaled,2026-06-14 22:57 UTC,1743259,,,,,,,,,,,,,,
Khan Saab,2026-06-14 22:57 UTC,9068804,,,,,,,,,,,,,,
King Kylie,2026-06-14 22:57 UTC,443442,,,,,,,,,,,,,,
KINGH,2026-06-14 22:57 UTC,161879,,,,,,,,,,,,,,
Koilwood,2026-06-14 22:57 UTC,28113,,,,,,,,,,,,,,
KUČKA,2026-06-14 22:57 UTC,803481,,,,,,,,,,,,,,
Kurdi Klymax,2026-06-14 22:57 UTC,38669,,,,,,,,,,,,,,
kuru,2026-06-14 22:57 UTC,304847,,,,,,,,,,,,,,
Lamb,2026-06-14 22:57 UTC,353075,,,,,,,,,,,,,,
ledysek,2026-06-14 22:57 UTC,18150,,,,,,,,,,,,,,
Lerado Khalil,2026-06-14 22:57 UTC,39500,,,,,,,,,,,,,,
Les Imprimés,2026-06-14 22:57 UTC,111696,,,,,,,,,,,,,,
Lightris,2026-06-14 22:57 UTC,764354,,,,,,,,,,,,,,
Lil B,2026-06-14 22:57 UTC,1387119,,,,,,,,,,,,,,
Lil Righteous,2026-06-14 22:57 UTC,0,,,,,,,,,,,,,,
Loui Henderson,2026-06-14 22:57 UTC,68481,,,,,,,,,,,,,,
Luke Armstrong,2026-06-14 22:57 UTC,16041,,,,,,,,,,,,,,
M4IA,2026-06-14 22:57 UTC,825091,,,,,,,,,,,,,,
MAGIC SOUND WOLF,2026-06-14 22:57 UTC,649564,,,,,,,,,,,,,,
Malcolm Todd,2026-06-14 22:57 UTC,33758350,,,,,,,,,,,,,,
Maphra,2026-06-14 22:57 UTC,1303367,,,,,,,,,,,,,,
marquitos,2026-06-14 22:57 UTC,214154,,,,,,,,,,,,,,
Maviler,2026-06-14 22:57 UTC,467790,,,,,,,,,,,,,,
Merry Lamb Lamb,2026-06-14 22:57 UTC,3753,,,,,,,,,,,,,,
Mijabella Marie,2026-06-14 22:57 UTC,8609,,,,,,,,,,,,,,
MIKE,2026-06-14 22:57 UTC,568670,,,,,,,,,,,,,,
Momo Boyd,2026-06-14 22:57 UTC,1780242,,,,,,,,,,,,,,
Mr Dutt,2026-06-14 22:57 UTC,1628965,,,,,,,,,,,,,,
Mumu Fresh,2026-06-14 22:57 UTC,51546,,,,,,,,,,,,,,
My New Band Believe,2026-06-14 22:57 UTC,86632,,,,,,,,,,,,,,
Naarly,2026-06-14 22:57 UTC,5926038,,,,,,,,,,,,,,
Naod,2026-06-14 22:57 UTC,306528,,,,,,,,,,,,,,
Nickatnite,2026-06-14 22:57 UTC,4751,,,,,,,,,,,,,,
Nine Vicious,2026-06-14 22:57 UTC,1225967,,,,,,,,,,,,,,
nocashfromparents,2026-06-14 22:57 UTC,858602,,,,,,,,,,,,,,
North West,2026-06-14 22:57 UTC,651419,,,,,,,,,,,,,,
NPD,2026-06-14 22:57 UTC,1448858,,,,,,,,,,,,,,
OK Alva,2026-06-14 22:57 UTC,25057,,,,,,,,,,,,,,
OKI,2026-06-14 22:57 UTC,2305568,,,,,,,,,,,,,,
Olga Myko,2026-06-14 22:57 UTC,2046714,,,,,,,,,,,,,,
Olof Dreijer,2026-06-14 22:57 UTC,62410,,,,,,,,,,,,,,
osa,2026-06-14 22:57 UTC,204574,,,,,,,,,,,,,,
Oxis,2026-06-14 22:57 UTC,458347,,,,,,,,,,,,,,
Pocket,2026-06-14 22:57 UTC,64785,,,,,,,,,,,,,,
Pretty Pinkk,2026-06-14 22:57 UTC,13656,,,,,,,,,,,,,,
Pz',2026-06-14 22:57 UTC,403375,,,,,,,,,,,,,,
Rian Brazil,2026-06-14 22:57 UTC,93549,,,,,,,,,,,,,,
rjtheweirdo,2026-06-14 22:57 UTC,216255,,,,,,,,,,,,,,
Rocket Reese,2026-06-14 22:57 UTC,123215,,,,,,,,,,,,,,
S1RENA,2026-06-14 22:57 UTC,137796,,,,,,,,,,,,,,
Sa!koro,2026-06-14 22:57 UTC,77097,,,,,,,,,,,,,,
Sara Landry,2026-06-14 22:57 UTC,1191760,,,,,,,,,,,,,,
Sébastien Tellier,2026-06-14 22:57 UTC,768405,,,,,,,,,,,,,,
ShawtyRokk,2026-06-14 22:57 UTC,25527,,,,,,,,,,,,,,
shonci,2026-06-14 22:57 UTC,5832469,,,,,,,,,,,,,,
Slayr,2026-06-14 22:57 UTC,1006595,,,,,,,,,,,,,,
Slayyyter,2026-06-14 22:57 UTC,6555810,,,,,,,,,,,,,,
Slim Jxmmy,2026-06-14 22:57 UTC,35255,,,,,,,,,,,,,,
Sofiane Pamart,2026-06-14 22:57 UTC,2821973,,,,,,,,,,,,,,
Sons of Yusuf,2026-06-14 22:57 UTC,1189677,,,,,,,,,,,,,,
Southsidesilhouette,2026-06-14 22:57 UTC,137641,,,,,,,,,,,,,,
Specialist Moss,2026-06-14 22:57 UTC,434075,,,,,,,,,,,,,,
SPELLLING,2026-06-14 22:57 UTC,52481,,,,,,,,,,,,,,
Sreemani,2026-06-14 22:57 UTC,2591479,,,,,,,,,,,,,,
STELLA LEFTY,2026-06-14 22:57 UTC,13864617,,,,,,,,,,,,,,
Street Fever,2026-06-14 22:57 UTC,52369,,,,,,,,,,,,,,
Sunday Service Choir,2026-06-14 22:57 UTC,381087,,,,,,,,,,,,,,
SURF GANG,2026-06-14 22:57 UTC,299357,,,,,,,,,,,,,,
Swizz Beatz,2026-06-14 22:57 UTC,549730,,,,,,,,,,,,,,
T.O.P,2026-06-14 22:57 UTC,730916,,,,,,,,,,,,,,
Tabi Gervis,2026-06-14 22:57 UTC,20058,,,,,,,,,,,,,,
Temper City,2026-06-14 22:57 UTC,22269250,,,,,,,,,,,,,,
Tezzus,2026-06-14 22:57 UTC,301183,,,,,,,,,,,,,,
The Long Faces,2026-06-14 22:57 UTC,5703818,,,,,,,,,,,,,,
The Twins,2026-06-14 22:57 UTC,81474,,,,,,,,,,,,,,
THELMA,2026-06-14 22:57 UTC,41436,,,,,,,,,,,,,,
Tiffany Day,2026-06-14 22:57 UTC,1220897,,,,,,,,,,,,,,
Tom Did It,2026-06-14 22:57 UTC,969368,,,,,,,,,,,,,,
Tom Right,2026-06-14 22:57 UTC,1498386,,,,,,,,,,,,,,
TOMORA,2026-06-14 22:57 UTC,479776,,,,,,,,,,,,,,
Trim,2026-06-14 22:57 UTC,3424988,,,,,,,,,,,,,,
Tsatsamis,2026-06-14 22:57 UTC,92726,,,,,,,,,,,,,,
twentythree,2026-06-14 22:57 UTC,1172359,,,,,,,,,,,,,,
TXKUMOON,2026-06-14 22:57 UTC,280355,,,,,,,,,,,,,,
Vaibhav Gupta,2026-06-14 22:57 UTC,1355773,,,,,,,,,,,,,,
waera,2026-06-14 22:57 UTC,120664,,,,,,,,,,,,,,
Warren Roob,2026-06-14 22:57 UTC,176460,,,,,,,,,,,,,,
Welwitschia,2026-06-14 22:57 UTC,197712,,,,,,,,,,,,,,
Will Sass,2026-06-14 22:57 UTC,564932,,,,,,,,,,,,,,
Wtm Solid,2026-06-14 22:57 UTC,3269,,,,,,,,,,,,,,
Yaeger,2026-06-14 22:57 UTC,152865,,,,,,,,,,,,,,
YASP,2026-06-14 22:57 UTC,34193,,,,,,,,,,,,,,
Ye,2026-06-14 22:57 UTC,8665319,,,,,,,,,,,,,,
Yonusa,2026-06-14 22:57 UTC,2216,,,,,,,,,,,,,,
YUNA,2026-06-14 22:57 UTC,736581,,,,,,,,,,,,,,
Yuyu19,2026-06-14 22:57 UTC,967613,,,,,,,,,,,,,,
Zycan,2026-06-14 22:57 UTC,531797,,,,,,,,,,,,,,
drug bug,2026-06-14 22:57 UTC,48360,,,,,,,,,,,,,,
ILYAH,2026-06-14 22:57 UTC,598310,,,,,,,,,,,,,,
Los Brasileros,2026-06-14 22:57 UTC,1403748,,,,,,,,,,,,,,
am7iri,2026-06-14 22:57 UTC,2753168,,,,,,,,,,,,,,
Los Buyer,2026-06-14 22:57 UTC,1098536,,,,,,,,,,,,,,
Pikeras,2026-06-14 22:57 UTC,1664607,,,,,,,,,,,,,,
Heitor Santos,2026-06-14 22:57 UTC,1895807,,,,,,,,,,,,,,
Melly,2026-06-14 22:57 UTC,874019,,,,,,,,,,,,,,
OT The Real,2026-06-14 22:57 UTC,95209,,,,,,,,,,,,,,
Big Papa313,2026-06-14 22:57 UTC,1216409,,,,,,,,,,,,,,
kortani,2026-06-14 22:57 UTC,192073,,,,,,,,,,,,,,
daydreamers,2026-06-14 22:57 UTC,214446,,,,,,,,,,,,,,
Amma,2026-06-14 22:57 UTC,1285337,,,,,,,,,,,,,,
IngaRose,2026-06-14 22:57 UTC,3491830,,,,,,,,,,,,,,
FRIDAY*,2026-06-14 22:57 UTC,15171,,,,,,,,,,,,,,
aoif3,2026-06-14 22:57 UTC,678,,,,,,,,,,,,,,
Uche,2026-06-14 22:57 UTC,72801,,,,,,,,,,,,,,
Maxx Moor,2026-06-14 22:57 UTC,423,,,,,,,,,,,,,,
Swethings,2026-06-14 22:57 UTC,34825,,,,,,,,,,,,,,
22xlstl,2026-06-14 22:57 UTC,370891,,,,,,,,,,,,,,
Greg Gonzales,2026-06-14 22:57 UTC,2688840,,,,,,,,,,,,,,
Lyla George,2026-06-14 22:57 UTC,148622,,,,,,,,,,,,,,
Marlo Rex,2026-06-14 22:57 UTC,900808,,,,,,,,,,,,,,
Cobrah,2026-06-14 22:57 UTC,1635574,,,,,,,,,,,,,,
Asha Banks,2026-06-14 22:57 UTC,1023464,,,,,,,,,,,,,,
Stanclickin,2026-06-14 22:57 UTC,33080,,,,,,,,,,,,,,
Ebony Riley,2026-06-14 22:57 UTC,101206,,,,,,,,,,,,,,
Knut€,2026-06-14 22:57 UTC,13047,,,,,,,,,,,,,,
SALIMATA,2026-06-14 22:57 UTC,264364,,,,,,,,,,,,,,
Tracy,2026-06-14 22:57 UTC,423525,,,,,,,,,,,,,,
GENER8ION,2026-06-14 22:57 UTC,1991656,,,,,,,,,,,,,,
BJOERN,2026-06-14 22:57 UTC,542143,,,,,,,,,,,,,,
Olwin,2026-06-14 22:57 UTC,17815,,,,,,,,,,,,,,
Fred Durst,2026-06-14 22:57 UTC,1521398,,,,,,,,,,,,,,
Twoske,2026-06-14 22:57 UTC,12686,,,,,,,,,,,,,,
Los Gofiones,2026-06-14 22:57 UTC,943821,,,,,,,,,,,,,,
Chase Belly,2026-06-14 22:57 UTC,46296,,,,,,,,,,,,,,
CDB,2026-06-14 22:57 UTC,4395192,,,,,,,,,,,,,,
Cornfed Ted,2026-06-14 22:57 UTC,9635,,,,,,,,,,,,,,
Claar,2026-06-14 22:57 UTC,18262,,,,,,,,,,,,,,
KARLEE GIRL,2026-06-14 22:57 UTC,1818700,,,,,,,,,,,,,,
Warhol.SS,2026-06-14 22:57 UTC,544875,,,,,,,,,,,,,,
Lola Blue,2026-06-14 22:57 UTC,164805,,,,,,,,,,,,,,
AZIEDOESNTEXIST,2026-06-14 22:57 UTC,1341387,,,,,,,,,,,,,,
Eliah Sternhardt,2026-06-14 22:57 UTC,214738,,,,,,,,,,,,,,
$t3PPA,2026-06-15 23:28 UTC,92862,,,,,,,,,,,,,,
1 Umbrella,2026-06-15 23:28 UTC,94516,,,,,,,,,,,,,,
318dman,2026-06-15 23:28 UTC,470636,,,,,,,,,,,,,,
A2ANTI,2026-06-15 23:28 UTC,849727,,,,,,,,,,,,,,
Addison Dean,2026-06-15 23:28 UTC,7267,,,,,,,,,,,,,,
Aksomaniac,2026-06-15 23:28 UTC,3155633,,,,,,,,,,,,,,
Andre Troutman,2026-06-15 23:28 UTC,3375337,,,,,,,,,,,,,,
Angine de Poitrine,2026-06-15 23:28 UTC,1217994,,,,,,,,,,,,,,
Anik Khan,2026-06-15 23:28 UTC,81302,,,,,,,,,,,,,,
AQUAFINNA,2026-06-15 23:28 UTC,16595,,,,,,,,,,,,,,
Biggs money,2026-06-15 23:28 UTC,11331,,,,,,,,,,,,,,
Boi-1da,2026-06-15 23:28 UTC,758132,,,,,,,,,,,,,,
BossMan Pac,2026-06-15 23:28 UTC,62390,,,,,,,,,,,,,,
Brittany Aldean,2026-06-15 23:28 UTC,110240,,,,,,,,,,,,,,
Bryan Countach,2026-06-15 23:28 UTC,95357,,,,,,,,,,,,,,
Canada Soccer,2026-06-15 23:28 UTC,857981,,,,,,,,,,,,,,
Canyon,2026-06-15 23:28 UTC,27394,,,,,,,,,,,,,,
Cap1talA,2026-06-15 23:28 UTC,340732,,,,,,,,,,,,,,
Carter Faith,2026-06-15 23:28 UTC,2675921,,,,,,,,,,,,,,
Che,2026-06-15 23:28 UTC,1192177,,,,,,,,,,,,,,
Chyno Miranda,2026-06-15 23:28 UTC,1214090,,,,,,,,,,,,,,
Corridos del Rey,2026-06-15 23:28 UTC,2645353,,,,,,,,,,,,,,
Dale Move,2026-06-15 23:28 UTC,105263,,,,,,,,,,,,,,
Daniel Žižka,2026-06-15 23:28 UTC,539243,,,,,,,,,,,,,,
Dante,2026-06-15 23:28 UTC,441901,,,,,,,,,,,,,,
Dean Turnley,2026-06-15 23:28 UTC,1578642,,,,,,,,,,,,,,
Delta Ash,2026-06-15 23:28 UTC,544592,,,,,,,,,,,,,,
DETO BLACK,2026-06-15 23:28 UTC,228364,,,,,,,,,,,,,,
Devault,2026-06-15 23:28 UTC,1714661,,,,,,,,,,,,,,
Dexter and The Moonrocks,2026-06-15 23:28 UTC,9021644,,,,,,,,,,,,,,
diamond*,2026-06-15 23:28 UTC,297385,,,,,,,,,,,,,,
Diana Pilquist,2026-06-15 23:28 UTC,1891,,,,,,,,,,,,,,
DJ B7 o Piranhão,2026-06-15 23:28 UTC,3544387,,,,,,,,,,,,,,
DJ Holiday,2026-06-15 23:28 UTC,93987,,,,,,,,,,,,,,
dóttir.x,2026-06-15 23:28 UTC,83288,,,,,,,,,,,,,,
Druski,2026-06-15 23:28 UTC,512581,,,,,,,,,,,,,,
Dubioza Kolektive,2026-06-15 23:28 UTC,731896,,,,,,,,,,,,,,
dunderjeppe,2026-06-15 23:28 UTC,27588,,,,,,,,,,,,,,
Duskydemise archive,2026-06-15 23:28 UTC,498312,,,,,,,,,,,,,,
Duygu Edis,2026-06-15 23:28 UTC,1653997,,,,,,,,,,,,,,
Dwarde,2026-06-15 23:28 UTC,14511,,,,,,,,,,,,,,
EA TJ,2026-06-15 23:28 UTC,20359,,,,,,,,,,,,,,
EL DEMOON,2026-06-15 23:28 UTC,33,,,,,,,,,,,,,,
Emanazul,2026-06-15 23:28 UTC,333201,,,,,,,,,,,,,,
Emelie Trahan,2026-06-15 23:28 UTC,118245,,,,,,,,,,,,,,
EMJIE,2026-06-15 23:28 UTC,387491,,,,,,,,,,,,,,
ERISTHEPLANET,2026-06-15 23:28 UTC,81141,,,,,,,,,,,,,,
F3miii,2026-06-15 23:28 UTC,15628496,,,,,,,,,,,,,,
Fcukers,2026-06-15 23:28 UTC,2028063,,,,,,,,,,,,,,
FIFA Sound,2026-06-15 23:28 UTC,11378374,,,,,,,,,,,,,,
FLO,2026-06-15 23:28 UTC,3718553,,,,,,,,,,,,,,
Frost Children,2026-06-15 23:28 UTC,528143,,,,,,,,,,,,,,
frozz,2026-06-15 23:28 UTC,508342,,,,,,,,,,,,,,
G3B,2026-06-15 23:28 UTC,80482,,,,,,,,,,,,,,
Ghetto Beisha,2026-06-15 23:28 UTC,13362,,,,,,,,,,,,,,
Ghostfacekush,2026-06-15 23:28 UTC,67915,,,,,,,,,,,,,,
Girl Scout,2026-06-15 23:28 UTC,67000,,,,,,,,,,,,,,
girl_irl,2026-06-15 23:28 UTC,58610,,,,,,,,,,,,,,
girlsweetvoiced,2026-06-15 23:28 UTC,375711,,,,,,,,,,,,,,
Glizzy Glow,2026-06-15 23:28 UTC,5008,,,,,,,,,,,,,,
gnawvs,2026-06-15 23:28 UTC,1963,,,,,,,,,,,,,,
Godtripper,2026-06-15 23:28 UTC,204701,,,,,,,,,,,,,,
Grupo Primer Grado,2026-06-15 23:28 UTC,2211322,,,,,,,,,,,,,,
H. Hawkline,2026-06-15 23:28 UTC,126327,,,,,,,,,,,,,,
Harrd Luck,2026-06-15 23:28 UTC,36824,,,,,,,,,,,,,,
HittMan,2026-06-15 23:28 UTC,8802,,,,,,,,,,,,,,
Iguana Death Cult,2026-06-15 23:28 UTC,43614,,,,,,,,,,,,,,
Indeevar,2026-06-15 23:28 UTC,3004471,,,,,,,,,,,,,,
Indigo De Souza,2026-06-15 23:28 UTC,1474082,,,,,,,,,,,,,,
Infinity Song,2026-06-15 23:28 UTC,751561,,,,,,,,,,,,,,
isa in eutopia,2026-06-15 23:28 UTC,27259,,,,,,,,,,,,,,
JADA,2026-06-15 23:28 UTC,58619,,,,,,,,,,,,,,
Jadasea,2026-06-15 23:28 UTC,42891,,,,,,,,,,,,,,
jalda,2026-06-15 23:28 UTC,141079,,,,,,,,,,,,,,
Jimmy Butler,2026-06-15 23:28 UTC,30415,,,,,,,,,,,,,,
JJerome87,2026-06-15 23:28 UTC,393197,,,,,,,,,,,,,,
Joy Rhodes,2026-06-15 23:28 UTC,1039684,,,,,,,,,,,,,,
Juju,2026-06-15 23:28 UTC,2683235,,,,,,,,,,,,,,
Julia Church,2026-06-15 23:28 UTC,3324817,,,,,,,,,,,,,,
Julie Williams,2026-06-15 23:28 UTC,32079,,,,,,,,,,,,,,
JussGigi,2026-06-15 23:28 UTC,0,,,,,,,,,,,,,,
Kala,2026-06-15 23:28 UTC,0,,,,,,,,,,,,,,
Karly Bowman,2026-06-15 23:28 UTC,77678,,,,,,,,,,,,,,
Khaled,2026-06-15 23:28 UTC,1737479,,,,,,,,,,,,,,
Khan Saab,2026-06-15 23:28 UTC,9033429,,,,,,,,,,,,,,
King Kylie,2026-06-15 23:28 UTC,440246,,,,,,,,,,,,,,
KINGH,2026-06-15 23:28 UTC,163886,,,,,,,,,,,,,,
Koilwood,2026-06-15 23:28 UTC,28323,,,,,,,,,,,,,,
KUČKA,2026-06-15 23:28 UTC,804069,,,,,,,,,,,,,,
Kurdi Klymax,2026-06-15 23:28 UTC,38167,,,,,,,,,,,,,,
kuru,2026-06-15 23:28 UTC,306151,,,,,,,,,,,,,,
Lamb,2026-06-15 23:28 UTC,373705,,,,,,,,,,,,,,
ledysek,2026-06-15 23:28 UTC,18122,,,,,,,,,,,,,,
Lerado Khalil,2026-06-15 23:28 UTC,39444,,,,,,,,,,,,,,
Les Imprimés,2026-06-15 23:28 UTC,112066,,,,,,,,,,,,,,
Lightris,2026-06-15 23:28 UTC,766967,,,,,,,,,,,,,,
Lil B,2026-06-15 23:28 UTC,1386956,,,,,,,,,,,,,,
Lil Righteous,2026-06-15 23:28 UTC,0,,,,,,,,,,,,,,
Loui Henderson,2026-06-15 23:28 UTC,68650,,,,,,,,,,,,,,
Luke Armstrong,2026-06-15 23:28 UTC,16005,,,,,,,,,,,,,,
M4IA,2026-06-15 23:28 UTC,911667,,,,,,,,,,,,,,
MAGIC SOUND WOLF,2026-06-15 23:28 UTC,653060,,,,,,,,,,,,,,
Malcolm Todd,2026-06-15 23:28 UTC,34014864,,,,,,,,,,,,,,
Maphra,2026-06-15 23:28 UTC,1295839,,,,,,,,,,,,,,
marquitos,2026-06-15 23:28 UTC,212584,,,,,,,,,,,,,,
Maviler,2026-06-15 23:28 UTC,464498,,,,,,,,,,,,,,
Merry Lamb Lamb,2026-06-15 23:28 UTC,3726,,,,,,,,,,,,,,
Mijabella Marie,2026-06-15 23:28 UTC,8572,,,,,,,,,,,,,,
MIKE,2026-06-15 23:28 UTC,567407,,,,,,,,,,,,,,
Momo Boyd,2026-06-15 23:28 UTC,1763754,,,,,,,,,,,,,,
Mr Dutt,2026-06-15 23:28 UTC,1625705,,,,,,,,,,,,,,
Mumu Fresh,2026-06-15 23:28 UTC,50375,,,,,,,,,,,,,,
My New Band Believe,2026-06-15 23:28 UTC,85983,,,,,,,,,,,,,,
Naarly,2026-06-15 23:28 UTC,5902407,,,,,,,,,,,,,,
Naod,2026-06-15 23:28 UTC,307630,,,,,,,,,,,,,,
Nickatnite,2026-06-15 23:28 UTC,4764,,,,,,,,,,,,,,
Nine Vicious,2026-06-15 23:28 UTC,1227254,,,,,,,,,,,,,,
nocashfromparents,2026-06-15 23:28 UTC,848765,,,,,,,,,,,,,,
North West,2026-06-15 23:28 UTC,656670,,,,,,,,,,,,,,
NPD,2026-06-15 23:28 UTC,1455856,,,,,,,,,,,,,,
OK Alva,2026-06-15 23:28 UTC,25048,,,,,,,,,,,,,,
OKI,2026-06-15 23:28 UTC,2311689,,,,,,,,,,,,,,
Olga Myko,2026-06-15 23:28 UTC,2048979,,,,,,,,,,,,,,
Olof Dreijer,2026-06-15 23:28 UTC,62059,,,,,,,,,,,,,,
osa,2026-06-15 23:28 UTC,208341,,,,,,,,,,,,,,
Oxis,2026-06-15 23:28 UTC,452805,,,,,,,,,,,,,,
Pocket,2026-06-15 23:28 UTC,65287,,,,,,,,,,,,,,
Pretty Pinkk,2026-06-15 23:28 UTC,13362,,,,,,,,,,,,,,
Pz',2026-06-15 23:28 UTC,405995,,,,,,,,,,,,,,
Rian Brazil,2026-06-15 23:28 UTC,93639,,,,,,,,,,,,,,
rjtheweirdo,2026-06-15 23:28 UTC,215162,,,,,,,,,,,,,,
Rocket Reese,2026-06-15 23:28 UTC,124477,,,,,,,,,,,,,,
S1RENA,2026-06-15 23:28 UTC,137756,,,,,,,,,,,,,,
Sa!koro,2026-06-15 23:28 UTC,77099,,,,,,,,,,,,,,
Sara Landry,2026-06-15 23:28 UTC,1190199,,,,,,,,,,,,,,
Sébastien Tellier,2026-06-15 23:28 UTC,767825,,,,,,,,,,,,,,
ShawtyRokk,2026-06-15 23:28 UTC,25500,,,,,,,,,,,,,,
shonci,2026-06-15 23:28 UTC,5866689,,,,,,,,,,,,,,
Slayr,2026-06-15 23:28 UTC,1004704,,,,,,,,,,,,,,
Slayyyter,2026-06-15 23:28 UTC,6665391,,,,,,,,,,,,,,
Slim Jxmmy,2026-06-15 23:28 UTC,35322,,,,,,,,,,,,,,
Sofiane Pamart,2026-06-15 23:28 UTC,2822211,,,,,,,,,,,,,,
Sons of Yusuf,2026-06-15 23:28 UTC,1186585,,,,,,,,,,,,,,
Southsidesilhouette,2026-06-15 23:28 UTC,137571,,,,,,,,,,,,,,
Specialist Moss,2026-06-15 23:28 UTC,433514,,,,,,,,,,,,,,
SPELLLING,2026-06-15 23:28 UTC,51895,,,,,,,,,,,,,,
Sreemani,2026-06-15 23:28 UTC,2594718,,,,,,,,,,,,,,
STELLA LEFTY,2026-06-15 23:28 UTC,13877009,,,,,,,,,,,,,,
Street Fever,2026-06-15 23:28 UTC,52095,,,,,,,,,,,,,,
Sunday Service Choir,2026-06-15 23:28 UTC,380194,,,,,,,,,,,,,,
SURF GANG,2026-06-15 23:28 UTC,297941,,,,,,,,,,,,,,
Swizz Beatz,2026-06-15 23:28 UTC,547751,,,,,,,,,,,,,,
T.O.P,2026-06-15 23:28 UTC,720055,,,,,,,,,,,,,,
Tabi Gervis,2026-06-15 23:28 UTC,20131,,,,,,,,,,,,,,
Temper City,2026-06-15 23:28 UTC,22396364,,,,,,,,,,,,,,
Tezzus,2026-06-15 23:28 UTC,305252,,,,,,,,,,,,,,
The Long Faces,2026-06-15 23:28 UTC,5707728,,,,,,,,,,,,,,
The Twins,2026-06-15 23:28 UTC,81244,,,,,,,,,,,,,,
THELMA,2026-06-15 23:28 UTC,41870,,,,,,,,,,,,,,
Tiffany Day,2026-06-15 23:28 UTC,1221498,,,,,,,,,,,,,,
Tom Did It,2026-06-15 23:28 UTC,962808,,,,,,,,,,,,,,
Tom Right,2026-06-15 23:28 UTC,1500005,,,,,,,,,,,,,,
TOMORA,2026-06-15 23:28 UTC,473660,,,,,,,,,,,,,,
Trim,2026-06-15 23:28 UTC,3428739,,,,,,,,,,,,,,
Tsatsamis,2026-06-15 23:28 UTC,91683,,,,,,,,,,,,,,
twentythree,2026-06-15 23:28 UTC,1171610,,,,,,,,,,,,,,
TXKUMOON,2026-06-15 23:28 UTC,277449,,,,,,,,,,,,,,
Vaibhav Gupta,2026-06-15 23:28 UTC,1350372,,,,,,,,,,,,,,
waera,2026-06-15 23:28 UTC,120185,,,,,,,,,,,,,,
Warren Roob,2026-06-15 23:28 UTC,175821,,,,,,,,,,,,,,
Welwitschia,2026-06-15 23:28 UTC,194230,,,,,,,,,,,,,,
Will Sass,2026-06-15 23:28 UTC,560586,,,,,,,,,,,,,,
Wtm Solid,2026-06-15 23:28 UTC,3281,,,,,,,,,,,,,,
Yaeger,2026-06-15 23:28 UTC,151601,,,,,,,,,,,,,,
YASP,2026-06-15 23:28 UTC,33964,,,,,,,,,,,,,,
Ye,2026-06-15 23:28 UTC,8718120,,,,,,,,,,,,,,
Yonusa,2026-06-15 23:28 UTC,2200,,,,,,,,,,,,,,
YUNA,2026-06-15 23:28 UTC,728347,,,,,,,,,,,,,,
Yuyu19,2026-06-15 23:28 UTC,971533,,,,,,,,,,,,,,
Zycan,2026-06-15 23:28 UTC,532121,,,,,,,,,,,,,,
drug bug,2026-06-15 23:28 UTC,48196,,,,,,,,,,,,,,
ILYAH,2026-06-15 23:28 UTC,586965,,,,,,,,,,,,,,
Los Brasileros,2026-06-15 23:28 UTC,1397437,,,,,,,,,,,,,,
am7iri,2026-06-15 23:28 UTC,2828706,,,,,,,,,,,,,,
Los Buyer,2026-06-15 23:28 UTC,1101785,,,,,,,,,,,,,,
Pikeras,2026-06-15 23:28 UTC,1671941,,,,,,,,,,,,,,
Heitor Santos,2026-06-15 23:28 UTC,1873486,,,,,,,,,,,,,,
Melly,2026-06-15 23:28 UTC,872618,,,,,,,,,,,,,,
OT The Real,2026-06-15 23:28 UTC,94271,,,,,,,,,,,,,,
Big Papa313,2026-06-15 23:28 UTC,1223356,,,,,,,,,,,,,,
kortani,2026-06-15 23:28 UTC,191184,,,,,,,,,,,,,,
daydreamers,2026-06-15 23:28 UTC,214396,,,,,,,,,,,,,,
Amma,2026-06-15 23:28 UTC,1275242,,,,,,,,,,,,,,
IngaRose,2026-06-15 23:28 UTC,3527117,,,,,,,,,,,,,,
FRIDAY*,2026-06-15 23:28 UTC,15364,,,,,,,,,,,,,,
aoif3,2026-06-15 23:28 UTC,664,,,,,,,,,,,,,,
Uche,2026-06-15 23:28 UTC,74841,,,,,,,,,,,,,,
Maxx Moor,2026-06-15 23:28 UTC,423,,,,,,,,,,,,,,
Swethings,2026-06-15 23:28 UTC,34559,,,,,,,,,,,,,,
22xlstl,2026-06-15 23:28 UTC,379870,,,,,,,,,,,,,,
Greg Gonzales,2026-06-15 23:28 UTC,2653917,,,,,,,,,,,,,,
Lyla George,2026-06-15 23:28 UTC,146827,,,,,,,,,,,,,,
Marlo Rex,2026-06-15 23:28 UTC,897938,,,,,,,,,,,,,,
Cobrah,2026-06-15 23:28 UTC,1627150,,,,,,,,,,,,,,
Asha Banks,2026-06-15 23:28 UTC,1033225,,,,,,,,,,,,,,
Stanclickin,2026-06-15 23:28 UTC,33925,,,,,,,,,,,,,,
Ebony Riley,2026-06-15 23:28 UTC,99873,,,,,,,,,,,,,,
Knut€,2026-06-15 23:28 UTC,13056,,,,,,,,,,,,,,
SALIMATA,2026-06-15 23:28 UTC,259870,,,,,,,,,,,,,,
Tracy,2026-06-15 23:28 UTC,422944,,,,,,,,,,,,,,
GENER8ION,2026-06-15 23:28 UTC,1985794,,,,,,,,,,,,,,
BJOERN,2026-06-15 23:28 UTC,544012,,,,,,,,,,,,,,
Olwin,2026-06-15 23:28 UTC,17493,,,,,,,,,,,,,,
Fred Durst,2026-06-15 23:28 UTC,1501390,,,,,,,,,,,,,,
Twoske,2026-06-15 23:28 UTC,12410,,,,,,,,,,,,,,
Los Gofiones,2026-06-15 23:28 UTC,932390,,,,,,,,,,,,,,
Chase Belly,2026-06-15 23:28 UTC,45807,,,,,,,,,,,,,,
CDB,2026-06-15 23:28 UTC,4398646,,,,,,,,,,,,,,
Cornfed Ted,2026-06-15 23:28 UTC,9529,,,,,,,,,,,,,,
Claar,2026-06-15 23:28 UTC,18822,,,,,,,,,,,,,,
KARLEE GIRL,2026-06-15 23:28 UTC,1811505,,,,,,,,,,,,,,
Warhol.SS,2026-06-15 23:28 UTC,544850,,,,,,,,,,,,,,
Lola Blue,2026-06-15 23:28 UTC,161331,,,,,,,,,,,,,,
AZIEDOESNTEXIST,2026-06-15 23:28 UTC,1343576,,,,,,,,,,,,,,
Eliah Sternhardt,2026-06-15 23:28 UTC,216222,,,,,,,,,,,,,,
